date,crop_type,region,demand_kg,price_per_kg,festival_flag,month,week_of_year
2018-01-01,maize,Aowin,278.5,1.73,0,1,1
2018-01-08,maize,Aowin,265.4,1.86,0,1,2
2018-01-15,maize,Aowin,273.0,1.87,0,1,3
2018-01-22,maize,Aowin,267.5,1.66,0,1,4
2018-01-29,maize,Aowin,266.2,1.71,0,1,5
2018-02-05,maize,Aowin,288.4,1.83,0,2,6
2018-02-12,maize,Aowin,265.6,1.79,0,2,7
2018-02-19,maize,Aowin,265.4,1.82,0,2,8
2018-02-26,maize,Aowin,268.8,1.76,0,2,9
2018-03-05,maize,Aowin,296.5,1.61,0,3,10
2018-03-12,maize,Aowin,297.2,1.61,0,3,11
2018-03-19,maize,Aowin,303.3,1.56,0,3,12
2018-03-26,maize,Aowin,275.5,1.63,0,3,13
2018-04-02,maize,Aowin,418.7,1.6,1,4,14
2018-04-09,maize,Aowin,514.7,1.51,1,4,15
2018-04-16,maize,Aowin,296.6,1.59,0,4,16
2018-04-23,maize,Aowin,285.2,1.51,0,4,17
2018-04-30,maize,Aowin,301.9,1.62,0,4,18
2018-05-07,maize,Aowin,276.1,1.58,0,5,19
2018-05-14,maize,Aowin,310.9,1.57,0,5,20
2018-05-21,maize,Aowin,316.6,1.54,0,5,21
2018-05-28,maize,Aowin,259.7,1.66,0,5,22
2018-06-04,maize,Aowin,293.5,1.72,0,6,23
2018-06-11,maize,Aowin,299.5,1.7,0,6,24
2018-06-18,maize,Aowin,331.0,1.7,0,6,25
2018-06-25,maize,Aowin,266.3,1.76,0,6,26
2018-07-02,maize,Aowin,280.0,1.97,0,7,27
2018-07-09,maize,Aowin,257.1,1.98,0,7,28
2018-07-16,maize,Aowin,237.7,1.98,0,7,29
2018-07-23,maize,Aowin,243.1,2.11,0,7,30
2018-07-30,maize,Aowin,263.9,1.91,0,7,31
2018-08-06,maize,Aowin,370.3,1.92,1,8,32
2018-08-13,maize,Aowin,407.6,1.89,1,8,33
2018-08-20,maize,Aowin,404.1,2.01,1,8,34
2018-08-27,maize,Aowin,381.9,2.05,1,8,35
2018-09-03,maize,Aowin,276.1,1.75,0,9,36
2018-09-10,maize,Aowin,289.1,1.7,0,9,37
2018-09-17,maize,Aowin,291.6,1.7,0,9,38
2018-09-24,maize,Aowin,281.9,1.81,0,9,39
2018-10-01,maize,Aowin,302.0,1.55,0,10,40
2018-10-08,maize,Aowin,289.2,1.54,0,10,41
2018-10-15,maize,Aowin,269.8,1.47,0,10,42
2018-10-22,maize,Aowin,277.6,1.52,0,10,43
2018-10-29,maize,Aowin,291.6,1.51,0,10,44
2018-11-05,maize,Aowin,307.2,1.53,0,11,45
2018-11-12,maize,Aowin,304.2,1.57,0,11,46
2018-11-19,maize,Aowin,318.4,1.53,0,11,47
2018-11-26,maize,Aowin,285.8,1.56,0,11,48
2018-12-03,maize,Aowin,302.9,1.53,0,12,49
2018-12-10,maize,Aowin,263.1,1.54,0,12,50
2018-12-17,maize,Aowin,292.8,1.56,0,12,51
2018-12-24,maize,Aowin,471.0,1.44,1,12,52
2018-12-31,maize,Aowin,484.1,1.51,1,12,1
2019-01-07,maize,Aowin,324.1,1.91,0,1,2
2019-01-14,maize,Aowin,280.4,1.9,0,1,3
2019-01-21,maize,Aowin,258.0,1.93,0,1,4
2019-01-28,maize,Aowin,264.5,2.07,0,1,5
2019-02-04,maize,Aowin,269.6,1.89,0,2,6
2019-02-11,maize,Aowin,247.6,2.04,0,2,7
2019-02-18,maize,Aowin,321.0,1.83,0,2,8
2019-02-25,maize,Aowin,290.3,1.94,0,2,9
2019-03-04,maize,Aowin,295.3,1.69,0,3,10
2019-03-11,maize,Aowin,278.8,1.72,0,3,11
2019-03-18,maize,Aowin,279.0,1.73,0,3,12
2019-03-25,maize,Aowin,309.3,1.74,0,3,13
2019-04-01,maize,Aowin,470.9,1.67,1,4,14
2019-04-08,maize,Aowin,378.5,1.66,1,4,15
2019-04-15,maize,Aowin,324.9,1.75,0,4,16
2019-04-22,maize,Aowin,295.7,1.68,0,4,17
2019-04-29,maize,Aowin,308.2,1.61,0,4,18
2019-05-06,maize,Aowin,320.8,1.63,0,5,19
2019-05-13,maize,Aowin,308.1,1.64,0,5,20
2019-05-20,maize,Aowin,299.6,1.74,0,5,21
2019-05-27,maize,Aowin,283.1,1.71,0,5,22
2019-06-03,maize,Aowin,261.3,1.92,0,6,23
2019-06-10,maize,Aowin,297.4,1.83,0,6,24
2019-06-17,maize,Aowin,311.3,1.88,0,6,25
2019-06-24,maize,Aowin,272.3,1.91,0,6,26
2019-07-01,maize,Aowin,255.8,2.08,0,7,27
2019-07-08,maize,Aowin,281.0,2.14,0,7,28
2019-07-15,maize,Aowin,263.0,2.05,0,7,29
2019-07-22,maize,Aowin,261.8,2.07,0,7,30
2019-07-29,maize,Aowin,262.4,2.07,0,7,31
2019-08-05,maize,Aowin,411.3,2.01,1,8,32
2019-08-12,maize,Aowin,354.3,2.16,1,8,33
2019-08-19,maize,Aowin,389.4,2.08,1,8,34
2019-08-26,maize,Aowin,402.2,2.12,1,8,35
2019-09-02,maize,Aowin,289.3,1.94,0,9,36
2019-09-09,maize,Aowin,306.5,1.93,0,9,37
2019-09-16,maize,Aowin,315.7,1.95,0,9,38
2019-09-23,maize,Aowin,317.5,1.89,0,9,39
2019-09-30,maize,Aowin,309.5,1.87,0,9,40
2019-10-07,maize,Aowin,293.4,1.62,0,10,41
2019-10-14,maize,Aowin,298.9,1.52,0,10,42
2019-10-21,maize,Aowin,309.3,1.53,0,10,43
2019-10-28,maize,Aowin,318.3,1.54,0,10,44
2019-11-04,maize,Aowin,320.1,1.57,0,11,45
2019-11-11,maize,Aowin,303.5,1.66,0,11,46
2019-11-18,maize,Aowin,301.4,1.58,0,11,47
2019-11-25,maize,Aowin,313.5,1.61,0,11,48
2019-12-02,maize,Aowin,307.0,1.73,0,12,49
2019-12-09,maize,Aowin,315.7,1.62,0,12,50
2019-12-16,maize,Aowin,288.7,1.7,0,12,51
2019-12-23,maize,Aowin,479.9,1.59,1,12,52
2019-12-30,maize,Aowin,470.3,1.63,1,12,1
2020-01-06,maize,Aowin,271.6,2.03,0,1,2
2020-01-13,maize,Aowin,282.3,2.08,0,1,3
2020-01-20,maize,Aowin,276.8,2.18,0,1,4
2020-01-27,maize,Aowin,266.0,1.96,0,1,5
2020-02-03,maize,Aowin,263.8,2.16,0,2,6
2020-02-10,maize,Aowin,277.9,2.14,0,2,7
2020-02-17,maize,Aowin,265.7,2.07,0,2,8
2020-02-24,maize,Aowin,295.7,2.0,0,2,9
2020-03-02,maize,Aowin,290.3,1.82,0,3,10
2020-03-09,maize,Aowin,287.7,1.78,0,3,11
2020-03-16,maize,Aowin,295.5,1.83,0,3,12
2020-03-23,maize,Aowin,302.7,1.82,0,3,13
2020-03-30,maize,Aowin,268.6,1.93,0,3,14
2020-04-06,maize,Aowin,463.5,1.81,1,4,15
2020-04-13,maize,Aowin,495.9,1.75,1,4,16
2020-04-20,maize,Aowin,281.7,1.84,0,4,17
2020-04-27,maize,Aowin,264.8,1.85,0,4,18
2020-05-04,maize,Aowin,259.2,1.94,0,5,19
2020-05-11,maize,Aowin,282.8,1.9,0,5,20
2020-05-18,maize,Aowin,270.3,1.87,0,5,21
2020-05-25,maize,Aowin,278.5,1.95,0,5,22
2020-06-01,maize,Aowin,335.4,1.92,0,6,23
2020-06-08,maize,Aowin,275.4,1.96,0,6,24
2020-06-15,maize,Aowin,297.4,1.94,0,6,25
2020-06-22,maize,Aowin,336.1,1.98,0,6,26
2020-06-29,maize,Aowin,314.8,1.9,0,6,27
2020-07-06,maize,Aowin,259.6,2.33,0,7,28
2020-07-13,maize,Aowin,269.9,2.25,0,7,29
2020-07-20,maize,Aowin,290.2,2.14,0,7,30
2020-07-27,maize,Aowin,307.4,2.18,0,7,31
2020-08-03,maize,Aowin,389.2,2.31,1,8,32
2020-08-10,maize,Aowin,377.6,2.36,1,8,33
2020-08-17,maize,Aowin,350.7,2.47,1,8,34
2020-08-24,maize,Aowin,375.6,2.55,1,8,35
2020-08-31,maize,Aowin,366.9,2.32,1,8,36
2020-09-07,maize,Aowin,296.5,1.97,0,9,37
2020-09-14,maize,Aowin,298.6,1.88,0,9,38
2020-09-21,maize,Aowin,312.8,2.07,0,9,39
2020-09-28,maize,Aowin,293.4,1.99,0,9,40
2020-10-05,maize,Aowin,311.7,1.73,0,10,41
2020-10-12,maize,Aowin,277.6,1.71,0,10,42
2020-10-19,maize,Aowin,304.3,1.75,0,10,43
2020-10-26,maize,Aowin,270.9,1.83,0,10,44
2020-11-02,maize,Aowin,292.3,1.78,0,11,45
2020-11-09,maize,Aowin,342.7,1.76,0,11,46
2020-11-16,maize,Aowin,329.3,1.69,0,11,47
2020-11-23,maize,Aowin,315.1,1.65,0,11,48
2020-11-30,maize,Aowin,365.3,1.73,0,11,49
2020-12-07,maize,Aowin,285.4,1.78,0,12,50
2020-12-14,maize,Aowin,307.6,1.9,0,12,51
2020-12-21,maize,Aowin,453.5,1.79,1,12,52
2020-12-28,maize,Aowin,480.1,1.85,1,12,53
2021-01-04,maize,Aowin,262.1,2.23,0,1,1
2021-01-11,maize,Aowin,295.5,2.17,0,1,2
2021-01-18,maize,Aowin,290.0,2.19,0,1,3
2021-01-25,maize,Aowin,281.8,2.21,0,1,4
2021-02-01,maize,Aowin,282.4,2.48,0,2,5
2021-02-08,maize,Aowin,279.1,2.21,0,2,6
2021-02-15,maize,Aowin,279.6,2.37,0,2,7
2021-02-22,maize,Aowin,303.2,2.21,0,2,8
2021-03-01,maize,Aowin,267.3,2.04,0,3,9
2021-03-08,maize,Aowin,285.5,1.99,0,3,10
2021-03-15,maize,Aowin,304.4,1.95,0,3,11
2021-03-22,maize,Aowin,313.7,1.96,0,3,12
2021-03-29,maize,Aowin,334.5,1.91,0,3,13
2021-04-05,maize,Aowin,463.8,2.01,1,4,14
2021-04-12,maize,Aowin,473.3,1.94,1,4,15
2021-04-19,maize,Aowin,297.5,1.88,0,4,16
2021-04-26,maize,Aowin,321.4,1.87,0,4,17
2021-05-03,maize,Aowin,296.2,2.0,0,5,18
2021-05-10,maize,Aowin,285.0,2.11,0,5,19
2021-05-17,maize,Aowin,299.9,2.0,0,5,20
2021-05-24,maize,Aowin,314.0,1.98,0,5,21
2021-05-31,maize,Aowin,290.3,2.01,0,5,22
2021-06-07,maize,Aowin,275.3,2.29,0,6,23
2021-06-14,maize,Aowin,306.3,2.19,0,6,24
2021-06-21,maize,Aowin,248.6,2.14,0,6,25
2021-06-28,maize,Aowin,280.1,2.27,0,6,26
2021-07-05,maize,Aowin,254.0,2.49,0,7,27
2021-07-12,maize,Aowin,283.3,2.6,0,7,28
2021-07-19,maize,Aowin,267.3,2.47,0,7,29
2021-07-26,maize,Aowin,277.2,2.33,0,7,30
2021-08-02,maize,Aowin,430.3,2.33,1,8,31
2021-08-09,maize,Aowin,380.0,2.63,1,8,32
2021-08-16,maize,Aowin,383.5,2.64,1,8,33
2021-08-23,maize,Aowin,418.0,2.45,1,8,34
2021-08-30,maize,Aowin,407.6,2.43,1,8,35
2021-09-06,maize,Aowin,281.3,2.35,0,9,36
2021-09-13,maize,Aowin,293.0,2.12,0,9,37
2021-09-20,maize,Aowin,288.3,2.14,0,9,38
2021-09-27,maize,Aowin,297.4,2.27,0,9,39
2021-10-04,maize,Aowin,316.1,1.87,0,10,40
2021-10-11,maize,Aowin,280.4,1.9,0,10,41
2021-10-18,maize,Aowin,323.2,1.88,0,10,42
2021-10-25,maize,Aowin,318.3,1.92,0,10,43
2021-11-01,maize,Aowin,312.1,2.02,0,11,44
2021-11-08,maize,Aowin,311.8,1.92,0,11,45
2021-11-15,maize,Aowin,313.1,1.96,0,11,46
2021-11-22,maize,Aowin,371.4,1.75,0,11,47
2021-11-29,maize,Aowin,301.9,1.91,0,11,48
2021-12-06,maize,Aowin,295.9,1.86,0,12,49
2021-12-13,maize,Aowin,290.2,1.83,0,12,50
2021-12-20,maize,Aowin,582.0,1.85,1,12,51
2021-12-27,maize,Aowin,570.9,1.9,1,12,52
2022-01-03,maize,Aowin,263.2,2.55,0,1,1
2022-01-10,maize,Aowin,285.1,2.33,0,1,2
2022-01-17,maize,Aowin,280.7,2.46,0,1,3
2022-01-24,maize,Aowin,312.1,2.41,0,1,4
2022-01-31,maize,Aowin,267.4,2.42,0,1,5
2022-02-07,maize,Aowin,245.9,2.57,0,2,6
2022-02-14,maize,Aowin,318.8,2.53,0,2,7
2022-02-21,maize,Aowin,281.6,2.6,0,2,8
2022-02-28,maize,Aowin,296.0,2.46,0,2,9
2022-03-07,maize,Aowin,310.8,2.06,0,3,10
2022-03-14,maize,Aowin,318.9,2.1,0,3,11
2022-03-21,maize,Aowin,278.0,2.14,0,3,12
2022-03-28,maize,Aowin,291.4,2.13,0,3,13
2022-04-04,maize,Aowin,505.3,2.04,1,4,14
2022-04-11,maize,Aowin,418.4,2.14,1,4,15
2022-04-18,maize,Aowin,301.2,2.15,0,4,16
2022-04-25,maize,Aowin,280.7,2.35,0,4,17
2022-05-02,maize,Aowin,287.2,2.31,0,5,18
2022-05-09,maize,Aowin,307.1,2.07,0,5,19
2022-05-16,maize,Aowin,293.4,2.12,0,5,20
2022-05-23,maize,Aowin,288.1,2.02,0,5,21
2022-05-30,maize,Aowin,317.0,2.1,0,5,22
2022-06-06,maize,Aowin,297.6,2.38,0,6,23
2022-06-13,maize,Aowin,271.3,2.46,0,6,24
2022-06-20,maize,Aowin,314.2,2.28,0,6,25
2022-06-27,maize,Aowin,306.4,2.29,0,6,26
2022-07-04,maize,Aowin,292.9,2.42,0,7,27
2022-07-11,maize,Aowin,246.4,2.63,0,7,28
2022-07-18,maize,Aowin,302.4,2.54,0,7,29
2022-07-25,maize,Aowin,265.1,2.59,0,7,30
2022-08-01,maize,Aowin,434.9,2.57,1,8,31
2022-08-08,maize,Aowin,402.9,2.65,1,8,32
2022-08-15,maize,Aowin,434.7,2.48,1,8,33
2022-08-22,maize,Aowin,471.5,2.51,1,8,34
2022-08-29,maize,Aowin,409.5,2.89,1,8,35
2022-09-05,maize,Aowin,341.9,2.27,0,9,36
2022-09-12,maize,Aowin,324.4,2.29,0,9,37
2022-09-19,maize,Aowin,298.6,2.57,0,9,38
2022-09-26,maize,Aowin,253.2,2.67,0,9,39
2022-10-03,maize,Aowin,318.8,1.95,0,10,40
2022-10-10,maize,Aowin,312.3,2.02,0,10,41
2022-10-17,maize,Aowin,332.4,2.08,0,10,42
2022-10-24,maize,Aowin,288.9,2.19,0,10,43
2022-10-31,maize,Aowin,327.7,1.97,0,10,44
2022-11-07,maize,Aowin,320.5,2.04,0,11,45
2022-11-14,maize,Aowin,327.4,2.13,0,11,46
2022-11-21,maize,Aowin,307.0,2.1,0,11,47
2022-11-28,maize,Aowin,333.2,2.03,0,11,48
2022-12-05,maize,Aowin,283.7,2.06,0,12,49
2022-12-12,maize,Aowin,296.2,1.96,0,12,50
2022-12-19,maize,Aowin,272.7,2.06,0,12,51
2022-12-26,maize,Aowin,551.6,2.05,1,12,52
2023-01-02,maize,Aowin,301.8,2.68,0,1,1
2023-01-09,maize,Aowin,313.6,2.59,0,1,2
2023-01-16,maize,Aowin,276.7,2.7,0,1,3
2023-01-23,maize,Aowin,274.2,2.76,0,1,4
2023-01-30,maize,Aowin,288.8,2.67,0,1,5
2023-02-06,maize,Aowin,314.6,2.71,0,2,6
2023-02-13,maize,Aowin,321.6,2.68,0,2,7
2023-02-20,maize,Aowin,306.7,2.67,0,2,8
2023-02-27,maize,Aowin,305.5,2.59,0,2,9
2023-03-06,maize,Aowin,336.0,2.32,0,3,10
2023-03-13,maize,Aowin,310.3,2.28,0,3,11
2023-03-20,maize,Aowin,288.9,2.48,0,3,12
2023-03-27,maize,Aowin,298.1,2.43,0,3,13
2023-04-03,maize,Aowin,460.8,2.34,1,4,14
2023-04-10,maize,Aowin,502.2,2.23,1,4,15
2023-04-17,maize,Aowin,304.0,2.2,0,4,16
2023-04-24,maize,Aowin,323.0,2.41,0,4,17
2023-05-01,maize,Aowin,323.3,2.34,0,5,18
2023-05-08,maize,Aowin,337.8,2.36,0,5,19
2023-05-15,maize,Aowin,300.0,2.16,0,5,20
2023-05-22,maize,Aowin,341.2,2.41,0,5,21
2023-05-29,maize,Aowin,281.7,2.36,0,5,22
2023-06-05,maize,Aowin,300.2,2.42,0,6,23
2023-06-12,maize,Aowin,304.8,2.49,0,6,24
2023-06-19,maize,Aowin,334.4,2.56,0,6,25
2023-06-26,maize,Aowin,316.1,2.54,0,6,26
2023-07-03,maize,Aowin,285.2,2.83,0,7,27
2023-07-10,maize,Aowin,274.3,2.85,0,7,28
2023-07-17,maize,Aowin,265.6,2.83,0,7,29
2023-07-24,maize,Aowin,305.1,2.88,0,7,30
2023-07-31,maize,Aowin,288.2,3.03,0,7,31
2023-08-07,maize,Aowin,504.8,2.58,1,8,32
2023-08-14,maize,Aowin,443.6,2.85,1,8,33
2023-08-21,maize,Aowin,359.9,2.9,1,8,34
2023-08-28,maize,Aowin,394.7,2.91,1,8,35
2023-09-04,maize,Aowin,325.9,2.55,0,9,36
2023-09-11,maize,Aowin,324.5,2.4,0,9,37
2023-09-18,maize,Aowin,300.3,2.62,0,9,38
2023-09-25,maize,Aowin,279.0,2.76,0,9,39
2023-10-02,maize,Aowin,353.7,2.08,0,10,40
2023-10-09,maize,Aowin,319.9,2.29,0,10,41
2023-10-16,maize,Aowin,332.8,2.18,0,10,42
2023-10-23,maize,Aowin,307.6,2.21,0,10,43
2023-10-30,maize,Aowin,333.4,2.12,0,10,44
2023-11-06,maize,Aowin,297.0,2.2,0,11,45
2023-11-13,maize,Aowin,305.9,2.34,0,11,46
2023-11-20,maize,Aowin,266.7,2.28,0,11,47
2023-11-27,maize,Aowin,275.8,2.38,0,11,48
2023-12-04,maize,Aowin,303.4,2.35,0,12,49
2023-12-11,maize,Aowin,361.5,2.28,0,12,50
2023-12-18,maize,Aowin,271.6,2.4,0,12,51
2023-12-25,maize,Aowin,486.4,2.28,1,12,52
2024-01-01,maize,Aowin,294.7,2.96,0,1,1
2024-01-08,maize,Aowin,332.9,2.83,0,1,2
2024-01-15,maize,Aowin,301.4,2.87,0,1,3
2024-01-22,maize,Aowin,317.0,2.79,0,1,4
2024-01-29,maize,Aowin,283.6,2.98,0,1,5
2024-02-05,maize,Aowin,300.0,2.75,0,2,6
2024-02-12,maize,Aowin,293.5,2.97,0,2,7
2024-02-19,maize,Aowin,288.6,2.86,0,2,8
2024-02-26,maize,Aowin,301.0,3.02,0,2,9
2024-03-04,maize,Aowin,283.0,2.55,0,3,10
2024-03-11,maize,Aowin,320.5,2.65,0,3,11
2024-03-18,maize,Aowin,314.8,2.54,0,3,12
2024-03-25,maize,Aowin,331.8,2.32,0,3,13
2024-04-01,maize,Aowin,456.5,2.48,1,4,14
2024-04-08,maize,Aowin,493.2,2.37,1,4,15
2024-04-15,maize,Aowin,349.2,2.44,0,4,16
2024-04-22,maize,Aowin,303.2,2.64,0,4,17
2024-04-29,maize,Aowin,320.4,2.55,0,4,18
2024-05-06,maize,Aowin,311.5,2.43,0,5,19
2024-05-13,maize,Aowin,331.4,2.4,0,5,20
2024-05-20,maize,Aowin,294.6,2.51,0,5,21
2024-05-27,maize,Aowin,336.1,2.38,0,5,22
2024-06-03,maize,Aowin,331.9,2.67,0,6,23
2024-06-10,maize,Aowin,321.9,2.77,0,6,24
2024-06-17,maize,Aowin,290.9,2.87,0,6,25
2024-06-24,maize,Aowin,306.0,2.81,0,6,26
2024-07-01,maize,Aowin,324.6,2.81,0,7,27
2024-07-08,maize,Aowin,286.4,3.13,0,7,28
2024-07-15,maize,Aowin,287.1,3.1,0,7,29
2024-07-22,maize,Aowin,322.4,3.14,0,7,30
2024-07-29,maize,Aowin,263.5,3.29,0,7,31
2024-08-05,maize,Aowin,498.6,2.85,1,8,32
2024-08-12,maize,Aowin,416.2,3.03,1,8,33
2024-08-19,maize,Aowin,448.2,3.18,1,8,34
2024-08-26,maize,Aowin,480.5,2.91,1,8,35
2024-09-02,maize,Aowin,297.0,2.96,0,9,36
2024-09-09,maize,Aowin,293.7,2.83,0,9,37
2024-09-16,maize,Aowin,275.1,2.89,0,9,38
2024-09-23,maize,Aowin,313.5,2.73,0,9,39
2024-09-30,maize,Aowin,322.6,2.88,0,9,40
2024-10-07,maize,Aowin,295.5,2.49,0,10,41
2024-10-14,maize,Aowin,325.7,2.41,0,10,42
2024-10-21,maize,Aowin,295.1,2.41,0,10,43
2024-10-28,maize,Aowin,318.3,2.42,0,10,44
2024-11-04,maize,Aowin,312.3,2.32,0,11,45
2024-11-11,maize,Aowin,326.4,2.39,0,11,46
2024-11-18,maize,Aowin,318.1,2.39,0,11,47
2024-11-25,maize,Aowin,299.8,2.44,0,11,48
2024-12-02,maize,Aowin,304.7,2.52,0,12,49
2024-12-09,maize,Aowin,318.6,2.32,0,12,50
2024-12-16,maize,Aowin,302.2,2.41,0,12,51
2024-12-23,maize,Aowin,554.6,2.56,1,12,52
2024-12-30,maize,Aowin,543.3,2.35,1,12,1
2018-01-01,maize,Bibiani,274.6,1.86,0,1,1
2018-01-08,maize,Bibiani,298.6,1.91,0,1,2
2018-01-15,maize,Bibiani,335.2,1.85,0,1,3
2018-01-22,maize,Bibiani,292.6,1.94,0,1,4
2018-01-29,maize,Bibiani,338.1,1.91,0,1,5
2018-02-05,maize,Bibiani,295.0,1.92,0,2,6
2018-02-12,maize,Bibiani,322.9,1.9,0,2,7
2018-02-19,maize,Bibiani,316.8,2.03,0,2,8
2018-02-26,maize,Bibiani,329.8,1.84,0,2,9
2018-03-05,maize,Bibiani,335.1,1.46,0,3,10
2018-03-12,maize,Bibiani,308.7,1.69,0,3,11
2018-03-19,maize,Bibiani,371.9,1.56,0,3,12
2018-03-26,maize,Bibiani,324.5,1.6,0,3,13
2018-04-02,maize,Bibiani,548.6,1.69,1,4,14
2018-04-09,maize,Bibiani,552.2,1.5,1,4,15
2018-04-16,maize,Bibiani,359.6,1.52,0,4,16
2018-04-23,maize,Bibiani,330.2,1.5,0,4,17
2018-04-30,maize,Bibiani,338.6,1.55,0,4,18
2018-05-07,maize,Bibiani,321.2,1.64,0,5,19
2018-05-14,maize,Bibiani,342.1,1.65,0,5,20
2018-05-21,maize,Bibiani,342.5,1.63,0,5,21
2018-05-28,maize,Bibiani,368.9,1.52,0,5,22
2018-06-04,maize,Bibiani,355.1,1.6,0,6,23
2018-06-11,maize,Bibiani,320.3,1.77,0,6,24
2018-06-18,maize,Bibiani,348.9,1.73,0,6,25
2018-06-25,maize,Bibiani,314.3,1.8,0,6,26
2018-07-02,maize,Bibiani,326.8,2.04,0,7,27
2018-07-09,maize,Bibiani,309.4,2.0,0,7,28
2018-07-16,maize,Bibiani,299.8,2.05,0,7,29
2018-07-23,maize,Bibiani,319.0,2.01,0,7,30
2018-07-30,maize,Bibiani,306.7,2.03,0,7,31
2018-08-06,maize,Bibiani,430.2,1.95,1,8,32
2018-08-13,maize,Bibiani,440.6,1.99,1,8,33
2018-08-20,maize,Bibiani,494.8,2.02,1,8,34
2018-08-27,maize,Bibiani,459.1,2.07,1,8,35
2018-09-03,maize,Bibiani,311.0,1.77,0,9,36
2018-09-10,maize,Bibiani,343.0,1.84,0,9,37
2018-09-17,maize,Bibiani,332.8,1.78,0,9,38
2018-09-24,maize,Bibiani,325.0,1.79,0,9,39
2018-10-01,maize,Bibiani,316.2,1.59,0,10,40
2018-10-08,maize,Bibiani,391.8,1.42,0,10,41
2018-10-15,maize,Bibiani,319.3,1.46,0,10,42
2018-10-22,maize,Bibiani,345.6,1.45,0,10,43
2018-10-29,maize,Bibiani,378.3,1.39,0,10,44
2018-11-05,maize,Bibiani,388.9,1.51,0,11,45
2018-11-12,maize,Bibiani,353.1,1.59,0,11,46
2018-11-19,maize,Bibiani,333.9,1.53,0,11,47
2018-11-26,maize,Bibiani,378.5,1.56,0,11,48
2018-12-03,maize,Bibiani,310.2,1.63,0,12,49
2018-12-10,maize,Bibiani,341.4,1.64,0,12,50
2018-12-17,maize,Bibiani,360.8,1.55,0,12,51
2018-12-24,maize,Bibiani,528.7,1.64,1,12,52
2018-12-31,maize,Bibiani,603.8,1.56,1,12,1
2019-01-07,maize,Bibiani,322.4,1.93,0,1,2
2019-01-14,maize,Bibiani,343.8,1.95,0,1,3
2019-01-21,maize,Bibiani,303.0,1.87,0,1,4
2019-01-28,maize,Bibiani,340.6,1.92,0,1,5
2019-02-04,maize,Bibiani,320.3,1.98,0,2,6
2019-02-11,maize,Bibiani,339.6,2.07,0,2,7
2019-02-18,maize,Bibiani,309.0,2.14,0,2,8
2019-02-25,maize,Bibiani,365.6,1.89,0,2,9
2019-03-04,maize,Bibiani,355.0,1.75,0,3,10
2019-03-11,maize,Bibiani,357.3,1.65,0,3,11
2019-03-18,maize,Bibiani,360.8,1.75,0,3,12
2019-03-25,maize,Bibiani,367.2,1.71,0,3,13
2019-04-01,maize,Bibiani,600.1,1.6,1,4,14
2019-04-08,maize,Bibiani,462.7,1.79,1,4,15
2019-04-15,maize,Bibiani,334.9,1.69,0,4,16
2019-04-22,maize,Bibiani,385.5,1.69,0,4,17
2019-04-29,maize,Bibiani,333.5,1.66,0,4,18
2019-05-06,maize,Bibiani,375.5,1.7,0,5,19
2019-05-13,maize,Bibiani,360.7,1.77,0,5,20
2019-05-20,maize,Bibiani,336.7,1.73,0,5,21
2019-05-27,maize,Bibiani,305.9,1.76,0,5,22
2019-06-03,maize,Bibiani,331.8,1.93,0,6,23
2019-06-10,maize,Bibiani,374.8,2.01,0,6,24
2019-06-17,maize,Bibiani,332.2,1.88,0,6,25
2019-06-24,maize,Bibiani,346.2,1.79,0,6,26
2019-07-01,maize,Bibiani,290.7,2.24,0,7,27
2019-07-08,maize,Bibiani,345.7,2.12,0,7,28
2019-07-15,maize,Bibiani,304.7,2.24,0,7,29
2019-07-22,maize,Bibiani,303.7,2.18,0,7,30
2019-07-29,maize,Bibiani,347.1,2.14,0,7,31
2019-08-05,maize,Bibiani,489.7,2.19,1,8,32
2019-08-12,maize,Bibiani,426.8,2.33,1,8,33
2019-08-19,maize,Bibiani,417.2,2.34,1,8,34
2019-08-26,maize,Bibiani,509.6,2.17,1,8,35
2019-09-02,maize,Bibiani,347.9,1.95,0,9,36
2019-09-09,maize,Bibiani,305.9,2.03,0,9,37
2019-09-16,maize,Bibiani,319.0,1.88,0,9,38
2019-09-23,maize,Bibiani,321.8,1.97,0,9,39
2019-09-30,maize,Bibiani,323.0,1.94,0,9,40
2019-10-07,maize,Bibiani,308.8,1.68,0,10,41
2019-10-14,maize,Bibiani,339.5,1.61,0,10,42
2019-10-21,maize,Bibiani,351.7,1.56,0,10,43
2019-10-28,maize,Bibiani,369.0,1.52,0,10,44
2019-11-04,maize,Bibiani,404.9,1.6,0,11,45
2019-11-11,maize,Bibiani,355.0,1.64,0,11,46
2019-11-18,maize,Bibiani,355.6,1.65,0,11,47
2019-11-25,maize,Bibiani,346.8,1.8,0,11,48
2019-12-02,maize,Bibiani,339.5,1.76,0,12,49
2019-12-09,maize,Bibiani,375.3,1.62,0,12,50
2019-12-16,maize,Bibiani,357.9,1.71,0,12,51
2019-12-23,maize,Bibiani,602.2,1.66,1,12,52
2019-12-30,maize,Bibiani,697.0,1.66,1,12,1
2020-01-06,maize,Bibiani,347.2,2.17,0,1,2
2020-01-13,maize,Bibiani,303.6,2.21,0,1,3
2020-01-20,maize,Bibiani,342.4,2.12,0,1,4
2020-01-27,maize,Bibiani,306.2,2.24,0,1,5
2020-02-03,maize,Bibiani,352.4,2.07,0,2,6
2020-02-10,maize,Bibiani,304.0,2.17,0,2,7
2020-02-17,maize,Bibiani,287.7,2.39,0,2,8
2020-02-24,maize,Bibiani,335.8,2.19,0,2,9
2020-03-02,maize,Bibiani,362.4,1.96,0,3,10
2020-03-09,maize,Bibiani,366.3,1.86,0,3,11
2020-03-16,maize,Bibiani,367.9,1.9,0,3,12
2020-03-23,maize,Bibiani,365.1,1.85,0,3,13
2020-03-30,maize,Bibiani,362.2,1.84,0,3,14
2020-04-06,maize,Bibiani,557.5,1.81,1,4,15
2020-04-13,maize,Bibiani,581.4,1.9,1,4,16
2020-04-20,maize,Bibiani,387.8,1.81,0,4,17
2020-04-27,maize,Bibiani,348.2,1.92,0,4,18
2020-05-04,maize,Bibiani,343.9,1.96,0,5,19
2020-05-11,maize,Bibiani,386.9,1.91,0,5,20
2020-05-18,maize,Bibiani,359.8,1.86,0,5,21
2020-05-25,maize,Bibiani,353.4,1.92,0,5,22
2020-06-01,maize,Bibiani,367.8,2.03,0,6,23
2020-06-08,maize,Bibiani,342.7,2.13,0,6,24
2020-06-15,maize,Bibiani,355.7,1.91,0,6,25
2020-06-22,maize,Bibiani,365.5,2.03,0,6,26
2020-06-29,maize,Bibiani,376.2,1.89,0,6,27
2020-07-06,maize,Bibiani,378.7,2.18,0,7,28
2020-07-13,maize,Bibiani,327.2,2.45,0,7,29
2020-07-20,maize,Bibiani,305.9,2.4,0,7,30
2020-07-27,maize,Bibiani,347.6,2.25,0,7,31
2020-08-03,maize,Bibiani,520.8,2.19,1,8,32
2020-08-10,maize,Bibiani,577.4,2.06,1,8,33
2020-08-17,maize,Bibiani,480.5,2.28,1,8,34
2020-08-24,maize,Bibiani,460.0,2.56,1,8,35
2020-08-31,maize,Bibiani,477.6,2.38,1,8,36
2020-09-07,maize,Bibiani,363.0,2.05,0,9,37
2020-09-14,maize,Bibiani,331.7,2.14,0,9,38
2020-09-21,maize,Bibiani,385.6,1.97,0,9,39
2020-09-28,maize,Bibiani,368.1,2.07,0,9,40
2020-10-05,maize,Bibiani,389.1,1.8,0,10,41
2020-10-12,maize,Bibiani,362.5,1.79,0,10,42
2020-10-19,maize,Bibiani,345.2,1.85,0,10,43
2020-10-26,maize,Bibiani,375.2,1.82,0,10,44
2020-11-02,maize,Bibiani,339.2,1.85,0,11,45
2020-11-09,maize,Bibiani,393.8,1.76,0,11,46
2020-11-16,maize,Bibiani,376.3,1.87,0,11,47
2020-11-23,maize,Bibiani,372.5,1.92,0,11,48
2020-11-30,maize,Bibiani,381.4,1.74,0,11,49
2020-12-07,maize,Bibiani,362.9,1.75,0,12,50
2020-12-14,maize,Bibiani,352.3,1.91,0,12,51
2020-12-21,maize,Bibiani,621.8,1.8,1,12,52
2020-12-28,maize,Bibiani,559.7,1.92,1,12,53
2021-01-04,maize,Bibiani,370.2,2.28,0,1,1
2021-01-11,maize,Bibiani,335.0,2.46,0,1,2
2021-01-18,maize,Bibiani,318.2,2.34,0,1,3
2021-01-25,maize,Bibiani,372.9,2.35,0,1,4
2021-02-01,maize,Bibiani,324.8,2.49,0,2,5
2021-02-08,maize,Bibiani,319.2,2.31,0,2,6
2021-02-15,maize,Bibiani,331.1,2.25,0,2,7
2021-02-22,maize,Bibiani,373.3,2.3,0,2,8
2021-03-01,maize,Bibiani,397.8,2.04,0,3,9
2021-03-08,maize,Bibiani,404.3,1.88,0,3,10
2021-03-15,maize,Bibiani,384.1,2.06,0,3,11
2021-03-22,maize,Bibiani,396.4,1.96,0,3,12
2021-03-29,maize,Bibiani,362.6,2.1,0,3,13
2021-04-05,maize,Bibiani,628.3,1.83,1,4,14
2021-04-12,maize,Bibiani,604.2,1.96,1,4,15
2021-04-19,maize,Bibiani,400.6,1.88,0,4,16
2021-04-26,maize,Bibiani,356.7,1.95,0,4,17
2021-05-03,maize,Bibiani,377.8,2.05,0,5,18
2021-05-10,maize,Bibiani,397.9,2.02,0,5,19
2021-05-17,maize,Bibiani,362.7,2.01,0,5,20
2021-05-24,maize,Bibiani,359.0,2.02,0,5,21
2021-05-31,maize,Bibiani,372.2,2.05,0,5,22
2021-06-07,maize,Bibiani,358.0,2.13,0,6,23
2021-06-14,maize,Bibiani,325.0,2.29,0,6,24
2021-06-21,maize,Bibiani,378.4,2.28,0,6,25
2021-06-28,maize,Bibiani,346.7,2.26,0,6,26
2021-07-05,maize,Bibiani,327.0,2.56,0,7,27
2021-07-12,maize,Bibiani,317.5,2.53,0,7,28
2021-07-19,maize,Bibiani,337.0,2.71,0,7,29
2021-07-26,maize,Bibiani,349.5,2.5,0,7,30
2021-08-02,maize,Bibiani,494.6,2.49,1,8,31
2021-08-09,maize,Bibiani,472.0,2.45,1,8,32
2021-08-16,maize,Bibiani,502.0,2.42,1,8,33
2021-08-23,maize,Bibiani,533.5,2.4,1,8,34
2021-08-30,maize,Bibiani,516.9,2.43,1,8,35
2021-09-06,maize,Bibiani,365.7,2.26,0,9,36
2021-09-13,maize,Bibiani,363.1,2.3,0,9,37
2021-09-20,maize,Bibiani,378.6,2.27,0,9,38
2021-09-27,maize,Bibiani,369.8,2.2,0,9,39
2021-10-04,maize,Bibiani,369.1,2.01,0,10,40
2021-10-11,maize,Bibiani,339.4,2.0,0,10,41
2021-10-18,maize,Bibiani,427.3,1.93,0,10,42
2021-10-25,maize,Bibiani,369.9,1.89,0,10,43
2021-11-01,maize,Bibiani,368.9,1.99,0,11,44
2021-11-08,maize,Bibiani,379.7,1.97,0,11,45
2021-11-15,maize,Bibiani,377.0,1.84,0,11,46
2021-11-22,maize,Bibiani,370.2,1.95,0,11,47
2021-11-29,maize,Bibiani,367.1,1.97,0,11,48
2021-12-06,maize,Bibiani,360.3,1.89,0,12,49
2021-12-13,maize,Bibiani,377.9,1.98,0,12,50
2021-12-20,maize,Bibiani,579.8,1.85,1,12,51
2021-12-27,maize,Bibiani,653.7,2.07,1,12,52
2022-01-03,maize,Bibiani,347.6,2.64,0,1,1
2022-01-10,maize,Bibiani,360.0,2.49,0,1,2
2022-01-17,maize,Bibiani,305.1,2.55,0,1,3
2022-01-24,maize,Bibiani,353.9,2.27,0,1,4
2022-01-31,maize,Bibiani,387.3,2.39,0,1,5
2022-02-07,maize,Bibiani,434.6,2.5,0,2,6
2022-02-14,maize,Bibiani,382.0,2.42,0,2,7
2022-02-21,maize,Bibiani,358.8,2.6,0,2,8
2022-02-28,maize,Bibiani,335.9,2.73,0,2,9
2022-03-07,maize,Bibiani,365.1,2.06,0,3,10
2022-03-14,maize,Bibiani,403.2,2.09,0,3,11
2022-03-21,maize,Bibiani,343.1,2.19,0,3,12
2022-03-28,maize,Bibiani,327.3,2.31,0,3,13
2022-04-04,maize,Bibiani,560.6,2.07,1,4,14
2022-04-11,maize,Bibiani,613.8,2.2,1,4,15
2022-04-18,maize,Bibiani,350.6,2.34,0,4,16
2022-04-25,maize,Bibiani,392.3,2.04,0,4,17
2022-05-02,maize,Bibiani,386.5,2.08,0,5,18
2022-05-09,maize,Bibiani,350.6,2.16,0,5,19
2022-05-16,maize,Bibiani,362.2,2.15,0,5,20
2022-05-23,maize,Bibiani,348.8,2.27,0,5,21
2022-05-30,maize,Bibiani,337.3,2.22,0,5,22
2022-06-06,maize,Bibiani,377.2,2.23,0,6,23
2022-06-13,maize,Bibiani,338.9,2.45,0,6,24
2022-06-20,maize,Bibiani,388.2,2.34,0,6,25
2022-06-27,maize,Bibiani,369.0,2.52,0,6,26
2022-07-04,maize,Bibiani,318.2,2.64,0,7,27
2022-07-11,maize,Bibiani,338.8,2.64,0,7,28
2022-07-18,maize,Bibiani,370.8,2.76,0,7,29
2022-07-25,maize,Bibiani,311.5,2.79,0,7,30
2022-08-01,maize,Bibiani,513.5,2.77,1,8,31
2022-08-08,maize,Bibiani,537.7,2.54,1,8,32
2022-08-15,maize,Bibiani,532.0,2.78,1,8,33
2022-08-22,maize,Bibiani,532.8,2.61,1,8,34
2022-08-29,maize,Bibiani,490.3,2.75,1,8,35
2022-09-05,maize,Bibiani,387.8,2.31,0,9,36
2022-09-12,maize,Bibiani,366.9,2.49,0,9,37
2022-09-19,maize,Bibiani,376.8,2.37,0,9,38
2022-09-26,maize,Bibiani,354.5,2.32,0,9,39
2022-10-03,maize,Bibiani,396.7,2.15,0,10,40
2022-10-10,maize,Bibiani,398.4,2.11,0,10,41
2022-10-17,maize,Bibiani,360.0,2.04,0,10,42
2022-10-24,maize,Bibiani,355.1,2.21,0,10,43
2022-10-31,maize,Bibiani,376.1,2.06,0,10,44
2022-11-07,maize,Bibiani,350.7,2.11,0,11,45
2022-11-14,maize,Bibiani,332.3,2.13,0,11,46
2022-11-21,maize,Bibiani,369.6,2.05,0,11,47
2022-11-28,maize,Bibiani,363.7,2.15,0,11,48
2022-12-05,maize,Bibiani,350.3,2.08,0,12,49
2022-12-12,maize,Bibiani,386.1,2.09,0,12,50
2022-12-19,maize,Bibiani,388.0,2.24,0,12,51
2022-12-26,maize,Bibiani,681.4,2.03,1,12,52
2023-01-02,maize,Bibiani,376.3,2.45,0,1,1
2023-01-09,maize,Bibiani,298.0,2.89,0,1,2
2023-01-16,maize,Bibiani,340.6,2.99,0,1,3
2023-01-23,maize,Bibiani,358.7,2.67,0,1,4
2023-01-30,maize,Bibiani,383.0,2.5,0,1,5
2023-02-06,maize,Bibiani,397.2,2.69,0,2,6
2023-02-13,maize,Bibiani,337.3,2.7,0,2,7
2023-02-20,maize,Bibiani,292.8,2.71,0,2,8
2023-02-27,maize,Bibiani,341.0,2.61,0,2,9
2023-03-06,maize,Bibiani,382.6,2.39,0,3,10
2023-03-13,maize,Bibiani,372.4,2.39,0,3,11
2023-03-20,maize,Bibiani,366.8,2.2,0,3,12
2023-03-27,maize,Bibiani,339.1,2.4,0,3,13
2023-04-03,maize,Bibiani,549.0,2.55,1,4,14
2023-04-10,maize,Bibiani,548.3,2.37,1,4,15
2023-04-17,maize,Bibiani,394.6,2.32,0,4,16
2023-04-24,maize,Bibiani,370.8,2.34,0,4,17
2023-05-01,maize,Bibiani,358.0,2.43,0,5,18
2023-05-08,maize,Bibiani,381.2,2.21,0,5,19
2023-05-15,maize,Bibiani,382.6,2.39,0,5,20
2023-05-22,maize,Bibiani,384.9,2.33,0,5,21
2023-05-29,maize,Bibiani,364.2,2.54,0,5,22
2023-06-05,maize,Bibiani,382.0,2.57,0,6,23
2023-06-12,maize,Bibiani,355.7,2.77,0,6,24
2023-06-19,maize,Bibiani,364.1,2.48,0,6,25
2023-06-26,maize,Bibiani,353.1,2.65,0,6,26
2023-07-03,maize,Bibiani,334.0,2.96,0,7,27
2023-07-10,maize,Bibiani,398.7,2.82,0,7,28
2023-07-17,maize,Bibiani,316.0,2.94,0,7,29
2023-07-24,maize,Bibiani,325.3,3.06,0,7,30
2023-07-31,maize,Bibiani,351.3,2.88,0,7,31
2023-08-07,maize,Bibiani,535.5,2.74,1,8,32
2023-08-14,maize,Bibiani,550.7,2.94,1,8,33
2023-08-21,maize,Bibiani,522.5,2.83,1,8,34
2023-08-28,maize,Bibiani,515.4,2.9,1,8,35
2023-09-04,maize,Bibiani,397.2,2.63,0,9,36
2023-09-11,maize,Bibiani,441.4,2.46,0,9,37
2023-09-18,maize,Bibiani,430.4,2.47,0,9,38
2023-09-25,maize,Bibiani,369.3,2.69,0,9,39
2023-10-02,maize,Bibiani,389.7,2.21,0,10,40
2023-10-09,maize,Bibiani,417.7,2.03,0,10,41
2023-10-16,maize,Bibiani,378.9,2.33,0,10,42
2023-10-23,maize,Bibiani,361.2,2.29,0,10,43
2023-10-30,maize,Bibiani,414.2,2.2,0,10,44
2023-11-06,maize,Bibiani,405.1,2.16,0,11,45
2023-11-13,maize,Bibiani,374.6,2.35,0,11,46
2023-11-20,maize,Bibiani,351.5,2.31,0,11,47
2023-11-27,maize,Bibiani,361.0,2.49,0,11,48
2023-12-04,maize,Bibiani,337.3,2.33,0,12,49
2023-12-11,maize,Bibiani,367.2,2.33,0,12,50
2023-12-18,maize,Bibiani,374.9,2.27,0,12,51
2023-12-25,maize,Bibiani,636.8,2.36,1,12,52
2024-01-01,maize,Bibiani,391.8,3.0,0,1,1
2024-01-08,maize,Bibiani,357.9,3.07,0,1,2
2024-01-15,maize,Bibiani,395.6,2.87,0,1,3
2024-01-22,maize,Bibiani,377.0,2.88,0,1,4
2024-01-29,maize,Bibiani,388.5,2.87,0,1,5
2024-02-05,maize,Bibiani,389.9,3.04,0,2,6
2024-02-12,maize,Bibiani,329.0,3.12,0,2,7
2024-02-19,maize,Bibiani,347.0,2.89,0,2,8
2024-02-26,maize,Bibiani,378.0,2.9,0,2,9
2024-03-04,maize,Bibiani,381.5,2.56,0,3,10
2024-03-11,maize,Bibiani,393.6,2.5,0,3,11
2024-03-18,maize,Bibiani,369.4,2.62,0,3,12
2024-03-25,maize,Bibiani,398.7,2.3,0,3,13
2024-04-01,maize,Bibiani,683.3,2.46,1,4,14
2024-04-08,maize,Bibiani,581.6,2.46,1,4,15
2024-04-15,maize,Bibiani,431.9,2.31,0,4,16
2024-04-22,maize,Bibiani,410.7,2.44,0,4,17
2024-04-29,maize,Bibiani,359.3,2.45,0,4,18
2024-05-06,maize,Bibiani,369.5,2.54,0,5,19
2024-05-13,maize,Bibiani,359.7,2.67,0,5,20
2024-05-20,maize,Bibiani,403.2,2.53,0,5,21
2024-05-27,maize,Bibiani,390.7,2.45,0,5,22
2024-06-03,maize,Bibiani,382.0,2.79,0,6,23
2024-06-10,maize,Bibiani,338.6,2.92,0,6,24
2024-06-17,maize,Bibiani,449.7,2.69,0,6,25
2024-06-24,maize,Bibiani,395.2,2.7,0,6,26
2024-07-01,maize,Bibiani,356.6,3.23,0,7,27
2024-07-08,maize,Bibiani,343.0,3.13,0,7,28
2024-07-15,maize,Bibiani,331.9,3.24,0,7,29
2024-07-22,maize,Bibiani,393.3,3.15,0,7,30
2024-07-29,maize,Bibiani,305.7,3.24,0,7,31
2024-08-05,maize,Bibiani,554.3,3.04,1,8,32
2024-08-12,maize,Bibiani,490.0,3.17,1,8,33
2024-08-19,maize,Bibiani,518.0,3.15,1,8,34
2024-08-26,maize,Bibiani,526.9,3.02,1,8,35
2024-09-02,maize,Bibiani,379.6,2.68,0,9,36
2024-09-09,maize,Bibiani,378.1,2.93,0,9,37
2024-09-16,maize,Bibiani,329.4,2.81,0,9,38
2024-09-23,maize,Bibiani,389.3,2.74,0,9,39
2024-09-30,maize,Bibiani,384.2,2.84,0,9,40
2024-10-07,maize,Bibiani,348.4,2.55,0,10,41
2024-10-14,maize,Bibiani,459.1,2.22,0,10,42
2024-10-21,maize,Bibiani,395.2,2.3,0,10,43
2024-10-28,maize,Bibiani,397.6,2.35,0,10,44
2024-11-04,maize,Bibiani,362.9,2.6,0,11,45
2024-11-11,maize,Bibiani,386.8,2.49,0,11,46
2024-11-18,maize,Bibiani,414.2,2.53,0,11,47
2024-11-25,maize,Bibiani,466.2,2.35,0,11,48
2024-12-02,maize,Bibiani,425.5,2.36,0,12,49
2024-12-09,maize,Bibiani,413.0,2.52,0,12,50
2024-12-16,maize,Bibiani,432.8,2.48,0,12,51
2024-12-23,maize,Bibiani,651.7,2.53,1,12,52
2024-12-30,maize,Bibiani,719.7,2.45,1,12,1
2018-01-01,maize,Juaboso,257.2,1.85,0,1,1
2018-01-08,maize,Juaboso,242.7,1.9,0,1,2
2018-01-15,maize,Juaboso,245.7,1.9,0,1,3
2018-01-22,maize,Juaboso,231.0,1.72,0,1,4
2018-01-29,maize,Juaboso,268.6,1.68,0,1,5
2018-02-05,maize,Juaboso,217.2,1.93,0,2,6
2018-02-12,maize,Juaboso,215.2,1.94,0,2,7
2018-02-19,maize,Juaboso,257.3,1.78,0,2,8
2018-02-26,maize,Juaboso,243.5,1.72,0,2,9
2018-03-05,maize,Juaboso,264.6,1.59,0,3,10
2018-03-12,maize,Juaboso,259.6,1.65,0,3,11
2018-03-19,maize,Juaboso,254.5,1.7,0,3,12
2018-03-26,maize,Juaboso,246.9,1.62,0,3,13
2018-04-02,maize,Juaboso,444.0,1.58,1,4,14
2018-04-09,maize,Juaboso,427.1,1.54,1,4,15
2018-04-16,maize,Juaboso,272.2,1.6,0,4,16
2018-04-23,maize,Juaboso,248.5,1.58,0,4,17
2018-04-30,maize,Juaboso,271.3,1.53,0,4,18
2018-05-07,maize,Juaboso,267.1,1.74,0,5,19
2018-05-14,maize,Juaboso,267.5,1.72,0,5,20
2018-05-21,maize,Juaboso,245.0,1.68,0,5,21
2018-05-28,maize,Juaboso,264.4,1.55,0,5,22
2018-06-04,maize,Juaboso,241.5,1.82,0,6,23
2018-06-11,maize,Juaboso,247.6,1.81,0,6,24
2018-06-18,maize,Juaboso,238.1,1.79,0,6,25
2018-06-25,maize,Juaboso,251.5,1.85,0,6,26
2018-07-02,maize,Juaboso,247.1,2.03,0,7,27
2018-07-09,maize,Juaboso,226.0,2.04,0,7,28
2018-07-16,maize,Juaboso,236.8,2.03,0,7,29
2018-07-23,maize,Juaboso,236.7,2.01,0,7,30
2018-07-30,maize,Juaboso,272.5,1.84,0,7,31
2018-08-06,maize,Juaboso,348.9,2.0,1,8,32
2018-08-13,maize,Juaboso,356.4,1.95,1,8,33
2018-08-20,maize,Juaboso,358.7,1.89,1,8,34
2018-08-27,maize,Juaboso,321.9,2.13,1,8,35
2018-09-03,maize,Juaboso,259.4,1.92,0,9,36
2018-09-10,maize,Juaboso,252.4,1.89,0,9,37
2018-09-17,maize,Juaboso,263.7,1.81,0,9,38
2018-09-24,maize,Juaboso,273.9,1.89,0,9,39
2018-10-01,maize,Juaboso,290.2,1.54,0,10,40
2018-10-08,maize,Juaboso,241.0,1.55,0,10,41
2018-10-15,maize,Juaboso,289.1,1.47,0,10,42
2018-10-22,maize,Juaboso,269.7,1.56,0,10,43
2018-10-29,maize,Juaboso,261.3,1.54,0,10,44
2018-11-05,maize,Juaboso,287.0,1.46,0,11,45
2018-11-12,maize,Juaboso,242.5,1.54,0,11,46
2018-11-19,maize,Juaboso,294.2,1.54,0,11,47
2018-11-26,maize,Juaboso,263.6,1.66,0,11,48
2018-12-03,maize,Juaboso,249.6,1.61,0,12,49
2018-12-10,maize,Juaboso,260.1,1.56,0,12,50
2018-12-17,maize,Juaboso,240.9,1.57,0,12,51
2018-12-24,maize,Juaboso,439.4,1.56,1,12,52
2018-12-31,maize,Juaboso,439.1,1.54,1,12,1
2019-01-07,maize,Juaboso,239.4,1.9,0,1,2
2019-01-14,maize,Juaboso,263.9,1.98,0,1,3
2019-01-21,maize,Juaboso,276.7,1.93,0,1,4
2019-01-28,maize,Juaboso,260.7,1.89,0,1,5
2019-02-04,maize,Juaboso,243.6,2.04,0,2,6
2019-02-11,maize,Juaboso,255.6,2.03,0,2,7
2019-02-18,maize,Juaboso,265.6,1.86,0,2,8
2019-02-25,maize,Juaboso,236.4,1.99,0,2,9
2019-03-04,maize,Juaboso,252.5,1.78,0,3,10
2019-03-11,maize,Juaboso,257.1,1.79,0,3,11
2019-03-18,maize,Juaboso,265.6,1.79,0,3,12
2019-03-25,maize,Juaboso,269.8,1.72,0,3,13
2019-04-01,maize,Juaboso,442.2,1.67,1,4,14
2019-04-08,maize,Juaboso,400.3,1.65,1,4,15
2019-04-15,maize,Juaboso,278.6,1.75,0,4,16
2019-04-22,maize,Juaboso,268.0,1.75,0,4,17
2019-04-29,maize,Juaboso,300.0,1.82,0,4,18
2019-05-06,maize,Juaboso,256.8,1.81,0,5,19
2019-05-13,maize,Juaboso,277.3,1.73,0,5,20
2019-05-20,maize,Juaboso,329.7,1.65,0,5,21
2019-05-27,maize,Juaboso,276.4,1.72,0,5,22
2019-06-03,maize,Juaboso,265.4,1.92,0,6,23
2019-06-10,maize,Juaboso,253.7,1.89,0,6,24
2019-06-17,maize,Juaboso,297.9,1.86,0,6,25
2019-06-24,maize,Juaboso,248.0,1.92,0,6,26
2019-07-01,maize,Juaboso,257.2,2.1,0,7,27
2019-07-08,maize,Juaboso,244.5,2.09,0,7,28
2019-07-15,maize,Juaboso,241.9,2.17,0,7,29
2019-07-22,maize,Juaboso,228.5,2.11,0,7,30
2019-07-29,maize,Juaboso,265.3,2.16,0,7,31
2019-08-05,maize,Juaboso,360.8,2.18,1,8,32
2019-08-12,maize,Juaboso,354.9,2.06,1,8,33
2019-08-19,maize,Juaboso,402.8,2.12,1,8,34
2019-08-26,maize,Juaboso,344.1,2.28,1,8,35
2019-09-02,maize,Juaboso,285.0,1.85,0,9,36
2019-09-09,maize,Juaboso,303.4,1.77,0,9,37
2019-09-16,maize,Juaboso,294.5,1.79,0,9,38
2019-09-23,maize,Juaboso,234.1,1.94,0,9,39
2019-09-30,maize,Juaboso,280.9,1.94,0,9,40
2019-10-07,maize,Juaboso,274.1,1.65,0,10,41
2019-10-14,maize,Juaboso,259.7,1.74,0,10,42
2019-10-21,maize,Juaboso,297.2,1.48,0,10,43
2019-10-28,maize,Juaboso,245.8,1.68,0,10,44
2019-11-04,maize,Juaboso,266.3,1.77,0,11,45
2019-11-11,maize,Juaboso,262.0,1.59,0,11,46
2019-11-18,maize,Juaboso,274.0,1.64,0,11,47
2019-11-25,maize,Juaboso,284.0,1.62,0,11,48
2019-12-02,maize,Juaboso,301.5,1.62,0,12,49
2019-12-09,maize,Juaboso,264.4,1.66,0,12,50
2019-12-16,maize,Juaboso,286.9,1.78,0,12,51
2019-12-23,maize,Juaboso,459.4,1.8,1,12,52
2019-12-30,maize,Juaboso,450.0,1.66,1,12,1
2020-01-06,maize,Juaboso,226.6,2.31,0,1,2
2020-01-13,maize,Juaboso,233.9,2.15,0,1,3
2020-01-20,maize,Juaboso,247.5,2.3,0,1,4
2020-01-27,maize,Juaboso,245.7,2.14,0,1,5
2020-02-03,maize,Juaboso,274.4,2.17,0,2,6
2020-02-10,maize,Juaboso,243.9,2.19,0,2,7
2020-02-17,maize,Juaboso,221.8,2.44,0,2,8
2020-02-24,maize,Juaboso,254.3,2.23,0,2,9
2020-03-02,maize,Juaboso,270.0,1.8,0,3,10
2020-03-09,maize,Juaboso,268.5,1.92,0,3,11
2020-03-16,maize,Juaboso,294.6,1.83,0,3,12
2020-03-23,maize,Juaboso,281.3,1.82,0,3,13
2020-03-30,maize,Juaboso,270.3,1.92,0,3,14
2020-04-06,maize,Juaboso,438.8,1.87,1,4,15
2020-04-13,maize,Juaboso,386.4,1.89,1,4,16
2020-04-20,maize,Juaboso,281.9,1.87,0,4,17
2020-04-27,maize,Juaboso,275.9,1.89,0,4,18
2020-05-04,maize,Juaboso,287.5,1.91,0,5,19
2020-05-11,maize,Juaboso,304.6,1.73,0,5,20
2020-05-18,maize,Juaboso,267.5,1.93,0,5,21
2020-05-25,maize,Juaboso,303.0,1.8,0,5,22
2020-06-01,maize,Juaboso,281.8,1.93,0,6,23
2020-06-08,maize,Juaboso,278.2,2.05,0,6,24
2020-06-15,maize,Juaboso,268.1,2.06,0,6,25
2020-06-22,maize,Juaboso,287.0,2.0,0,6,26
2020-06-29,maize,Juaboso,261.3,2.12,0,6,27
2020-07-06,maize,Juaboso,288.6,2.19,0,7,28
2020-07-13,maize,Juaboso,285.6,2.28,0,7,29
2020-07-20,maize,Juaboso,269.9,2.26,0,7,30
2020-07-27,maize,Juaboso,275.6,2.31,0,7,31
2020-08-03,maize,Juaboso,339.1,2.36,1,8,32
2020-08-10,maize,Juaboso,355.4,2.24,1,8,33
2020-08-17,maize,Juaboso,361.8,2.4,1,8,34
2020-08-24,maize,Juaboso,376.9,2.34,1,8,35
2020-08-31,maize,Juaboso,395.9,2.15,1,8,36
2020-09-07,maize,Juaboso,263.7,1.93,0,9,37
2020-09-14,maize,Juaboso,294.5,2.09,0,9,38
2020-09-21,maize,Juaboso,313.4,2.07,0,9,39
2020-09-28,maize,Juaboso,297.8,2.08,0,9,40
2020-10-05,maize,Juaboso,298.6,1.79,0,10,41
2020-10-12,maize,Juaboso,281.8,1.81,0,10,42
2020-10-19,maize,Juaboso,258.6,1.86,0,10,43
2020-10-26,maize,Juaboso,291.4,1.71,0,10,44
2020-11-02,maize,Juaboso,327.4,1.72,0,11,45
2020-11-09,maize,Juaboso,284.6,1.72,0,11,46
2020-11-16,maize,Juaboso,271.0,1.82,0,11,47
2020-11-23,maize,Juaboso,288.9,1.89,0,11,48
2020-11-30,maize,Juaboso,304.6,1.77,0,11,49
2020-12-07,maize,Juaboso,289.1,1.63,0,12,50
2020-12-14,maize,Juaboso,291.8,1.69,0,12,51
2020-12-21,maize,Juaboso,465.3,1.75,1,12,52
2020-12-28,maize,Juaboso,477.7,1.77,1,12,53
2021-01-04,maize,Juaboso,282.4,2.28,0,1,1
2021-01-11,maize,Juaboso,248.8,2.32,0,1,2
2021-01-18,maize,Juaboso,281.3,2.29,0,1,3
2021-01-25,maize,Juaboso,254.8,2.42,0,1,4
2021-02-01,maize,Juaboso,304.8,2.27,0,2,5
2021-02-08,maize,Juaboso,274.4,2.25,0,2,6
2021-02-15,maize,Juaboso,256.6,2.38,0,2,7
2021-02-22,maize,Juaboso,284.2,2.19,0,2,8
2021-03-01,maize,Juaboso,272.5,2.03,0,3,9
2021-03-08,maize,Juaboso,250.0,2.01,0,3,10
2021-03-15,maize,Juaboso,278.2,1.99,0,3,11
2021-03-22,maize,Juaboso,264.1,2.13,0,3,12
2021-03-29,maize,Juaboso,259.2,1.95,0,3,13
2021-04-05,maize,Juaboso,415.7,2.18,1,4,14
2021-04-12,maize,Juaboso,390.2,2.0,1,4,15
2021-04-19,maize,Juaboso,286.9,1.91,0,4,16
2021-04-26,maize,Juaboso,285.0,2.02,0,4,17
2021-05-03,maize,Juaboso,293.1,1.94,0,5,18
2021-05-10,maize,Juaboso,281.0,1.97,0,5,19
2021-05-17,maize,Juaboso,277.2,2.06,0,5,20
2021-05-24,maize,Juaboso,264.6,2.07,0,5,21
2021-05-31,maize,Juaboso,287.2,1.98,0,5,22
2021-06-07,maize,Juaboso,271.8,2.31,0,6,23
2021-06-14,maize,Juaboso,255.4,2.32,0,6,24
2021-06-21,maize,Juaboso,272.6,2.34,0,6,25
2021-06-28,maize,Juaboso,279.7,2.26,0,6,26
2021-07-05,maize,Juaboso,244.2,2.64,0,7,27
2021-07-12,maize,Juaboso,312.2,2.31,0,7,28
2021-07-19,maize,Juaboso,257.1,2.47,0,7,29
2021-07-26,maize,Juaboso,259.7,2.41,0,7,30
2021-08-02,maize,Juaboso,373.5,2.53,1,8,31
2021-08-09,maize,Juaboso,368.5,2.46,1,8,32
2021-08-16,maize,Juaboso,402.5,2.5,1,8,33
2021-08-23,maize,Juaboso,349.9,2.7,1,8,34
2021-08-30,maize,Juaboso,373.5,2.5,1,8,35
2021-09-06,maize,Juaboso,268.1,2.3,0,9,36
2021-09-13,maize,Juaboso,265.9,2.24,0,9,37
2021-09-20,maize,Juaboso,250.4,2.27,0,9,38
2021-09-27,maize,Juaboso,273.0,2.26,0,9,39
2021-10-04,maize,Juaboso,296.7,1.97,0,10,40
2021-10-11,maize,Juaboso,279.9,2.02,0,10,41
2021-10-18,maize,Juaboso,298.1,2.06,0,10,42
2021-10-25,maize,Juaboso,295.7,1.96,0,10,43
2021-11-01,maize,Juaboso,290.4,1.99,0,11,44
2021-11-08,maize,Juaboso,329.7,1.86,0,11,45
2021-11-15,maize,Juaboso,285.3,1.94,0,11,46
2021-11-22,maize,Juaboso,279.5,2.02,0,11,47
2021-11-29,maize,Juaboso,279.3,2.01,0,11,48
2021-12-06,maize,Juaboso,310.8,1.98,0,12,49
2021-12-13,maize,Juaboso,279.3,2.03,0,12,50
2021-12-20,maize,Juaboso,450.8,2.0,1,12,51
2021-12-27,maize,Juaboso,476.7,2.05,1,12,52
2022-01-03,maize,Juaboso,251.8,2.53,0,1,1
2022-01-10,maize,Juaboso,278.2,2.47,0,1,2
2022-01-17,maize,Juaboso,270.5,2.54,0,1,3
2022-01-24,maize,Juaboso,289.7,2.21,0,1,4
2022-01-31,maize,Juaboso,272.9,2.54,0,1,5
2022-02-07,maize,Juaboso,274.2,2.15,0,2,6
2022-02-14,maize,Juaboso,284.4,2.35,0,2,7
2022-02-21,maize,Juaboso,256.0,2.57,0,2,8
2022-02-28,maize,Juaboso,308.5,2.57,0,2,9
2022-03-07,maize,Juaboso,300.0,2.06,0,3,10
2022-03-14,maize,Juaboso,282.5,2.1,0,3,11
2022-03-21,maize,Juaboso,252.7,2.28,0,3,12
2022-03-28,maize,Juaboso,313.7,2.12,0,3,13
2022-04-04,maize,Juaboso,414.9,2.37,1,4,14
2022-04-11,maize,Juaboso,431.2,2.17,1,4,15
2022-04-18,maize,Juaboso,289.5,2.21,0,4,16
2022-04-25,maize,Juaboso,284.3,2.32,0,4,17
2022-05-02,maize,Juaboso,297.5,2.2,0,5,18
2022-05-09,maize,Juaboso,297.1,2.1,0,5,19
2022-05-16,maize,Juaboso,291.3,2.18,0,5,20
2022-05-23,maize,Juaboso,291.6,2.19,0,5,21
2022-05-30,maize,Juaboso,306.0,2.07,0,5,22
2022-06-06,maize,Juaboso,294.5,2.37,0,6,23
2022-06-13,maize,Juaboso,310.9,2.32,0,6,24
2022-06-20,maize,Juaboso,278.5,2.48,0,6,25
2022-06-27,maize,Juaboso,270.5,2.4,0,6,26
2022-07-04,maize,Juaboso,262.0,2.67,0,7,27
2022-07-11,maize,Juaboso,274.7,2.69,0,7,28
2022-07-18,maize,Juaboso,232.7,2.72,0,7,29
2022-07-25,maize,Juaboso,229.6,2.77,0,7,30
2022-08-01,maize,Juaboso,426.8,2.61,1,8,31
2022-08-08,maize,Juaboso,442.7,2.6,1,8,32
2022-08-15,maize,Juaboso,350.9,2.84,1,8,33
2022-08-22,maize,Juaboso,400.1,2.67,1,8,34
2022-08-29,maize,Juaboso,400.6,2.56,1,8,35
2022-09-05,maize,Juaboso,278.5,2.48,0,9,36
2022-09-12,maize,Juaboso,287.3,2.49,0,9,37
2022-09-19,maize,Juaboso,277.1,2.29,0,9,38
2022-09-26,maize,Juaboso,265.8,2.46,0,9,39
2022-10-03,maize,Juaboso,280.1,2.15,0,10,40
2022-10-10,maize,Juaboso,285.8,2.12,0,10,41
2022-10-17,maize,Juaboso,267.0,2.14,0,10,42
2022-10-24,maize,Juaboso,319.1,1.97,0,10,43
2022-10-31,maize,Juaboso,281.1,2.12,0,10,44
2022-11-07,maize,Juaboso,286.9,2.08,0,11,45
2022-11-14,maize,Juaboso,301.5,2.06,0,11,46
2022-11-21,maize,Juaboso,282.0,2.18,0,11,47
2022-11-28,maize,Juaboso,293.4,2.23,0,11,48
2022-12-05,maize,Juaboso,261.9,2.27,0,12,49
2022-12-12,maize,Juaboso,257.6,2.23,0,12,50
2022-12-19,maize,Juaboso,287.7,2.11,0,12,51
2022-12-26,maize,Juaboso,481.8,2.15,1,12,52
2023-01-02,maize,Juaboso,246.0,2.79,0,1,1
2023-01-09,maize,Juaboso,248.4,2.72,0,1,2
2023-01-16,maize,Juaboso,273.9,2.72,0,1,3
2023-01-23,maize,Juaboso,253.7,2.79,0,1,4
2023-01-30,maize,Juaboso,248.7,2.7,0,1,5
2023-02-06,maize,Juaboso,295.0,2.64,0,2,6
2023-02-13,maize,Juaboso,265.3,2.68,0,2,7
2023-02-20,maize,Juaboso,286.0,2.79,0,2,8
2023-02-27,maize,Juaboso,273.2,2.72,0,2,9
2023-03-06,maize,Juaboso,294.2,2.37,0,3,10
2023-03-13,maize,Juaboso,282.8,2.4,0,3,11
2023-03-20,maize,Juaboso,248.6,2.3,0,3,12
2023-03-27,maize,Juaboso,266.9,2.4,0,3,13
2023-04-03,maize,Juaboso,453.0,2.38,1,4,14
2023-04-10,maize,Juaboso,489.8,2.23,1,4,15
2023-04-17,maize,Juaboso,251.1,2.48,0,4,16
2023-04-24,maize,Juaboso,296.7,2.3,0,4,17
2023-05-01,maize,Juaboso,287.9,2.21,0,5,18
2023-05-08,maize,Juaboso,306.8,2.27,0,5,19
2023-05-15,maize,Juaboso,302.2,2.27,0,5,20
2023-05-22,maize,Juaboso,305.9,2.37,0,5,21
2023-05-29,maize,Juaboso,314.6,2.34,0,5,22
2023-06-05,maize,Juaboso,301.8,2.55,0,6,23
2023-06-12,maize,Juaboso,300.1,2.65,0,6,24
2023-06-19,maize,Juaboso,281.8,2.62,0,6,25
2023-06-26,maize,Juaboso,336.6,2.62,0,6,26
2023-07-03,maize,Juaboso,245.0,2.96,0,7,27
2023-07-10,maize,Juaboso,254.0,2.99,0,7,28
2023-07-17,maize,Juaboso,301.0,2.67,0,7,29
2023-07-24,maize,Juaboso,282.8,2.87,0,7,30
2023-07-31,maize,Juaboso,294.8,2.66,0,7,31
2023-08-07,maize,Juaboso,416.0,2.94,1,8,32
2023-08-14,maize,Juaboso,350.7,2.93,1,8,33
2023-08-21,maize,Juaboso,425.0,3.06,1,8,34
2023-08-28,maize,Juaboso,382.3,3.07,1,8,35
2023-09-04,maize,Juaboso,311.8,2.66,0,9,36
2023-09-11,maize,Juaboso,260.6,2.58,0,9,37
2023-09-18,maize,Juaboso,292.1,2.69,0,9,38
2023-09-25,maize,Juaboso,286.8,2.58,0,9,39
2023-10-02,maize,Juaboso,307.2,2.26,0,10,40
2023-10-09,maize,Juaboso,294.8,2.34,0,10,41
2023-10-16,maize,Juaboso,308.6,2.21,0,10,42
2023-10-23,maize,Juaboso,271.8,2.33,0,10,43
2023-10-30,maize,Juaboso,290.2,2.32,0,10,44
2023-11-06,maize,Juaboso,303.8,2.18,0,11,45
2023-11-13,maize,Juaboso,297.9,2.36,0,11,46
2023-11-20,maize,Juaboso,309.5,2.33,0,11,47
2023-11-27,maize,Juaboso,299.6,2.28,0,11,48
2023-12-04,maize,Juaboso,281.5,2.22,0,12,49
2023-12-11,maize,Juaboso,307.9,2.21,0,12,50
2023-12-18,maize,Juaboso,350.3,2.24,0,12,51
2023-12-25,maize,Juaboso,536.7,2.33,1,12,52
2024-01-01,maize,Juaboso,234.7,2.81,0,1,1
2024-01-08,maize,Juaboso,275.1,2.97,0,1,2
2024-01-15,maize,Juaboso,304.1,2.78,0,1,3
2024-01-22,maize,Juaboso,276.0,2.9,0,1,4
2024-01-29,maize,Juaboso,269.3,2.93,0,1,5
2024-02-05,maize,Juaboso,254.9,3.23,0,2,6
2024-02-12,maize,Juaboso,299.5,2.78,0,2,7
2024-02-19,maize,Juaboso,248.1,3.11,0,2,8
2024-02-26,maize,Juaboso,296.3,2.96,0,2,9
2024-03-04,maize,Juaboso,293.9,2.56,0,3,10
2024-03-11,maize,Juaboso,280.8,2.53,0,3,11
2024-03-18,maize,Juaboso,313.8,2.57,0,3,12
2024-03-25,maize,Juaboso,271.5,2.51,0,3,13
2024-04-01,maize,Juaboso,436.2,2.68,1,4,14
2024-04-08,maize,Juaboso,460.5,2.49,1,4,15
2024-04-15,maize,Juaboso,326.4,2.65,0,4,16
2024-04-22,maize,Juaboso,292.3,2.47,0,4,17
2024-04-29,maize,Juaboso,260.7,2.53,0,4,18
2024-05-06,maize,Juaboso,298.8,2.44,0,5,19
2024-05-13,maize,Juaboso,303.3,2.6,0,5,20
2024-05-20,maize,Juaboso,300.5,2.7,0,5,21
2024-05-27,maize,Juaboso,340.5,2.55,0,5,22
2024-06-03,maize,Juaboso,323.5,2.77,0,6,23
2024-06-10,maize,Juaboso,310.1,2.67,0,6,24
2024-06-17,maize,Juaboso,282.3,2.77,0,6,25
2024-06-24,maize,Juaboso,341.3,2.62,0,6,26
2024-07-01,maize,Juaboso,274.5,3.03,0,7,27
2024-07-08,maize,Juaboso,260.0,3.18,0,7,28
2024-07-15,maize,Juaboso,256.1,3.31,0,7,29
2024-07-22,maize,Juaboso,233.0,3.5,0,7,30
2024-07-29,maize,Juaboso,270.2,3.07,0,7,31
2024-08-05,maize,Juaboso,386.2,3.35,1,8,32
2024-08-12,maize,Juaboso,423.2,3.2,1,8,33
2024-08-19,maize,Juaboso,400.7,3.15,1,8,34
2024-08-26,maize,Juaboso,372.8,3.22,1,8,35
2024-09-02,maize,Juaboso,269.1,2.85,0,9,36
2024-09-09,maize,Juaboso,300.7,2.86,0,9,37
2024-09-16,maize,Juaboso,303.0,2.8,0,9,38
2024-09-23,maize,Juaboso,300.5,2.69,0,9,39
2024-09-30,maize,Juaboso,303.9,2.67,0,9,40
2024-10-07,maize,Juaboso,304.5,2.5,0,10,41
2024-10-14,maize,Juaboso,331.3,2.41,0,10,42
2024-10-21,maize,Juaboso,294.2,2.38,0,10,43
2024-10-28,maize,Juaboso,304.6,2.44,0,10,44
2024-11-04,maize,Juaboso,313.8,2.53,0,11,45
2024-11-11,maize,Juaboso,288.1,2.47,0,11,46
2024-11-18,maize,Juaboso,309.4,2.39,0,11,47
2024-11-25,maize,Juaboso,292.6,2.57,0,11,48
2024-12-02,maize,Juaboso,268.1,2.62,0,12,49
2024-12-09,maize,Juaboso,302.6,2.52,0,12,50
2024-12-16,maize,Juaboso,296.6,2.56,0,12,51
2024-12-23,maize,Juaboso,503.8,2.59,1,12,52
2024-12-30,maize,Juaboso,454.1,2.58,1,12,1
2018-01-01,maize,Sefwi Wiawso,315.0,1.76,0,1,1
2018-01-08,maize,Sefwi Wiawso,340.9,1.76,0,1,2
2018-01-15,maize,Sefwi Wiawso,371.7,1.65,0,1,3
2018-01-22,maize,Sefwi Wiawso,337.6,1.77,0,1,4
2018-01-29,maize,Sefwi Wiawso,309.9,1.63,0,1,5
2018-02-05,maize,Sefwi Wiawso,337.0,1.68,0,2,6
2018-02-12,maize,Sefwi Wiawso,300.1,1.82,0,2,7
2018-02-19,maize,Sefwi Wiawso,318.2,1.79,0,2,8
2018-02-26,maize,Sefwi Wiawso,293.5,1.83,0,2,9
2018-03-05,maize,Sefwi Wiawso,311.1,1.47,0,3,10
2018-03-12,maize,Sefwi Wiawso,348.6,1.42,0,3,11
2018-03-19,maize,Sefwi Wiawso,361.8,1.47,0,3,12
2018-03-26,maize,Sefwi Wiawso,349.2,1.49,0,3,13
2018-04-02,maize,Sefwi Wiawso,554.1,1.5,1,4,14
2018-04-09,maize,Sefwi Wiawso,532.2,1.56,1,4,15
2018-04-16,maize,Sefwi Wiawso,357.5,1.47,0,4,16
2018-04-23,maize,Sefwi Wiawso,351.2,1.52,0,4,17
2018-04-30,maize,Sefwi Wiawso,348.6,1.44,0,4,18
2018-05-07,maize,Sefwi Wiawso,342.6,1.53,0,5,19
2018-05-14,maize,Sefwi Wiawso,382.2,1.5,0,5,20
2018-05-21,maize,Sefwi Wiawso,356.1,1.46,0,5,21
2018-05-28,maize,Sefwi Wiawso,348.7,1.49,0,5,22
2018-06-04,maize,Sefwi Wiawso,346.6,1.63,0,6,23
2018-06-11,maize,Sefwi Wiawso,339.9,1.63,0,6,24
2018-06-18,maize,Sefwi Wiawso,316.7,1.76,0,6,25
2018-06-25,maize,Sefwi Wiawso,347.2,1.64,0,6,26
2018-07-02,maize,Sefwi Wiawso,307.0,1.84,0,7,27
2018-07-09,maize,Sefwi Wiawso,333.0,1.7,0,7,28
2018-07-16,maize,Sefwi Wiawso,307.8,1.79,0,7,29
2018-07-23,maize,Sefwi Wiawso,318.6,1.84,0,7,30
2018-07-30,maize,Sefwi Wiawso,333.1,1.8,0,7,31
2018-08-06,maize,Sefwi Wiawso,446.8,1.97,1,8,32
2018-08-13,maize,Sefwi Wiawso,417.2,1.85,1,8,33
2018-08-20,maize,Sefwi Wiawso,470.4,1.96,1,8,34
2018-08-27,maize,Sefwi Wiawso,474.0,1.87,1,8,35
2018-09-03,maize,Sefwi Wiawso,322.9,1.68,0,9,36
2018-09-10,maize,Sefwi Wiawso,360.9,1.67,0,9,37
2018-09-17,maize,Sefwi Wiawso,314.5,1.68,0,9,38
2018-09-24,maize,Sefwi Wiawso,347.9,1.79,0,9,39
2018-10-01,maize,Sefwi Wiawso,375.6,1.3,0,10,40
2018-10-08,maize,Sefwi Wiawso,321.9,1.32,0,10,41
2018-10-15,maize,Sefwi Wiawso,360.4,1.4,0,10,42
2018-10-22,maize,Sefwi Wiawso,340.6,1.44,0,10,43
2018-10-29,maize,Sefwi Wiawso,332.3,1.47,0,10,44
2018-11-05,maize,Sefwi Wiawso,330.7,1.47,0,11,45
2018-11-12,maize,Sefwi Wiawso,352.4,1.42,0,11,46
2018-11-19,maize,Sefwi Wiawso,330.9,1.5,0,11,47
2018-11-26,maize,Sefwi Wiawso,302.8,1.5,0,11,48
2018-12-03,maize,Sefwi Wiawso,376.7,1.46,0,12,49
2018-12-10,maize,Sefwi Wiawso,336.3,1.51,0,12,50
2018-12-17,maize,Sefwi Wiawso,332.9,1.47,0,12,51
2018-12-24,maize,Sefwi Wiawso,553.4,1.42,1,12,52
2018-12-31,maize,Sefwi Wiawso,599.1,1.49,1,12,1
2019-01-07,maize,Sefwi Wiawso,299.8,1.87,0,1,2
2019-01-14,maize,Sefwi Wiawso,329.0,1.86,0,1,3
2019-01-21,maize,Sefwi Wiawso,301.7,1.97,0,1,4
2019-01-28,maize,Sefwi Wiawso,341.2,1.68,0,1,5
2019-02-04,maize,Sefwi Wiawso,319.8,1.76,0,2,6
2019-02-11,maize,Sefwi Wiawso,326.9,1.78,0,2,7
2019-02-18,maize,Sefwi Wiawso,331.4,1.84,0,2,8
2019-02-25,maize,Sefwi Wiawso,334.5,1.85,0,2,9
2019-03-04,maize,Sefwi Wiawso,350.0,1.51,0,3,10
2019-03-11,maize,Sefwi Wiawso,359.9,1.54,0,3,11
2019-03-18,maize,Sefwi Wiawso,379.4,1.55,0,3,12
2019-03-25,maize,Sefwi Wiawso,294.8,1.76,0,3,13
2019-04-01,maize,Sefwi Wiawso,525.1,1.73,1,4,14
2019-04-08,maize,Sefwi Wiawso,527.7,1.59,1,4,15
2019-04-15,maize,Sefwi Wiawso,333.2,1.59,0,4,16
2019-04-22,maize,Sefwi Wiawso,370.0,1.54,0,4,17
2019-04-29,maize,Sefwi Wiawso,361.2,1.49,0,4,18
2019-05-06,maize,Sefwi Wiawso,327.2,1.62,0,5,19
2019-05-13,maize,Sefwi Wiawso,391.9,1.56,0,5,20
2019-05-20,maize,Sefwi Wiawso,372.4,1.62,0,5,21
2019-05-27,maize,Sefwi Wiawso,327.3,1.52,0,5,22
2019-06-03,maize,Sefwi Wiawso,325.9,1.72,0,6,23
2019-06-10,maize,Sefwi Wiawso,359.3,1.79,0,6,24
2019-06-17,maize,Sefwi Wiawso,339.6,1.8,0,6,25
2019-06-24,maize,Sefwi Wiawso,375.1,1.81,0,6,26
2019-07-01,maize,Sefwi Wiawso,346.3,1.9,0,7,27
2019-07-08,maize,Sefwi Wiawso,318.8,2.07,0,7,28
2019-07-15,maize,Sefwi Wiawso,308.6,1.94,0,7,29
2019-07-22,maize,Sefwi Wiawso,324.7,2.05,0,7,30
2019-07-29,maize,Sefwi Wiawso,296.7,2.0,0,7,31
2019-08-05,maize,Sefwi Wiawso,541.8,1.9,1,8,32
2019-08-12,maize,Sefwi Wiawso,497.6,1.99,1,8,33
2019-08-19,maize,Sefwi Wiawso,451.2,2.05,1,8,34
2019-08-26,maize,Sefwi Wiawso,494.0,2.07,1,8,35
2019-09-02,maize,Sefwi Wiawso,399.7,1.8,0,9,36
2019-09-09,maize,Sefwi Wiawso,331.3,1.92,0,9,37
2019-09-16,maize,Sefwi Wiawso,352.2,1.88,0,9,38
2019-09-23,maize,Sefwi Wiawso,344.6,1.79,0,9,39
2019-09-30,maize,Sefwi Wiawso,344.1,1.87,0,9,40
2019-10-07,maize,Sefwi Wiawso,307.0,1.67,0,10,41
2019-10-14,maize,Sefwi Wiawso,337.6,1.67,0,10,42
2019-10-21,maize,Sefwi Wiawso,372.4,1.47,0,10,43
2019-10-28,maize,Sefwi Wiawso,407.4,1.49,0,10,44
2019-11-04,maize,Sefwi Wiawso,305.9,1.65,0,11,45
2019-11-11,maize,Sefwi Wiawso,363.9,1.49,0,11,46
2019-11-18,maize,Sefwi Wiawso,400.7,1.48,0,11,47
2019-11-25,maize,Sefwi Wiawso,357.6,1.53,0,11,48
2019-12-02,maize,Sefwi Wiawso,349.5,1.6,0,12,49
2019-12-09,maize,Sefwi Wiawso,341.9,1.56,0,12,50
2019-12-16,maize,Sefwi Wiawso,344.7,1.53,0,12,51
2019-12-23,maize,Sefwi Wiawso,540.1,1.53,1,12,52
2019-12-30,maize,Sefwi Wiawso,586.6,1.52,1,12,1
2020-01-06,maize,Sefwi Wiawso,321.5,1.94,0,1,2
2020-01-13,maize,Sefwi Wiawso,314.3,2.19,0,1,3
2020-01-20,maize,Sefwi Wiawso,314.7,2.03,0,1,4
2020-01-27,maize,Sefwi Wiawso,315.0,2.08,0,1,5
2020-02-03,maize,Sefwi Wiawso,329.6,1.98,0,2,6
2020-02-10,maize,Sefwi Wiawso,334.0,2.01,0,2,7
2020-02-17,maize,Sefwi Wiawso,330.5,1.96,0,2,8
2020-02-24,maize,Sefwi Wiawso,339.3,1.81,0,2,9
2020-03-02,maize,Sefwi Wiawso,375.0,1.64,0,3,10
2020-03-09,maize,Sefwi Wiawso,402.5,1.61,0,3,11
2020-03-16,maize,Sefwi Wiawso,386.6,1.58,0,3,12
2020-03-23,maize,Sefwi Wiawso,357.8,1.65,0,3,13
2020-03-30,maize,Sefwi Wiawso,342.5,1.82,0,3,14
2020-04-06,maize,Sefwi Wiawso,495.7,1.74,1,4,15
2020-04-13,maize,Sefwi Wiawso,539.7,1.83,1,4,16
2020-04-20,maize,Sefwi Wiawso,346.1,1.77,0,4,17
2020-04-27,maize,Sefwi Wiawso,330.5,1.8,0,4,18
2020-05-04,maize,Sefwi Wiawso,352.8,1.69,0,5,19
2020-05-11,maize,Sefwi Wiawso,345.2,1.79,0,5,20
2020-05-18,maize,Sefwi Wiawso,371.9,1.81,0,5,21
2020-05-25,maize,Sefwi Wiawso,390.2,1.71,0,5,22
2020-06-01,maize,Sefwi Wiawso,330.8,1.96,0,6,23
2020-06-08,maize,Sefwi Wiawso,339.4,1.96,0,6,24
2020-06-15,maize,Sefwi Wiawso,350.7,1.88,0,6,25
2020-06-22,maize,Sefwi Wiawso,386.7,1.83,0,6,26
2020-06-29,maize,Sefwi Wiawso,372.0,1.83,0,6,27
2020-07-06,maize,Sefwi Wiawso,328.5,2.17,0,7,28
2020-07-13,maize,Sefwi Wiawso,334.8,2.19,0,7,29
2020-07-20,maize,Sefwi Wiawso,323.9,2.09,0,7,30
2020-07-27,maize,Sefwi Wiawso,353.4,2.17,0,7,31
2020-08-03,maize,Sefwi Wiawso,481.5,2.23,1,8,32
2020-08-10,maize,Sefwi Wiawso,456.8,2.23,1,8,33
2020-08-17,maize,Sefwi Wiawso,462.5,2.31,1,8,34
2020-08-24,maize,Sefwi Wiawso,506.9,2.29,1,8,35
2020-08-31,maize,Sefwi Wiawso,492.6,2.09,1,8,36
2020-09-07,maize,Sefwi Wiawso,359.7,2.09,0,9,37
2020-09-14,maize,Sefwi Wiawso,350.5,1.91,0,9,38
2020-09-21,maize,Sefwi Wiawso,330.7,2.04,0,9,39
2020-09-28,maize,Sefwi Wiawso,371.3,1.96,0,9,40
2020-10-05,maize,Sefwi Wiawso,348.8,1.65,0,10,41
2020-10-12,maize,Sefwi Wiawso,404.8,1.55,0,10,42
2020-10-19,maize,Sefwi Wiawso,374.2,1.66,0,10,43
2020-10-26,maize,Sefwi Wiawso,362.0,1.57,0,10,44
2020-11-02,maize,Sefwi Wiawso,353.0,1.75,0,11,45
2020-11-09,maize,Sefwi Wiawso,337.0,1.79,0,11,46
2020-11-16,maize,Sefwi Wiawso,381.7,1.63,0,11,47
2020-11-23,maize,Sefwi Wiawso,403.3,1.7,0,11,48
2020-11-30,maize,Sefwi Wiawso,363.9,1.64,0,11,49
2020-12-07,maize,Sefwi Wiawso,384.8,1.65,0,12,50
2020-12-14,maize,Sefwi Wiawso,357.3,1.75,0,12,51
2020-12-21,maize,Sefwi Wiawso,609.2,1.69,1,12,52
2020-12-28,maize,Sefwi Wiawso,572.1,1.81,1,12,53
2021-01-04,maize,Sefwi Wiawso,326.6,2.13,0,1,1
2021-01-11,maize,Sefwi Wiawso,337.1,2.25,0,1,2
2021-01-18,maize,Sefwi Wiawso,332.5,2.18,0,1,3
2021-01-25,maize,Sefwi Wiawso,313.6,2.24,0,1,4
2021-02-01,maize,Sefwi Wiawso,366.3,2.14,0,2,5
2021-02-08,maize,Sefwi Wiawso,342.6,2.18,0,2,6
2021-02-15,maize,Sefwi Wiawso,337.1,2.17,0,2,7
2021-02-22,maize,Sefwi Wiawso,377.1,2.11,0,2,8
2021-03-01,maize,Sefwi Wiawso,318.7,1.92,0,3,9
2021-03-08,maize,Sefwi Wiawso,385.5,1.92,0,3,10
2021-03-15,maize,Sefwi Wiawso,340.6,1.91,0,3,11
2021-03-22,maize,Sefwi Wiawso,353.1,1.99,0,3,12
2021-03-29,maize,Sefwi Wiawso,337.7,1.98,0,3,13
2021-04-05,maize,Sefwi Wiawso,551.0,1.85,1,4,14
2021-04-12,maize,Sefwi Wiawso,614.4,1.91,1,4,15
2021-04-19,maize,Sefwi Wiawso,413.6,1.84,0,4,16
2021-04-26,maize,Sefwi Wiawso,361.4,1.88,0,4,17
2021-05-03,maize,Sefwi Wiawso,380.6,1.85,0,5,18
2021-05-10,maize,Sefwi Wiawso,350.5,2.02,0,5,19
2021-05-17,maize,Sefwi Wiawso,400.5,1.92,0,5,20
2021-05-24,maize,Sefwi Wiawso,321.9,1.88,0,5,21
2021-05-31,maize,Sefwi Wiawso,361.2,1.99,0,5,22
2021-06-07,maize,Sefwi Wiawso,372.0,1.89,0,6,23
2021-06-14,maize,Sefwi Wiawso,331.4,1.91,0,6,24
2021-06-21,maize,Sefwi Wiawso,346.7,2.14,0,6,25
2021-06-28,maize,Sefwi Wiawso,402.1,2.08,0,6,26
2021-07-05,maize,Sefwi Wiawso,318.4,2.36,0,7,27
2021-07-12,maize,Sefwi Wiawso,364.7,2.21,0,7,28
2021-07-19,maize,Sefwi Wiawso,358.7,2.33,0,7,29
2021-07-26,maize,Sefwi Wiawso,315.3,2.52,0,7,30
2021-08-02,maize,Sefwi Wiawso,491.4,2.43,1,8,31
2021-08-09,maize,Sefwi Wiawso,445.9,2.37,1,8,32
2021-08-16,maize,Sefwi Wiawso,485.0,2.31,1,8,33
2021-08-23,maize,Sefwi Wiawso,534.3,2.31,1,8,34
2021-08-30,maize,Sefwi Wiawso,536.7,2.15,1,8,35
2021-09-06,maize,Sefwi Wiawso,370.6,2.13,0,9,36
2021-09-13,maize,Sefwi Wiawso,359.2,2.18,0,9,37
2021-09-20,maize,Sefwi Wiawso,433.4,1.98,0,9,38
2021-09-27,maize,Sefwi Wiawso,362.2,2.06,0,9,39
2021-10-04,maize,Sefwi Wiawso,422.7,1.72,0,10,40
2021-10-11,maize,Sefwi Wiawso,385.3,1.74,0,10,41
2021-10-18,maize,Sefwi Wiawso,408.8,1.81,0,10,42
2021-10-25,maize,Sefwi Wiawso,366.9,1.66,0,10,43
2021-11-01,maize,Sefwi Wiawso,370.0,1.86,0,11,44
2021-11-08,maize,Sefwi Wiawso,355.9,1.87,0,11,45
2021-11-15,maize,Sefwi Wiawso,378.2,1.8,0,11,46
2021-11-22,maize,Sefwi Wiawso,431.7,1.64,0,11,47
2021-11-29,maize,Sefwi Wiawso,391.8,1.75,0,11,48
2021-12-06,maize,Sefwi Wiawso,386.0,1.92,0,12,49
2021-12-13,maize,Sefwi Wiawso,390.3,1.63,0,12,50
2021-12-20,maize,Sefwi Wiawso,593.6,1.81,1,12,51
2021-12-27,maize,Sefwi Wiawso,643.8,1.74,1,12,52
2022-01-03,maize,Sefwi Wiawso,337.3,2.42,0,1,1
2022-01-10,maize,Sefwi Wiawso,349.6,2.28,0,1,2
2022-01-17,maize,Sefwi Wiawso,322.7,2.38,0,1,3
2022-01-24,maize,Sefwi Wiawso,365.8,2.39,0,1,4
2022-01-31,maize,Sefwi Wiawso,321.8,2.51,0,1,5
2022-02-07,maize,Sefwi Wiawso,378.8,2.34,0,2,6
2022-02-14,maize,Sefwi Wiawso,343.8,2.39,0,2,7
2022-02-21,maize,Sefwi Wiawso,377.2,2.22,0,2,8
2022-02-28,maize,Sefwi Wiawso,346.3,2.47,0,2,9
2022-03-07,maize,Sefwi Wiawso,362.3,1.96,0,3,10
2022-03-14,maize,Sefwi Wiawso,388.0,1.97,0,3,11
2022-03-21,maize,Sefwi Wiawso,415.7,2.02,0,3,12
2022-03-28,maize,Sefwi Wiawso,397.6,1.89,0,3,13
2022-04-04,maize,Sefwi Wiawso,615.2,2.05,1,4,14
2022-04-11,maize,Sefwi Wiawso,594.9,2.11,1,4,15
2022-04-18,maize,Sefwi Wiawso,376.3,2.06,0,4,16
2022-04-25,maize,Sefwi Wiawso,397.0,1.9,0,4,17
2022-05-02,maize,Sefwi Wiawso,387.0,2.04,0,5,18
2022-05-09,maize,Sefwi Wiawso,382.0,2.11,0,5,19
2022-05-16,maize,Sefwi Wiawso,364.6,1.89,0,5,20
2022-05-23,maize,Sefwi Wiawso,391.8,1.96,0,5,21
2022-05-30,maize,Sefwi Wiawso,360.0,2.12,0,5,22
2022-06-06,maize,Sefwi Wiawso,358.9,2.26,0,6,23
2022-06-13,maize,Sefwi Wiawso,393.6,2.28,0,6,24
2022-06-20,maize,Sefwi Wiawso,335.9,2.4,0,6,25
2022-06-27,maize,Sefwi Wiawso,334.6,2.28,0,6,26
2022-07-04,maize,Sefwi Wiawso,350.0,2.59,0,7,27
2022-07-11,maize,Sefwi Wiawso,288.2,2.8,0,7,28
2022-07-18,maize,Sefwi Wiawso,303.3,2.5,0,7,29
2022-07-25,maize,Sefwi Wiawso,368.3,2.44,0,7,30
2022-08-01,maize,Sefwi Wiawso,508.8,2.58,1,8,31
2022-08-08,maize,Sefwi Wiawso,518.3,2.58,1,8,32
2022-08-15,maize,Sefwi Wiawso,503.9,2.49,1,8,33
2022-08-22,maize,Sefwi Wiawso,483.4,2.43,1,8,34
2022-08-29,maize,Sefwi Wiawso,443.9,2.77,1,8,35
2022-09-05,maize,Sefwi Wiawso,362.7,2.31,0,9,36
2022-09-12,maize,Sefwi Wiawso,350.8,2.22,0,9,37
2022-09-19,maize,Sefwi Wiawso,368.3,2.37,0,9,38
2022-09-26,maize,Sefwi Wiawso,363.2,2.27,0,9,39
2022-10-03,maize,Sefwi Wiawso,386.4,1.93,0,10,40
2022-10-10,maize,Sefwi Wiawso,375.5,2.0,0,10,41
2022-10-17,maize,Sefwi Wiawso,403.6,1.85,0,10,42
2022-10-24,maize,Sefwi Wiawso,386.1,1.98,0,10,43
2022-10-31,maize,Sefwi Wiawso,351.3,2.1,0,10,44
2022-11-07,maize,Sefwi Wiawso,378.6,2.0,0,11,45
2022-11-14,maize,Sefwi Wiawso,388.6,1.94,0,11,46
2022-11-21,maize,Sefwi Wiawso,329.9,1.92,0,11,47
2022-11-28,maize,Sefwi Wiawso,399.5,1.93,0,11,48
2022-12-05,maize,Sefwi Wiawso,386.1,1.96,0,12,49
2022-12-12,maize,Sefwi Wiawso,397.1,1.95,0,12,50
2022-12-19,maize,Sefwi Wiawso,341.4,2.05,0,12,51
2022-12-26,maize,Sefwi Wiawso,653.9,1.84,1,12,52
2023-01-02,maize,Sefwi Wiawso,321.7,2.62,0,1,1
2023-01-09,maize,Sefwi Wiawso,373.6,2.49,0,1,2
2023-01-16,maize,Sefwi Wiawso,319.8,2.57,0,1,3
2023-01-23,maize,Sefwi Wiawso,346.1,2.41,0,1,4
2023-01-30,maize,Sefwi Wiawso,351.3,2.66,0,1,5
2023-02-06,maize,Sefwi Wiawso,328.7,2.67,0,2,6
2023-02-13,maize,Sefwi Wiawso,325.3,2.64,0,2,7
2023-02-20,maize,Sefwi Wiawso,391.4,2.39,0,2,8
2023-02-27,maize,Sefwi Wiawso,365.1,2.63,0,2,9
2023-03-06,maize,Sefwi Wiawso,391.3,2.22,0,3,10
2023-03-13,maize,Sefwi Wiawso,420.0,2.04,0,3,11
2023-03-20,maize,Sefwi Wiawso,375.0,2.18,0,3,12
2023-03-27,maize,Sefwi Wiawso,371.8,2.21,0,3,13
2023-04-03,maize,Sefwi Wiawso,567.2,2.24,1,4,14
2023-04-10,maize,Sefwi Wiawso,602.1,2.21,1,4,15
2023-04-17,maize,Sefwi Wiawso,365.6,2.22,0,4,16
2023-04-24,maize,Sefwi Wiawso,354.6,2.33,0,4,17
2023-05-01,maize,Sefwi Wiawso,380.9,2.32,0,5,18
2023-05-08,maize,Sefwi Wiawso,446.8,1.96,0,5,19
2023-05-15,maize,Sefwi Wiawso,394.4,2.18,0,5,20
2023-05-22,maize,Sefwi Wiawso,423.8,2.2,0,5,21
2023-05-29,maize,Sefwi Wiawso,386.3,2.05,0,5,22
2023-06-05,maize,Sefwi Wiawso,334.7,2.43,0,6,23
2023-06-12,maize,Sefwi Wiawso,379.5,2.54,0,6,24
2023-06-19,maize,Sefwi Wiawso,372.7,2.31,0,6,25
2023-06-26,maize,Sefwi Wiawso,367.7,2.45,0,6,26
2023-07-03,maize,Sefwi Wiawso,318.9,2.63,0,7,27
2023-07-10,maize,Sefwi Wiawso,335.7,2.65,0,7,28
2023-07-17,maize,Sefwi Wiawso,302.5,2.89,0,7,29
2023-07-24,maize,Sefwi Wiawso,343.6,2.67,0,7,30
2023-07-31,maize,Sefwi Wiawso,334.2,2.78,0,7,31
2023-08-07,maize,Sefwi Wiawso,554.1,2.54,1,8,32
2023-08-14,maize,Sefwi Wiawso,529.2,2.95,1,8,33
2023-08-21,maize,Sefwi Wiawso,531.6,2.81,1,8,34
2023-08-28,maize,Sefwi Wiawso,472.6,2.72,1,8,35
2023-09-04,maize,Sefwi Wiawso,386.8,2.52,0,9,36
2023-09-11,maize,Sefwi Wiawso,398.5,2.33,0,9,37
2023-09-18,maize,Sefwi Wiawso,364.5,2.58,0,9,38
2023-09-25,maize,Sefwi Wiawso,383.0,2.43,0,9,39
2023-10-02,maize,Sefwi Wiawso,393.8,2.09,0,10,40
2023-10-09,maize,Sefwi Wiawso,375.6,2.07,0,10,41
2023-10-16,maize,Sefwi Wiawso,388.9,2.06,0,10,42
2023-10-23,maize,Sefwi Wiawso,405.1,2.17,0,10,43
2023-10-30,maize,Sefwi Wiawso,367.3,2.13,0,10,44
2023-11-06,maize,Sefwi Wiawso,355.9,2.18,0,11,45
2023-11-13,maize,Sefwi Wiawso,385.9,2.12,0,11,46
2023-11-20,maize,Sefwi Wiawso,354.8,2.17,0,11,47
2023-11-27,maize,Sefwi Wiawso,351.1,2.09,0,11,48
2023-12-04,maize,Sefwi Wiawso,355.7,2.33,0,12,49
2023-12-11,maize,Sefwi Wiawso,442.7,2.0,0,12,50
2023-12-18,maize,Sefwi Wiawso,373.2,2.24,0,12,51
2023-12-25,maize,Sefwi Wiawso,626.0,2.25,1,12,52
2024-01-01,maize,Sefwi Wiawso,322.6,2.64,0,1,1
2024-01-08,maize,Sefwi Wiawso,347.5,2.97,0,1,2
2024-01-15,maize,Sefwi Wiawso,352.1,2.84,0,1,3
2024-01-22,maize,Sefwi Wiawso,336.2,2.84,0,1,4
2024-01-29,maize,Sefwi Wiawso,364.6,2.73,0,1,5
2024-02-05,maize,Sefwi Wiawso,367.7,2.72,0,2,6
2024-02-12,maize,Sefwi Wiawso,339.9,2.73,0,2,7
2024-02-19,maize,Sefwi Wiawso,364.3,2.79,0,2,8
2024-02-26,maize,Sefwi Wiawso,371.9,2.9,0,2,9
2024-03-04,maize,Sefwi Wiawso,380.7,2.37,0,3,10
2024-03-11,maize,Sefwi Wiawso,377.9,2.27,0,3,11
2024-03-18,maize,Sefwi Wiawso,374.7,2.43,0,3,12
2024-03-25,maize,Sefwi Wiawso,397.0,2.44,0,3,13
2024-04-01,maize,Sefwi Wiawso,555.8,2.43,1,4,14
2024-04-08,maize,Sefwi Wiawso,618.8,2.44,1,4,15
2024-04-15,maize,Sefwi Wiawso,375.0,2.35,0,4,16
2024-04-22,maize,Sefwi Wiawso,405.7,2.28,0,4,17
2024-04-29,maize,Sefwi Wiawso,385.1,2.29,0,4,18
2024-05-06,maize,Sefwi Wiawso,395.3,2.23,0,5,19
2024-05-13,maize,Sefwi Wiawso,421.4,2.41,0,5,20
2024-05-20,maize,Sefwi Wiawso,356.8,2.38,0,5,21
2024-05-27,maize,Sefwi Wiawso,406.2,2.34,0,5,22
2024-06-03,maize,Sefwi Wiawso,467.6,2.3,0,6,23
2024-06-10,maize,Sefwi Wiawso,416.8,2.48,0,6,24
2024-06-17,maize,Sefwi Wiawso,342.8,2.73,0,6,25
2024-06-24,maize,Sefwi Wiawso,363.0,2.54,0,6,26
2024-07-01,maize,Sefwi Wiawso,334.4,2.99,0,7,27
2024-07-08,maize,Sefwi Wiawso,373.4,2.78,0,7,28
2024-07-15,maize,Sefwi Wiawso,344.6,3.11,0,7,29
2024-07-22,maize,Sefwi Wiawso,328.4,2.93,0,7,30
2024-07-29,maize,Sefwi Wiawso,332.7,2.98,0,7,31
2024-08-05,maize,Sefwi Wiawso,472.0,3.24,1,8,32
2024-08-12,maize,Sefwi Wiawso,502.4,3.14,1,8,33
2024-08-19,maize,Sefwi Wiawso,598.7,2.93,1,8,34
2024-08-26,maize,Sefwi Wiawso,510.3,2.89,1,8,35
2024-09-02,maize,Sefwi Wiawso,367.7,2.63,0,9,36
2024-09-09,maize,Sefwi Wiawso,355.0,2.72,0,9,37
2024-09-16,maize,Sefwi Wiawso,403.2,2.65,0,9,38
2024-09-23,maize,Sefwi Wiawso,390.7,2.62,0,9,39
2024-09-30,maize,Sefwi Wiawso,350.7,2.82,0,9,40
2024-10-07,maize,Sefwi Wiawso,386.5,2.27,0,10,41
2024-10-14,maize,Sefwi Wiawso,351.1,2.49,0,10,42
2024-10-21,maize,Sefwi Wiawso,399.5,2.29,0,10,43
2024-10-28,maize,Sefwi Wiawso,434.6,2.44,0,10,44
2024-11-04,maize,Sefwi Wiawso,404.2,2.32,0,11,45
2024-11-11,maize,Sefwi Wiawso,381.7,2.38,0,11,46
2024-11-18,maize,Sefwi Wiawso,386.9,2.23,0,11,47
2024-11-25,maize,Sefwi Wiawso,373.0,2.21,0,11,48
2024-12-02,maize,Sefwi Wiawso,407.2,2.35,0,12,49
2024-12-09,maize,Sefwi Wiawso,399.5,2.4,0,12,50
2024-12-16,maize,Sefwi Wiawso,384.0,2.31,0,12,51
2024-12-23,maize,Sefwi Wiawso,732.7,2.19,1,12,52
2024-12-30,maize,Sefwi Wiawso,686.2,2.18,1,12,1
2018-01-01,maize,Wasa Amenfi,345.2,1.55,0,1,1
2018-01-08,maize,Wasa Amenfi,316.0,1.68,0,1,2
2018-01-15,maize,Wasa Amenfi,299.2,1.74,0,1,3
2018-01-22,maize,Wasa Amenfi,294.0,1.67,0,1,4
2018-01-29,maize,Wasa Amenfi,331.8,1.52,0,1,5
2018-02-05,maize,Wasa Amenfi,329.8,1.67,0,2,6
2018-02-12,maize,Wasa Amenfi,304.3,1.67,0,2,7
2018-02-19,maize,Wasa Amenfi,302.1,1.82,0,2,8
2018-02-26,maize,Wasa Amenfi,306.0,1.58,0,2,9
2018-03-05,maize,Wasa Amenfi,354.8,1.42,0,3,10
2018-03-12,maize,Wasa Amenfi,325.0,1.54,0,3,11
2018-03-19,maize,Wasa Amenfi,306.5,1.47,0,3,12
2018-03-26,maize,Wasa Amenfi,325.8,1.47,0,3,13
2018-04-02,maize,Wasa Amenfi,555.2,1.46,1,4,14
2018-04-09,maize,Wasa Amenfi,483.6,1.47,1,4,15
2018-04-16,maize,Wasa Amenfi,306.4,1.5,0,4,16
2018-04-23,maize,Wasa Amenfi,343.4,1.4,0,4,17
2018-04-30,maize,Wasa Amenfi,369.3,1.5,0,4,18
2018-05-07,maize,Wasa Amenfi,336.7,1.38,0,5,19
2018-05-14,maize,Wasa Amenfi,342.8,1.48,0,5,20
2018-05-21,maize,Wasa Amenfi,339.8,1.47,0,5,21
2018-05-28,maize,Wasa Amenfi,331.2,1.42,0,5,22
2018-06-04,maize,Wasa Amenfi,335.9,1.6,0,6,23
2018-06-11,maize,Wasa Amenfi,329.9,1.56,0,6,24
2018-06-18,maize,Wasa Amenfi,336.6,1.53,0,6,25
2018-06-25,maize,Wasa Amenfi,303.8,1.57,0,6,26
2018-07-02,maize,Wasa Amenfi,316.7,1.72,0,7,27
2018-07-09,maize,Wasa Amenfi,320.4,1.82,0,7,28
2018-07-16,maize,Wasa Amenfi,318.2,1.72,0,7,29
2018-07-23,maize,Wasa Amenfi,319.9,1.85,0,7,30
2018-07-30,maize,Wasa Amenfi,329.6,1.71,0,7,31
2018-08-06,maize,Wasa Amenfi,465.4,1.77,1,8,32
2018-08-13,maize,Wasa Amenfi,449.4,1.77,1,8,33
2018-08-20,maize,Wasa Amenfi,428.2,1.91,1,8,34
2018-08-27,maize,Wasa Amenfi,413.6,1.84,1,8,35
2018-09-03,maize,Wasa Amenfi,332.2,1.61,0,9,36
2018-09-10,maize,Wasa Amenfi,332.8,1.66,0,9,37
2018-09-17,maize,Wasa Amenfi,394.6,1.49,0,9,38
2018-09-24,maize,Wasa Amenfi,346.7,1.62,0,9,39
2018-10-01,maize,Wasa Amenfi,305.7,1.5,0,10,40
2018-10-08,maize,Wasa Amenfi,310.3,1.4,0,10,41
2018-10-15,maize,Wasa Amenfi,335.4,1.4,0,10,42
2018-10-22,maize,Wasa Amenfi,352.4,1.42,0,10,43
2018-10-29,maize,Wasa Amenfi,328.1,1.44,0,10,44
2018-11-05,maize,Wasa Amenfi,375.2,1.29,0,11,45
2018-11-12,maize,Wasa Amenfi,355.3,1.31,0,11,46
2018-11-19,maize,Wasa Amenfi,354.6,1.41,0,11,47
2018-11-26,maize,Wasa Amenfi,315.8,1.36,0,11,48
2018-12-03,maize,Wasa Amenfi,361.7,1.48,0,12,49
2018-12-10,maize,Wasa Amenfi,322.8,1.39,0,12,50
2018-12-17,maize,Wasa Amenfi,381.0,1.3,0,12,51
2018-12-24,maize,Wasa Amenfi,580.9,1.34,1,12,52
2018-12-31,maize,Wasa Amenfi,614.1,1.26,1,12,1
2019-01-07,maize,Wasa Amenfi,315.3,1.79,0,1,2
2019-01-14,maize,Wasa Amenfi,324.9,1.79,0,1,3
2019-01-21,maize,Wasa Amenfi,331.5,1.77,0,1,4
2019-01-28,maize,Wasa Amenfi,328.0,1.88,0,1,5
2019-02-04,maize,Wasa Amenfi,333.9,1.9,0,2,6
2019-02-11,maize,Wasa Amenfi,327.1,1.8,0,2,7
2019-02-18,maize,Wasa Amenfi,375.8,1.66,0,2,8
2019-02-25,maize,Wasa Amenfi,314.6,1.86,0,2,9
2019-03-04,maize,Wasa Amenfi,358.3,1.59,0,3,10
2019-03-11,maize,Wasa Amenfi,346.8,1.58,0,3,11
2019-03-18,maize,Wasa Amenfi,320.9,1.62,0,3,12
2019-03-25,maize,Wasa Amenfi,359.0,1.48,0,3,13
2019-04-01,maize,Wasa Amenfi,524.5,1.69,1,4,14
2019-04-08,maize,Wasa Amenfi,553.0,1.51,1,4,15
2019-04-15,maize,Wasa Amenfi,343.8,1.61,0,4,16
2019-04-22,maize,Wasa Amenfi,379.8,1.46,0,4,17
2019-04-29,maize,Wasa Amenfi,351.6,1.51,0,4,18
2019-05-06,maize,Wasa Amenfi,270.5,1.67,0,5,19
2019-05-13,maize,Wasa Amenfi,380.6,1.56,0,5,20
2019-05-20,maize,Wasa Amenfi,328.6,1.63,0,5,21
2019-05-27,maize,Wasa Amenfi,324.0,1.59,0,5,22
2019-06-03,maize,Wasa Amenfi,317.5,1.72,0,6,23
2019-06-10,maize,Wasa Amenfi,319.8,1.82,0,6,24
2019-06-17,maize,Wasa Amenfi,330.4,1.71,0,6,25
2019-06-24,maize,Wasa Amenfi,343.6,1.6,0,6,26
2019-07-01,maize,Wasa Amenfi,307.5,1.88,0,7,27
2019-07-08,maize,Wasa Amenfi,317.0,1.99,0,7,28
2019-07-15,maize,Wasa Amenfi,347.2,1.97,0,7,29
2019-07-22,maize,Wasa Amenfi,344.6,1.82,0,7,30
2019-07-29,maize,Wasa Amenfi,340.8,1.89,0,7,31
2019-08-05,maize,Wasa Amenfi,465.9,1.91,1,8,32
2019-08-12,maize,Wasa Amenfi,475.9,1.93,1,8,33
2019-08-19,maize,Wasa Amenfi,500.7,1.85,1,8,34
2019-08-26,maize,Wasa Amenfi,457.8,1.91,1,8,35
2019-09-02,maize,Wasa Amenfi,339.8,1.71,0,9,36
2019-09-09,maize,Wasa Amenfi,351.2,1.81,0,9,37
2019-09-16,maize,Wasa Amenfi,356.0,1.81,0,9,38
2019-09-23,maize,Wasa Amenfi,344.1,1.75,0,9,39
2019-09-30,maize,Wasa Amenfi,320.9,1.73,0,9,40
2019-10-07,maize,Wasa Amenfi,340.6,1.51,0,10,41
2019-10-14,maize,Wasa Amenfi,326.5,1.45,0,10,42
2019-10-21,maize,Wasa Amenfi,362.8,1.43,0,10,43
2019-10-28,maize,Wasa Amenfi,362.9,1.45,0,10,44
2019-11-04,maize,Wasa Amenfi,350.3,1.47,0,11,45
2019-11-11,maize,Wasa Amenfi,366.9,1.44,0,11,46
2019-11-18,maize,Wasa Amenfi,355.9,1.52,0,11,47
2019-11-25,maize,Wasa Amenfi,345.8,1.56,0,11,48
2019-12-02,maize,Wasa Amenfi,339.5,1.43,0,12,49
2019-12-09,maize,Wasa Amenfi,344.2,1.52,0,12,50
2019-12-16,maize,Wasa Amenfi,359.9,1.51,0,12,51
2019-12-23,maize,Wasa Amenfi,629.3,1.54,1,12,52
2019-12-30,maize,Wasa Amenfi,571.1,1.52,1,12,1
2020-01-06,maize,Wasa Amenfi,351.3,1.83,0,1,2
2020-01-13,maize,Wasa Amenfi,355.1,1.85,0,1,3
2020-01-20,maize,Wasa Amenfi,320.4,1.95,0,1,4
2020-01-27,maize,Wasa Amenfi,336.3,2.03,0,1,5
2020-02-03,maize,Wasa Amenfi,373.1,1.79,0,2,6
2020-02-10,maize,Wasa Amenfi,348.0,1.99,0,2,7
2020-02-17,maize,Wasa Amenfi,323.0,2.05,0,2,8
2020-02-24,maize,Wasa Amenfi,372.5,1.95,0,2,9
2020-03-02,maize,Wasa Amenfi,330.2,1.72,0,3,10
2020-03-09,maize,Wasa Amenfi,402.4,1.63,0,3,11
2020-03-16,maize,Wasa Amenfi,366.6,1.67,0,3,12
2020-03-23,maize,Wasa Amenfi,396.6,1.57,0,3,13
2020-03-30,maize,Wasa Amenfi,368.9,1.52,0,3,14
2020-04-06,maize,Wasa Amenfi,560.8,1.76,1,4,15
2020-04-13,maize,Wasa Amenfi,616.6,1.62,1,4,16
2020-04-20,maize,Wasa Amenfi,331.2,1.66,0,4,17
2020-04-27,maize,Wasa Amenfi,360.7,1.6,0,4,18
2020-05-04,maize,Wasa Amenfi,318.0,1.61,0,5,19
2020-05-11,maize,Wasa Amenfi,348.1,1.69,0,5,20
2020-05-18,maize,Wasa Amenfi,340.7,1.65,0,5,21
2020-05-25,maize,Wasa Amenfi,341.3,1.73,0,5,22
2020-06-01,maize,Wasa Amenfi,401.4,1.9,0,6,23
2020-06-08,maize,Wasa Amenfi,378.2,1.89,0,6,24
2020-06-15,maize,Wasa Amenfi,314.5,1.88,0,6,25
2020-06-22,maize,Wasa Amenfi,342.1,1.98,0,6,26
2020-06-29,maize,Wasa Amenfi,375.8,1.78,0,6,27
2020-07-06,maize,Wasa Amenfi,313.5,2.09,0,7,28
2020-07-13,maize,Wasa Amenfi,312.3,2.19,0,7,29
2020-07-20,maize,Wasa Amenfi,311.9,2.21,0,7,30
2020-07-27,maize,Wasa Amenfi,306.3,1.98,0,7,31
2020-08-03,maize,Wasa Amenfi,451.7,2.09,1,8,32
2020-08-10,maize,Wasa Amenfi,463.3,2.23,1,8,33
2020-08-17,maize,Wasa Amenfi,472.5,2.16,1,8,34
2020-08-24,maize,Wasa Amenfi,454.5,2.13,1,8,35
2020-08-31,maize,Wasa Amenfi,458.5,2.09,1,8,36
2020-09-07,maize,Wasa Amenfi,350.4,1.87,0,9,37
2020-09-14,maize,Wasa Amenfi,363.8,1.92,0,9,38
2020-09-21,maize,Wasa Amenfi,349.3,1.88,0,9,39
2020-09-28,maize,Wasa Amenfi,382.0,1.9,0,9,40
2020-10-05,maize,Wasa Amenfi,339.0,1.63,0,10,41
2020-10-12,maize,Wasa Amenfi,366.3,1.58,0,10,42
2020-10-19,maize,Wasa Amenfi,341.6,1.66,0,10,43
2020-10-26,maize,Wasa Amenfi,338.6,1.81,0,10,44
2020-11-02,maize,Wasa Amenfi,357.6,1.52,0,11,45
2020-11-09,maize,Wasa Amenfi,391.9,1.66,0,11,46
2020-11-16,maize,Wasa Amenfi,327.5,1.58,0,11,47
2020-11-23,maize,Wasa Amenfi,385.6,1.67,0,11,48
2020-11-30,maize,Wasa Amenfi,356.4,1.64,0,11,49
2020-12-07,maize,Wasa Amenfi,358.8,1.7,0,12,50
2020-12-14,maize,Wasa Amenfi,371.8,1.72,0,12,51
2020-12-21,maize,Wasa Amenfi,617.4,1.66,1,12,52
2020-12-28,maize,Wasa Amenfi,546.7,1.72,1,12,53
2021-01-04,maize,Wasa Amenfi,368.7,1.91,0,1,1
2021-01-11,maize,Wasa Amenfi,351.1,2.24,0,1,2
2021-01-18,maize,Wasa Amenfi,309.4,2.14,0,1,3
2021-01-25,maize,Wasa Amenfi,362.0,2.19,0,1,4
2021-02-01,maize,Wasa Amenfi,352.7,2.01,0,2,5
2021-02-08,maize,Wasa Amenfi,330.8,2.05,0,2,6
2021-02-15,maize,Wasa Amenfi,312.4,2.13,0,2,7
2021-02-22,maize,Wasa Amenfi,326.8,2.12,0,2,8
2021-03-01,maize,Wasa Amenfi,310.9,1.84,0,3,9
2021-03-08,maize,Wasa Amenfi,336.6,1.89,0,3,10
2021-03-15,maize,Wasa Amenfi,369.5,1.69,0,3,11
2021-03-22,maize,Wasa Amenfi,322.9,1.89,0,3,12
2021-03-29,maize,Wasa Amenfi,371.0,1.82,0,3,13
2021-04-05,maize,Wasa Amenfi,557.3,1.81,1,4,14
2021-04-12,maize,Wasa Amenfi,564.4,1.72,1,4,15
2021-04-19,maize,Wasa Amenfi,344.7,1.86,0,4,16
2021-04-26,maize,Wasa Amenfi,392.9,1.65,0,4,17
2021-05-03,maize,Wasa Amenfi,351.2,1.89,0,5,18
2021-05-10,maize,Wasa Amenfi,357.9,1.73,0,5,19
2021-05-17,maize,Wasa Amenfi,359.5,1.84,0,5,20
2021-05-24,maize,Wasa Amenfi,357.1,1.83,0,5,21
2021-05-31,maize,Wasa Amenfi,321.9,1.92,0,5,22
2021-06-07,maize,Wasa Amenfi,348.9,2.0,0,6,23
2021-06-14,maize,Wasa Amenfi,373.0,1.96,0,6,24
2021-06-21,maize,Wasa Amenfi,371.4,1.97,0,6,25
2021-06-28,maize,Wasa Amenfi,336.4,2.11,0,6,26
2021-07-05,maize,Wasa Amenfi,332.7,2.32,0,7,27
2021-07-12,maize,Wasa Amenfi,310.0,2.23,0,7,28
2021-07-19,maize,Wasa Amenfi,308.5,2.25,0,7,29
2021-07-26,maize,Wasa Amenfi,336.9,2.12,0,7,30
2021-08-02,maize,Wasa Amenfi,524.3,2.32,1,8,31
2021-08-09,maize,Wasa Amenfi,519.8,2.12,1,8,32
2021-08-16,maize,Wasa Amenfi,468.6,2.35,1,8,33
2021-08-23,maize,Wasa Amenfi,530.8,2.29,1,8,34
2021-08-30,maize,Wasa Amenfi,447.0,2.5,1,8,35
2021-09-06,maize,Wasa Amenfi,416.8,1.96,0,9,36
2021-09-13,maize,Wasa Amenfi,345.7,2.04,0,9,37
2021-09-20,maize,Wasa Amenfi,316.6,2.2,0,9,38
2021-09-27,maize,Wasa Amenfi,339.5,2.15,0,9,39
2021-10-04,maize,Wasa Amenfi,363.3,1.71,0,10,40
2021-10-11,maize,Wasa Amenfi,342.0,1.77,0,10,41
2021-10-18,maize,Wasa Amenfi,419.1,1.75,0,10,42
2021-10-25,maize,Wasa Amenfi,366.3,1.77,0,10,43
2021-11-01,maize,Wasa Amenfi,379.9,1.72,0,11,44
2021-11-08,maize,Wasa Amenfi,353.2,1.76,0,11,45
2021-11-15,maize,Wasa Amenfi,368.1,1.65,0,11,46
2021-11-22,maize,Wasa Amenfi,384.0,1.77,0,11,47
2021-11-29,maize,Wasa Amenfi,321.3,1.8,0,11,48
2021-12-06,maize,Wasa Amenfi,340.5,1.76,0,12,49
2021-12-13,maize,Wasa Amenfi,376.3,1.66,0,12,50
2021-12-20,maize,Wasa Amenfi,632.4,1.85,1,12,51
2021-12-27,maize,Wasa Amenfi,583.8,1.8,1,12,52
2022-01-03,maize,Wasa Amenfi,353.3,2.21,0,1,1
2022-01-10,maize,Wasa Amenfi,340.6,2.25,0,1,2
2022-01-17,maize,Wasa Amenfi,380.6,2.14,0,1,3
2022-01-24,maize,Wasa Amenfi,315.1,2.18,0,1,4
2022-01-31,maize,Wasa Amenfi,358.7,2.22,0,1,5
2022-02-07,maize,Wasa Amenfi,322.2,2.4,0,2,6
2022-02-14,maize,Wasa Amenfi,363.7,2.23,0,2,7
2022-02-21,maize,Wasa Amenfi,316.0,2.34,0,2,8
2022-02-28,maize,Wasa Amenfi,343.9,2.24,0,2,9
2022-03-07,maize,Wasa Amenfi,358.0,1.98,0,3,10
2022-03-14,maize,Wasa Amenfi,342.4,1.95,0,3,11
2022-03-21,maize,Wasa Amenfi,326.4,2.03,0,3,12
2022-03-28,maize,Wasa Amenfi,355.8,1.92,0,3,13
2022-04-04,maize,Wasa Amenfi,605.0,1.85,1,4,14
2022-04-11,maize,Wasa Amenfi,570.8,1.86,1,4,15
2022-04-18,maize,Wasa Amenfi,362.2,1.93,0,4,16
2022-04-25,maize,Wasa Amenfi,335.6,1.87,0,4,17
2022-05-02,maize,Wasa Amenfi,351.5,2.02,0,5,18
2022-05-09,maize,Wasa Amenfi,391.8,1.95,0,5,19
2022-05-16,maize,Wasa Amenfi,355.1,2.17,0,5,20
2022-05-23,maize,Wasa Amenfi,382.0,1.85,0,5,21
2022-05-30,maize,Wasa Amenfi,367.4,2.0,0,5,22
2022-06-06,maize,Wasa Amenfi,355.3,2.07,0,6,23
2022-06-13,maize,Wasa Amenfi,401.7,2.13,0,6,24
2022-06-20,maize,Wasa Amenfi,404.3,2.18,0,6,25
2022-06-27,maize,Wasa Amenfi,391.9,1.97,0,6,26
2022-07-04,maize,Wasa Amenfi,380.9,2.47,0,7,27
2022-07-11,maize,Wasa Amenfi,301.6,2.63,0,7,28
2022-07-18,maize,Wasa Amenfi,311.5,2.4,0,7,29
2022-07-25,maize,Wasa Amenfi,315.6,2.47,0,7,30
2022-08-01,maize,Wasa Amenfi,475.1,2.57,1,8,31
2022-08-08,maize,Wasa Amenfi,568.3,2.45,1,8,32
2022-08-15,maize,Wasa Amenfi,496.7,2.41,1,8,33
2022-08-22,maize,Wasa Amenfi,506.2,2.24,1,8,34
2022-08-29,maize,Wasa Amenfi,460.9,2.53,1,8,35
2022-09-05,maize,Wasa Amenfi,389.1,2.2,0,9,36
2022-09-12,maize,Wasa Amenfi,396.9,2.12,0,9,37
2022-09-19,maize,Wasa Amenfi,350.0,2.23,0,9,38
2022-09-26,maize,Wasa Amenfi,327.7,2.16,0,9,39
2022-10-03,maize,Wasa Amenfi,350.3,1.85,0,10,40
2022-10-10,maize,Wasa Amenfi,400.0,1.94,0,10,41
2022-10-17,maize,Wasa Amenfi,401.0,1.79,0,10,42
2022-10-24,maize,Wasa Amenfi,359.8,1.97,0,10,43
2022-10-31,maize,Wasa Amenfi,428.3,1.79,0,10,44
2022-11-07,maize,Wasa Amenfi,420.9,1.86,0,11,45
2022-11-14,maize,Wasa Amenfi,349.4,2.05,0,11,46
2022-11-21,maize,Wasa Amenfi,357.6,1.99,0,11,47
2022-11-28,maize,Wasa Amenfi,356.3,1.91,0,11,48
2022-12-05,maize,Wasa Amenfi,374.1,1.85,0,12,49
2022-12-12,maize,Wasa Amenfi,342.5,1.88,0,12,50
2022-12-19,maize,Wasa Amenfi,337.0,1.92,0,12,51
2022-12-26,maize,Wasa Amenfi,551.3,1.92,1,12,52
2023-01-02,maize,Wasa Amenfi,368.3,2.44,0,1,1
2023-01-09,maize,Wasa Amenfi,312.5,2.45,0,1,2
2023-01-16,maize,Wasa Amenfi,387.5,2.43,0,1,3
2023-01-23,maize,Wasa Amenfi,344.5,2.31,0,1,4
2023-01-30,maize,Wasa Amenfi,386.6,2.4,0,1,5
2023-02-06,maize,Wasa Amenfi,328.4,2.56,0,2,6
2023-02-13,maize,Wasa Amenfi,326.4,2.33,0,2,7
2023-02-20,maize,Wasa Amenfi,373.7,2.45,0,2,8
2023-02-27,maize,Wasa Amenfi,383.2,2.39,0,2,9
2023-03-06,maize,Wasa Amenfi,348.5,2.13,0,3,10
2023-03-13,maize,Wasa Amenfi,367.7,2.08,0,3,11
2023-03-20,maize,Wasa Amenfi,335.6,2.24,0,3,12
2023-03-27,maize,Wasa Amenfi,362.0,2.16,0,3,13
2023-04-03,maize,Wasa Amenfi,611.3,2.02,1,4,14
2023-04-10,maize,Wasa Amenfi,559.6,2.19,1,4,15
2023-04-17,maize,Wasa Amenfi,338.8,2.06,0,4,16
2023-04-24,maize,Wasa Amenfi,364.4,2.08,0,4,17
2023-05-01,maize,Wasa Amenfi,383.7,2.17,0,5,18
2023-05-08,maize,Wasa Amenfi,372.6,2.1,0,5,19
2023-05-15,maize,Wasa Amenfi,354.8,2.22,0,5,20
2023-05-22,maize,Wasa Amenfi,358.8,2.08,0,5,21
2023-05-29,maize,Wasa Amenfi,364.8,2.09,0,5,22
2023-06-05,maize,Wasa Amenfi,407.6,2.28,0,6,23
2023-06-12,maize,Wasa Amenfi,349.0,2.29,0,6,24
2023-06-19,maize,Wasa Amenfi,371.5,2.45,0,6,25
2023-06-26,maize,Wasa Amenfi,362.6,2.4,0,6,26
2023-07-03,maize,Wasa Amenfi,326.4,2.83,0,7,27
2023-07-10,maize,Wasa Amenfi,303.5,2.88,0,7,28
2023-07-17,maize,Wasa Amenfi,341.5,2.54,0,7,29
2023-07-24,maize,Wasa Amenfi,337.8,2.65,0,7,30
2023-07-31,maize,Wasa Amenfi,339.9,2.52,0,7,31
2023-08-07,maize,Wasa Amenfi,529.1,2.58,1,8,32
2023-08-14,maize,Wasa Amenfi,531.4,2.59,1,8,33
2023-08-21,maize,Wasa Amenfi,591.5,2.55,1,8,34
2023-08-28,maize,Wasa Amenfi,532.0,2.55,1,8,35
2023-09-04,maize,Wasa Amenfi,328.5,2.38,0,9,36
2023-09-11,maize,Wasa Amenfi,409.9,2.28,0,9,37
2023-09-18,maize,Wasa Amenfi,356.4,2.47,0,9,38
2023-09-25,maize,Wasa Amenfi,426.6,2.3,0,9,39
2023-10-02,maize,Wasa Amenfi,377.7,2.28,0,10,40
2023-10-09,maize,Wasa Amenfi,369.9,2.01,0,10,41
2023-10-16,maize,Wasa Amenfi,392.2,2.05,0,10,42
2023-10-23,maize,Wasa Amenfi,377.8,1.94,0,10,43
2023-10-30,maize,Wasa Amenfi,357.8,2.19,0,10,44
2023-11-06,maize,Wasa Amenfi,379.9,2.15,0,11,45
2023-11-13,maize,Wasa Amenfi,399.2,2.08,0,11,46
2023-11-20,maize,Wasa Amenfi,413.9,1.95,0,11,47
2023-11-27,maize,Wasa Amenfi,375.9,2.08,0,11,48
2023-12-04,maize,Wasa Amenfi,449.1,1.98,0,12,49
2023-12-11,maize,Wasa Amenfi,354.4,2.19,0,12,50
2023-12-18,maize,Wasa Amenfi,333.2,2.14,0,12,51
2023-12-25,maize,Wasa Amenfi,572.6,2.08,1,12,52
2024-01-01,maize,Wasa Amenfi,413.1,2.39,0,1,1
2024-01-08,maize,Wasa Amenfi,359.9,2.55,0,1,2
2024-01-15,maize,Wasa Amenfi,347.7,2.72,0,1,3
2024-01-22,maize,Wasa Amenfi,327.8,2.78,0,1,4
2024-01-29,maize,Wasa Amenfi,330.5,2.77,0,1,5
2024-02-05,maize,Wasa Amenfi,351.9,2.5,0,2,6
2024-02-12,maize,Wasa Amenfi,358.5,2.7,0,2,7
2024-02-19,maize,Wasa Amenfi,339.1,2.78,0,2,8
2024-02-26,maize,Wasa Amenfi,380.1,2.49,0,2,9
2024-03-04,maize,Wasa Amenfi,384.8,2.29,0,3,10
2024-03-11,maize,Wasa Amenfi,365.1,2.31,0,3,11
2024-03-18,maize,Wasa Amenfi,347.6,2.26,0,3,12
2024-03-25,maize,Wasa Amenfi,362.5,2.12,0,3,13
2024-04-01,maize,Wasa Amenfi,710.5,2.27,1,4,14
2024-04-08,maize,Wasa Amenfi,654.6,2.27,1,4,15
2024-04-15,maize,Wasa Amenfi,410.1,2.29,0,4,16
2024-04-22,maize,Wasa Amenfi,369.1,2.25,0,4,17
2024-04-29,maize,Wasa Amenfi,383.6,2.26,0,4,18
2024-05-06,maize,Wasa Amenfi,361.0,2.31,0,5,19
2024-05-13,maize,Wasa Amenfi,344.1,2.36,0,5,20
2024-05-20,maize,Wasa Amenfi,368.6,2.29,0,5,21
2024-05-27,maize,Wasa Amenfi,413.8,2.28,0,5,22
2024-06-03,maize,Wasa Amenfi,393.4,2.54,0,6,23
2024-06-10,maize,Wasa Amenfi,375.1,2.34,0,6,24
2024-06-17,maize,Wasa Amenfi,363.1,2.58,0,6,25
2024-06-24,maize,Wasa Amenfi,392.5,2.53,0,6,26
2024-07-01,maize,Wasa Amenfi,333.0,2.86,0,7,27
2024-07-08,maize,Wasa Amenfi,336.8,2.97,0,7,28
2024-07-15,maize,Wasa Amenfi,376.1,2.63,0,7,29
2024-07-22,maize,Wasa Amenfi,375.8,2.63,0,7,30
2024-07-29,maize,Wasa Amenfi,347.4,2.89,0,7,31
2024-08-05,maize,Wasa Amenfi,497.2,2.87,1,8,32
2024-08-12,maize,Wasa Amenfi,497.8,2.89,1,8,33
2024-08-19,maize,Wasa Amenfi,488.7,2.82,1,8,34
2024-08-26,maize,Wasa Amenfi,459.5,2.95,1,8,35
2024-09-02,maize,Wasa Amenfi,364.2,2.68,0,9,36
2024-09-09,maize,Wasa Amenfi,390.2,2.63,0,9,37
2024-09-16,maize,Wasa Amenfi,348.2,2.56,0,9,38
2024-09-23,maize,Wasa Amenfi,410.1,2.36,0,9,39
2024-09-30,maize,Wasa Amenfi,386.2,2.66,0,9,40
2024-10-07,maize,Wasa Amenfi,329.4,2.32,0,10,41
2024-10-14,maize,Wasa Amenfi,370.2,2.27,0,10,42
2024-10-21,maize,Wasa Amenfi,433.7,2.13,0,10,43
2024-10-28,maize,Wasa Amenfi,388.8,2.27,0,10,44
2024-11-04,maize,Wasa Amenfi,332.9,2.3,0,11,45
2024-11-11,maize,Wasa Amenfi,382.4,2.36,0,11,46
2024-11-18,maize,Wasa Amenfi,376.8,2.15,0,11,47
2024-11-25,maize,Wasa Amenfi,403.8,2.2,0,11,48
2024-12-02,maize,Wasa Amenfi,361.8,2.3,0,12,49
2024-12-09,maize,Wasa Amenfi,383.8,2.24,0,12,50
2024-12-16,maize,Wasa Amenfi,385.6,2.14,0,12,51
2024-12-23,maize,Wasa Amenfi,631.2,2.28,1,12,52
2024-12-30,maize,Wasa Amenfi,607.6,2.29,1,12,1
2018-01-01,tomatoes,Aowin,150.1,3.51,0,1,1
2018-01-08,tomatoes,Aowin,143.5,3.44,0,1,2
2018-01-15,tomatoes,Aowin,150.8,3.69,0,1,3
2018-01-22,tomatoes,Aowin,158.8,3.36,0,1,4
2018-01-29,tomatoes,Aowin,140.7,3.4,0,1,5
2018-02-05,tomatoes,Aowin,162.6,3.5,0,2,6
2018-02-12,tomatoes,Aowin,147.7,3.63,0,2,7
2018-02-19,tomatoes,Aowin,162.3,3.29,0,2,8
2018-02-26,tomatoes,Aowin,167.0,3.32,0,2,9
2018-03-05,tomatoes,Aowin,178.8,2.76,0,3,10
2018-03-12,tomatoes,Aowin,175.8,3.01,0,3,11
2018-03-19,tomatoes,Aowin,167.3,2.87,0,3,12
2018-03-26,tomatoes,Aowin,176.7,2.96,0,3,13
2018-04-02,tomatoes,Aowin,256.4,3.1,1,4,14
2018-04-09,tomatoes,Aowin,272.2,2.95,1,4,15
2018-04-16,tomatoes,Aowin,167.7,3.05,0,4,16
2018-04-23,tomatoes,Aowin,178.5,2.99,0,4,17
2018-04-30,tomatoes,Aowin,168.7,3.1,0,4,18
2018-05-07,tomatoes,Aowin,158.5,3.1,0,5,19
2018-05-14,tomatoes,Aowin,162.0,2.96,0,5,20
2018-05-21,tomatoes,Aowin,165.5,3.02,0,5,21
2018-05-28,tomatoes,Aowin,152.8,3.17,0,5,22
2018-06-04,tomatoes,Aowin,151.4,3.38,0,6,23
2018-06-11,tomatoes,Aowin,149.0,3.14,0,6,24
2018-06-18,tomatoes,Aowin,145.3,3.42,0,6,25
2018-06-25,tomatoes,Aowin,189.4,3.18,0,6,26
2018-07-02,tomatoes,Aowin,138.8,3.96,0,7,27
2018-07-09,tomatoes,Aowin,162.5,3.91,0,7,28
2018-07-16,tomatoes,Aowin,152.9,3.79,0,7,29
2018-07-23,tomatoes,Aowin,149.1,3.78,0,7,30
2018-07-30,tomatoes,Aowin,137.8,3.72,0,7,31
2018-08-06,tomatoes,Aowin,220.8,3.88,1,8,32
2018-08-13,tomatoes,Aowin,253.7,3.72,1,8,33
2018-08-20,tomatoes,Aowin,244.7,3.81,1,8,34
2018-08-27,tomatoes,Aowin,223.1,3.91,1,8,35
2018-09-03,tomatoes,Aowin,155.5,3.32,0,9,36
2018-09-10,tomatoes,Aowin,157.8,3.31,0,9,37
2018-09-17,tomatoes,Aowin,161.8,3.23,0,9,38
2018-09-24,tomatoes,Aowin,182.7,3.25,0,9,39
2018-10-01,tomatoes,Aowin,194.5,2.69,0,10,40
2018-10-08,tomatoes,Aowin,165.6,2.99,0,10,41
2018-10-15,tomatoes,Aowin,156.0,3.11,0,10,42
2018-10-22,tomatoes,Aowin,175.4,3.07,0,10,43
2018-10-29,tomatoes,Aowin,165.8,2.71,0,10,44
2018-11-05,tomatoes,Aowin,164.4,3.01,0,11,45
2018-11-12,tomatoes,Aowin,165.2,3.09,0,11,46
2018-11-19,tomatoes,Aowin,161.1,2.87,0,11,47
2018-11-26,tomatoes,Aowin,160.9,2.93,0,11,48
2018-12-03,tomatoes,Aowin,171.3,2.7,0,12,49
2018-12-10,tomatoes,Aowin,180.8,2.97,0,12,50
2018-12-17,tomatoes,Aowin,193.6,2.81,0,12,51
2018-12-24,tomatoes,Aowin,279.4,2.96,1,12,52
2018-12-31,tomatoes,Aowin,287.7,2.76,1,12,1
2019-01-07,tomatoes,Aowin,148.1,3.84,0,1,2
2019-01-14,tomatoes,Aowin,151.6,3.91,0,1,3
2019-01-21,tomatoes,Aowin,154.7,3.64,0,1,4
2019-01-28,tomatoes,Aowin,160.7,3.59,0,1,5
2019-02-04,tomatoes,Aowin,171.4,3.46,0,2,6
2019-02-11,tomatoes,Aowin,153.9,3.74,0,2,7
2019-02-18,tomatoes,Aowin,157.2,3.7,0,2,8
2019-02-25,tomatoes,Aowin,162.2,3.55,0,2,9
2019-03-04,tomatoes,Aowin,162.5,3.3,0,3,10
2019-03-11,tomatoes,Aowin,165.5,3.19,0,3,11
2019-03-18,tomatoes,Aowin,181.6,3.1,0,3,12
2019-03-25,tomatoes,Aowin,152.6,3.17,0,3,13
2019-04-01,tomatoes,Aowin,280.9,3.4,1,4,14
2019-04-08,tomatoes,Aowin,262.2,3.34,1,4,15
2019-04-15,tomatoes,Aowin,174.9,3.25,0,4,16
2019-04-22,tomatoes,Aowin,172.1,3.35,0,4,17
2019-04-29,tomatoes,Aowin,166.9,3.11,0,4,18
2019-05-06,tomatoes,Aowin,159.0,3.29,0,5,19
2019-05-13,tomatoes,Aowin,157.1,3.31,0,5,20
2019-05-20,tomatoes,Aowin,168.4,3.22,0,5,21
2019-05-27,tomatoes,Aowin,173.3,3.34,0,5,22
2019-06-03,tomatoes,Aowin,164.9,3.48,0,6,23
2019-06-10,tomatoes,Aowin,170.2,3.67,0,6,24
2019-06-17,tomatoes,Aowin,140.9,3.67,0,6,25
2019-06-24,tomatoes,Aowin,179.0,3.17,0,6,26
2019-07-01,tomatoes,Aowin,158.7,4.24,0,7,27
2019-07-08,tomatoes,Aowin,167.3,3.56,0,7,28
2019-07-15,tomatoes,Aowin,148.6,3.95,0,7,29
2019-07-22,tomatoes,Aowin,143.0,4.22,0,7,30
2019-07-29,tomatoes,Aowin,126.8,4.0,0,7,31
2019-08-05,tomatoes,Aowin,225.8,3.84,1,8,32
2019-08-12,tomatoes,Aowin,252.7,3.9,1,8,33
2019-08-19,tomatoes,Aowin,215.0,4.25,1,8,34
2019-08-26,tomatoes,Aowin,237.4,3.76,1,8,35
2019-09-02,tomatoes,Aowin,139.5,3.83,0,9,36
2019-09-09,tomatoes,Aowin,151.3,3.66,0,9,37
2019-09-16,tomatoes,Aowin,186.3,3.49,0,9,38
2019-09-23,tomatoes,Aowin,176.9,3.58,0,9,39
2019-09-30,tomatoes,Aowin,159.3,3.52,0,9,40
2019-10-07,tomatoes,Aowin,160.2,3.24,0,10,41
2019-10-14,tomatoes,Aowin,166.6,3.23,0,10,42
2019-10-21,tomatoes,Aowin,167.1,2.92,0,10,43
2019-10-28,tomatoes,Aowin,152.2,3.08,0,10,44
2019-11-04,tomatoes,Aowin,173.7,3.05,0,11,45
2019-11-11,tomatoes,Aowin,170.2,3.32,0,11,46
2019-11-18,tomatoes,Aowin,184.8,2.98,0,11,47
2019-11-25,tomatoes,Aowin,171.6,3.36,0,11,48
2019-12-02,tomatoes,Aowin,155.5,3.17,0,12,49
2019-12-09,tomatoes,Aowin,178.0,3.03,0,12,50
2019-12-16,tomatoes,Aowin,172.0,3.09,0,12,51
2019-12-23,tomatoes,Aowin,290.2,3.07,1,12,52
2019-12-30,tomatoes,Aowin,292.3,3.01,1,12,1
2020-01-06,tomatoes,Aowin,152.4,4.08,0,1,2
2020-01-13,tomatoes,Aowin,135.5,3.86,0,1,3
2020-01-20,tomatoes,Aowin,182.3,3.71,0,1,4
2020-01-27,tomatoes,Aowin,164.2,4.0,0,1,5
2020-02-03,tomatoes,Aowin,153.8,3.79,0,2,6
2020-02-10,tomatoes,Aowin,168.0,3.96,0,2,7
2020-02-17,tomatoes,Aowin,159.5,3.94,0,2,8
2020-02-24,tomatoes,Aowin,159.8,3.94,0,2,9
2020-03-02,tomatoes,Aowin,154.3,3.78,0,3,10
2020-03-09,tomatoes,Aowin,176.5,3.51,0,3,11
2020-03-16,tomatoes,Aowin,161.7,3.54,0,3,12
2020-03-23,tomatoes,Aowin,169.2,3.25,0,3,13
2020-03-30,tomatoes,Aowin,186.6,3.41,0,3,14
2020-04-06,tomatoes,Aowin,265.0,3.56,1,4,15
2020-04-13,tomatoes,Aowin,276.1,3.38,1,4,16
2020-04-20,tomatoes,Aowin,174.0,3.65,0,4,17
2020-04-27,tomatoes,Aowin,170.7,3.36,0,4,18
2020-05-04,tomatoes,Aowin,168.3,3.51,0,5,19
2020-05-11,tomatoes,Aowin,177.9,3.47,0,5,20
2020-05-18,tomatoes,Aowin,155.2,3.57,0,5,21
2020-05-25,tomatoes,Aowin,177.4,3.46,0,5,22
2020-06-01,tomatoes,Aowin,163.7,3.84,0,6,23
2020-06-08,tomatoes,Aowin,180.0,3.85,0,6,24
2020-06-15,tomatoes,Aowin,179.6,3.77,0,6,25
2020-06-22,tomatoes,Aowin,171.8,3.96,0,6,26
2020-06-29,tomatoes,Aowin,152.6,3.92,0,6,27
2020-07-06,tomatoes,Aowin,156.0,4.36,0,7,28
2020-07-13,tomatoes,Aowin,147.4,4.3,0,7,29
2020-07-20,tomatoes,Aowin,152.4,4.52,0,7,30
2020-07-27,tomatoes,Aowin,135.8,4.33,0,7,31
2020-08-03,tomatoes,Aowin,214.7,4.35,1,8,32
2020-08-10,tomatoes,Aowin,250.4,4.42,1,8,33
2020-08-17,tomatoes,Aowin,228.2,4.7,1,8,34
2020-08-24,tomatoes,Aowin,239.0,4.17,1,8,35
2020-08-31,tomatoes,Aowin,216.6,4.54,1,8,36
2020-09-07,tomatoes,Aowin,169.5,3.66,0,9,37
2020-09-14,tomatoes,Aowin,172.0,3.99,0,9,38
2020-09-21,tomatoes,Aowin,159.8,4.21,0,9,39
2020-09-28,tomatoes,Aowin,184.3,4.03,0,9,40
2020-10-05,tomatoes,Aowin,171.2,3.41,0,10,41
2020-10-12,tomatoes,Aowin,177.7,3.31,0,10,42
2020-10-19,tomatoes,Aowin,159.4,3.39,0,10,43
2020-10-26,tomatoes,Aowin,171.7,3.35,0,10,44
2020-11-02,tomatoes,Aowin,180.5,3.3,0,11,45
2020-11-09,tomatoes,Aowin,171.9,3.37,0,11,46
2020-11-16,tomatoes,Aowin,168.5,3.43,0,11,47
2020-11-23,tomatoes,Aowin,182.1,3.3,0,11,48
2020-11-30,tomatoes,Aowin,194.9,3.3,0,11,49
2020-12-07,tomatoes,Aowin,183.9,3.24,0,12,50
2020-12-14,tomatoes,Aowin,184.6,3.48,0,12,51
2020-12-21,tomatoes,Aowin,296.4,3.5,1,12,52
2020-12-28,tomatoes,Aowin,307.0,3.46,1,12,53
2021-01-04,tomatoes,Aowin,152.2,4.55,0,1,1
2021-01-11,tomatoes,Aowin,160.0,4.4,0,1,2
2021-01-18,tomatoes,Aowin,158.7,4.45,0,1,3
2021-01-25,tomatoes,Aowin,166.2,4.44,0,1,4
2021-02-01,tomatoes,Aowin,170.8,4.4,0,2,5
2021-02-08,tomatoes,Aowin,166.6,4.32,0,2,6
2021-02-15,tomatoes,Aowin,160.8,4.8,0,2,7
2021-02-22,tomatoes,Aowin,159.5,4.33,0,2,8
2021-03-01,tomatoes,Aowin,187.8,3.68,0,3,9
2021-03-08,tomatoes,Aowin,182.9,3.85,0,3,10
2021-03-15,tomatoes,Aowin,180.4,3.82,0,3,11
2021-03-22,tomatoes,Aowin,183.9,3.57,0,3,12
2021-03-29,tomatoes,Aowin,176.3,3.95,0,3,13
2021-04-05,tomatoes,Aowin,261.4,3.79,1,4,14
2021-04-12,tomatoes,Aowin,288.1,3.64,1,4,15
2021-04-19,tomatoes,Aowin,171.9,3.99,0,4,16
2021-04-26,tomatoes,Aowin,158.1,3.9,0,4,17
2021-05-03,tomatoes,Aowin,187.3,3.64,0,5,18
2021-05-10,tomatoes,Aowin,154.1,4.1,0,5,19
2021-05-17,tomatoes,Aowin,167.5,3.93,0,5,20
2021-05-24,tomatoes,Aowin,175.7,3.83,0,5,21
2021-05-31,tomatoes,Aowin,159.8,4.08,0,5,22
2021-06-07,tomatoes,Aowin,173.5,4.22,0,6,23
2021-06-14,tomatoes,Aowin,174.3,4.19,0,6,24
2021-06-21,tomatoes,Aowin,168.4,4.08,0,6,25
2021-06-28,tomatoes,Aowin,176.4,4.29,0,6,26
2021-07-05,tomatoes,Aowin,150.1,4.82,0,7,27
2021-07-12,tomatoes,Aowin,181.4,4.73,0,7,28
2021-07-19,tomatoes,Aowin,162.4,4.58,0,7,29
2021-07-26,tomatoes,Aowin,147.9,4.75,0,7,30
2021-08-02,tomatoes,Aowin,225.5,4.74,1,8,31
2021-08-09,tomatoes,Aowin,266.4,4.5,1,8,32
2021-08-16,tomatoes,Aowin,243.9,4.48,1,8,33
2021-08-23,tomatoes,Aowin,216.0,4.86,1,8,34
2021-08-30,tomatoes,Aowin,273.0,4.26,1,8,35
2021-09-06,tomatoes,Aowin,169.0,4.31,0,9,36
2021-09-13,tomatoes,Aowin,183.9,4.19,0,9,37
2021-09-20,tomatoes,Aowin,177.2,4.5,0,9,38
2021-09-27,tomatoes,Aowin,179.9,4.19,0,9,39
2021-10-04,tomatoes,Aowin,199.3,3.75,0,10,40
2021-10-11,tomatoes,Aowin,161.1,3.6,0,10,41
2021-10-18,tomatoes,Aowin,168.4,3.67,0,10,42
2021-10-25,tomatoes,Aowin,171.2,3.76,0,10,43
2021-11-01,tomatoes,Aowin,204.9,3.61,0,11,44
2021-11-08,tomatoes,Aowin,191.2,3.83,0,11,45
2021-11-15,tomatoes,Aowin,197.7,3.53,0,11,46
2021-11-22,tomatoes,Aowin,168.0,3.72,0,11,47
2021-11-29,tomatoes,Aowin,165.9,3.82,0,11,48
2021-12-06,tomatoes,Aowin,166.1,3.8,0,12,49
2021-12-13,tomatoes,Aowin,160.6,3.99,0,12,50
2021-12-20,tomatoes,Aowin,330.1,3.59,1,12,51
2021-12-27,tomatoes,Aowin,304.3,3.5,1,12,52
2022-01-03,tomatoes,Aowin,169.6,4.55,0,1,1
2022-01-10,tomatoes,Aowin,170.1,4.86,0,1,2
2022-01-17,tomatoes,Aowin,147.0,4.83,0,1,3
2022-01-24,tomatoes,Aowin,165.6,4.76,0,1,4
2022-01-31,tomatoes,Aowin,160.3,4.52,0,1,5
2022-02-07,tomatoes,Aowin,159.4,4.91,0,2,6
2022-02-14,tomatoes,Aowin,166.4,4.53,0,2,7
2022-02-21,tomatoes,Aowin,154.2,4.99,0,2,8
2022-02-28,tomatoes,Aowin,155.1,5.31,0,2,9
2022-03-07,tomatoes,Aowin,178.4,4.15,0,3,10
2022-03-14,tomatoes,Aowin,172.8,4.18,0,3,11
2022-03-21,tomatoes,Aowin,184.7,4.01,0,3,12
2022-03-28,tomatoes,Aowin,178.6,3.79,0,3,13
2022-04-04,tomatoes,Aowin,297.8,4.01,1,4,14
2022-04-11,tomatoes,Aowin,286.9,3.93,1,4,15
2022-04-18,tomatoes,Aowin,181.3,3.87,0,4,16
2022-04-25,tomatoes,Aowin,161.5,4.4,0,4,17
2022-05-02,tomatoes,Aowin,174.8,4.18,0,5,18
2022-05-09,tomatoes,Aowin,196.6,4.2,0,5,19
2022-05-16,tomatoes,Aowin,179.6,4.09,0,5,20
2022-05-23,tomatoes,Aowin,167.3,4.11,0,5,21
2022-05-30,tomatoes,Aowin,183.2,4.3,0,5,22
2022-06-06,tomatoes,Aowin,172.2,4.52,0,6,23
2022-06-13,tomatoes,Aowin,177.3,4.62,0,6,24
2022-06-20,tomatoes,Aowin,171.6,4.49,0,6,25
2022-06-27,tomatoes,Aowin,192.4,4.47,0,6,26
2022-07-04,tomatoes,Aowin,164.0,4.82,0,7,27
2022-07-11,tomatoes,Aowin,187.8,4.7,0,7,28
2022-07-18,tomatoes,Aowin,153.8,5.05,0,7,29
2022-07-25,tomatoes,Aowin,159.6,5.12,0,7,30
2022-08-01,tomatoes,Aowin,275.1,4.87,1,8,31
2022-08-08,tomatoes,Aowin,246.6,5.13,1,8,32
2022-08-15,tomatoes,Aowin,276.5,5.15,1,8,33
2022-08-22,tomatoes,Aowin,256.9,4.69,1,8,34
2022-08-29,tomatoes,Aowin,254.6,4.95,1,8,35
2022-09-05,tomatoes,Aowin,195.9,4.69,0,9,36
2022-09-12,tomatoes,Aowin,159.8,4.69,0,9,37
2022-09-19,tomatoes,Aowin,166.3,4.4,0,9,38
2022-09-26,tomatoes,Aowin,168.4,4.65,0,9,39
2022-10-03,tomatoes,Aowin,184.4,4.11,0,10,40
2022-10-10,tomatoes,Aowin,160.0,4.07,0,10,41
2022-10-17,tomatoes,Aowin,188.3,3.93,0,10,42
2022-10-24,tomatoes,Aowin,189.7,3.87,0,10,43
2022-10-31,tomatoes,Aowin,206.9,3.85,0,10,44
2022-11-07,tomatoes,Aowin,190.1,4.05,0,11,45
2022-11-14,tomatoes,Aowin,184.2,4.01,0,11,46
2022-11-21,tomatoes,Aowin,192.8,4.07,0,11,47
2022-11-28,tomatoes,Aowin,186.4,4.0,0,11,48
2022-12-05,tomatoes,Aowin,172.5,4.13,0,12,49
2022-12-12,tomatoes,Aowin,168.9,4.01,0,12,50
2022-12-19,tomatoes,Aowin,171.4,4.13,0,12,51
2022-12-26,tomatoes,Aowin,293.5,4.14,1,12,52
2023-01-02,tomatoes,Aowin,175.0,4.95,0,1,1
2023-01-09,tomatoes,Aowin,156.0,4.74,0,1,2
2023-01-16,tomatoes,Aowin,159.5,5.43,0,1,3
2023-01-23,tomatoes,Aowin,167.9,5.17,0,1,4
2023-01-30,tomatoes,Aowin,184.2,4.76,0,1,5
2023-02-06,tomatoes,Aowin,189.9,5.0,0,2,6
2023-02-13,tomatoes,Aowin,167.2,5.31,0,2,7
2023-02-20,tomatoes,Aowin,161.4,5.09,0,2,8
2023-02-27,tomatoes,Aowin,153.2,5.04,0,2,9
2023-03-06,tomatoes,Aowin,181.6,4.66,0,3,10
2023-03-13,tomatoes,Aowin,177.8,4.23,0,3,11
2023-03-20,tomatoes,Aowin,195.9,4.27,0,3,12
2023-03-27,tomatoes,Aowin,195.7,4.45,0,3,13
2023-04-03,tomatoes,Aowin,256.9,4.51,1,4,14
2023-04-10,tomatoes,Aowin,291.5,4.53,1,4,15
2023-04-17,tomatoes,Aowin,191.0,4.6,0,4,16
2023-04-24,tomatoes,Aowin,191.9,4.48,0,4,17
2023-05-01,tomatoes,Aowin,157.0,4.56,0,5,18
2023-05-08,tomatoes,Aowin,174.4,4.42,0,5,19
2023-05-15,tomatoes,Aowin,168.0,4.48,0,5,20
2023-05-22,tomatoes,Aowin,187.4,4.49,0,5,21
2023-05-29,tomatoes,Aowin,185.6,4.51,0,5,22
2023-06-05,tomatoes,Aowin,147.9,5.04,0,6,23
2023-06-12,tomatoes,Aowin,174.3,5.0,0,6,24
2023-06-19,tomatoes,Aowin,188.9,4.9,0,6,25
2023-06-26,tomatoes,Aowin,186.7,4.73,0,6,26
2023-07-03,tomatoes,Aowin,167.2,5.53,0,7,27
2023-07-10,tomatoes,Aowin,162.5,5.51,0,7,28
2023-07-17,tomatoes,Aowin,154.7,5.55,0,7,29
2023-07-24,tomatoes,Aowin,155.7,6.0,0,7,30
2023-07-31,tomatoes,Aowin,169.2,5.4,0,7,31
2023-08-07,tomatoes,Aowin,254.7,5.64,1,8,32
2023-08-14,tomatoes,Aowin,251.3,5.78,1,8,33
2023-08-21,tomatoes,Aowin,249.3,5.57,1,8,34
2023-08-28,tomatoes,Aowin,247.8,6.07,1,8,35
2023-09-04,tomatoes,Aowin,179.4,4.91,0,9,36
2023-09-11,tomatoes,Aowin,164.1,5.05,0,9,37
2023-09-18,tomatoes,Aowin,191.1,4.83,0,9,38
2023-09-25,tomatoes,Aowin,184.9,4.91,0,9,39
2023-10-02,tomatoes,Aowin,188.8,4.31,0,10,40
2023-10-09,tomatoes,Aowin,166.5,4.41,0,10,41
2023-10-16,tomatoes,Aowin,202.6,4.32,0,10,42
2023-10-23,tomatoes,Aowin,185.6,4.48,0,10,43
2023-10-30,tomatoes,Aowin,182.0,4.25,0,10,44
2023-11-06,tomatoes,Aowin,176.6,4.23,0,11,45
2023-11-13,tomatoes,Aowin,182.3,4.76,0,11,46
2023-11-20,tomatoes,Aowin,170.8,4.36,0,11,47
2023-11-27,tomatoes,Aowin,214.8,4.17,0,11,48
2023-12-04,tomatoes,Aowin,182.4,4.2,0,12,49
2023-12-11,tomatoes,Aowin,210.4,4.16,0,12,50
2023-12-18,tomatoes,Aowin,178.4,4.48,0,12,51
2023-12-25,tomatoes,Aowin,340.7,4.26,1,12,52
2024-01-01,tomatoes,Aowin,164.2,5.55,0,1,1
2024-01-08,tomatoes,Aowin,172.9,5.51,0,1,2
2024-01-15,tomatoes,Aowin,176.7,5.69,0,1,3
2024-01-22,tomatoes,Aowin,183.8,5.34,0,1,4
2024-01-29,tomatoes,Aowin,189.8,5.29,0,1,5
2024-02-05,tomatoes,Aowin,166.5,5.61,0,2,6
2024-02-12,tomatoes,Aowin,170.6,5.69,0,2,7
2024-02-19,tomatoes,Aowin,183.9,5.63,0,2,8
2024-02-26,tomatoes,Aowin,169.5,5.38,0,2,9
2024-03-04,tomatoes,Aowin,187.7,4.9,0,3,10
2024-03-11,tomatoes,Aowin,187.2,4.62,0,3,11
2024-03-18,tomatoes,Aowin,190.5,4.67,0,3,12
2024-03-25,tomatoes,Aowin,191.6,4.59,0,3,13
2024-04-01,tomatoes,Aowin,267.8,5.05,1,4,14
2024-04-08,tomatoes,Aowin,282.1,4.92,1,4,15
2024-04-15,tomatoes,Aowin,184.0,4.91,0,4,16
2024-04-22,tomatoes,Aowin,177.8,5.04,0,4,17
2024-04-29,tomatoes,Aowin,187.4,5.34,0,4,18
2024-05-06,tomatoes,Aowin,207.9,4.5,0,5,19
2024-05-13,tomatoes,Aowin,193.3,4.69,0,5,20
2024-05-20,tomatoes,Aowin,180.7,4.71,0,5,21
2024-05-27,tomatoes,Aowin,181.5,4.66,0,5,22
2024-06-03,tomatoes,Aowin,213.0,5.05,0,6,23
2024-06-10,tomatoes,Aowin,174.5,5.22,0,6,24
2024-06-17,tomatoes,Aowin,192.6,5.02,0,6,25
2024-06-24,tomatoes,Aowin,186.3,5.35,0,6,26
2024-07-01,tomatoes,Aowin,165.9,5.97,0,7,27
2024-07-08,tomatoes,Aowin,156.9,6.07,0,7,28
2024-07-15,tomatoes,Aowin,159.1,6.07,0,7,29
2024-07-22,tomatoes,Aowin,160.9,6.1,0,7,30
2024-07-29,tomatoes,Aowin,164.1,5.86,0,7,31
2024-08-05,tomatoes,Aowin,257.7,6.5,1,8,32
2024-08-12,tomatoes,Aowin,251.7,6.05,1,8,33
2024-08-19,tomatoes,Aowin,260.2,5.55,1,8,34
2024-08-26,tomatoes,Aowin,263.3,5.75,1,8,35
2024-09-02,tomatoes,Aowin,203.2,5.01,0,9,36
2024-09-09,tomatoes,Aowin,181.1,5.39,0,9,37
2024-09-16,tomatoes,Aowin,195.7,5.36,0,9,38
2024-09-23,tomatoes,Aowin,173.5,5.28,0,9,39
2024-09-30,tomatoes,Aowin,186.8,5.82,0,9,40
2024-10-07,tomatoes,Aowin,185.2,4.71,0,10,41
2024-10-14,tomatoes,Aowin,183.9,4.74,0,10,42
2024-10-21,tomatoes,Aowin,186.0,4.43,0,10,43
2024-10-28,tomatoes,Aowin,180.0,4.42,0,10,44
2024-11-04,tomatoes,Aowin,169.8,4.64,0,11,45
2024-11-11,tomatoes,Aowin,179.1,4.67,0,11,46
2024-11-18,tomatoes,Aowin,207.1,4.29,0,11,47
2024-11-25,tomatoes,Aowin,178.9,4.6,0,11,48
2024-12-02,tomatoes,Aowin,171.4,4.67,0,12,49
2024-12-09,tomatoes,Aowin,179.8,4.63,0,12,50
2024-12-16,tomatoes,Aowin,189.5,4.51,0,12,51
2024-12-23,tomatoes,Aowin,312.9,4.56,1,12,52
2024-12-30,tomatoes,Aowin,313.4,4.63,1,12,1
2018-01-01,tomatoes,Bibiani,197.9,3.5,0,1,1
2018-01-08,tomatoes,Bibiani,197.3,3.57,0,1,2
2018-01-15,tomatoes,Bibiani,214.3,3.38,0,1,3
2018-01-22,tomatoes,Bibiani,173.4,3.36,0,1,4
2018-01-29,tomatoes,Bibiani,177.5,3.48,0,1,5
2018-02-05,tomatoes,Bibiani,194.2,3.53,0,2,6
2018-02-12,tomatoes,Bibiani,187.3,3.38,0,2,7
2018-02-19,tomatoes,Bibiani,195.1,3.55,0,2,8
2018-02-26,tomatoes,Bibiani,186.7,3.58,0,2,9
2018-03-05,tomatoes,Bibiani,215.0,3.1,0,3,10
2018-03-12,tomatoes,Bibiani,205.7,3.16,0,3,11
2018-03-19,tomatoes,Bibiani,222.5,2.85,0,3,12
2018-03-26,tomatoes,Bibiani,198.8,2.95,0,3,13
2018-04-02,tomatoes,Bibiani,319.4,2.97,1,4,14
2018-04-09,tomatoes,Bibiani,316.2,2.96,1,4,15
2018-04-16,tomatoes,Bibiani,189.5,2.89,0,4,16
2018-04-23,tomatoes,Bibiani,232.8,2.79,0,4,17
2018-04-30,tomatoes,Bibiani,212.7,2.98,0,4,18
2018-05-07,tomatoes,Bibiani,204.8,2.9,0,5,19
2018-05-14,tomatoes,Bibiani,219.9,3.0,0,5,20
2018-05-21,tomatoes,Bibiani,201.8,2.89,0,5,21
2018-05-28,tomatoes,Bibiani,188.0,2.86,0,5,22
2018-06-04,tomatoes,Bibiani,213.3,3.3,0,6,23
2018-06-11,tomatoes,Bibiani,186.1,3.29,0,6,24
2018-06-18,tomatoes,Bibiani,197.0,3.34,0,6,25
2018-06-25,tomatoes,Bibiani,192.8,3.55,0,6,26
2018-07-02,tomatoes,Bibiani,188.9,3.73,0,7,27
2018-07-09,tomatoes,Bibiani,192.9,3.76,0,7,28
2018-07-16,tomatoes,Bibiani,199.2,3.53,0,7,29
2018-07-23,tomatoes,Bibiani,200.1,3.5,0,7,30
2018-07-30,tomatoes,Bibiani,169.5,3.92,0,7,31
2018-08-06,tomatoes,Bibiani,292.2,3.57,1,8,32
2018-08-13,tomatoes,Bibiani,262.3,3.55,1,8,33
2018-08-20,tomatoes,Bibiani,305.8,3.7,1,8,34
2018-08-27,tomatoes,Bibiani,256.0,3.7,1,8,35
2018-09-03,tomatoes,Bibiani,205.0,3.21,0,9,36
2018-09-10,tomatoes,Bibiani,189.3,3.29,0,9,37
2018-09-17,tomatoes,Bibiani,187.6,3.5,0,9,38
2018-09-24,tomatoes,Bibiani,208.6,3.23,0,9,39
2018-10-01,tomatoes,Bibiani,209.7,2.69,0,10,40
2018-10-08,tomatoes,Bibiani,215.4,2.96,0,10,41
2018-10-15,tomatoes,Bibiani,206.9,2.91,0,10,42
2018-10-22,tomatoes,Bibiani,205.4,2.78,0,10,43
2018-10-29,tomatoes,Bibiani,216.0,2.67,0,10,44
2018-11-05,tomatoes,Bibiani,228.2,2.78,0,11,45
2018-11-12,tomatoes,Bibiani,219.5,2.86,0,11,46
2018-11-19,tomatoes,Bibiani,187.1,3.0,0,11,47
2018-11-26,tomatoes,Bibiani,205.6,2.75,0,11,48
2018-12-03,tomatoes,Bibiani,214.3,2.88,0,12,49
2018-12-10,tomatoes,Bibiani,208.0,2.97,0,12,50
2018-12-17,tomatoes,Bibiani,210.2,2.61,0,12,51
2018-12-24,tomatoes,Bibiani,350.0,3.01,1,12,52
2018-12-31,tomatoes,Bibiani,339.2,2.75,1,12,1
2019-01-07,tomatoes,Bibiani,206.6,3.74,0,1,2
2019-01-14,tomatoes,Bibiani,198.1,3.73,0,1,3
2019-01-21,tomatoes,Bibiani,174.7,3.85,0,1,4
2019-01-28,tomatoes,Bibiani,184.4,3.77,0,1,5
2019-02-04,tomatoes,Bibiani,202.1,3.36,0,2,6
2019-02-11,tomatoes,Bibiani,200.3,3.6,0,2,7
2019-02-18,tomatoes,Bibiani,190.5,3.74,0,2,8
2019-02-25,tomatoes,Bibiani,181.4,3.69,0,2,9
2019-03-04,tomatoes,Bibiani,187.7,3.25,0,3,10
2019-03-11,tomatoes,Bibiani,209.7,3.29,0,3,11
2019-03-18,tomatoes,Bibiani,207.9,3.26,0,3,12
2019-03-25,tomatoes,Bibiani,210.5,3.16,0,3,13
2019-04-01,tomatoes,Bibiani,352.8,2.97,1,4,14
2019-04-08,tomatoes,Bibiani,319.8,3.15,1,4,15
2019-04-15,tomatoes,Bibiani,208.0,3.26,0,4,16
2019-04-22,tomatoes,Bibiani,247.9,3.07,0,4,17
2019-04-29,tomatoes,Bibiani,218.7,3.29,0,4,18
2019-05-06,tomatoes,Bibiani,199.8,3.34,0,5,19
2019-05-13,tomatoes,Bibiani,201.5,3.24,0,5,20
2019-05-20,tomatoes,Bibiani,190.7,2.83,0,5,21
2019-05-27,tomatoes,Bibiani,231.0,3.06,0,5,22
2019-06-03,tomatoes,Bibiani,204.7,3.8,0,6,23
2019-06-10,tomatoes,Bibiani,203.4,3.45,0,6,24
2019-06-17,tomatoes,Bibiani,201.0,3.25,0,6,25
2019-06-24,tomatoes,Bibiani,185.3,3.71,0,6,26
2019-07-01,tomatoes,Bibiani,195.1,3.98,0,7,27
2019-07-08,tomatoes,Bibiani,182.9,4.16,0,7,28
2019-07-15,tomatoes,Bibiani,196.5,4.02,0,7,29
2019-07-22,tomatoes,Bibiani,188.6,4.05,0,7,30
2019-07-29,tomatoes,Bibiani,198.9,4.04,0,7,31
2019-08-05,tomatoes,Bibiani,284.9,4.12,1,8,32
2019-08-12,tomatoes,Bibiani,279.9,4.37,1,8,33
2019-08-19,tomatoes,Bibiani,242.0,4.16,1,8,34
2019-08-26,tomatoes,Bibiani,276.9,3.75,1,8,35
2019-09-02,tomatoes,Bibiani,200.6,3.66,0,9,36
2019-09-09,tomatoes,Bibiani,214.0,3.76,0,9,37
2019-09-16,tomatoes,Bibiani,223.2,3.77,0,9,38
2019-09-23,tomatoes,Bibiani,208.2,3.54,0,9,39
2019-09-30,tomatoes,Bibiani,193.2,3.77,0,9,40
2019-10-07,tomatoes,Bibiani,181.7,3.19,0,10,41
2019-10-14,tomatoes,Bibiani,206.5,3.4,0,10,42
2019-10-21,tomatoes,Bibiani,209.0,2.99,0,10,43
2019-10-28,tomatoes,Bibiani,252.6,3.02,0,10,44
2019-11-04,tomatoes,Bibiani,204.3,3.06,0,11,45
2019-11-11,tomatoes,Bibiani,242.0,3.04,0,11,46
2019-11-18,tomatoes,Bibiani,227.3,2.99,0,11,47
2019-11-25,tomatoes,Bibiani,216.8,2.76,0,11,48
2019-12-02,tomatoes,Bibiani,218.2,3.06,0,12,49
2019-12-09,tomatoes,Bibiani,219.8,3.16,0,12,50
2019-12-16,tomatoes,Bibiani,212.3,3.06,0,12,51
2019-12-23,tomatoes,Bibiani,350.0,3.36,1,12,52
2019-12-30,tomatoes,Bibiani,369.5,3.12,1,12,1
2020-01-06,tomatoes,Bibiani,196.9,4.19,0,1,2
2020-01-13,tomatoes,Bibiani,195.6,4.03,0,1,3
2020-01-20,tomatoes,Bibiani,179.0,4.12,0,1,4
2020-01-27,tomatoes,Bibiani,194.8,4.03,0,1,5
2020-02-03,tomatoes,Bibiani,192.0,4.23,0,2,6
2020-02-10,tomatoes,Bibiani,175.2,4.02,0,2,7
2020-02-17,tomatoes,Bibiani,196.8,4.09,0,2,8
2020-02-24,tomatoes,Bibiani,194.4,4.07,0,2,9
2020-03-02,tomatoes,Bibiani,197.3,3.4,0,3,10
2020-03-09,tomatoes,Bibiani,205.2,3.5,0,3,11
2020-03-16,tomatoes,Bibiani,195.1,3.75,0,3,12
2020-03-23,tomatoes,Bibiani,238.8,3.4,0,3,13
2020-03-30,tomatoes,Bibiani,212.2,3.5,0,3,14
2020-04-06,tomatoes,Bibiani,342.1,3.64,1,4,15
2020-04-13,tomatoes,Bibiani,321.1,3.62,1,4,16
2020-04-20,tomatoes,Bibiani,188.7,3.46,0,4,17
2020-04-27,tomatoes,Bibiani,238.4,3.13,0,4,18
2020-05-04,tomatoes,Bibiani,201.2,3.56,0,5,19
2020-05-11,tomatoes,Bibiani,223.3,3.18,0,5,20
2020-05-18,tomatoes,Bibiani,191.0,3.69,0,5,21
2020-05-25,tomatoes,Bibiani,212.6,3.51,0,5,22
2020-06-01,tomatoes,Bibiani,217.5,3.97,0,6,23
2020-06-08,tomatoes,Bibiani,228.5,3.68,0,6,24
2020-06-15,tomatoes,Bibiani,242.0,3.58,0,6,25
2020-06-22,tomatoes,Bibiani,230.9,3.85,0,6,26
2020-06-29,tomatoes,Bibiani,185.0,3.81,0,6,27
2020-07-06,tomatoes,Bibiani,182.8,4.21,0,7,28
2020-07-13,tomatoes,Bibiani,172.5,4.31,0,7,29
2020-07-20,tomatoes,Bibiani,186.1,4.77,0,7,30
2020-07-27,tomatoes,Bibiani,181.4,4.44,0,7,31
2020-08-03,tomatoes,Bibiani,273.1,4.51,1,8,32
2020-08-10,tomatoes,Bibiani,279.6,4.47,1,8,33
2020-08-17,tomatoes,Bibiani,284.5,4.58,1,8,34
2020-08-24,tomatoes,Bibiani,266.1,4.29,1,8,35
2020-08-31,tomatoes,Bibiani,286.3,3.97,1,8,36
2020-09-07,tomatoes,Bibiani,212.9,3.86,0,9,37
2020-09-14,tomatoes,Bibiani,221.8,4.01,0,9,38
2020-09-21,tomatoes,Bibiani,217.7,3.74,0,9,39
2020-09-28,tomatoes,Bibiani,202.8,3.86,0,9,40
2020-10-05,tomatoes,Bibiani,192.0,3.23,0,10,41
2020-10-12,tomatoes,Bibiani,218.0,3.53,0,10,42
2020-10-19,tomatoes,Bibiani,201.4,3.43,0,10,43
2020-10-26,tomatoes,Bibiani,197.1,3.41,0,10,44
2020-11-02,tomatoes,Bibiani,190.3,3.43,0,11,45
2020-11-09,tomatoes,Bibiani,197.7,3.34,0,11,46
2020-11-16,tomatoes,Bibiani,202.5,3.37,0,11,47
2020-11-23,tomatoes,Bibiani,220.7,3.19,0,11,48
2020-11-30,tomatoes,Bibiani,214.8,3.05,0,11,49
2020-12-07,tomatoes,Bibiani,217.7,3.39,0,12,50
2020-12-14,tomatoes,Bibiani,211.2,3.41,0,12,51
2020-12-21,tomatoes,Bibiani,393.3,3.53,1,12,52
2020-12-28,tomatoes,Bibiani,308.3,3.58,1,12,53
2021-01-04,tomatoes,Bibiani,194.0,4.58,0,1,1
2021-01-11,tomatoes,Bibiani,209.5,4.14,0,1,2
2021-01-18,tomatoes,Bibiani,190.7,4.25,0,1,3
2021-01-25,tomatoes,Bibiani,199.5,4.39,0,1,4
2021-02-01,tomatoes,Bibiani,196.3,4.77,0,2,5
2021-02-08,tomatoes,Bibiani,194.2,4.59,0,2,6
2021-02-15,tomatoes,Bibiani,211.2,4.53,0,2,7
2021-02-22,tomatoes,Bibiani,177.2,4.27,0,2,8
2021-03-01,tomatoes,Bibiani,210.8,3.59,0,3,9
2021-03-08,tomatoes,Bibiani,230.2,3.83,0,3,10
2021-03-15,tomatoes,Bibiani,236.1,3.55,0,3,11
2021-03-22,tomatoes,Bibiani,225.0,3.68,0,3,12
2021-03-29,tomatoes,Bibiani,233.1,3.7,0,3,13
2021-04-05,tomatoes,Bibiani,288.0,3.98,1,4,14
2021-04-12,tomatoes,Bibiani,360.9,3.69,1,4,15
2021-04-19,tomatoes,Bibiani,248.7,3.38,0,4,16
2021-04-26,tomatoes,Bibiani,204.8,3.82,0,4,17
2021-05-03,tomatoes,Bibiani,256.6,3.66,0,5,18
2021-05-10,tomatoes,Bibiani,219.3,3.77,0,5,19
2021-05-17,tomatoes,Bibiani,189.0,3.75,0,5,20
2021-05-24,tomatoes,Bibiani,224.0,3.72,0,5,21
2021-05-31,tomatoes,Bibiani,203.0,3.88,0,5,22
2021-06-07,tomatoes,Bibiani,240.9,3.87,0,6,23
2021-06-14,tomatoes,Bibiani,225.6,4.03,0,6,24
2021-06-21,tomatoes,Bibiani,203.1,4.23,0,6,25
2021-06-28,tomatoes,Bibiani,238.6,4.02,0,6,26
2021-07-05,tomatoes,Bibiani,219.7,4.34,0,7,27
2021-07-12,tomatoes,Bibiani,184.1,4.77,0,7,28
2021-07-19,tomatoes,Bibiani,189.6,4.85,0,7,29
2021-07-26,tomatoes,Bibiani,204.3,4.63,0,7,30
2021-08-02,tomatoes,Bibiani,307.7,4.31,1,8,31
2021-08-09,tomatoes,Bibiani,284.4,4.8,1,8,32
2021-08-16,tomatoes,Bibiani,312.6,4.36,1,8,33
2021-08-23,tomatoes,Bibiani,274.6,4.73,1,8,34
2021-08-30,tomatoes,Bibiani,263.3,4.51,1,8,35
2021-09-06,tomatoes,Bibiani,227.2,4.0,0,9,36
2021-09-13,tomatoes,Bibiani,192.9,4.12,0,9,37
2021-09-20,tomatoes,Bibiani,204.2,4.17,0,9,38
2021-09-27,tomatoes,Bibiani,196.9,4.09,0,9,39
2021-10-04,tomatoes,Bibiani,194.6,3.68,0,10,40
2021-10-11,tomatoes,Bibiani,228.5,3.53,0,10,41
2021-10-18,tomatoes,Bibiani,211.0,3.73,0,10,42
2021-10-25,tomatoes,Bibiani,214.8,3.63,0,10,43
2021-11-01,tomatoes,Bibiani,207.5,3.51,0,11,44
2021-11-08,tomatoes,Bibiani,217.3,3.49,0,11,45
2021-11-15,tomatoes,Bibiani,236.9,3.38,0,11,46
2021-11-22,tomatoes,Bibiani,217.6,3.66,0,11,47
2021-11-29,tomatoes,Bibiani,233.9,3.56,0,11,48
2021-12-06,tomatoes,Bibiani,251.8,3.29,0,12,49
2021-12-13,tomatoes,Bibiani,220.9,3.56,0,12,50
2021-12-20,tomatoes,Bibiani,334.7,3.51,1,12,51
2021-12-27,tomatoes,Bibiani,334.1,3.87,1,12,52
2022-01-03,tomatoes,Bibiani,214.9,4.34,0,1,1
2022-01-10,tomatoes,Bibiani,204.7,4.38,0,1,2
2022-01-17,tomatoes,Bibiani,186.1,4.86,0,1,3
2022-01-24,tomatoes,Bibiani,198.2,4.9,0,1,4
2022-01-31,tomatoes,Bibiani,240.7,4.51,0,1,5
2022-02-07,tomatoes,Bibiani,203.6,4.56,0,2,6
2022-02-14,tomatoes,Bibiani,201.7,4.8,0,2,7
2022-02-21,tomatoes,Bibiani,203.7,4.25,0,2,8
2022-02-28,tomatoes,Bibiani,234.3,4.33,0,2,9
2022-03-07,tomatoes,Bibiani,234.1,3.97,0,3,10
2022-03-14,tomatoes,Bibiani,221.2,4.26,0,3,11
2022-03-21,tomatoes,Bibiani,242.0,3.94,0,3,12
2022-03-28,tomatoes,Bibiani,214.3,4.03,0,3,13
2022-04-04,tomatoes,Bibiani,330.5,4.22,1,4,14
2022-04-11,tomatoes,Bibiani,360.9,4.38,1,4,15
2022-04-18,tomatoes,Bibiani,233.3,3.95,0,4,16
2022-04-25,tomatoes,Bibiani,191.6,4.04,0,4,17
2022-05-02,tomatoes,Bibiani,215.8,4.36,0,5,18
2022-05-09,tomatoes,Bibiani,223.9,3.82,0,5,19
2022-05-16,tomatoes,Bibiani,226.5,4.23,0,5,20
2022-05-23,tomatoes,Bibiani,234.0,3.9,0,5,21
2022-05-30,tomatoes,Bibiani,197.7,4.08,0,5,22
2022-06-06,tomatoes,Bibiani,224.6,4.4,0,6,23
2022-06-13,tomatoes,Bibiani,228.5,4.28,0,6,24
2022-06-20,tomatoes,Bibiani,231.0,4.27,0,6,25
2022-06-27,tomatoes,Bibiani,224.8,4.5,0,6,26
2022-07-04,tomatoes,Bibiani,213.6,5.21,0,7,27
2022-07-11,tomatoes,Bibiani,207.5,4.99,0,7,28
2022-07-18,tomatoes,Bibiani,201.5,5.03,0,7,29
2022-07-25,tomatoes,Bibiani,211.9,5.13,0,7,30
2022-08-01,tomatoes,Bibiani,353.0,4.85,1,8,31
2022-08-08,tomatoes,Bibiani,312.0,5.19,1,8,32
2022-08-15,tomatoes,Bibiani,298.5,5.21,1,8,33
2022-08-22,tomatoes,Bibiani,287.8,5.57,1,8,34
2022-08-29,tomatoes,Bibiani,310.2,4.97,1,8,35
2022-09-05,tomatoes,Bibiani,223.7,4.45,0,9,36
2022-09-12,tomatoes,Bibiani,243.5,4.67,0,9,37
2022-09-19,tomatoes,Bibiani,205.5,4.68,0,9,38
2022-09-26,tomatoes,Bibiani,239.3,4.44,0,9,39
2022-10-03,tomatoes,Bibiani,225.2,3.82,0,10,40
2022-10-10,tomatoes,Bibiani,201.3,3.96,0,10,41
2022-10-17,tomatoes,Bibiani,227.5,3.75,0,10,42
2022-10-24,tomatoes,Bibiani,219.5,3.82,0,10,43
2022-10-31,tomatoes,Bibiani,231.6,3.89,0,10,44
2022-11-07,tomatoes,Bibiani,219.4,4.06,0,11,45
2022-11-14,tomatoes,Bibiani,214.8,3.81,0,11,46
2022-11-21,tomatoes,Bibiani,258.8,3.62,0,11,47
2022-11-28,tomatoes,Bibiani,254.4,3.6,0,11,48
2022-12-05,tomatoes,Bibiani,256.3,3.73,0,12,49
2022-12-12,tomatoes,Bibiani,237.9,3.72,0,12,50
2022-12-19,tomatoes,Bibiani,225.9,3.9,0,12,51
2022-12-26,tomatoes,Bibiani,404.4,3.74,1,12,52
2023-01-02,tomatoes,Bibiani,206.6,4.88,0,1,1
2023-01-09,tomatoes,Bibiani,216.0,4.87,0,1,2
2023-01-16,tomatoes,Bibiani,209.8,4.94,0,1,3
2023-01-23,tomatoes,Bibiani,183.8,5.29,0,1,4
2023-01-30,tomatoes,Bibiani,206.8,5.16,0,1,5
2023-02-06,tomatoes,Bibiani,204.0,5.06,0,2,6
2023-02-13,tomatoes,Bibiani,209.7,4.96,0,2,7
2023-02-20,tomatoes,Bibiani,217.1,4.97,0,2,8
2023-02-27,tomatoes,Bibiani,223.6,5.12,0,2,9
2023-03-06,tomatoes,Bibiani,209.8,4.44,0,3,10
2023-03-13,tomatoes,Bibiani,226.6,4.18,0,3,11
2023-03-20,tomatoes,Bibiani,214.5,4.34,0,3,12
2023-03-27,tomatoes,Bibiani,228.0,3.98,0,3,13
2023-04-03,tomatoes,Bibiani,339.9,4.4,1,4,14
2023-04-10,tomatoes,Bibiani,342.5,4.5,1,4,15
2023-04-17,tomatoes,Bibiani,235.5,4.31,0,4,16
2023-04-24,tomatoes,Bibiani,218.0,4.68,0,4,17
2023-05-01,tomatoes,Bibiani,217.1,4.24,0,5,18
2023-05-08,tomatoes,Bibiani,241.7,4.43,0,5,19
2023-05-15,tomatoes,Bibiani,239.0,4.38,0,5,20
2023-05-22,tomatoes,Bibiani,214.3,4.37,0,5,21
2023-05-29,tomatoes,Bibiani,243.2,4.37,0,5,22
2023-06-05,tomatoes,Bibiani,227.4,4.82,0,6,23
2023-06-12,tomatoes,Bibiani,215.9,4.97,0,6,24
2023-06-19,tomatoes,Bibiani,219.4,5.07,0,6,25
2023-06-26,tomatoes,Bibiani,223.4,4.8,0,6,26
2023-07-03,tomatoes,Bibiani,207.5,5.59,0,7,27
2023-07-10,tomatoes,Bibiani,212.6,5.26,0,7,28
2023-07-17,tomatoes,Bibiani,197.1,5.58,0,7,29
2023-07-24,tomatoes,Bibiani,185.0,5.25,0,7,30
2023-07-31,tomatoes,Bibiani,205.6,5.65,0,7,31
2023-08-07,tomatoes,Bibiani,282.7,5.93,1,8,32
2023-08-14,tomatoes,Bibiani,323.8,5.42,1,8,33
2023-08-21,tomatoes,Bibiani,339.7,4.97,1,8,34
2023-08-28,tomatoes,Bibiani,306.7,5.33,1,8,35
2023-09-04,tomatoes,Bibiani,230.0,5.14,0,9,36
2023-09-11,tomatoes,Bibiani,223.6,5.01,0,9,37
2023-09-18,tomatoes,Bibiani,225.1,4.95,0,9,38
2023-09-25,tomatoes,Bibiani,216.5,5.09,0,9,39
2023-10-02,tomatoes,Bibiani,248.4,4.27,0,10,40
2023-10-09,tomatoes,Bibiani,211.5,4.39,0,10,41
2023-10-16,tomatoes,Bibiani,218.6,4.34,0,10,42
2023-10-23,tomatoes,Bibiani,202.8,4.44,0,10,43
2023-10-30,tomatoes,Bibiani,236.3,4.25,0,10,44
2023-11-06,tomatoes,Bibiani,215.4,4.37,0,11,45
2023-11-13,tomatoes,Bibiani,225.0,4.16,0,11,46
2023-11-20,tomatoes,Bibiani,226.4,4.11,0,11,47
2023-11-27,tomatoes,Bibiani,219.1,4.5,0,11,48
2023-12-04,tomatoes,Bibiani,211.0,4.28,0,12,49
2023-12-11,tomatoes,Bibiani,194.0,4.38,0,12,50
2023-12-18,tomatoes,Bibiani,235.2,4.26,0,12,51
2023-12-25,tomatoes,Bibiani,339.3,4.14,1,12,52
2024-01-01,tomatoes,Bibiani,224.4,5.43,0,1,1
2024-01-08,tomatoes,Bibiani,223.9,5.74,0,1,2
2024-01-15,tomatoes,Bibiani,207.9,5.55,0,1,3
2024-01-22,tomatoes,Bibiani,242.9,5.05,0,1,4
2024-01-29,tomatoes,Bibiani,214.6,5.38,0,1,5
2024-02-05,tomatoes,Bibiani,222.6,5.85,0,2,6
2024-02-12,tomatoes,Bibiani,209.5,5.41,0,2,7
2024-02-19,tomatoes,Bibiani,194.1,5.07,0,2,8
2024-02-26,tomatoes,Bibiani,201.6,5.87,0,2,9
2024-03-04,tomatoes,Bibiani,248.0,4.81,0,3,10
2024-03-11,tomatoes,Bibiani,237.4,4.67,0,3,11
2024-03-18,tomatoes,Bibiani,225.0,4.61,0,3,12
2024-03-25,tomatoes,Bibiani,226.9,4.88,0,3,13
2024-04-01,tomatoes,Bibiani,389.2,4.61,1,4,14
2024-04-08,tomatoes,Bibiani,348.0,4.93,1,4,15
2024-04-15,tomatoes,Bibiani,262.1,4.81,0,4,16
2024-04-22,tomatoes,Bibiani,221.1,4.76,0,4,17
2024-04-29,tomatoes,Bibiani,242.7,4.74,0,4,18
2024-05-06,tomatoes,Bibiani,242.1,4.71,0,5,19
2024-05-13,tomatoes,Bibiani,214.0,4.94,0,5,20
2024-05-20,tomatoes,Bibiani,230.4,4.58,0,5,21
2024-05-27,tomatoes,Bibiani,257.2,4.43,0,5,22
2024-06-03,tomatoes,Bibiani,225.8,5.32,0,6,23
2024-06-10,tomatoes,Bibiani,228.4,5.32,0,6,24
2024-06-17,tomatoes,Bibiani,202.7,5.29,0,6,25
2024-06-24,tomatoes,Bibiani,234.3,5.27,0,6,26
2024-07-01,tomatoes,Bibiani,215.6,5.77,0,7,27
2024-07-08,tomatoes,Bibiani,204.3,6.03,0,7,28
2024-07-15,tomatoes,Bibiani,214.6,5.84,0,7,29
2024-07-22,tomatoes,Bibiani,207.9,5.73,0,7,30
2024-07-29,tomatoes,Bibiani,204.5,5.77,0,7,31
2024-08-05,tomatoes,Bibiani,292.2,6.36,1,8,32
2024-08-12,tomatoes,Bibiani,322.3,5.48,1,8,33
2024-08-19,tomatoes,Bibiani,350.3,6.0,1,8,34
2024-08-26,tomatoes,Bibiani,349.2,5.49,1,8,35
2024-09-02,tomatoes,Bibiani,216.5,5.27,0,9,36
2024-09-09,tomatoes,Bibiani,260.5,5.2,0,9,37
2024-09-16,tomatoes,Bibiani,238.3,4.85,0,9,38
2024-09-23,tomatoes,Bibiani,227.0,5.37,0,9,39
2024-09-30,tomatoes,Bibiani,244.3,5.21,0,9,40
2024-10-07,tomatoes,Bibiani,220.0,4.14,0,10,41
2024-10-14,tomatoes,Bibiani,224.4,4.68,0,10,42
2024-10-21,tomatoes,Bibiani,216.3,4.78,0,10,43
2024-10-28,tomatoes,Bibiani,226.4,4.79,0,10,44
2024-11-04,tomatoes,Bibiani,236.4,4.62,0,11,45
2024-11-11,tomatoes,Bibiani,232.5,4.56,0,11,46
2024-11-18,tomatoes,Bibiani,223.1,4.8,0,11,47
2024-11-25,tomatoes,Bibiani,236.9,4.86,0,11,48
2024-12-02,tomatoes,Bibiani,230.7,4.79,0,12,49
2024-12-09,tomatoes,Bibiani,241.7,4.41,0,12,50
2024-12-16,tomatoes,Bibiani,234.9,4.62,0,12,51
2024-12-23,tomatoes,Bibiani,426.5,4.66,1,12,52
2024-12-30,tomatoes,Bibiani,415.9,4.25,1,12,1
2018-01-01,tomatoes,Juaboso,134.4,3.68,0,1,1
2018-01-08,tomatoes,Juaboso,128.6,3.46,0,1,2
2018-01-15,tomatoes,Juaboso,129.7,3.57,0,1,3
2018-01-22,tomatoes,Juaboso,143.0,3.4,0,1,4
2018-01-29,tomatoes,Juaboso,147.2,3.37,0,1,5
2018-02-05,tomatoes,Juaboso,141.6,3.45,0,2,6
2018-02-12,tomatoes,Juaboso,155.0,3.29,0,2,7
2018-02-19,tomatoes,Juaboso,147.3,3.27,0,2,8
2018-02-26,tomatoes,Juaboso,134.9,3.57,0,2,9
2018-03-05,tomatoes,Juaboso,158.5,3.07,0,3,10
2018-03-12,tomatoes,Juaboso,177.3,2.8,0,3,11
2018-03-19,tomatoes,Juaboso,144.1,3.03,0,3,12
2018-03-26,tomatoes,Juaboso,161.9,2.9,0,3,13
2018-04-02,tomatoes,Juaboso,219.9,2.97,1,4,14
2018-04-09,tomatoes,Juaboso,225.1,2.99,1,4,15
2018-04-16,tomatoes,Juaboso,149.2,3.05,0,4,16
2018-04-23,tomatoes,Juaboso,169.8,2.94,0,4,17
2018-04-30,tomatoes,Juaboso,145.6,3.1,0,4,18
2018-05-07,tomatoes,Juaboso,150.2,2.99,0,5,19
2018-05-14,tomatoes,Juaboso,157.1,3.02,0,5,20
2018-05-21,tomatoes,Juaboso,164.1,2.85,0,5,21
2018-05-28,tomatoes,Juaboso,143.0,3.2,0,5,22
2018-06-04,tomatoes,Juaboso,174.3,3.29,0,6,23
2018-06-11,tomatoes,Juaboso,152.3,3.32,0,6,24
2018-06-18,tomatoes,Juaboso,167.2,3.02,0,6,25
2018-06-25,tomatoes,Juaboso,158.2,3.12,0,6,26
2018-07-02,tomatoes,Juaboso,143.9,3.82,0,7,27
2018-07-09,tomatoes,Juaboso,154.8,3.68,0,7,28
2018-07-16,tomatoes,Juaboso,169.7,3.36,0,7,29
2018-07-23,tomatoes,Juaboso,134.5,3.79,0,7,30
2018-07-30,tomatoes,Juaboso,157.5,3.56,0,7,31
2018-08-06,tomatoes,Juaboso,215.7,3.87,1,8,32
2018-08-13,tomatoes,Juaboso,231.0,3.65,1,8,33
2018-08-20,tomatoes,Juaboso,215.3,3.69,1,8,34
2018-08-27,tomatoes,Juaboso,208.1,3.83,1,8,35
2018-09-03,tomatoes,Juaboso,172.5,3.17,0,9,36
2018-09-10,tomatoes,Juaboso,173.1,3.16,0,9,37
2018-09-17,tomatoes,Juaboso,174.9,3.26,0,9,38
2018-09-24,tomatoes,Juaboso,156.8,3.4,0,9,39
2018-10-01,tomatoes,Juaboso,167.6,2.66,0,10,40
2018-10-08,tomatoes,Juaboso,145.1,2.63,0,10,41
2018-10-15,tomatoes,Juaboso,142.5,2.91,0,10,42
2018-10-22,tomatoes,Juaboso,160.7,2.75,0,10,43
2018-10-29,tomatoes,Juaboso,152.9,2.77,0,10,44
2018-11-05,tomatoes,Juaboso,180.2,2.62,0,11,45
2018-11-12,tomatoes,Juaboso,152.2,2.76,0,11,46
2018-11-19,tomatoes,Juaboso,157.2,2.83,0,11,47
2018-11-26,tomatoes,Juaboso,153.2,2.94,0,11,48
2018-12-03,tomatoes,Juaboso,178.3,2.76,0,12,49
2018-12-10,tomatoes,Juaboso,149.0,3.04,0,12,50
2018-12-17,tomatoes,Juaboso,170.3,2.77,0,12,51
2018-12-24,tomatoes,Juaboso,278.7,2.77,1,12,52
2018-12-31,tomatoes,Juaboso,271.5,3.03,1,12,1
2019-01-07,tomatoes,Juaboso,157.5,3.68,0,1,2
2019-01-14,tomatoes,Juaboso,153.3,3.56,0,1,3
2019-01-21,tomatoes,Juaboso,136.3,3.62,0,1,4
2019-01-28,tomatoes,Juaboso,143.1,3.84,0,1,5
2019-02-04,tomatoes,Juaboso,144.8,3.88,0,2,6
2019-02-11,tomatoes,Juaboso,157.6,3.55,0,2,7
2019-02-18,tomatoes,Juaboso,144.7,3.66,0,2,8
2019-02-25,tomatoes,Juaboso,161.1,3.68,0,2,9
2019-03-04,tomatoes,Juaboso,167.4,3.02,0,3,10
2019-03-11,tomatoes,Juaboso,153.5,3.14,0,3,11
2019-03-18,tomatoes,Juaboso,157.6,3.15,0,3,12
2019-03-25,tomatoes,Juaboso,175.0,3.29,0,3,13
2019-04-01,tomatoes,Juaboso,256.6,3.32,1,4,14
2019-04-08,tomatoes,Juaboso,274.8,3.12,1,4,15
2019-04-15,tomatoes,Juaboso,153.3,3.14,0,4,16
2019-04-22,tomatoes,Juaboso,152.7,3.25,0,4,17
2019-04-29,tomatoes,Juaboso,158.7,3.09,0,4,18
2019-05-06,tomatoes,Juaboso,161.7,3.26,0,5,19
2019-05-13,tomatoes,Juaboso,161.7,3.17,0,5,20
2019-05-20,tomatoes,Juaboso,162.8,3.06,0,5,21
2019-05-27,tomatoes,Juaboso,164.1,3.06,0,5,22
2019-06-03,tomatoes,Juaboso,147.1,3.69,0,6,23
2019-06-10,tomatoes,Juaboso,160.3,3.46,0,6,24
2019-06-17,tomatoes,Juaboso,164.1,3.71,0,6,25
2019-06-24,tomatoes,Juaboso,149.0,3.41,0,6,26
2019-07-01,tomatoes,Juaboso,150.2,3.97,0,7,27
2019-07-08,tomatoes,Juaboso,150.1,4.3,0,7,28
2019-07-15,tomatoes,Juaboso,151.6,3.76,0,7,29
2019-07-22,tomatoes,Juaboso,152.4,3.63,0,7,30
2019-07-29,tomatoes,Juaboso,150.8,4.13,0,7,31
2019-08-05,tomatoes,Juaboso,214.4,3.82,1,8,32
2019-08-12,tomatoes,Juaboso,222.0,3.95,1,8,33
2019-08-19,tomatoes,Juaboso,212.0,3.86,1,8,34
2019-08-26,tomatoes,Juaboso,195.5,4.0,1,8,35
2019-09-02,tomatoes,Juaboso,165.2,3.42,0,9,36
2019-09-09,tomatoes,Juaboso,150.5,3.53,0,9,37
2019-09-16,tomatoes,Juaboso,159.6,3.62,0,9,38
2019-09-23,tomatoes,Juaboso,178.3,3.41,0,9,39
2019-09-30,tomatoes,Juaboso,184.0,3.45,0,9,40
2019-10-07,tomatoes,Juaboso,167.5,3.0,0,10,41
2019-10-14,tomatoes,Juaboso,182.8,2.87,0,10,42
2019-10-21,tomatoes,Juaboso,171.0,2.99,0,10,43
2019-10-28,tomatoes,Juaboso,160.8,3.05,0,10,44
2019-11-04,tomatoes,Juaboso,147.9,3.01,0,11,45
2019-11-11,tomatoes,Juaboso,182.7,3.03,0,11,46
2019-11-18,tomatoes,Juaboso,154.8,3.06,0,11,47
2019-11-25,tomatoes,Juaboso,182.5,2.98,0,11,48
2019-12-02,tomatoes,Juaboso,167.5,3.16,0,12,49
2019-12-09,tomatoes,Juaboso,149.3,3.26,0,12,50
2019-12-16,tomatoes,Juaboso,171.1,3.02,0,12,51
2019-12-23,tomatoes,Juaboso,305.6,3.14,1,12,52
2019-12-30,tomatoes,Juaboso,302.4,3.05,1,12,1
2020-01-06,tomatoes,Juaboso,147.7,3.99,0,1,2
2020-01-13,tomatoes,Juaboso,140.9,4.18,0,1,3
2020-01-20,tomatoes,Juaboso,152.5,4.02,0,1,4
2020-01-27,tomatoes,Juaboso,161.0,3.66,0,1,5
2020-02-03,tomatoes,Juaboso,163.2,4.03,0,2,6
2020-02-10,tomatoes,Juaboso,155.3,4.16,0,2,7
2020-02-17,tomatoes,Juaboso,139.4,3.93,0,2,8
2020-02-24,tomatoes,Juaboso,153.9,4.12,0,2,9
2020-03-02,tomatoes,Juaboso,167.3,3.3,0,3,10
2020-03-09,tomatoes,Juaboso,173.4,3.2,0,3,11
2020-03-16,tomatoes,Juaboso,167.1,3.42,0,3,12
2020-03-23,tomatoes,Juaboso,187.3,3.16,0,3,13
2020-03-30,tomatoes,Juaboso,176.6,3.36,0,3,14
2020-04-06,tomatoes,Juaboso,240.1,3.59,1,4,15
2020-04-13,tomatoes,Juaboso,275.7,3.16,1,4,16
2020-04-20,tomatoes,Juaboso,167.9,3.24,0,4,17
2020-04-27,tomatoes,Juaboso,153.7,3.28,0,4,18
2020-05-04,tomatoes,Juaboso,165.3,3.43,0,5,19
2020-05-11,tomatoes,Juaboso,186.5,3.39,0,5,20
2020-05-18,tomatoes,Juaboso,143.1,3.63,0,5,21
2020-05-25,tomatoes,Juaboso,161.3,3.57,0,5,22
2020-06-01,tomatoes,Juaboso,161.4,3.84,0,6,23
2020-06-08,tomatoes,Juaboso,166.4,3.79,0,6,24
2020-06-15,tomatoes,Juaboso,153.2,3.82,0,6,25
2020-06-22,tomatoes,Juaboso,154.5,3.63,0,6,26
2020-06-29,tomatoes,Juaboso,147.2,3.89,0,6,27
2020-07-06,tomatoes,Juaboso,169.2,4.05,0,7,28
2020-07-13,tomatoes,Juaboso,139.0,4.38,0,7,29
2020-07-20,tomatoes,Juaboso,141.8,4.44,0,7,30
2020-07-27,tomatoes,Juaboso,169.3,4.28,0,7,31
2020-08-03,tomatoes,Juaboso,217.7,4.24,1,8,32
2020-08-10,tomatoes,Juaboso,228.4,4.34,1,8,33
2020-08-17,tomatoes,Juaboso,264.1,3.78,1,8,34
2020-08-24,tomatoes,Juaboso,238.3,4.32,1,8,35
2020-08-31,tomatoes,Juaboso,209.2,4.25,1,8,36
2020-09-07,tomatoes,Juaboso,158.4,3.83,0,9,37
2020-09-14,tomatoes,Juaboso,164.6,3.95,0,9,38
2020-09-21,tomatoes,Juaboso,184.6,3.83,0,9,39
2020-09-28,tomatoes,Juaboso,163.4,3.66,0,9,40
2020-10-05,tomatoes,Juaboso,164.1,3.26,0,10,41
2020-10-12,tomatoes,Juaboso,172.2,3.29,0,10,42
2020-10-19,tomatoes,Juaboso,173.8,3.3,0,10,43
2020-10-26,tomatoes,Juaboso,174.5,3.3,0,10,44
2020-11-02,tomatoes,Juaboso,155.2,3.44,0,11,45
2020-11-09,tomatoes,Juaboso,168.7,3.16,0,11,46
2020-11-16,tomatoes,Juaboso,169.7,3.33,0,11,47
2020-11-23,tomatoes,Juaboso,174.8,3.47,0,11,48
2020-11-30,tomatoes,Juaboso,175.5,3.07,0,11,49
2020-12-07,tomatoes,Juaboso,167.7,3.35,0,12,50
2020-12-14,tomatoes,Juaboso,161.2,3.25,0,12,51
2020-12-21,tomatoes,Juaboso,315.0,3.28,1,12,52
2020-12-28,tomatoes,Juaboso,291.3,3.2,1,12,53
2021-01-04,tomatoes,Juaboso,168.1,4.22,0,1,1
2021-01-11,tomatoes,Juaboso,149.0,4.57,0,1,2
2021-01-18,tomatoes,Juaboso,164.0,4.04,0,1,3
2021-01-25,tomatoes,Juaboso,148.2,4.05,0,1,4
2021-02-01,tomatoes,Juaboso,142.5,4.06,0,2,5
2021-02-08,tomatoes,Juaboso,160.9,4.57,0,2,6
2021-02-15,tomatoes,Juaboso,160.2,4.2,0,2,7
2021-02-22,tomatoes,Juaboso,159.5,4.27,0,2,8
2021-03-01,tomatoes,Juaboso,158.0,3.61,0,3,9
2021-03-08,tomatoes,Juaboso,164.3,3.53,0,3,10
2021-03-15,tomatoes,Juaboso,181.0,3.63,0,3,11
2021-03-22,tomatoes,Juaboso,173.7,4.03,0,3,12
2021-03-29,tomatoes,Juaboso,156.1,3.87,0,3,13
2021-04-05,tomatoes,Juaboso,283.8,3.57,1,4,14
2021-04-12,tomatoes,Juaboso,263.9,3.79,1,4,15
2021-04-19,tomatoes,Juaboso,172.1,3.57,0,4,16
2021-04-26,tomatoes,Juaboso,198.5,3.43,0,4,17
2021-05-03,tomatoes,Juaboso,159.8,3.87,0,5,18
2021-05-10,tomatoes,Juaboso,175.8,3.89,0,5,19
2021-05-17,tomatoes,Juaboso,168.0,3.87,0,5,20
2021-05-24,tomatoes,Juaboso,171.5,3.65,0,5,21
2021-05-31,tomatoes,Juaboso,184.2,3.69,0,5,22
2021-06-07,tomatoes,Juaboso,166.8,4.19,0,6,23
2021-06-14,tomatoes,Juaboso,164.8,4.13,0,6,24
2021-06-21,tomatoes,Juaboso,183.8,4.0,0,6,25
2021-06-28,tomatoes,Juaboso,189.6,3.8,0,6,26
2021-07-05,tomatoes,Juaboso,165.0,4.6,0,7,27
2021-07-12,tomatoes,Juaboso,114.6,4.78,0,7,28
2021-07-19,tomatoes,Juaboso,164.4,4.36,0,7,29
2021-07-26,tomatoes,Juaboso,153.3,4.7,0,7,30
2021-08-02,tomatoes,Juaboso,228.4,4.67,1,8,31
2021-08-09,tomatoes,Juaboso,234.3,4.75,1,8,32
2021-08-16,tomatoes,Juaboso,228.8,4.77,1,8,33
2021-08-23,tomatoes,Juaboso,245.8,4.48,1,8,34
2021-08-30,tomatoes,Juaboso,239.2,4.31,1,8,35
2021-09-06,tomatoes,Juaboso,186.6,4.06,0,9,36
2021-09-13,tomatoes,Juaboso,171.9,4.29,0,9,37
2021-09-20,tomatoes,Juaboso,177.1,4.05,0,9,38
2021-09-27,tomatoes,Juaboso,177.2,4.03,0,9,39
2021-10-04,tomatoes,Juaboso,194.1,3.29,0,10,40
2021-10-11,tomatoes,Juaboso,173.3,3.79,0,10,41
2021-10-18,tomatoes,Juaboso,166.5,3.66,0,10,42
2021-10-25,tomatoes,Juaboso,177.9,3.65,0,10,43
2021-11-01,tomatoes,Juaboso,168.7,3.71,0,11,44
2021-11-08,tomatoes,Juaboso,188.5,3.65,0,11,45
2021-11-15,tomatoes,Juaboso,184.7,3.53,0,11,46
2021-11-22,tomatoes,Juaboso,166.5,3.54,0,11,47
2021-11-29,tomatoes,Juaboso,198.4,3.51,0,11,48
2021-12-06,tomatoes,Juaboso,139.6,3.97,0,12,49
2021-12-13,tomatoes,Juaboso,175.9,3.67,0,12,50
2021-12-20,tomatoes,Juaboso,278.2,3.52,1,12,51
2021-12-27,tomatoes,Juaboso,313.9,3.66,1,12,52
2022-01-03,tomatoes,Juaboso,167.6,4.41,0,1,1
2022-01-10,tomatoes,Juaboso,145.9,4.87,0,1,2
2022-01-17,tomatoes,Juaboso,160.8,4.47,0,1,3
2022-01-24,tomatoes,Juaboso,151.1,4.68,0,1,4
2022-01-31,tomatoes,Juaboso,152.3,4.79,0,1,5
2022-02-07,tomatoes,Juaboso,155.5,4.69,0,2,6
2022-02-14,tomatoes,Juaboso,152.7,4.64,0,2,7
2022-02-21,tomatoes,Juaboso,163.1,4.62,0,2,8
2022-02-28,tomatoes,Juaboso,164.5,4.61,0,2,9
2022-03-07,tomatoes,Juaboso,164.7,3.87,0,3,10
2022-03-14,tomatoes,Juaboso,157.2,3.89,0,3,11
2022-03-21,tomatoes,Juaboso,167.9,4.2,0,3,12
2022-03-28,tomatoes,Juaboso,178.1,3.95,0,3,13
2022-04-04,tomatoes,Juaboso,290.2,3.86,1,4,14
2022-04-11,tomatoes,Juaboso,284.5,3.91,1,4,15
2022-04-18,tomatoes,Juaboso,182.8,4.16,0,4,16
2022-04-25,tomatoes,Juaboso,179.0,4.1,0,4,17
2022-05-02,tomatoes,Juaboso,197.3,4.1,0,5,18
2022-05-09,tomatoes,Juaboso,206.5,3.97,0,5,19
2022-05-16,tomatoes,Juaboso,151.8,4.11,0,5,20
2022-05-23,tomatoes,Juaboso,152.9,3.91,0,5,21
2022-05-30,tomatoes,Juaboso,174.1,3.97,0,5,22
2022-06-06,tomatoes,Juaboso,171.3,4.56,0,6,23
2022-06-13,tomatoes,Juaboso,166.1,4.54,0,6,24
2022-06-20,tomatoes,Juaboso,183.7,4.22,0,6,25
2022-06-27,tomatoes,Juaboso,172.8,4.24,0,6,26
2022-07-04,tomatoes,Juaboso,150.4,4.97,0,7,27
2022-07-11,tomatoes,Juaboso,144.8,5.29,0,7,28
2022-07-18,tomatoes,Juaboso,165.1,4.57,0,7,29
2022-07-25,tomatoes,Juaboso,164.1,5.0,0,7,30
2022-08-01,tomatoes,Juaboso,238.6,4.71,1,8,31
2022-08-08,tomatoes,Juaboso,236.3,4.85,1,8,32
2022-08-15,tomatoes,Juaboso,246.4,4.91,1,8,33
2022-08-22,tomatoes,Juaboso,235.8,4.9,1,8,34
2022-08-29,tomatoes,Juaboso,255.8,4.87,1,8,35
2022-09-05,tomatoes,Juaboso,162.3,4.48,0,9,36
2022-09-12,tomatoes,Juaboso,162.8,4.38,0,9,37
2022-09-19,tomatoes,Juaboso,183.3,4.21,0,9,38
2022-09-26,tomatoes,Juaboso,172.0,4.62,0,9,39
2022-10-03,tomatoes,Juaboso,162.5,3.94,0,10,40
2022-10-10,tomatoes,Juaboso,184.5,3.96,0,10,41
2022-10-17,tomatoes,Juaboso,205.0,3.59,0,10,42
2022-10-24,tomatoes,Juaboso,167.1,3.87,0,10,43
2022-10-31,tomatoes,Juaboso,187.0,3.93,0,10,44
2022-11-07,tomatoes,Juaboso,155.3,3.69,0,11,45
2022-11-14,tomatoes,Juaboso,186.8,3.85,0,11,46
2022-11-21,tomatoes,Juaboso,166.8,3.84,0,11,47
2022-11-28,tomatoes,Juaboso,175.9,4.14,0,11,48
2022-12-05,tomatoes,Juaboso,156.5,4.18,0,12,49
2022-12-12,tomatoes,Juaboso,184.2,3.62,0,12,50
2022-12-19,tomatoes,Juaboso,155.5,4.27,0,12,51
2022-12-26,tomatoes,Juaboso,296.0,3.74,1,12,52
2023-01-02,tomatoes,Juaboso,176.2,5.15,0,1,1
2023-01-09,tomatoes,Juaboso,157.8,5.15,0,1,2
2023-01-16,tomatoes,Juaboso,189.8,4.76,0,1,3
2023-01-23,tomatoes,Juaboso,157.2,5.06,0,1,4
2023-01-30,tomatoes,Juaboso,178.5,4.94,0,1,5
2023-02-06,tomatoes,Juaboso,145.3,5.1,0,2,6
2023-02-13,tomatoes,Juaboso,159.6,5.04,0,2,7
2023-02-20,tomatoes,Juaboso,152.9,5.23,0,2,8
2023-02-27,tomatoes,Juaboso,178.2,5.01,0,2,9
2023-03-06,tomatoes,Juaboso,178.5,4.25,0,3,10
2023-03-13,tomatoes,Juaboso,148.7,4.47,0,3,11
2023-03-20,tomatoes,Juaboso,159.0,4.38,0,3,12
2023-03-27,tomatoes,Juaboso,161.5,4.4,0,3,13
2023-04-03,tomatoes,Juaboso,298.4,4.19,1,4,14
2023-04-10,tomatoes,Juaboso,299.4,4.13,1,4,15
2023-04-17,tomatoes,Juaboso,175.7,4.21,0,4,16
2023-04-24,tomatoes,Juaboso,173.3,4.2,0,4,17
2023-05-01,tomatoes,Juaboso,179.6,4.47,0,5,18
2023-05-08,tomatoes,Juaboso,159.7,4.5,0,5,19
2023-05-15,tomatoes,Juaboso,181.8,4.31,0,5,20
2023-05-22,tomatoes,Juaboso,172.8,4.58,0,5,21
2023-05-29,tomatoes,Juaboso,166.5,4.57,0,5,22
2023-06-05,tomatoes,Juaboso,177.3,4.79,0,6,23
2023-06-12,tomatoes,Juaboso,179.9,4.59,0,6,24
2023-06-19,tomatoes,Juaboso,171.7,5.04,0,6,25
2023-06-26,tomatoes,Juaboso,160.8,4.73,0,6,26
2023-07-03,tomatoes,Juaboso,165.9,5.37,0,7,27
2023-07-10,tomatoes,Juaboso,172.2,5.27,0,7,28
2023-07-17,tomatoes,Juaboso,168.3,5.15,0,7,29
2023-07-24,tomatoes,Juaboso,174.1,5.03,0,7,30
2023-07-31,tomatoes,Juaboso,156.5,5.48,0,7,31
2023-08-07,tomatoes,Juaboso,259.4,5.21,1,8,32
2023-08-14,tomatoes,Juaboso,221.3,6.04,1,8,33
2023-08-21,tomatoes,Juaboso,231.3,5.15,1,8,34
2023-08-28,tomatoes,Juaboso,262.1,5.11,1,8,35
2023-09-04,tomatoes,Juaboso,155.8,4.93,0,9,36
2023-09-11,tomatoes,Juaboso,170.6,5.13,0,9,37
2023-09-18,tomatoes,Juaboso,170.9,4.85,0,9,38
2023-09-25,tomatoes,Juaboso,167.9,4.94,0,9,39
2023-10-02,tomatoes,Juaboso,191.1,3.83,0,10,40
2023-10-09,tomatoes,Juaboso,174.6,4.02,0,10,41
2023-10-16,tomatoes,Juaboso,190.1,3.96,0,10,42
2023-10-23,tomatoes,Juaboso,190.2,3.82,0,10,43
2023-10-30,tomatoes,Juaboso,171.5,4.15,0,10,44
2023-11-06,tomatoes,Juaboso,207.3,3.79,0,11,45
2023-11-13,tomatoes,Juaboso,188.7,3.94,0,11,46
2023-11-20,tomatoes,Juaboso,188.8,4.07,0,11,47
2023-11-27,tomatoes,Juaboso,199.2,4.02,0,11,48
2023-12-04,tomatoes,Juaboso,192.1,4.25,0,12,49
2023-12-11,tomatoes,Juaboso,183.7,4.24,0,12,50
2023-12-18,tomatoes,Juaboso,171.3,4.34,0,12,51
2023-12-25,tomatoes,Juaboso,266.3,4.31,1,12,52
2024-01-01,tomatoes,Juaboso,163.1,5.6,0,1,1
2024-01-08,tomatoes,Juaboso,177.5,5.36,0,1,2
2024-01-15,tomatoes,Juaboso,168.7,5.42,0,1,3
2024-01-22,tomatoes,Juaboso,130.1,5.47,0,1,4
2024-01-29,tomatoes,Juaboso,174.5,5.39,0,1,5
2024-02-05,tomatoes,Juaboso,178.5,5.3,0,2,6
2024-02-12,tomatoes,Juaboso,165.5,5.32,0,2,7
2024-02-19,tomatoes,Juaboso,181.4,5.21,0,2,8
2024-02-26,tomatoes,Juaboso,171.1,5.48,0,2,9
2024-03-04,tomatoes,Juaboso,172.3,4.6,0,3,10
2024-03-11,tomatoes,Juaboso,196.7,4.5,0,3,11
2024-03-18,tomatoes,Juaboso,168.8,4.5,0,3,12
2024-03-25,tomatoes,Juaboso,185.2,4.4,0,3,13
2024-04-01,tomatoes,Juaboso,271.9,4.83,1,4,14
2024-04-08,tomatoes,Juaboso,267.5,4.67,1,4,15
2024-04-15,tomatoes,Juaboso,187.6,4.49,0,4,16
2024-04-22,tomatoes,Juaboso,189.0,4.8,0,4,17
2024-04-29,tomatoes,Juaboso,196.0,4.55,0,4,18
2024-05-06,tomatoes,Juaboso,195.8,4.42,0,5,19
2024-05-13,tomatoes,Juaboso,156.7,4.87,0,5,20
2024-05-20,tomatoes,Juaboso,168.0,4.58,0,5,21
2024-05-27,tomatoes,Juaboso,183.9,4.6,0,5,22
2024-06-03,tomatoes,Juaboso,177.4,5.13,0,6,23
2024-06-10,tomatoes,Juaboso,166.9,5.36,0,6,24
2024-06-17,tomatoes,Juaboso,198.1,5.13,0,6,25
2024-06-24,tomatoes,Juaboso,185.7,4.88,0,6,26
2024-07-01,tomatoes,Juaboso,166.3,5.9,0,7,27
2024-07-08,tomatoes,Juaboso,176.0,5.66,0,7,28
2024-07-15,tomatoes,Juaboso,155.5,6.21,0,7,29
2024-07-22,tomatoes,Juaboso,189.3,5.77,0,7,30
2024-07-29,tomatoes,Juaboso,165.7,5.26,0,7,31
2024-08-05,tomatoes,Juaboso,233.9,5.89,1,8,32
2024-08-12,tomatoes,Juaboso,218.7,6.26,1,8,33
2024-08-19,tomatoes,Juaboso,256.1,6.18,1,8,34
2024-08-26,tomatoes,Juaboso,243.6,6.24,1,8,35
2024-09-02,tomatoes,Juaboso,178.5,5.01,0,9,36
2024-09-09,tomatoes,Juaboso,165.1,5.41,0,9,37
2024-09-16,tomatoes,Juaboso,198.0,5.07,0,9,38
2024-09-23,tomatoes,Juaboso,181.5,5.27,0,9,39
2024-09-30,tomatoes,Juaboso,201.9,4.95,0,9,40
2024-10-07,tomatoes,Juaboso,185.1,4.35,0,10,41
2024-10-14,tomatoes,Juaboso,191.5,4.35,0,10,42
2024-10-21,tomatoes,Juaboso,180.5,4.63,0,10,43
2024-10-28,tomatoes,Juaboso,171.2,4.61,0,10,44
2024-11-04,tomatoes,Juaboso,179.5,4.54,0,11,45
2024-11-11,tomatoes,Juaboso,176.8,4.25,0,11,46
2024-11-18,tomatoes,Juaboso,189.6,4.44,0,11,47
2024-11-25,tomatoes,Juaboso,195.2,4.36,0,11,48
2024-12-02,tomatoes,Juaboso,188.7,4.68,0,12,49
2024-12-09,tomatoes,Juaboso,183.5,4.74,0,12,50
2024-12-16,tomatoes,Juaboso,175.9,4.71,0,12,51
2024-12-23,tomatoes,Juaboso,339.4,4.39,1,12,52
2024-12-30,tomatoes,Juaboso,348.8,4.03,1,12,1
2018-01-01,tomatoes,Sefwi Wiawso,181.2,3.8,0,1,1
2018-01-08,tomatoes,Sefwi Wiawso,191.7,3.54,0,1,2
2018-01-15,tomatoes,Sefwi Wiawso,176.9,3.49,0,1,3
2018-01-22,tomatoes,Sefwi Wiawso,170.1,3.83,0,1,4
2018-01-29,tomatoes,Sefwi Wiawso,175.7,3.78,0,1,5
2018-02-05,tomatoes,Sefwi Wiawso,162.5,3.62,0,2,6
2018-02-12,tomatoes,Sefwi Wiawso,164.1,3.58,0,2,7
2018-02-19,tomatoes,Sefwi Wiawso,161.6,3.6,0,2,8
2018-02-26,tomatoes,Sefwi Wiawso,172.3,3.65,0,2,9
2018-03-05,tomatoes,Sefwi Wiawso,175.3,3.3,0,3,10
2018-03-12,tomatoes,Sefwi Wiawso,168.9,3.16,0,3,11
2018-03-19,tomatoes,Sefwi Wiawso,185.1,3.19,0,3,12
2018-03-26,tomatoes,Sefwi Wiawso,179.9,3.25,0,3,13
2018-04-02,tomatoes,Sefwi Wiawso,327.6,2.98,1,4,14
2018-04-09,tomatoes,Sefwi Wiawso,323.5,3.22,1,4,15
2018-04-16,tomatoes,Sefwi Wiawso,194.3,3.09,0,4,16
2018-04-23,tomatoes,Sefwi Wiawso,194.6,2.81,0,4,17
2018-04-30,tomatoes,Sefwi Wiawso,208.2,2.86,0,4,18
2018-05-07,tomatoes,Sefwi Wiawso,193.8,3.02,0,5,19
2018-05-14,tomatoes,Sefwi Wiawso,182.3,3.21,0,5,20
2018-05-21,tomatoes,Sefwi Wiawso,177.5,3.16,0,5,21
2018-05-28,tomatoes,Sefwi Wiawso,181.6,3.17,0,5,22
2018-06-04,tomatoes,Sefwi Wiawso,174.0,3.71,0,6,23
2018-06-11,tomatoes,Sefwi Wiawso,202.6,3.27,0,6,24
2018-06-18,tomatoes,Sefwi Wiawso,191.8,3.44,0,6,25
2018-06-25,tomatoes,Sefwi Wiawso,204.7,3.48,0,6,26
2018-07-02,tomatoes,Sefwi Wiawso,182.3,3.76,0,7,27
2018-07-09,tomatoes,Sefwi Wiawso,175.5,3.88,0,7,28
2018-07-16,tomatoes,Sefwi Wiawso,176.6,3.63,0,7,29
2018-07-23,tomatoes,Sefwi Wiawso,154.0,4.1,0,7,30
2018-07-30,tomatoes,Sefwi Wiawso,168.9,3.77,0,7,31
2018-08-06,tomatoes,Sefwi Wiawso,231.6,4.22,1,8,32
2018-08-13,tomatoes,Sefwi Wiawso,217.1,3.9,1,8,33
2018-08-20,tomatoes,Sefwi Wiawso,233.8,4.06,1,8,34
2018-08-27,tomatoes,Sefwi Wiawso,281.7,3.89,1,8,35
2018-09-03,tomatoes,Sefwi Wiawso,191.4,3.5,0,9,36
2018-09-10,tomatoes,Sefwi Wiawso,186.3,3.42,0,9,37
2018-09-17,tomatoes,Sefwi Wiawso,191.0,3.52,0,9,38
2018-09-24,tomatoes,Sefwi Wiawso,163.6,3.55,0,9,39
2018-10-01,tomatoes,Sefwi Wiawso,198.1,2.91,0,10,40
2018-10-08,tomatoes,Sefwi Wiawso,206.1,2.98,0,10,41
2018-10-15,tomatoes,Sefwi Wiawso,192.4,2.93,0,10,42
2018-10-22,tomatoes,Sefwi Wiawso,159.2,3.28,0,10,43
2018-10-29,tomatoes,Sefwi Wiawso,186.2,2.99,0,10,44
2018-11-05,tomatoes,Sefwi Wiawso,196.2,3.21,0,11,45
2018-11-12,tomatoes,Sefwi Wiawso,194.7,3.0,0,11,46
2018-11-19,tomatoes,Sefwi Wiawso,173.2,3.05,0,11,47
2018-11-26,tomatoes,Sefwi Wiawso,226.9,2.86,0,11,48
2018-12-03,tomatoes,Sefwi Wiawso,179.3,2.98,0,12,49
2018-12-10,tomatoes,Sefwi Wiawso,187.3,3.06,0,12,50
2018-12-17,tomatoes,Sefwi Wiawso,171.2,3.23,0,12,51
2018-12-24,tomatoes,Sefwi Wiawso,295.4,3.07,1,12,52
2018-12-31,tomatoes,Sefwi Wiawso,296.4,3.21,1,12,1
2019-01-07,tomatoes,Sefwi Wiawso,180.9,3.99,0,1,2
2019-01-14,tomatoes,Sefwi Wiawso,182.6,4.14,0,1,3
2019-01-21,tomatoes,Sefwi Wiawso,173.8,3.88,0,1,4
2019-01-28,tomatoes,Sefwi Wiawso,155.8,4.26,0,1,5
2019-02-04,tomatoes,Sefwi Wiawso,186.0,3.83,0,2,6
2019-02-11,tomatoes,Sefwi Wiawso,187.8,3.79,0,2,7
2019-02-18,tomatoes,Sefwi Wiawso,187.5,3.72,0,2,8
2019-02-25,tomatoes,Sefwi Wiawso,169.1,4.28,0,2,9
2019-03-04,tomatoes,Sefwi Wiawso,185.3,3.46,0,3,10
2019-03-11,tomatoes,Sefwi Wiawso,194.0,3.31,0,3,11
2019-03-18,tomatoes,Sefwi Wiawso,182.2,3.52,0,3,12
2019-03-25,tomatoes,Sefwi Wiawso,199.4,3.44,0,3,13
2019-04-01,tomatoes,Sefwi Wiawso,322.5,3.64,1,4,14
2019-04-08,tomatoes,Sefwi Wiawso,318.9,3.17,1,4,15
2019-04-15,tomatoes,Sefwi Wiawso,192.7,3.34,0,4,16
2019-04-22,tomatoes,Sefwi Wiawso,197.1,3.31,0,4,17
2019-04-29,tomatoes,Sefwi Wiawso,195.4,3.11,0,4,18
2019-05-06,tomatoes,Sefwi Wiawso,194.3,3.54,0,5,19
2019-05-13,tomatoes,Sefwi Wiawso,198.3,3.36,0,5,20
2019-05-20,tomatoes,Sefwi Wiawso,182.6,3.5,0,5,21
2019-05-27,tomatoes,Sefwi Wiawso,188.7,3.72,0,5,22
2019-06-03,tomatoes,Sefwi Wiawso,192.2,3.66,0,6,23
2019-06-10,tomatoes,Sefwi Wiawso,181.2,3.65,0,6,24
2019-06-17,tomatoes,Sefwi Wiawso,193.2,3.73,0,6,25
2019-06-24,tomatoes,Sefwi Wiawso,187.1,3.86,0,6,26
2019-07-01,tomatoes,Sefwi Wiawso,188.0,4.09,0,7,27
2019-07-08,tomatoes,Sefwi Wiawso,187.0,4.08,0,7,28
2019-07-15,tomatoes,Sefwi Wiawso,168.3,4.36,0,7,29
2019-07-22,tomatoes,Sefwi Wiawso,167.8,4.25,0,7,30
2019-07-29,tomatoes,Sefwi Wiawso,186.0,3.85,0,7,31
2019-08-05,tomatoes,Sefwi Wiawso,277.4,4.01,1,8,32
2019-08-12,tomatoes,Sefwi Wiawso,257.5,4.47,1,8,33
2019-08-19,tomatoes,Sefwi Wiawso,263.2,4.28,1,8,34
2019-08-26,tomatoes,Sefwi Wiawso,266.0,4.09,1,8,35
2019-09-02,tomatoes,Sefwi Wiawso,203.3,3.76,0,9,36
2019-09-09,tomatoes,Sefwi Wiawso,182.9,3.79,0,9,37
2019-09-16,tomatoes,Sefwi Wiawso,214.4,3.9,0,9,38
2019-09-23,tomatoes,Sefwi Wiawso,208.1,3.58,0,9,39
2019-09-30,tomatoes,Sefwi Wiawso,182.5,3.66,0,9,40
2019-10-07,tomatoes,Sefwi Wiawso,194.6,3.28,0,10,41
2019-10-14,tomatoes,Sefwi Wiawso,203.7,3.23,0,10,42
2019-10-21,tomatoes,Sefwi Wiawso,187.2,3.31,0,10,43
2019-10-28,tomatoes,Sefwi Wiawso,183.7,3.08,0,10,44
2019-11-04,tomatoes,Sefwi Wiawso,180.4,3.31,0,11,45
2019-11-11,tomatoes,Sefwi Wiawso,194.7,3.4,0,11,46
2019-11-18,tomatoes,Sefwi Wiawso,171.8,3.32,0,11,47
2019-11-25,tomatoes,Sefwi Wiawso,176.9,3.28,0,11,48
2019-12-02,tomatoes,Sefwi Wiawso,201.7,3.27,0,12,49
2019-12-09,tomatoes,Sefwi Wiawso,197.4,3.17,0,12,50
2019-12-16,tomatoes,Sefwi Wiawso,187.3,3.27,0,12,51
2019-12-23,tomatoes,Sefwi Wiawso,302.6,3.45,1,12,52
2019-12-30,tomatoes,Sefwi Wiawso,296.0,3.27,1,12,1
2020-01-06,tomatoes,Sefwi Wiawso,191.6,4.05,0,1,2
2020-01-13,tomatoes,Sefwi Wiawso,175.2,4.11,0,1,3
2020-01-20,tomatoes,Sefwi Wiawso,174.4,4.23,0,1,4
2020-01-27,tomatoes,Sefwi Wiawso,187.3,4.13,0,1,5
2020-02-03,tomatoes,Sefwi Wiawso,176.1,4.31,0,2,6
2020-02-10,tomatoes,Sefwi Wiawso,171.3,4.31,0,2,7
2020-02-17,tomatoes,Sefwi Wiawso,155.8,4.37,0,2,8
2020-02-24,tomatoes,Sefwi Wiawso,178.1,4.46,0,2,9
2020-03-02,tomatoes,Sefwi Wiawso,189.9,3.77,0,3,10
2020-03-09,tomatoes,Sefwi Wiawso,194.1,3.49,0,3,11
2020-03-16,tomatoes,Sefwi Wiawso,187.8,3.49,0,3,12
2020-03-23,tomatoes,Sefwi Wiawso,195.4,3.61,0,3,13
2020-03-30,tomatoes,Sefwi Wiawso,203.0,3.56,0,3,14
2020-04-06,tomatoes,Sefwi Wiawso,319.8,3.48,1,4,15
2020-04-13,tomatoes,Sefwi Wiawso,341.8,3.58,1,4,16
2020-04-20,tomatoes,Sefwi Wiawso,206.1,3.58,0,4,17
2020-04-27,tomatoes,Sefwi Wiawso,197.8,3.55,0,4,18
2020-05-04,tomatoes,Sefwi Wiawso,206.2,3.62,0,5,19
2020-05-11,tomatoes,Sefwi Wiawso,189.4,3.84,0,5,20
2020-05-18,tomatoes,Sefwi Wiawso,194.7,3.7,0,5,21
2020-05-25,tomatoes,Sefwi Wiawso,196.3,4.03,0,5,22
2020-06-01,tomatoes,Sefwi Wiawso,182.2,4.04,0,6,23
2020-06-08,tomatoes,Sefwi Wiawso,195.4,3.97,0,6,24
2020-06-15,tomatoes,Sefwi Wiawso,207.5,4.01,0,6,25
2020-06-22,tomatoes,Sefwi Wiawso,195.8,4.05,0,6,26
2020-06-29,tomatoes,Sefwi Wiawso,187.0,4.08,0,6,27
2020-07-06,tomatoes,Sefwi Wiawso,150.6,4.9,0,7,28
2020-07-13,tomatoes,Sefwi Wiawso,157.9,4.37,0,7,29
2020-07-20,tomatoes,Sefwi Wiawso,195.3,4.68,0,7,30
2020-07-27,tomatoes,Sefwi Wiawso,180.3,4.56,0,7,31
2020-08-03,tomatoes,Sefwi Wiawso,270.0,4.27,1,8,32
2020-08-10,tomatoes,Sefwi Wiawso,266.3,4.69,1,8,33
2020-08-17,tomatoes,Sefwi Wiawso,242.5,4.78,1,8,34
2020-08-24,tomatoes,Sefwi Wiawso,268.2,4.4,1,8,35
2020-08-31,tomatoes,Sefwi Wiawso,251.8,4.55,1,8,36
2020-09-07,tomatoes,Sefwi Wiawso,187.8,3.81,0,9,37
2020-09-14,tomatoes,Sefwi Wiawso,176.9,3.88,0,9,38
2020-09-21,tomatoes,Sefwi Wiawso,170.6,4.26,0,9,39
2020-09-28,tomatoes,Sefwi Wiawso,209.6,4.01,0,9,40
2020-10-05,tomatoes,Sefwi Wiawso,193.0,3.34,0,10,41
2020-10-12,tomatoes,Sefwi Wiawso,203.2,3.53,0,10,42
2020-10-19,tomatoes,Sefwi Wiawso,212.7,3.43,0,10,43
2020-10-26,tomatoes,Sefwi Wiawso,201.3,3.43,0,10,44
2020-11-02,tomatoes,Sefwi Wiawso,190.5,3.63,0,11,45
2020-11-09,tomatoes,Sefwi Wiawso,207.2,3.36,0,11,46
2020-11-16,tomatoes,Sefwi Wiawso,199.1,3.39,0,11,47
2020-11-23,tomatoes,Sefwi Wiawso,212.0,3.54,0,11,48
2020-11-30,tomatoes,Sefwi Wiawso,214.5,3.66,0,11,49
2020-12-07,tomatoes,Sefwi Wiawso,208.4,3.72,0,12,50
2020-12-14,tomatoes,Sefwi Wiawso,176.7,3.45,0,12,51
2020-12-21,tomatoes,Sefwi Wiawso,312.6,3.68,1,12,52
2020-12-28,tomatoes,Sefwi Wiawso,338.5,3.43,1,12,53
2021-01-04,tomatoes,Sefwi Wiawso,180.3,4.86,0,1,1
2021-01-11,tomatoes,Sefwi Wiawso,171.5,4.33,0,1,2
2021-01-18,tomatoes,Sefwi Wiawso,159.3,4.77,0,1,3
2021-01-25,tomatoes,Sefwi Wiawso,203.5,4.41,0,1,4
2021-02-01,tomatoes,Sefwi Wiawso,168.8,4.93,0,2,5
2021-02-08,tomatoes,Sefwi Wiawso,165.7,4.67,0,2,6
2021-02-15,tomatoes,Sefwi Wiawso,178.3,4.38,0,2,7
2021-02-22,tomatoes,Sefwi Wiawso,192.4,4.47,0,2,8
2021-03-01,tomatoes,Sefwi Wiawso,184.7,4.03,0,3,9
2021-03-08,tomatoes,Sefwi Wiawso,195.3,4.08,0,3,10
2021-03-15,tomatoes,Sefwi Wiawso,187.5,3.9,0,3,11
2021-03-22,tomatoes,Sefwi Wiawso,177.6,3.92,0,3,12
2021-03-29,tomatoes,Sefwi Wiawso,210.9,4.03,0,3,13
2021-04-05,tomatoes,Sefwi Wiawso,319.3,3.96,1,4,14
2021-04-12,tomatoes,Sefwi Wiawso,319.6,3.73,1,4,15
2021-04-19,tomatoes,Sefwi Wiawso,197.6,3.81,0,4,16
2021-04-26,tomatoes,Sefwi Wiawso,215.2,3.97,0,4,17
2021-05-03,tomatoes,Sefwi Wiawso,199.4,4.15,0,5,18
2021-05-10,tomatoes,Sefwi Wiawso,203.2,4.22,0,5,19
2021-05-17,tomatoes,Sefwi Wiawso,188.2,4.08,0,5,20
2021-05-24,tomatoes,Sefwi Wiawso,198.2,4.01,0,5,21
2021-05-31,tomatoes,Sefwi Wiawso,199.7,4.08,0,5,22
2021-06-07,tomatoes,Sefwi Wiawso,194.8,4.22,0,6,23
2021-06-14,tomatoes,Sefwi Wiawso,197.2,4.31,0,6,24
2021-06-21,tomatoes,Sefwi Wiawso,195.4,4.19,0,6,25
2021-06-28,tomatoes,Sefwi Wiawso,210.0,4.12,0,6,26
2021-07-05,tomatoes,Sefwi Wiawso,165.6,4.95,0,7,27
2021-07-12,tomatoes,Sefwi Wiawso,186.9,4.92,0,7,28
2021-07-19,tomatoes,Sefwi Wiawso,181.3,5.02,0,7,29
2021-07-26,tomatoes,Sefwi Wiawso,176.6,4.99,0,7,30
2021-08-02,tomatoes,Sefwi Wiawso,277.6,4.96,1,8,31
2021-08-09,tomatoes,Sefwi Wiawso,261.6,5.03,1,8,32
2021-08-16,tomatoes,Sefwi Wiawso,261.4,4.91,1,8,33
2021-08-23,tomatoes,Sefwi Wiawso,277.4,5.0,1,8,34
2021-08-30,tomatoes,Sefwi Wiawso,288.1,4.77,1,8,35
2021-09-06,tomatoes,Sefwi Wiawso,190.4,4.48,0,9,36
2021-09-13,tomatoes,Sefwi Wiawso,187.5,4.54,0,9,37
2021-09-20,tomatoes,Sefwi Wiawso,200.3,4.3,0,9,38
2021-09-27,tomatoes,Sefwi Wiawso,191.5,4.43,0,9,39
2021-10-04,tomatoes,Sefwi Wiawso,225.0,3.68,0,10,40
2021-10-11,tomatoes,Sefwi Wiawso,209.2,3.7,0,10,41
2021-10-18,tomatoes,Sefwi Wiawso,209.4,3.61,0,10,42
2021-10-25,tomatoes,Sefwi Wiawso,183.9,3.97,0,10,43
2021-11-01,tomatoes,Sefwi Wiawso,204.7,3.97,0,11,44
2021-11-08,tomatoes,Sefwi Wiawso,191.7,3.89,0,11,45
2021-11-15,tomatoes,Sefwi Wiawso,183.9,4.1,0,11,46
2021-11-22,tomatoes,Sefwi Wiawso,213.2,3.77,0,11,47
2021-11-29,tomatoes,Sefwi Wiawso,190.3,4.26,0,11,48
2021-12-06,tomatoes,Sefwi Wiawso,173.6,3.79,0,12,49
2021-12-13,tomatoes,Sefwi Wiawso,199.2,3.87,0,12,50
2021-12-20,tomatoes,Sefwi Wiawso,343.3,3.77,1,12,51
2021-12-27,tomatoes,Sefwi Wiawso,326.6,3.88,1,12,52
2022-01-03,tomatoes,Sefwi Wiawso,185.7,5.06,0,1,1
2022-01-10,tomatoes,Sefwi Wiawso,168.7,4.87,0,1,2
2022-01-17,tomatoes,Sefwi Wiawso,148.7,5.24,0,1,3
2022-01-24,tomatoes,Sefwi Wiawso,176.3,4.94,0,1,4
2022-01-31,tomatoes,Sefwi Wiawso,190.2,4.95,0,1,5
2022-02-07,tomatoes,Sefwi Wiawso,156.6,4.75,0,2,6
2022-02-14,tomatoes,Sefwi Wiawso,177.1,5.01,0,2,7
2022-02-21,tomatoes,Sefwi Wiawso,167.8,4.9,0,2,8
2022-02-28,tomatoes,Sefwi Wiawso,189.5,4.81,0,2,9
2022-03-07,tomatoes,Sefwi Wiawso,232.1,4.09,0,3,10
2022-03-14,tomatoes,Sefwi Wiawso,185.5,4.67,0,3,11
2022-03-21,tomatoes,Sefwi Wiawso,203.0,4.18,0,3,12
2022-03-28,tomatoes,Sefwi Wiawso,222.6,3.98,0,3,13
2022-04-04,tomatoes,Sefwi Wiawso,326.9,4.13,1,4,14
2022-04-11,tomatoes,Sefwi Wiawso,316.0,4.24,1,4,15
2022-04-18,tomatoes,Sefwi Wiawso,211.0,4.34,0,4,16
2022-04-25,tomatoes,Sefwi Wiawso,205.2,4.35,0,4,17
2022-05-02,tomatoes,Sefwi Wiawso,202.9,4.39,0,5,18
2022-05-09,tomatoes,Sefwi Wiawso,205.6,4.17,0,5,19
2022-05-16,tomatoes,Sefwi Wiawso,197.0,4.34,0,5,20
2022-05-23,tomatoes,Sefwi Wiawso,220.3,4.13,0,5,21
2022-05-30,tomatoes,Sefwi Wiawso,203.1,4.17,0,5,22
2022-06-06,tomatoes,Sefwi Wiawso,222.4,4.51,0,6,23
2022-06-13,tomatoes,Sefwi Wiawso,195.7,4.46,0,6,24
2022-06-20,tomatoes,Sefwi Wiawso,212.0,4.88,0,6,25
2022-06-27,tomatoes,Sefwi Wiawso,202.9,4.81,0,6,26
2022-07-04,tomatoes,Sefwi Wiawso,169.6,5.48,0,7,27
2022-07-11,tomatoes,Sefwi Wiawso,190.9,5.28,0,7,28
2022-07-18,tomatoes,Sefwi Wiawso,174.0,5.44,0,7,29
2022-07-25,tomatoes,Sefwi Wiawso,196.3,4.9,0,7,30
2022-08-01,tomatoes,Sefwi Wiawso,262.7,5.49,1,8,31
2022-08-08,tomatoes,Sefwi Wiawso,273.7,5.35,1,8,32
2022-08-15,tomatoes,Sefwi Wiawso,287.9,5.44,1,8,33
2022-08-22,tomatoes,Sefwi Wiawso,282.9,5.39,1,8,34
2022-08-29,tomatoes,Sefwi Wiawso,266.7,5.1,1,8,35
2022-09-05,tomatoes,Sefwi Wiawso,198.3,4.49,0,9,36
2022-09-12,tomatoes,Sefwi Wiawso,210.1,4.64,0,9,37
2022-09-19,tomatoes,Sefwi Wiawso,203.1,4.88,0,9,38
2022-09-26,tomatoes,Sefwi Wiawso,190.4,4.9,0,9,39
2022-10-03,tomatoes,Sefwi Wiawso,235.5,3.86,0,10,40
2022-10-10,tomatoes,Sefwi Wiawso,222.9,3.92,0,10,41
2022-10-17,tomatoes,Sefwi Wiawso,203.0,3.96,0,10,42
2022-10-24,tomatoes,Sefwi Wiawso,199.5,4.02,0,10,43
2022-10-31,tomatoes,Sefwi Wiawso,212.0,3.86,0,10,44
2022-11-07,tomatoes,Sefwi Wiawso,211.6,3.87,0,11,45
2022-11-14,tomatoes,Sefwi Wiawso,227.8,3.97,0,11,46
2022-11-21,tomatoes,Sefwi Wiawso,218.2,4.12,0,11,47
2022-11-28,tomatoes,Sefwi Wiawso,214.7,3.91,0,11,48
2022-12-05,tomatoes,Sefwi Wiawso,216.2,4.11,0,12,49
2022-12-12,tomatoes,Sefwi Wiawso,210.4,4.31,0,12,50
2022-12-19,tomatoes,Sefwi Wiawso,216.0,3.92,0,12,51
2022-12-26,tomatoes,Sefwi Wiawso,354.1,4.1,1,12,52
2023-01-02,tomatoes,Sefwi Wiawso,193.4,5.5,0,1,1
2023-01-09,tomatoes,Sefwi Wiawso,200.4,5.2,0,1,2
2023-01-16,tomatoes,Sefwi Wiawso,186.5,5.17,0,1,3
2023-01-23,tomatoes,Sefwi Wiawso,178.4,5.53,0,1,4
2023-01-30,tomatoes,Sefwi Wiawso,190.8,5.22,0,1,5
2023-02-06,tomatoes,Sefwi Wiawso,178.5,5.56,0,2,6
2023-02-13,tomatoes,Sefwi Wiawso,173.5,5.41,0,2,7
2023-02-20,tomatoes,Sefwi Wiawso,202.5,5.25,0,2,8
2023-02-27,tomatoes,Sefwi Wiawso,194.0,5.42,0,2,9
2023-03-06,tomatoes,Sefwi Wiawso,188.3,4.62,0,3,10
2023-03-13,tomatoes,Sefwi Wiawso,197.7,4.75,0,3,11
2023-03-20,tomatoes,Sefwi Wiawso,208.0,4.46,0,3,12
2023-03-27,tomatoes,Sefwi Wiawso,208.7,4.57,0,3,13
2023-04-03,tomatoes,Sefwi Wiawso,305.3,4.58,1,4,14
2023-04-10,tomatoes,Sefwi Wiawso,293.3,4.72,1,4,15
2023-04-17,tomatoes,Sefwi Wiawso,220.5,4.4,0,4,16
2023-04-24,tomatoes,Sefwi Wiawso,182.4,4.78,0,4,17
2023-05-01,tomatoes,Sefwi Wiawso,201.6,4.71,0,5,18
2023-05-08,tomatoes,Sefwi Wiawso,211.7,4.38,0,5,19
2023-05-15,tomatoes,Sefwi Wiawso,198.9,4.84,0,5,20
2023-05-22,tomatoes,Sefwi Wiawso,197.6,5.03,0,5,21
2023-05-29,tomatoes,Sefwi Wiawso,220.6,4.81,0,5,22
2023-06-05,tomatoes,Sefwi Wiawso,178.2,5.34,0,6,23
2023-06-12,tomatoes,Sefwi Wiawso,215.8,5.07,0,6,24
2023-06-19,tomatoes,Sefwi Wiawso,183.7,4.72,0,6,25
2023-06-26,tomatoes,Sefwi Wiawso,235.9,4.68,0,6,26
2023-07-03,tomatoes,Sefwi Wiawso,164.5,5.76,0,7,27
2023-07-10,tomatoes,Sefwi Wiawso,220.7,5.56,0,7,28
2023-07-17,tomatoes,Sefwi Wiawso,189.8,5.49,0,7,29
2023-07-24,tomatoes,Sefwi Wiawso,204.1,5.68,0,7,30
2023-07-31,tomatoes,Sefwi Wiawso,197.6,5.84,0,7,31
2023-08-07,tomatoes,Sefwi Wiawso,288.4,5.4,1,8,32
2023-08-14,tomatoes,Sefwi Wiawso,280.8,5.63,1,8,33
2023-08-21,tomatoes,Sefwi Wiawso,257.3,6.08,1,8,34
2023-08-28,tomatoes,Sefwi Wiawso,306.3,5.49,1,8,35
2023-09-04,tomatoes,Sefwi Wiawso,196.2,5.33,0,9,36
2023-09-11,tomatoes,Sefwi Wiawso,199.3,5.05,0,9,37
2023-09-18,tomatoes,Sefwi Wiawso,209.6,5.27,0,9,38
2023-09-25,tomatoes,Sefwi Wiawso,189.1,5.38,0,9,39
2023-10-02,tomatoes,Sefwi Wiawso,201.6,4.54,0,10,40
2023-10-09,tomatoes,Sefwi Wiawso,206.0,4.57,0,10,41
2023-10-16,tomatoes,Sefwi Wiawso,209.6,4.2,0,10,42
2023-10-23,tomatoes,Sefwi Wiawso,197.6,4.6,0,10,43
2023-10-30,tomatoes,Sefwi Wiawso,235.6,4.26,0,10,44
2023-11-06,tomatoes,Sefwi Wiawso,206.5,4.48,0,11,45
2023-11-13,tomatoes,Sefwi Wiawso,204.6,4.48,0,11,46
2023-11-20,tomatoes,Sefwi Wiawso,205.5,4.52,0,11,47
2023-11-27,tomatoes,Sefwi Wiawso,214.1,4.5,0,11,48
2023-12-04,tomatoes,Sefwi Wiawso,203.2,4.31,0,12,49
2023-12-11,tomatoes,Sefwi Wiawso,225.7,4.22,0,12,50
2023-12-18,tomatoes,Sefwi Wiawso,208.8,4.62,0,12,51
2023-12-25,tomatoes,Sefwi Wiawso,311.0,4.5,1,12,52
2024-01-01,tomatoes,Sefwi Wiawso,210.2,5.97,0,1,1
2024-01-08,tomatoes,Sefwi Wiawso,213.7,5.7,0,1,2
2024-01-15,tomatoes,Sefwi Wiawso,195.0,5.39,0,1,3
2024-01-22,tomatoes,Sefwi Wiawso,177.9,5.93,0,1,4
2024-01-29,tomatoes,Sefwi Wiawso,201.3,5.62,0,1,5
2024-02-05,tomatoes,Sefwi Wiawso,178.0,5.82,0,2,6
2024-02-12,tomatoes,Sefwi Wiawso,216.8,5.6,0,2,7
2024-02-19,tomatoes,Sefwi Wiawso,182.2,6.12,0,2,8
2024-02-26,tomatoes,Sefwi Wiawso,221.6,5.54,0,2,9
2024-03-04,tomatoes,Sefwi Wiawso,202.5,4.86,0,3,10
2024-03-11,tomatoes,Sefwi Wiawso,208.7,4.95,0,3,11
2024-03-18,tomatoes,Sefwi Wiawso,234.7,4.71,0,3,12
2024-03-25,tomatoes,Sefwi Wiawso,204.8,4.99,0,3,13
2024-04-01,tomatoes,Sefwi Wiawso,322.3,5.28,1,4,14
2024-04-08,tomatoes,Sefwi Wiawso,359.6,4.86,1,4,15
2024-04-15,tomatoes,Sefwi Wiawso,201.7,5.04,0,4,16
2024-04-22,tomatoes,Sefwi Wiawso,213.2,4.41,0,4,17
2024-04-29,tomatoes,Sefwi Wiawso,193.0,4.95,0,4,18
2024-05-06,tomatoes,Sefwi Wiawso,221.0,4.93,0,5,19
2024-05-13,tomatoes,Sefwi Wiawso,221.9,4.83,0,5,20
2024-05-20,tomatoes,Sefwi Wiawso,217.9,5.21,0,5,21
2024-05-27,tomatoes,Sefwi Wiawso,210.3,4.92,0,5,22
2024-06-03,tomatoes,Sefwi Wiawso,192.6,5.42,0,6,23
2024-06-10,tomatoes,Sefwi Wiawso,182.0,5.38,0,6,24
2024-06-17,tomatoes,Sefwi Wiawso,260.8,5.04,0,6,25
2024-06-24,tomatoes,Sefwi Wiawso,223.9,5.21,0,6,26
2024-07-01,tomatoes,Sefwi Wiawso,189.0,6.39,0,7,27
2024-07-08,tomatoes,Sefwi Wiawso,209.6,5.63,0,7,28
2024-07-15,tomatoes,Sefwi Wiawso,180.5,5.96,0,7,29
2024-07-22,tomatoes,Sefwi Wiawso,186.0,6.05,0,7,30
2024-07-29,tomatoes,Sefwi Wiawso,202.5,6.58,0,7,31
2024-08-05,tomatoes,Sefwi Wiawso,293.5,6.38,1,8,32
2024-08-12,tomatoes,Sefwi Wiawso,280.4,6.05,1,8,33
2024-08-19,tomatoes,Sefwi Wiawso,257.4,6.52,1,8,34
2024-08-26,tomatoes,Sefwi Wiawso,286.2,6.01,1,8,35
2024-09-02,tomatoes,Sefwi Wiawso,200.6,5.79,0,9,36
2024-09-09,tomatoes,Sefwi Wiawso,246.7,5.26,0,9,37
2024-09-16,tomatoes,Sefwi Wiawso,201.9,5.8,0,9,38
2024-09-23,tomatoes,Sefwi Wiawso,198.1,5.47,0,9,39
2024-09-30,tomatoes,Sefwi Wiawso,216.5,5.34,0,9,40
2024-10-07,tomatoes,Sefwi Wiawso,219.3,4.72,0,10,41
2024-10-14,tomatoes,Sefwi Wiawso,196.5,4.81,0,10,42
2024-10-21,tomatoes,Sefwi Wiawso,222.8,4.67,0,10,43
2024-10-28,tomatoes,Sefwi Wiawso,226.1,4.87,0,10,44
2024-11-04,tomatoes,Sefwi Wiawso,220.5,4.68,0,11,45
2024-11-11,tomatoes,Sefwi Wiawso,200.8,4.91,0,11,46
2024-11-18,tomatoes,Sefwi Wiawso,205.2,4.88,0,11,47
2024-11-25,tomatoes,Sefwi Wiawso,193.8,4.78,0,11,48
2024-12-02,tomatoes,Sefwi Wiawso,216.2,4.74,0,12,49
2024-12-09,tomatoes,Sefwi Wiawso,218.3,4.85,0,12,50
2024-12-16,tomatoes,Sefwi Wiawso,200.3,4.93,0,12,51
2024-12-23,tomatoes,Sefwi Wiawso,376.0,5.22,1,12,52
2024-12-30,tomatoes,Sefwi Wiawso,364.4,5.0,1,12,1
2018-01-01,tomatoes,Wasa Amenfi,142.4,3.79,0,1,1
2018-01-08,tomatoes,Wasa Amenfi,153.4,3.44,0,1,2
2018-01-15,tomatoes,Wasa Amenfi,161.5,3.44,0,1,3
2018-01-22,tomatoes,Wasa Amenfi,186.6,3.47,0,1,4
2018-01-29,tomatoes,Wasa Amenfi,189.1,3.24,0,1,5
2018-02-05,tomatoes,Wasa Amenfi,193.8,3.34,0,2,6
2018-02-12,tomatoes,Wasa Amenfi,177.1,3.33,0,2,7
2018-02-19,tomatoes,Wasa Amenfi,169.1,3.48,0,2,8
2018-02-26,tomatoes,Wasa Amenfi,162.3,3.37,0,2,9
2018-03-05,tomatoes,Wasa Amenfi,190.2,2.93,0,3,10
2018-03-12,tomatoes,Wasa Amenfi,179.1,3.04,0,3,11
2018-03-19,tomatoes,Wasa Amenfi,180.0,3.01,0,3,12
2018-03-26,tomatoes,Wasa Amenfi,206.5,2.89,0,3,13
2018-04-02,tomatoes,Wasa Amenfi,298.9,2.85,1,4,14
2018-04-09,tomatoes,Wasa Amenfi,308.4,3.06,1,4,15
2018-04-16,tomatoes,Wasa Amenfi,165.8,3.02,0,4,16
2018-04-23,tomatoes,Wasa Amenfi,228.9,2.74,0,4,17
2018-04-30,tomatoes,Wasa Amenfi,185.2,2.89,0,4,18
2018-05-07,tomatoes,Wasa Amenfi,194.7,2.97,0,5,19
2018-05-14,tomatoes,Wasa Amenfi,193.1,3.04,0,5,20
2018-05-21,tomatoes,Wasa Amenfi,177.2,3.06,0,5,21
2018-05-28,tomatoes,Wasa Amenfi,195.5,2.98,0,5,22
2018-06-04,tomatoes,Wasa Amenfi,192.4,3.3,0,6,23
2018-06-11,tomatoes,Wasa Amenfi,177.9,3.23,0,6,24
2018-06-18,tomatoes,Wasa Amenfi,181.8,3.14,0,6,25
2018-06-25,tomatoes,Wasa Amenfi,188.1,3.19,0,6,26
2018-07-02,tomatoes,Wasa Amenfi,169.8,3.64,0,7,27
2018-07-09,tomatoes,Wasa Amenfi,185.7,3.63,0,7,28
2018-07-16,tomatoes,Wasa Amenfi,189.2,3.36,0,7,29
2018-07-23,tomatoes,Wasa Amenfi,172.4,3.58,0,7,30
2018-07-30,tomatoes,Wasa Amenfi,177.2,3.64,0,7,31
2018-08-06,tomatoes,Wasa Amenfi,226.6,3.62,1,8,32
2018-08-13,tomatoes,Wasa Amenfi,248.8,3.62,1,8,33
2018-08-20,tomatoes,Wasa Amenfi,257.0,3.73,1,8,34
2018-08-27,tomatoes,Wasa Amenfi,282.7,3.5,1,8,35
2018-09-03,tomatoes,Wasa Amenfi,199.2,3.07,0,9,36
2018-09-10,tomatoes,Wasa Amenfi,205.5,3.24,0,9,37
2018-09-17,tomatoes,Wasa Amenfi,192.2,3.39,0,9,38
2018-09-24,tomatoes,Wasa Amenfi,172.8,3.51,0,9,39
2018-10-01,tomatoes,Wasa Amenfi,184.5,2.9,0,10,40
2018-10-08,tomatoes,Wasa Amenfi,203.9,2.65,0,10,41
2018-10-15,tomatoes,Wasa Amenfi,186.4,2.79,0,10,42
2018-10-22,tomatoes,Wasa Amenfi,206.4,2.84,0,10,43
2018-10-29,tomatoes,Wasa Amenfi,176.9,2.83,0,10,44
2018-11-05,tomatoes,Wasa Amenfi,191.3,2.89,0,11,45
2018-11-12,tomatoes,Wasa Amenfi,204.6,2.73,0,11,46
2018-11-19,tomatoes,Wasa Amenfi,186.6,2.84,0,11,47
2018-11-26,tomatoes,Wasa Amenfi,182.1,2.88,0,11,48
2018-12-03,tomatoes,Wasa Amenfi,185.7,2.94,0,12,49
2018-12-10,tomatoes,Wasa Amenfi,205.1,2.76,0,12,50
2018-12-17,tomatoes,Wasa Amenfi,187.2,2.81,0,12,51
2018-12-24,tomatoes,Wasa Amenfi,323.6,2.54,1,12,52
2018-12-31,tomatoes,Wasa Amenfi,345.5,2.78,1,12,1
2019-01-07,tomatoes,Wasa Amenfi,184.7,3.57,0,1,2
2019-01-14,tomatoes,Wasa Amenfi,194.1,3.5,0,1,3
2019-01-21,tomatoes,Wasa Amenfi,184.7,3.67,0,1,4
2019-01-28,tomatoes,Wasa Amenfi,201.0,3.64,0,1,5
2019-02-04,tomatoes,Wasa Amenfi,203.6,3.34,0,2,6
2019-02-11,tomatoes,Wasa Amenfi,169.0,3.7,0,2,7
2019-02-18,tomatoes,Wasa Amenfi,188.2,3.53,0,2,8
2019-02-25,tomatoes,Wasa Amenfi,169.4,3.74,0,2,9
2019-03-04,tomatoes,Wasa Amenfi,193.3,2.98,0,3,10
2019-03-11,tomatoes,Wasa Amenfi,174.5,3.15,0,3,11
2019-03-18,tomatoes,Wasa Amenfi,189.2,3.11,0,3,12
2019-03-25,tomatoes,Wasa Amenfi,195.5,3.18,0,3,13
2019-04-01,tomatoes,Wasa Amenfi,298.6,3.18,1,4,14
2019-04-08,tomatoes,Wasa Amenfi,283.4,3.13,1,4,15
2019-04-15,tomatoes,Wasa Amenfi,182.2,2.97,0,4,16
2019-04-22,tomatoes,Wasa Amenfi,225.4,2.98,0,4,17
2019-04-29,tomatoes,Wasa Amenfi,198.5,3.09,0,4,18
2019-05-06,tomatoes,Wasa Amenfi,182.3,3.18,0,5,19
2019-05-13,tomatoes,Wasa Amenfi,200.4,3.11,0,5,20
2019-05-20,tomatoes,Wasa Amenfi,212.9,3.26,0,5,21
2019-05-27,tomatoes,Wasa Amenfi,200.3,3.15,0,5,22
2019-06-03,tomatoes,Wasa Amenfi,162.7,3.35,0,6,23
2019-06-10,tomatoes,Wasa Amenfi,221.5,3.45,0,6,24
2019-06-17,tomatoes,Wasa Amenfi,167.4,3.52,0,6,25
2019-06-24,tomatoes,Wasa Amenfi,185.5,3.53,0,6,26
2019-07-01,tomatoes,Wasa Amenfi,154.1,4.22,0,7,27
2019-07-08,tomatoes,Wasa Amenfi,170.3,3.82,0,7,28
2019-07-15,tomatoes,Wasa Amenfi,177.8,3.92,0,7,29
2019-07-22,tomatoes,Wasa Amenfi,151.0,3.99,0,7,30
2019-07-29,tomatoes,Wasa Amenfi,173.8,3.92,0,7,31
2019-08-05,tomatoes,Wasa Amenfi,283.8,3.87,1,8,32
2019-08-12,tomatoes,Wasa Amenfi,260.2,3.71,1,8,33
2019-08-19,tomatoes,Wasa Amenfi,243.4,3.87,1,8,34
2019-08-26,tomatoes,Wasa Amenfi,268.0,3.78,1,8,35
2019-09-02,tomatoes,Wasa Amenfi,196.9,3.31,0,9,36
2019-09-09,tomatoes,Wasa Amenfi,188.3,3.44,0,9,37
2019-09-16,tomatoes,Wasa Amenfi,182.9,3.4,0,9,38
2019-09-23,tomatoes,Wasa Amenfi,193.4,3.63,0,9,39
2019-09-30,tomatoes,Wasa Amenfi,193.9,3.64,0,9,40
2019-10-07,tomatoes,Wasa Amenfi,186.7,2.93,0,10,41
2019-10-14,tomatoes,Wasa Amenfi,184.6,3.01,0,10,42
2019-10-21,tomatoes,Wasa Amenfi,207.5,2.81,0,10,43
2019-10-28,tomatoes,Wasa Amenfi,185.6,2.98,0,10,44
2019-11-04,tomatoes,Wasa Amenfi,194.1,3.11,0,11,45
2019-11-11,tomatoes,Wasa Amenfi,206.4,3.16,0,11,46
2019-11-18,tomatoes,Wasa Amenfi,198.1,2.97,0,11,47
2019-11-25,tomatoes,Wasa Amenfi,174.7,3.19,0,11,48
2019-12-02,tomatoes,Wasa Amenfi,209.0,2.89,0,12,49
2019-12-09,tomatoes,Wasa Amenfi,200.5,2.92,0,12,50
2019-12-16,tomatoes,Wasa Amenfi,188.8,3.17,0,12,51
2019-12-23,tomatoes,Wasa Amenfi,317.3,3.28,1,12,52
2019-12-30,tomatoes,Wasa Amenfi,331.9,3.14,1,12,1
2020-01-06,tomatoes,Wasa Amenfi,181.7,3.93,0,1,2
2020-01-13,tomatoes,Wasa Amenfi,193.4,3.59,0,1,3
2020-01-20,tomatoes,Wasa Amenfi,216.7,3.62,0,1,4
2020-01-27,tomatoes,Wasa Amenfi,193.3,3.96,0,1,5
2020-02-03,tomatoes,Wasa Amenfi,192.7,3.9,0,2,6
2020-02-10,tomatoes,Wasa Amenfi,189.0,3.79,0,2,7
2020-02-17,tomatoes,Wasa Amenfi,170.2,3.97,0,2,8
2020-02-24,tomatoes,Wasa Amenfi,193.0,3.98,0,2,9
2020-03-02,tomatoes,Wasa Amenfi,191.2,3.52,0,3,10
2020-03-09,tomatoes,Wasa Amenfi,187.4,3.41,0,3,11
2020-03-16,tomatoes,Wasa Amenfi,185.2,3.56,0,3,12
2020-03-23,tomatoes,Wasa Amenfi,183.3,3.4,0,3,13
2020-03-30,tomatoes,Wasa Amenfi,207.8,3.38,0,3,14
2020-04-06,tomatoes,Wasa Amenfi,309.9,3.56,1,4,15
2020-04-13,tomatoes,Wasa Amenfi,320.0,3.28,1,4,16
2020-04-20,tomatoes,Wasa Amenfi,179.7,3.8,0,4,17
2020-04-27,tomatoes,Wasa Amenfi,185.0,3.47,0,4,18
2020-05-04,tomatoes,Wasa Amenfi,168.5,3.49,0,5,19
2020-05-11,tomatoes,Wasa Amenfi,176.1,3.51,0,5,20
2020-05-18,tomatoes,Wasa Amenfi,176.7,3.7,0,5,21
2020-05-25,tomatoes,Wasa Amenfi,180.6,3.55,0,5,22
2020-06-01,tomatoes,Wasa Amenfi,207.0,3.52,0,6,23
2020-06-08,tomatoes,Wasa Amenfi,194.9,3.97,0,6,24
2020-06-15,tomatoes,Wasa Amenfi,194.1,3.71,0,6,25
2020-06-22,tomatoes,Wasa Amenfi,209.1,3.78,0,6,26
2020-06-29,tomatoes,Wasa Amenfi,191.8,3.57,0,6,27
2020-07-06,tomatoes,Wasa Amenfi,173.9,4.33,0,7,28
2020-07-13,tomatoes,Wasa Amenfi,181.1,4.13,0,7,29
2020-07-20,tomatoes,Wasa Amenfi,189.1,4.26,0,7,30
2020-07-27,tomatoes,Wasa Amenfi,180.8,4.19,0,7,31
2020-08-03,tomatoes,Wasa Amenfi,254.1,4.6,1,8,32
2020-08-10,tomatoes,Wasa Amenfi,226.7,4.61,1,8,33
2020-08-17,tomatoes,Wasa Amenfi,251.7,4.28,1,8,34
2020-08-24,tomatoes,Wasa Amenfi,283.6,4.28,1,8,35
2020-08-31,tomatoes,Wasa Amenfi,235.8,4.21,1,8,36
2020-09-07,tomatoes,Wasa Amenfi,203.2,4.01,0,9,37
2020-09-14,tomatoes,Wasa Amenfi,202.1,3.79,0,9,38
2020-09-21,tomatoes,Wasa Amenfi,188.2,3.77,0,9,39
2020-09-28,tomatoes,Wasa Amenfi,179.4,3.99,0,9,40
2020-10-05,tomatoes,Wasa Amenfi,224.2,3.21,0,10,41
2020-10-12,tomatoes,Wasa Amenfi,214.9,3.28,0,10,42
2020-10-19,tomatoes,Wasa Amenfi,206.7,3.07,0,10,43
2020-10-26,tomatoes,Wasa Amenfi,195.7,3.37,0,10,44
2020-11-02,tomatoes,Wasa Amenfi,180.2,3.56,0,11,45
2020-11-09,tomatoes,Wasa Amenfi,195.6,3.4,0,11,46
2020-11-16,tomatoes,Wasa Amenfi,182.2,3.5,0,11,47
2020-11-23,tomatoes,Wasa Amenfi,202.6,3.19,0,11,48
2020-11-30,tomatoes,Wasa Amenfi,218.5,3.33,0,11,49
2020-12-07,tomatoes,Wasa Amenfi,203.2,3.2,0,12,50
2020-12-14,tomatoes,Wasa Amenfi,187.6,3.29,0,12,51
2020-12-21,tomatoes,Wasa Amenfi,295.9,3.43,1,12,52
2020-12-28,tomatoes,Wasa Amenfi,331.3,3.34,1,12,53
2021-01-04,tomatoes,Wasa Amenfi,184.2,4.01,0,1,1
2021-01-11,tomatoes,Wasa Amenfi,195.1,4.03,0,1,2
2021-01-18,tomatoes,Wasa Amenfi,173.9,4.02,0,1,3
2021-01-25,tomatoes,Wasa Amenfi,189.8,4.33,0,1,4
2021-02-01,tomatoes,Wasa Amenfi,163.3,4.63,0,2,5
2021-02-08,tomatoes,Wasa Amenfi,178.4,4.51,0,2,6
2021-02-15,tomatoes,Wasa Amenfi,192.5,3.95,0,2,7
2021-02-22,tomatoes,Wasa Amenfi,195.9,4.52,0,2,8
2021-03-01,tomatoes,Wasa Amenfi,195.0,3.81,0,3,9
2021-03-08,tomatoes,Wasa Amenfi,232.7,3.44,0,3,10
2021-03-15,tomatoes,Wasa Amenfi,207.3,3.62,0,3,11
2021-03-22,tomatoes,Wasa Amenfi,208.7,3.83,0,3,12
2021-03-29,tomatoes,Wasa Amenfi,192.9,3.75,0,3,13
2021-04-05,tomatoes,Wasa Amenfi,332.6,3.5,1,4,14
2021-04-12,tomatoes,Wasa Amenfi,330.0,3.78,1,4,15
2021-04-19,tomatoes,Wasa Amenfi,224.1,3.38,0,4,16
2021-04-26,tomatoes,Wasa Amenfi,206.6,3.66,0,4,17
2021-05-03,tomatoes,Wasa Amenfi,189.1,3.88,0,5,18
2021-05-10,tomatoes,Wasa Amenfi,197.2,3.72,0,5,19
2021-05-17,tomatoes,Wasa Amenfi,216.1,3.64,0,5,20
2021-05-24,tomatoes,Wasa Amenfi,209.7,3.85,0,5,21
2021-05-31,tomatoes,Wasa Amenfi,186.7,3.86,0,5,22
2021-06-07,tomatoes,Wasa Amenfi,181.4,4.28,0,6,23
2021-06-14,tomatoes,Wasa Amenfi,181.8,4.21,0,6,24
2021-06-21,tomatoes,Wasa Amenfi,200.7,4.24,0,6,25
2021-06-28,tomatoes,Wasa Amenfi,182.5,4.18,0,6,26
2021-07-05,tomatoes,Wasa Amenfi,189.0,4.63,0,7,27
2021-07-12,tomatoes,Wasa Amenfi,186.9,4.6,0,7,28
2021-07-19,tomatoes,Wasa Amenfi,176.8,4.54,0,7,29
2021-07-26,tomatoes,Wasa Amenfi,206.1,4.36,0,7,30
2021-08-02,tomatoes,Wasa Amenfi,255.6,4.43,1,8,31
2021-08-09,tomatoes,Wasa Amenfi,301.5,4.56,1,8,32
2021-08-16,tomatoes,Wasa Amenfi,274.9,4.66,1,8,33
2021-08-23,tomatoes,Wasa Amenfi,228.1,4.88,1,8,34
2021-08-30,tomatoes,Wasa Amenfi,298.4,4.6,1,8,35
2021-09-06,tomatoes,Wasa Amenfi,203.8,4.31,0,9,36
2021-09-13,tomatoes,Wasa Amenfi,187.3,4.32,0,9,37
2021-09-20,tomatoes,Wasa Amenfi,188.3,4.1,0,9,38
2021-09-27,tomatoes,Wasa Amenfi,176.6,4.24,0,9,39
2021-10-04,tomatoes,Wasa Amenfi,232.9,3.51,0,10,40
2021-10-11,tomatoes,Wasa Amenfi,183.6,3.73,0,10,41
2021-10-18,tomatoes,Wasa Amenfi,183.3,3.63,0,10,42
2021-10-25,tomatoes,Wasa Amenfi,212.7,3.38,0,10,43
2021-11-01,tomatoes,Wasa Amenfi,181.6,3.59,0,11,44
2021-11-08,tomatoes,Wasa Amenfi,181.6,3.8,0,11,45
2021-11-15,tomatoes,Wasa Amenfi,215.6,3.54,0,11,46
2021-11-22,tomatoes,Wasa Amenfi,205.2,3.63,0,11,47
2021-11-29,tomatoes,Wasa Amenfi,194.6,3.64,0,11,48
2021-12-06,tomatoes,Wasa Amenfi,209.5,3.44,0,12,49
2021-12-13,tomatoes,Wasa Amenfi,194.4,3.66,0,12,50
2021-12-20,tomatoes,Wasa Amenfi,350.1,3.39,1,12,51
2021-12-27,tomatoes,Wasa Amenfi,327.4,3.5,1,12,52
2022-01-03,tomatoes,Wasa Amenfi,176.2,4.79,0,1,1
2022-01-10,tomatoes,Wasa Amenfi,179.5,4.66,0,1,2
2022-01-17,tomatoes,Wasa Amenfi,182.1,4.53,0,1,3
2022-01-24,tomatoes,Wasa Amenfi,197.7,4.67,0,1,4
2022-01-31,tomatoes,Wasa Amenfi,197.5,4.58,0,1,5
2022-02-07,tomatoes,Wasa Amenfi,178.2,4.62,0,2,6
2022-02-14,tomatoes,Wasa Amenfi,171.9,4.74,0,2,7
2022-02-21,tomatoes,Wasa Amenfi,191.0,4.49,0,2,8
2022-02-28,tomatoes,Wasa Amenfi,212.8,4.63,0,2,9
2022-03-07,tomatoes,Wasa Amenfi,191.9,3.91,0,3,10
2022-03-14,tomatoes,Wasa Amenfi,210.7,3.71,0,3,11
2022-03-21,tomatoes,Wasa Amenfi,209.3,3.82,0,3,12
2022-03-28,tomatoes,Wasa Amenfi,192.3,4.21,0,3,13
2022-04-04,tomatoes,Wasa Amenfi,306.9,4.05,1,4,14
2022-04-11,tomatoes,Wasa Amenfi,355.3,3.78,1,4,15
2022-04-18,tomatoes,Wasa Amenfi,218.7,3.74,0,4,16
2022-04-25,tomatoes,Wasa Amenfi,213.9,3.97,0,4,17
2022-05-02,tomatoes,Wasa Amenfi,201.2,4.26,0,5,18
2022-05-09,tomatoes,Wasa Amenfi,215.4,3.98,0,5,19
2022-05-16,tomatoes,Wasa Amenfi,214.3,4.22,0,5,20
2022-05-23,tomatoes,Wasa Amenfi,217.1,4.07,0,5,21
2022-05-30,tomatoes,Wasa Amenfi,228.3,4.09,0,5,22
2022-06-06,tomatoes,Wasa Amenfi,225.3,4.15,0,6,23
2022-06-13,tomatoes,Wasa Amenfi,188.1,4.55,0,6,24
2022-06-20,tomatoes,Wasa Amenfi,213.7,4.33,0,6,25
2022-06-27,tomatoes,Wasa Amenfi,204.6,4.54,0,6,26
2022-07-04,tomatoes,Wasa Amenfi,211.6,4.79,0,7,27
2022-07-11,tomatoes,Wasa Amenfi,173.6,4.98,0,7,28
2022-07-18,tomatoes,Wasa Amenfi,189.3,5.02,0,7,29
2022-07-25,tomatoes,Wasa Amenfi,178.4,4.92,0,7,30
2022-08-01,tomatoes,Wasa Amenfi,282.4,5.06,1,8,31
2022-08-08,tomatoes,Wasa Amenfi,275.8,4.93,1,8,32
2022-08-15,tomatoes,Wasa Amenfi,291.0,4.85,1,8,33
2022-08-22,tomatoes,Wasa Amenfi,242.3,5.3,1,8,34
2022-08-29,tomatoes,Wasa Amenfi,281.7,5.19,1,8,35
2022-09-05,tomatoes,Wasa Amenfi,209.5,4.34,0,9,36
2022-09-12,tomatoes,Wasa Amenfi,200.6,4.58,0,9,37
2022-09-19,tomatoes,Wasa Amenfi,231.2,4.34,0,9,38
2022-09-26,tomatoes,Wasa Amenfi,205.1,4.26,0,9,39
2022-10-03,tomatoes,Wasa Amenfi,203.8,3.99,0,10,40
2022-10-10,tomatoes,Wasa Amenfi,218.4,3.57,0,10,41
2022-10-17,tomatoes,Wasa Amenfi,202.8,3.97,0,10,42
2022-10-24,tomatoes,Wasa Amenfi,235.2,3.79,0,10,43
2022-10-31,tomatoes,Wasa Amenfi,207.9,3.8,0,10,44
2022-11-07,tomatoes,Wasa Amenfi,196.7,3.92,0,11,45
2022-11-14,tomatoes,Wasa Amenfi,225.7,3.94,0,11,46
2022-11-21,tomatoes,Wasa Amenfi,207.5,3.73,0,11,47
2022-11-28,tomatoes,Wasa Amenfi,182.7,3.96,0,11,48
2022-12-05,tomatoes,Wasa Amenfi,197.0,3.89,0,12,49
2022-12-12,tomatoes,Wasa Amenfi,198.9,3.68,0,12,50
2022-12-19,tomatoes,Wasa Amenfi,185.3,3.85,0,12,51
2022-12-26,tomatoes,Wasa Amenfi,322.7,4.09,1,12,52
2023-01-02,tomatoes,Wasa Amenfi,182.3,5.29,0,1,1
2023-01-09,tomatoes,Wasa Amenfi,201.5,5.1,0,1,2
2023-01-16,tomatoes,Wasa Amenfi,207.0,4.72,0,1,3
2023-01-23,tomatoes,Wasa Amenfi,195.9,5.06,0,1,4
2023-01-30,tomatoes,Wasa Amenfi,177.3,5.13,0,1,5
2023-02-06,tomatoes,Wasa Amenfi,198.6,5.13,0,2,6
2023-02-13,tomatoes,Wasa Amenfi,203.7,5.15,0,2,7
2023-02-20,tomatoes,Wasa Amenfi,195.0,5.06,0,2,8
2023-02-27,tomatoes,Wasa Amenfi,197.7,4.98,0,2,9
2023-03-06,tomatoes,Wasa Amenfi,194.6,4.17,0,3,10
2023-03-13,tomatoes,Wasa Amenfi,233.2,3.95,0,3,11
2023-03-20,tomatoes,Wasa Amenfi,226.2,4.34,0,3,12
2023-03-27,tomatoes,Wasa Amenfi,209.5,4.31,0,3,13
2023-04-03,tomatoes,Wasa Amenfi,309.0,4.4,1,4,14
2023-04-10,tomatoes,Wasa Amenfi,335.8,4.08,1,4,15
2023-04-17,tomatoes,Wasa Amenfi,197.8,4.42,0,4,16
2023-04-24,tomatoes,Wasa Amenfi,190.8,4.66,0,4,17
2023-05-01,tomatoes,Wasa Amenfi,214.7,4.35,0,5,18
2023-05-08,tomatoes,Wasa Amenfi,211.3,4.32,0,5,19
2023-05-15,tomatoes,Wasa Amenfi,217.7,4.39,0,5,20
2023-05-22,tomatoes,Wasa Amenfi,199.7,4.69,0,5,21
2023-05-29,tomatoes,Wasa Amenfi,202.7,4.16,0,5,22
2023-06-05,tomatoes,Wasa Amenfi,197.9,4.78,0,6,23
2023-06-12,tomatoes,Wasa Amenfi,203.2,4.59,0,6,24
2023-06-19,tomatoes,Wasa Amenfi,206.3,4.64,0,6,25
2023-06-26,tomatoes,Wasa Amenfi,227.8,4.73,0,6,26
2023-07-03,tomatoes,Wasa Amenfi,203.0,5.63,0,7,27
2023-07-10,tomatoes,Wasa Amenfi,188.3,5.73,0,7,28
2023-07-17,tomatoes,Wasa Amenfi,187.7,5.44,0,7,29
2023-07-24,tomatoes,Wasa Amenfi,175.5,5.26,0,7,30
2023-07-31,tomatoes,Wasa Amenfi,178.1,5.88,0,7,31
2023-08-07,tomatoes,Wasa Amenfi,272.8,5.29,1,8,32
2023-08-14,tomatoes,Wasa Amenfi,316.2,5.25,1,8,33
2023-08-21,tomatoes,Wasa Amenfi,270.0,5.0,1,8,34
2023-08-28,tomatoes,Wasa Amenfi,277.8,5.68,1,8,35
2023-09-04,tomatoes,Wasa Amenfi,190.0,5.02,0,9,36
2023-09-11,tomatoes,Wasa Amenfi,192.4,5.3,0,9,37
2023-09-18,tomatoes,Wasa Amenfi,224.1,4.56,0,9,38
2023-09-25,tomatoes,Wasa Amenfi,210.0,5.11,0,9,39
2023-10-02,tomatoes,Wasa Amenfi,208.8,4.15,0,10,40
2023-10-09,tomatoes,Wasa Amenfi,214.5,4.27,0,10,41
2023-10-16,tomatoes,Wasa Amenfi,212.4,3.86,0,10,42
2023-10-23,tomatoes,Wasa Amenfi,204.2,4.38,0,10,43
2023-10-30,tomatoes,Wasa Amenfi,217.8,4.26,0,10,44
2023-11-06,tomatoes,Wasa Amenfi,215.1,4.15,0,11,45
2023-11-13,tomatoes,Wasa Amenfi,199.9,4.27,0,11,46
2023-11-20,tomatoes,Wasa Amenfi,212.0,4.03,0,11,47
2023-11-27,tomatoes,Wasa Amenfi,227.4,4.06,0,11,48
2023-12-04,tomatoes,Wasa Amenfi,199.8,4.11,0,12,49
2023-12-11,tomatoes,Wasa Amenfi,210.6,3.88,0,12,50
2023-12-18,tomatoes,Wasa Amenfi,213.0,4.33,0,12,51
2023-12-25,tomatoes,Wasa Amenfi,329.1,4.39,1,12,52
2024-01-01,tomatoes,Wasa Amenfi,182.9,5.2,0,1,1
2024-01-08,tomatoes,Wasa Amenfi,209.7,5.43,0,1,2
2024-01-15,tomatoes,Wasa Amenfi,184.5,5.3,0,1,3
2024-01-22,tomatoes,Wasa Amenfi,191.7,5.43,0,1,4
2024-01-29,tomatoes,Wasa Amenfi,192.4,5.22,0,1,5
2024-02-05,tomatoes,Wasa Amenfi,198.1,5.2,0,2,6
2024-02-12,tomatoes,Wasa Amenfi,180.2,5.62,0,2,7
2024-02-19,tomatoes,Wasa Amenfi,205.1,5.38,0,2,8
2024-02-26,tomatoes,Wasa Amenfi,186.4,5.83,0,2,9
2024-03-04,tomatoes,Wasa Amenfi,222.8,4.63,0,3,10
2024-03-11,tomatoes,Wasa Amenfi,208.9,4.45,0,3,11
2024-03-18,tomatoes,Wasa Amenfi,229.2,4.85,0,3,12
2024-03-25,tomatoes,Wasa Amenfi,183.1,4.74,0,3,13
2024-04-01,tomatoes,Wasa Amenfi,294.0,4.79,1,4,14
2024-04-08,tomatoes,Wasa Amenfi,354.6,4.87,1,4,15
2024-04-15,tomatoes,Wasa Amenfi,221.4,4.53,0,4,16
2024-04-22,tomatoes,Wasa Amenfi,216.1,4.63,0,4,17
2024-04-29,tomatoes,Wasa Amenfi,217.6,4.62,0,4,18
2024-05-06,tomatoes,Wasa Amenfi,227.5,4.44,0,5,19
2024-05-13,tomatoes,Wasa Amenfi,217.0,4.63,0,5,20
2024-05-20,tomatoes,Wasa Amenfi,191.6,4.93,0,5,21
2024-05-27,tomatoes,Wasa Amenfi,220.4,4.72,0,5,22
2024-06-03,tomatoes,Wasa Amenfi,227.1,4.84,0,6,23
2024-06-10,tomatoes,Wasa Amenfi,238.6,4.8,0,6,24
2024-06-17,tomatoes,Wasa Amenfi,220.7,5.46,0,6,25
2024-06-24,tomatoes,Wasa Amenfi,214.2,5.1,0,6,26
2024-07-01,tomatoes,Wasa Amenfi,182.1,5.62,0,7,27
2024-07-08,tomatoes,Wasa Amenfi,214.9,5.71,0,7,28
2024-07-15,tomatoes,Wasa Amenfi,189.4,5.43,0,7,29
2024-07-22,tomatoes,Wasa Amenfi,188.6,6.1,0,7,30
2024-07-29,tomatoes,Wasa Amenfi,192.0,5.68,0,7,31
2024-08-05,tomatoes,Wasa Amenfi,269.9,6.13,1,8,32
2024-08-12,tomatoes,Wasa Amenfi,301.3,5.82,1,8,33
2024-08-19,tomatoes,Wasa Amenfi,280.8,6.14,1,8,34
2024-08-26,tomatoes,Wasa Amenfi,295.1,5.87,1,8,35
2024-09-02,tomatoes,Wasa Amenfi,195.1,5.4,0,9,36
2024-09-09,tomatoes,Wasa Amenfi,203.9,5.37,0,9,37
2024-09-16,tomatoes,Wasa Amenfi,197.1,5.35,0,9,38
2024-09-23,tomatoes,Wasa Amenfi,205.9,5.29,0,9,39
2024-09-30,tomatoes,Wasa Amenfi,210.5,5.17,0,9,40
2024-10-07,tomatoes,Wasa Amenfi,225.1,4.81,0,10,41
2024-10-14,tomatoes,Wasa Amenfi,217.0,4.3,0,10,42
2024-10-21,tomatoes,Wasa Amenfi,186.8,4.47,0,10,43
2024-10-28,tomatoes,Wasa Amenfi,232.1,4.47,0,10,44
2024-11-04,tomatoes,Wasa Amenfi,217.7,4.57,0,11,45
2024-11-11,tomatoes,Wasa Amenfi,215.7,4.42,0,11,46
2024-11-18,tomatoes,Wasa Amenfi,207.1,4.55,0,11,47
2024-11-25,tomatoes,Wasa Amenfi,203.6,4.46,0,11,48
2024-12-02,tomatoes,Wasa Amenfi,251.9,4.24,0,12,49
2024-12-09,tomatoes,Wasa Amenfi,215.8,4.52,0,12,50
2024-12-16,tomatoes,Wasa Amenfi,199.4,4.32,0,12,51
2024-12-23,tomatoes,Wasa Amenfi,384.3,4.21,1,12,52
2024-12-30,tomatoes,Wasa Amenfi,381.3,4.55,1,12,1
2018-01-01,plantain,Aowin,363.0,1.94,0,1,1
2018-01-08,plantain,Aowin,340.2,1.94,0,1,2
2018-01-15,plantain,Aowin,365.5,1.75,0,1,3
2018-01-22,plantain,Aowin,361.0,1.79,0,1,4
2018-01-29,plantain,Aowin,376.6,2.05,0,1,5
2018-02-05,plantain,Aowin,376.6,1.83,0,2,6
2018-02-12,plantain,Aowin,324.3,1.95,0,2,7
2018-02-19,plantain,Aowin,382.2,1.86,0,2,8
2018-02-26,plantain,Aowin,369.4,1.91,0,2,9
2018-03-05,plantain,Aowin,391.0,1.59,0,3,10
2018-03-12,plantain,Aowin,363.6,1.67,0,3,11
2018-03-19,plantain,Aowin,367.5,1.64,0,3,12
2018-03-26,plantain,Aowin,424.0,1.61,0,3,13
2018-04-02,plantain,Aowin,649.0,1.58,1,4,14
2018-04-09,plantain,Aowin,633.9,1.66,1,4,15
2018-04-16,plantain,Aowin,414.3,1.57,0,4,16
2018-04-23,plantain,Aowin,397.5,1.67,0,4,17
2018-04-30,plantain,Aowin,355.2,1.82,0,4,18
2018-05-07,plantain,Aowin,374.1,1.75,0,5,19
2018-05-14,plantain,Aowin,414.2,1.7,0,5,20
2018-05-21,plantain,Aowin,429.5,1.65,0,5,21
2018-05-28,plantain,Aowin,388.2,1.53,0,5,22
2018-06-04,plantain,Aowin,401.5,1.72,0,6,23
2018-06-11,plantain,Aowin,394.8,1.91,0,6,24
2018-06-18,plantain,Aowin,444.7,1.76,0,6,25
2018-06-25,plantain,Aowin,442.3,1.76,0,6,26
2018-07-02,plantain,Aowin,344.1,2.03,0,7,27
2018-07-09,plantain,Aowin,399.4,1.96,0,7,28
2018-07-16,plantain,Aowin,375.2,1.94,0,7,29
2018-07-23,plantain,Aowin,382.6,2.04,0,7,30
2018-07-30,plantain,Aowin,387.1,1.97,0,7,31
2018-08-06,plantain,Aowin,508.2,2.0,1,8,32
2018-08-13,plantain,Aowin,570.2,1.99,1,8,33
2018-08-20,plantain,Aowin,562.1,2.1,1,8,34
2018-08-27,plantain,Aowin,541.1,2.04,1,8,35
2018-09-03,plantain,Aowin,389.8,1.83,0,9,36
2018-09-10,plantain,Aowin,349.8,1.89,0,9,37
2018-09-17,plantain,Aowin,410.2,1.84,0,9,38
2018-09-24,plantain,Aowin,400.6,1.83,0,9,39
2018-10-01,plantain,Aowin,372.7,1.61,0,10,40
2018-10-08,plantain,Aowin,385.1,1.62,0,10,41
2018-10-15,plantain,Aowin,405.8,1.57,0,10,42
2018-10-22,plantain,Aowin,384.9,1.59,0,10,43
2018-10-29,plantain,Aowin,410.0,1.53,0,10,44
2018-11-05,plantain,Aowin,367.5,1.54,0,11,45
2018-11-12,plantain,Aowin,423.4,1.64,0,11,46
2018-11-19,plantain,Aowin,395.7,1.62,0,11,47
2018-11-26,plantain,Aowin,369.2,1.62,0,11,48
2018-12-03,plantain,Aowin,339.1,1.62,0,12,49
2018-12-10,plantain,Aowin,426.4,1.6,0,12,50
2018-12-17,plantain,Aowin,405.6,1.65,0,12,51
2018-12-24,plantain,Aowin,657.1,1.66,1,12,52
2018-12-31,plantain,Aowin,682.5,1.66,1,12,1
2019-01-07,plantain,Aowin,393.6,2.04,0,1,2
2019-01-14,plantain,Aowin,362.8,2.16,0,1,3
2019-01-21,plantain,Aowin,364.6,2.07,0,1,4
2019-01-28,plantain,Aowin,357.1,2.1,0,1,5
2019-02-04,plantain,Aowin,380.6,2.08,0,2,6
2019-02-11,plantain,Aowin,402.4,2.08,0,2,7
2019-02-18,plantain,Aowin,380.0,2.0,0,2,8
2019-02-25,plantain,Aowin,398.4,2.12,0,2,9
2019-03-04,plantain,Aowin,378.0,1.97,0,3,10
2019-03-11,plantain,Aowin,415.1,1.74,0,3,11
2019-03-18,plantain,Aowin,458.5,1.77,0,3,12
2019-03-25,plantain,Aowin,446.1,1.74,0,3,13
2019-04-01,plantain,Aowin,707.5,1.74,1,4,14
2019-04-08,plantain,Aowin,575.2,1.89,1,4,15
2019-04-15,plantain,Aowin,464.2,1.73,0,4,16
2019-04-22,plantain,Aowin,406.4,1.74,0,4,17
2019-04-29,plantain,Aowin,415.5,1.67,0,4,18
2019-05-06,plantain,Aowin,357.8,1.74,0,5,19
2019-05-13,plantain,Aowin,432.3,1.67,0,5,20
2019-05-20,plantain,Aowin,370.1,1.83,0,5,21
2019-05-27,plantain,Aowin,380.8,1.99,0,5,22
2019-06-03,plantain,Aowin,374.9,1.93,0,6,23
2019-06-10,plantain,Aowin,464.6,1.83,0,6,24
2019-06-17,plantain,Aowin,400.8,2.03,0,6,25
2019-06-24,plantain,Aowin,463.5,1.9,0,6,26
2019-07-01,plantain,Aowin,331.6,2.32,0,7,27
2019-07-08,plantain,Aowin,404.6,2.18,0,7,28
2019-07-15,plantain,Aowin,333.6,2.15,0,7,29
2019-07-22,plantain,Aowin,373.5,2.19,0,7,30
2019-07-29,plantain,Aowin,345.5,2.27,0,7,31
2019-08-05,plantain,Aowin,538.3,2.2,1,8,32
2019-08-12,plantain,Aowin,539.7,2.18,1,8,33
2019-08-19,plantain,Aowin,522.8,2.2,1,8,34
2019-08-26,plantain,Aowin,527.7,2.11,1,8,35
2019-09-02,plantain,Aowin,385.1,2.03,0,9,36
2019-09-09,plantain,Aowin,427.1,1.85,0,9,37
2019-09-16,plantain,Aowin,434.5,1.96,0,9,38
2019-09-23,plantain,Aowin,398.2,2.06,0,9,39
2019-09-30,plantain,Aowin,424.8,2.02,0,9,40
2019-10-07,plantain,Aowin,365.0,1.75,0,10,41
2019-10-14,plantain,Aowin,398.7,1.7,0,10,42
2019-10-21,plantain,Aowin,410.6,1.79,0,10,43
2019-10-28,plantain,Aowin,405.3,1.77,0,10,44
2019-11-04,plantain,Aowin,382.3,1.75,0,11,45
2019-11-11,plantain,Aowin,420.3,1.78,0,11,46
2019-11-18,plantain,Aowin,387.0,1.77,0,11,47
2019-11-25,plantain,Aowin,394.5,1.69,0,11,48
2019-12-02,plantain,Aowin,438.4,1.64,0,12,49
2019-12-09,plantain,Aowin,404.2,1.76,0,12,50
2019-12-16,plantain,Aowin,389.7,1.77,0,12,51
2019-12-23,plantain,Aowin,637.8,1.8,1,12,52
2019-12-30,plantain,Aowin,656.2,1.66,1,12,1
2020-01-06,plantain,Aowin,382.3,2.13,0,1,2
2020-01-13,plantain,Aowin,400.6,2.25,0,1,3
2020-01-20,plantain,Aowin,387.8,2.2,0,1,4
2020-01-27,plantain,Aowin,427.7,2.04,0,1,5
2020-02-03,plantain,Aowin,388.6,2.26,0,2,6
2020-02-10,plantain,Aowin,389.3,2.06,0,2,7
2020-02-17,plantain,Aowin,353.9,2.14,0,2,8
2020-02-24,plantain,Aowin,345.7,2.35,0,2,9
2020-03-02,plantain,Aowin,372.2,2.05,0,3,10
2020-03-09,plantain,Aowin,405.0,1.82,0,3,11
2020-03-16,plantain,Aowin,438.2,1.88,0,3,12
2020-03-23,plantain,Aowin,432.7,1.91,0,3,13
2020-03-30,plantain,Aowin,440.9,2.04,0,3,14
2020-04-06,plantain,Aowin,625.4,1.88,1,4,15
2020-04-13,plantain,Aowin,718.3,1.88,1,4,16
2020-04-20,plantain,Aowin,429.1,2.04,0,4,17
2020-04-27,plantain,Aowin,409.1,1.89,0,4,18
2020-05-04,plantain,Aowin,413.1,1.99,0,5,19
2020-05-11,plantain,Aowin,461.5,1.82,0,5,20
2020-05-18,plantain,Aowin,411.2,1.92,0,5,21
2020-05-25,plantain,Aowin,429.5,1.8,0,5,22
2020-06-01,plantain,Aowin,405.0,2.02,0,6,23
2020-06-08,plantain,Aowin,340.0,2.19,0,6,24
2020-06-15,plantain,Aowin,409.0,2.11,0,6,25
2020-06-22,plantain,Aowin,392.7,2.09,0,6,26
2020-06-29,plantain,Aowin,389.3,2.05,0,6,27
2020-07-06,plantain,Aowin,386.5,2.36,0,7,28
2020-07-13,plantain,Aowin,338.7,2.41,0,7,29
2020-07-20,plantain,Aowin,380.7,2.48,0,7,30
2020-07-27,plantain,Aowin,418.9,2.13,0,7,31
2020-08-03,plantain,Aowin,560.7,2.32,1,8,32
2020-08-10,plantain,Aowin,556.2,2.41,1,8,33
2020-08-17,plantain,Aowin,521.7,2.39,1,8,34
2020-08-24,plantain,Aowin,578.0,2.44,1,8,35
2020-08-31,plantain,Aowin,562.8,2.42,1,8,36
2020-09-07,plantain,Aowin,418.8,2.13,0,9,37
2020-09-14,plantain,Aowin,427.8,2.11,0,9,38
2020-09-21,plantain,Aowin,396.4,2.13,0,9,39
2020-09-28,plantain,Aowin,359.7,2.25,0,9,40
2020-10-05,plantain,Aowin,450.0,1.79,0,10,41
2020-10-12,plantain,Aowin,434.1,1.84,0,10,42
2020-10-19,plantain,Aowin,400.2,1.86,0,10,43
2020-10-26,plantain,Aowin,407.3,1.96,0,10,44
2020-11-02,plantain,Aowin,453.1,1.83,0,11,45
2020-11-09,plantain,Aowin,432.4,1.93,0,11,46
2020-11-16,plantain,Aowin,388.1,1.95,0,11,47
2020-11-23,plantain,Aowin,380.5,1.85,0,11,48
2020-11-30,plantain,Aowin,386.4,1.84,0,11,49
2020-12-07,plantain,Aowin,414.4,1.84,0,12,50
2020-12-14,plantain,Aowin,457.4,1.85,0,12,51
2020-12-21,plantain,Aowin,647.2,1.93,1,12,52
2020-12-28,plantain,Aowin,665.5,1.88,1,12,53
2021-01-04,plantain,Aowin,371.4,2.41,0,1,1
2021-01-11,plantain,Aowin,389.2,2.28,0,1,2
2021-01-18,plantain,Aowin,399.2,2.3,0,1,3
2021-01-25,plantain,Aowin,337.3,2.59,0,1,4
2021-02-01,plantain,Aowin,416.0,2.39,0,2,5
2021-02-08,plantain,Aowin,394.7,2.33,0,2,6
2021-02-15,plantain,Aowin,428.7,2.54,0,2,7
2021-02-22,plantain,Aowin,358.6,2.43,0,2,8
2021-03-01,plantain,Aowin,449.2,2.11,0,3,9
2021-03-08,plantain,Aowin,454.0,2.05,0,3,10
2021-03-15,plantain,Aowin,411.7,2.03,0,3,11
2021-03-22,plantain,Aowin,409.1,2.05,0,3,12
2021-03-29,plantain,Aowin,411.0,1.95,0,3,13
2021-04-05,plantain,Aowin,623.0,2.07,1,4,14
2021-04-12,plantain,Aowin,651.8,2.1,1,4,15
2021-04-19,plantain,Aowin,396.5,2.23,0,4,16
2021-04-26,plantain,Aowin,377.1,2.08,0,4,17
2021-05-03,plantain,Aowin,513.3,1.89,0,5,18
2021-05-10,plantain,Aowin,413.4,2.08,0,5,19
2021-05-17,plantain,Aowin,388.4,2.32,0,5,20
2021-05-24,plantain,Aowin,392.9,2.16,0,5,21
2021-05-31,plantain,Aowin,422.4,2.02,0,5,22
2021-06-07,plantain,Aowin,398.5,2.34,0,6,23
2021-06-14,plantain,Aowin,423.6,2.22,0,6,24
2021-06-21,plantain,Aowin,432.1,2.16,0,6,25
2021-06-28,plantain,Aowin,439.7,2.25,0,6,26
2021-07-05,plantain,Aowin,386.1,2.58,0,7,27
2021-07-12,plantain,Aowin,421.8,2.38,0,7,28
2021-07-19,plantain,Aowin,394.6,2.46,0,7,29
2021-07-26,plantain,Aowin,387.4,2.57,0,7,30
2021-08-02,plantain,Aowin,569.9,2.55,1,8,31
2021-08-09,plantain,Aowin,599.0,2.63,1,8,32
2021-08-16,plantain,Aowin,605.6,2.46,1,8,33
2021-08-23,plantain,Aowin,554.9,2.66,1,8,34
2021-08-30,plantain,Aowin,585.6,2.47,1,8,35
2021-09-06,plantain,Aowin,394.9,2.48,0,9,36
2021-09-13,plantain,Aowin,440.2,2.17,0,9,37
2021-09-20,plantain,Aowin,429.0,2.23,0,9,38
2021-09-27,plantain,Aowin,397.5,2.37,0,9,39
2021-10-04,plantain,Aowin,423.6,2.12,0,10,40
2021-10-11,plantain,Aowin,440.9,2.02,0,10,41
2021-10-18,plantain,Aowin,461.5,2.04,0,10,42
2021-10-25,plantain,Aowin,409.3,1.99,0,10,43
2021-11-01,plantain,Aowin,456.7,1.92,0,11,44
2021-11-08,plantain,Aowin,382.8,1.96,0,11,45
2021-11-15,plantain,Aowin,462.8,1.91,0,11,46
2021-11-22,plantain,Aowin,403.9,1.9,0,11,47
2021-11-29,plantain,Aowin,394.8,2.04,0,11,48
2021-12-06,plantain,Aowin,449.0,1.93,0,12,49
2021-12-13,plantain,Aowin,406.6,2.04,0,12,50
2021-12-20,plantain,Aowin,703.5,1.91,1,12,51
2021-12-27,plantain,Aowin,681.1,2.04,1,12,52
2022-01-03,plantain,Aowin,419.5,2.53,0,1,1
2022-01-10,plantain,Aowin,359.3,2.72,0,1,2
2022-01-17,plantain,Aowin,391.3,2.61,0,1,3
2022-01-24,plantain,Aowin,373.0,2.71,0,1,4
2022-01-31,plantain,Aowin,425.4,2.5,0,1,5
2022-02-07,plantain,Aowin,416.4,2.6,0,2,6
2022-02-14,plantain,Aowin,364.3,2.49,0,2,7
2022-02-21,plantain,Aowin,427.3,2.55,0,2,8
2022-02-28,plantain,Aowin,385.1,2.57,0,2,9
2022-03-07,plantain,Aowin,441.6,2.16,0,3,10
2022-03-14,plantain,Aowin,416.7,2.12,0,3,11
2022-03-21,plantain,Aowin,454.6,2.1,0,3,12
2022-03-28,plantain,Aowin,528.0,2.02,0,3,13
2022-04-04,plantain,Aowin,697.4,2.15,1,4,14
2022-04-11,plantain,Aowin,639.8,2.3,1,4,15
2022-04-18,plantain,Aowin,441.4,2.1,0,4,16
2022-04-25,plantain,Aowin,405.3,2.12,0,4,17
2022-05-02,plantain,Aowin,440.3,2.42,0,5,18
2022-05-09,plantain,Aowin,443.2,2.2,0,5,19
2022-05-16,plantain,Aowin,396.9,2.28,0,5,20
2022-05-23,plantain,Aowin,393.9,2.31,0,5,21
2022-05-30,plantain,Aowin,419.8,2.31,0,5,22
2022-06-06,plantain,Aowin,467.7,2.32,0,6,23
2022-06-13,plantain,Aowin,397.0,2.44,0,6,24
2022-06-20,plantain,Aowin,474.1,2.31,0,6,25
2022-06-27,plantain,Aowin,392.0,2.71,0,6,26
2022-07-04,plantain,Aowin,386.4,2.6,0,7,27
2022-07-11,plantain,Aowin,391.1,2.66,0,7,28
2022-07-18,plantain,Aowin,444.6,2.66,0,7,29
2022-07-25,plantain,Aowin,374.1,2.61,0,7,30
2022-08-01,plantain,Aowin,535.6,2.95,1,8,31
2022-08-08,plantain,Aowin,574.8,3.07,1,8,32
2022-08-15,plantain,Aowin,599.8,2.74,1,8,33
2022-08-22,plantain,Aowin,578.3,2.65,1,8,34
2022-08-29,plantain,Aowin,661.1,2.55,1,8,35
2022-09-05,plantain,Aowin,454.3,2.49,0,9,36
2022-09-12,plantain,Aowin,438.1,2.48,0,9,37
2022-09-19,plantain,Aowin,417.6,2.45,0,9,38
2022-09-26,plantain,Aowin,410.3,2.54,0,9,39
2022-10-03,plantain,Aowin,435.9,2.18,0,10,40
2022-10-10,plantain,Aowin,394.9,2.18,0,10,41
2022-10-17,plantain,Aowin,472.6,2.12,0,10,42
2022-10-24,plantain,Aowin,492.8,2.06,0,10,43
2022-10-31,plantain,Aowin,418.2,2.21,0,10,44
2022-11-07,plantain,Aowin,442.1,2.17,0,11,45
2022-11-14,plantain,Aowin,452.8,2.24,0,11,46
2022-11-21,plantain,Aowin,473.9,2.23,0,11,47
2022-11-28,plantain,Aowin,495.8,2.04,0,11,48
2022-12-05,plantain,Aowin,407.3,2.05,0,12,49
2022-12-12,plantain,Aowin,436.5,2.11,0,12,50
2022-12-19,plantain,Aowin,461.6,2.09,0,12,51
2022-12-26,plantain,Aowin,685.8,2.24,1,12,52
2023-01-02,plantain,Aowin,443.1,2.82,0,1,1
2023-01-09,plantain,Aowin,429.2,2.91,0,1,2
2023-01-16,plantain,Aowin,379.7,2.83,0,1,3
2023-01-23,plantain,Aowin,397.5,2.81,0,1,4
2023-01-30,plantain,Aowin,372.5,2.92,0,1,5
2023-02-06,plantain,Aowin,394.0,2.86,0,2,6
2023-02-13,plantain,Aowin,398.5,2.81,0,2,7
2023-02-20,plantain,Aowin,409.7,2.97,0,2,8
2023-02-27,plantain,Aowin,381.4,2.82,0,2,9
2023-03-06,plantain,Aowin,370.0,2.37,0,3,10
2023-03-13,plantain,Aowin,403.0,2.32,0,3,11
2023-03-20,plantain,Aowin,399.3,2.47,0,3,12
2023-03-27,plantain,Aowin,402.7,2.52,0,3,13
2023-04-03,plantain,Aowin,694.2,2.41,1,4,14
2023-04-10,plantain,Aowin,615.4,2.55,1,4,15
2023-04-17,plantain,Aowin,428.8,2.23,0,4,16
2023-04-24,plantain,Aowin,411.9,2.41,0,4,17
2023-05-01,plantain,Aowin,407.1,2.43,0,5,18
2023-05-08,plantain,Aowin,431.2,2.36,0,5,19
2023-05-15,plantain,Aowin,392.0,2.67,0,5,20
2023-05-22,plantain,Aowin,454.4,2.43,0,5,21
2023-05-29,plantain,Aowin,415.6,2.39,0,5,22
2023-06-05,plantain,Aowin,421.5,2.67,0,6,23
2023-06-12,plantain,Aowin,444.4,2.45,0,6,24
2023-06-19,plantain,Aowin,463.4,2.58,0,6,25
2023-06-26,plantain,Aowin,415.2,2.77,0,6,26
2023-07-03,plantain,Aowin,429.9,2.93,0,7,27
2023-07-10,plantain,Aowin,379.3,2.9,0,7,28
2023-07-17,plantain,Aowin,381.0,3.16,0,7,29
2023-07-24,plantain,Aowin,368.9,3.16,0,7,30
2023-07-31,plantain,Aowin,362.6,3.06,0,7,31
2023-08-07,plantain,Aowin,599.8,2.97,1,8,32
2023-08-14,plantain,Aowin,661.6,2.99,1,8,33
2023-08-21,plantain,Aowin,578.8,2.92,1,8,34
2023-08-28,plantain,Aowin,608.5,2.9,1,8,35
2023-09-04,plantain,Aowin,412.8,2.6,0,9,36
2023-09-11,plantain,Aowin,403.0,2.65,0,9,37
2023-09-18,plantain,Aowin,426.9,2.6,0,9,38
2023-09-25,plantain,Aowin,442.3,2.55,0,9,39
2023-10-02,plantain,Aowin,428.5,2.34,0,10,40
2023-10-09,plantain,Aowin,433.3,2.34,0,10,41
2023-10-16,plantain,Aowin,378.9,2.48,0,10,42
2023-10-23,plantain,Aowin,433.9,2.26,0,10,43
2023-10-30,plantain,Aowin,451.0,2.35,0,10,44
2023-11-06,plantain,Aowin,402.2,2.37,0,11,45
2023-11-13,plantain,Aowin,436.8,2.31,0,11,46
2023-11-20,plantain,Aowin,440.0,2.41,0,11,47
2023-11-27,plantain,Aowin,412.1,2.41,0,11,48
2023-12-04,plantain,Aowin,448.3,2.38,0,12,49
2023-12-11,plantain,Aowin,405.6,2.33,0,12,50
2023-12-18,plantain,Aowin,471.7,2.32,0,12,51
2023-12-25,plantain,Aowin,785.7,2.22,1,12,52
2024-01-01,plantain,Aowin,423.9,2.91,0,1,1
2024-01-08,plantain,Aowin,448.7,2.93,0,1,2
2024-01-15,plantain,Aowin,418.5,2.87,0,1,3
2024-01-22,plantain,Aowin,391.8,3.06,0,1,4
2024-01-29,plantain,Aowin,430.9,3.15,0,1,5
2024-02-05,plantain,Aowin,471.0,2.92,0,2,6
2024-02-12,plantain,Aowin,392.5,3.06,0,2,7
2024-02-19,plantain,Aowin,423.4,2.9,0,2,8
2024-02-26,plantain,Aowin,442.8,2.99,0,2,9
2024-03-04,plantain,Aowin,450.8,2.52,0,3,10
2024-03-11,plantain,Aowin,450.5,2.66,0,3,11
2024-03-18,plantain,Aowin,472.7,2.53,0,3,12
2024-03-25,plantain,Aowin,415.6,2.7,0,3,13
2024-04-01,plantain,Aowin,720.5,2.59,1,4,14
2024-04-08,plantain,Aowin,712.9,2.54,1,4,15
2024-04-15,plantain,Aowin,427.7,2.48,0,4,16
2024-04-22,plantain,Aowin,414.1,2.64,0,4,17
2024-04-29,plantain,Aowin,414.8,2.71,0,4,18
2024-05-06,plantain,Aowin,465.1,2.66,0,5,19
2024-05-13,plantain,Aowin,441.4,2.86,0,5,20
2024-05-20,plantain,Aowin,445.4,2.78,0,5,21
2024-05-27,plantain,Aowin,460.0,2.6,0,5,22
2024-06-03,plantain,Aowin,455.4,2.84,0,6,23
2024-06-10,plantain,Aowin,441.4,2.93,0,6,24
2024-06-17,plantain,Aowin,462.6,2.78,0,6,25
2024-06-24,plantain,Aowin,437.6,3.01,0,6,26
2024-07-01,plantain,Aowin,366.8,3.29,0,7,27
2024-07-08,plantain,Aowin,382.5,3.28,0,7,28
2024-07-15,plantain,Aowin,372.5,3.33,0,7,29
2024-07-22,plantain,Aowin,410.5,3.47,0,7,30
2024-07-29,plantain,Aowin,443.4,3.26,0,7,31
2024-08-05,plantain,Aowin,529.1,3.25,1,8,32
2024-08-12,plantain,Aowin,634.9,3.46,1,8,33
2024-08-19,plantain,Aowin,592.4,3.39,1,8,34
2024-08-26,plantain,Aowin,649.8,3.22,1,8,35
2024-09-02,plantain,Aowin,456.1,2.93,0,9,36
2024-09-09,plantain,Aowin,477.2,2.96,0,9,37
2024-09-16,plantain,Aowin,443.7,2.97,0,9,38
2024-09-23,plantain,Aowin,423.9,2.77,0,9,39
2024-09-30,plantain,Aowin,461.3,2.75,0,9,40
2024-10-07,plantain,Aowin,477.1,2.42,0,10,41
2024-10-14,plantain,Aowin,458.2,2.41,0,10,42
2024-10-21,plantain,Aowin,478.1,2.44,0,10,43
2024-10-28,plantain,Aowin,440.6,2.57,0,10,44
2024-11-04,plantain,Aowin,437.0,2.51,0,11,45
2024-11-11,plantain,Aowin,419.9,2.54,0,11,46
2024-11-18,plantain,Aowin,457.7,2.4,0,11,47
2024-11-25,plantain,Aowin,462.9,2.48,0,11,48
2024-12-02,plantain,Aowin,392.0,2.6,0,12,49
2024-12-09,plantain,Aowin,423.5,2.6,0,12,50
2024-12-16,plantain,Aowin,406.4,2.47,0,12,51
2024-12-23,plantain,Aowin,718.9,2.56,1,12,52
2024-12-30,plantain,Aowin,756.3,2.76,1,12,1
2018-01-01,plantain,Bibiani,408.3,1.94,0,1,1
2018-01-08,plantain,Bibiani,451.2,1.98,0,1,2
2018-01-15,plantain,Bibiani,503.1,2.0,0,1,3
2018-01-22,plantain,Bibiani,470.7,1.98,0,1,4
2018-01-29,plantain,Bibiani,434.7,1.99,0,1,5
2018-02-05,plantain,Bibiani,474.4,1.89,0,2,6
2018-02-12,plantain,Bibiani,407.7,1.93,0,2,7
2018-02-19,plantain,Bibiani,393.1,1.99,0,2,8
2018-02-26,plantain,Bibiani,434.8,1.99,0,2,9
2018-03-05,plantain,Bibiani,482.5,1.68,0,3,10
2018-03-12,plantain,Bibiani,495.6,1.71,0,3,11
2018-03-19,plantain,Bibiani,447.2,1.72,0,3,12
2018-03-26,plantain,Bibiani,456.5,1.78,0,3,13
2018-04-02,plantain,Bibiani,740.4,1.72,1,4,14
2018-04-09,plantain,Bibiani,715.1,1.76,1,4,15
2018-04-16,plantain,Bibiani,470.1,1.69,0,4,16
2018-04-23,plantain,Bibiani,432.7,1.77,0,4,17
2018-04-30,plantain,Bibiani,465.7,1.76,0,4,18
2018-05-07,plantain,Bibiani,458.6,1.8,0,5,19
2018-05-14,plantain,Bibiani,443.2,1.79,0,5,20
2018-05-21,plantain,Bibiani,475.4,1.78,0,5,21
2018-05-28,plantain,Bibiani,495.8,1.73,0,5,22
2018-06-04,plantain,Bibiani,476.2,1.92,0,6,23
2018-06-11,plantain,Bibiani,419.2,1.98,0,6,24
2018-06-18,plantain,Bibiani,473.3,1.85,0,6,25
2018-06-25,plantain,Bibiani,443.0,1.86,0,6,26
2018-07-02,plantain,Bibiani,424.0,2.16,0,7,27
2018-07-09,plantain,Bibiani,395.9,2.18,0,7,28
2018-07-16,plantain,Bibiani,466.9,2.08,0,7,29
2018-07-23,plantain,Bibiani,444.5,2.14,0,7,30
2018-07-30,plantain,Bibiani,453.9,2.14,0,7,31
2018-08-06,plantain,Bibiani,722.6,1.97,1,8,32
2018-08-13,plantain,Bibiani,628.4,2.14,1,8,33
2018-08-20,plantain,Bibiani,620.3,2.15,1,8,34
2018-08-27,plantain,Bibiani,703.1,2.15,1,8,35
2018-09-03,plantain,Bibiani,439.8,2.05,0,9,36
2018-09-10,plantain,Bibiani,440.7,1.85,0,9,37
2018-09-17,plantain,Bibiani,502.6,1.88,0,9,38
2018-09-24,plantain,Bibiani,506.6,1.74,0,9,39
2018-10-01,plantain,Bibiani,521.0,1.63,0,10,40
2018-10-08,plantain,Bibiani,484.8,1.63,0,10,41
2018-10-15,plantain,Bibiani,477.2,1.63,0,10,42
2018-10-22,plantain,Bibiani,498.8,1.73,0,10,43
2018-10-29,plantain,Bibiani,416.6,1.72,0,10,44
2018-11-05,plantain,Bibiani,453.6,1.68,0,11,45
2018-11-12,plantain,Bibiani,451.2,1.65,0,11,46
2018-11-19,plantain,Bibiani,397.6,1.74,0,11,47
2018-11-26,plantain,Bibiani,497.0,1.67,0,11,48
2018-12-03,plantain,Bibiani,467.8,1.63,0,12,49
2018-12-10,plantain,Bibiani,524.9,1.57,0,12,50
2018-12-17,plantain,Bibiani,490.8,1.65,0,12,51
2018-12-24,plantain,Bibiani,796.9,1.73,1,12,52
2018-12-31,plantain,Bibiani,717.0,1.83,1,12,1
2019-01-07,plantain,Bibiani,418.2,2.16,0,1,2
2019-01-14,plantain,Bibiani,453.3,2.08,0,1,3
2019-01-21,plantain,Bibiani,480.9,2.05,0,1,4
2019-01-28,plantain,Bibiani,431.0,2.2,0,1,5
2019-02-04,plantain,Bibiani,446.0,2.01,0,2,6
2019-02-11,plantain,Bibiani,402.4,2.21,0,2,7
2019-02-18,plantain,Bibiani,434.5,2.24,0,2,8
2019-02-25,plantain,Bibiani,420.6,2.2,0,2,9
2019-03-04,plantain,Bibiani,473.6,1.84,0,3,10
2019-03-11,plantain,Bibiani,457.7,1.9,0,3,11
2019-03-18,plantain,Bibiani,457.4,1.87,0,3,12
2019-03-25,plantain,Bibiani,492.1,1.8,0,3,13
2019-04-01,plantain,Bibiani,728.5,2.01,1,4,14
2019-04-08,plantain,Bibiani,842.2,1.84,1,4,15
2019-04-15,plantain,Bibiani,482.9,1.93,0,4,16
2019-04-22,plantain,Bibiani,559.1,1.69,0,4,17
2019-04-29,plantain,Bibiani,434.2,1.96,0,4,18
2019-05-06,plantain,Bibiani,410.7,1.99,0,5,19
2019-05-13,plantain,Bibiani,473.7,1.88,0,5,20
2019-05-20,plantain,Bibiani,490.7,1.92,0,5,21
2019-05-27,plantain,Bibiani,486.3,1.92,0,5,22
2019-06-03,plantain,Bibiani,514.4,2.0,0,6,23
2019-06-10,plantain,Bibiani,392.0,2.1,0,6,24
2019-06-17,plantain,Bibiani,517.5,1.99,0,6,25
2019-06-24,plantain,Bibiani,487.4,2.01,0,6,26
2019-07-01,plantain,Bibiani,379.6,2.42,0,7,27
2019-07-08,plantain,Bibiani,437.9,2.41,0,7,28
2019-07-15,plantain,Bibiani,446.3,2.25,0,7,29
2019-07-22,plantain,Bibiani,451.9,2.25,0,7,30
2019-07-29,plantain,Bibiani,466.8,2.26,0,7,31
2019-08-05,plantain,Bibiani,649.8,2.4,1,8,32
2019-08-12,plantain,Bibiani,608.1,2.24,1,8,33
2019-08-19,plantain,Bibiani,633.9,2.37,1,8,34
2019-08-26,plantain,Bibiani,571.9,2.4,1,8,35
2019-09-02,plantain,Bibiani,491.5,2.09,0,9,36
2019-09-09,plantain,Bibiani,496.8,2.18,0,9,37
2019-09-16,plantain,Bibiani,441.0,2.07,0,9,38
2019-09-23,plantain,Bibiani,455.6,2.08,0,9,39
2019-09-30,plantain,Bibiani,461.3,2.01,0,9,40
2019-10-07,plantain,Bibiani,453.1,1.87,0,10,41
2019-10-14,plantain,Bibiani,503.8,1.74,0,10,42
2019-10-21,plantain,Bibiani,462.7,1.82,0,10,43
2019-10-28,plantain,Bibiani,500.2,1.79,0,10,44
2019-11-04,plantain,Bibiani,528.7,1.73,0,11,45
2019-11-11,plantain,Bibiani,523.0,1.76,0,11,46
2019-11-18,plantain,Bibiani,432.2,1.9,0,11,47
2019-11-25,plantain,Bibiani,518.2,1.82,0,11,48
2019-12-02,plantain,Bibiani,541.8,1.74,0,12,49
2019-12-09,plantain,Bibiani,522.1,1.84,0,12,50
2019-12-16,plantain,Bibiani,478.9,1.81,0,12,51
2019-12-23,plantain,Bibiani,693.5,2.07,1,12,52
2019-12-30,plantain,Bibiani,746.5,1.84,1,12,1
2020-01-06,plantain,Bibiani,423.3,2.29,0,1,2
2020-01-13,plantain,Bibiani,431.2,2.45,0,1,3
2020-01-20,plantain,Bibiani,499.4,2.15,0,1,4
2020-01-27,plantain,Bibiani,482.5,2.33,0,1,5
2020-02-03,plantain,Bibiani,412.2,2.52,0,2,6
2020-02-10,plantain,Bibiani,449.3,2.33,0,2,7
2020-02-17,plantain,Bibiani,470.4,2.18,0,2,8
2020-02-24,plantain,Bibiani,437.4,2.3,0,2,9
2020-03-02,plantain,Bibiani,482.6,2.12,0,3,10
2020-03-09,plantain,Bibiani,487.9,2.03,0,3,11
2020-03-16,plantain,Bibiani,498.2,1.94,0,3,12
2020-03-23,plantain,Bibiani,502.7,1.95,0,3,13
2020-03-30,plantain,Bibiani,508.3,1.96,0,3,14
2020-04-06,plantain,Bibiani,778.0,2.05,1,4,15
2020-04-13,plantain,Bibiani,695.2,2.12,1,4,16
2020-04-20,plantain,Bibiani,493.7,2.1,0,4,17
2020-04-27,plantain,Bibiani,484.4,2.05,0,4,18
2020-05-04,plantain,Bibiani,491.2,1.92,0,5,19
2020-05-11,plantain,Bibiani,511.4,1.92,0,5,20
2020-05-18,plantain,Bibiani,486.5,2.07,0,5,21
2020-05-25,plantain,Bibiani,537.1,1.92,0,5,22
2020-06-01,plantain,Bibiani,452.2,2.2,0,6,23
2020-06-08,plantain,Bibiani,512.1,2.25,0,6,24
2020-06-15,plantain,Bibiani,496.7,2.12,0,6,25
2020-06-22,plantain,Bibiani,479.3,2.13,0,6,26
2020-06-29,plantain,Bibiani,465.3,2.21,0,6,27
2020-07-06,plantain,Bibiani,408.6,2.55,0,7,28
2020-07-13,plantain,Bibiani,382.5,2.61,0,7,29
2020-07-20,plantain,Bibiani,451.0,2.56,0,7,30
2020-07-27,plantain,Bibiani,492.1,2.51,0,7,31
2020-08-03,plantain,Bibiani,610.4,2.44,1,8,32
2020-08-10,plantain,Bibiani,643.4,2.41,1,8,33
2020-08-17,plantain,Bibiani,700.1,2.47,1,8,34
2020-08-24,plantain,Bibiani,650.4,2.56,1,8,35
2020-08-31,plantain,Bibiani,686.8,2.55,1,8,36
2020-09-07,plantain,Bibiani,511.7,2.07,0,9,37
2020-09-14,plantain,Bibiani,476.4,2.19,0,9,38
2020-09-21,plantain,Bibiani,458.9,2.37,0,9,39
2020-09-28,plantain,Bibiani,411.8,2.27,0,9,40
2020-10-05,plantain,Bibiani,476.5,1.83,0,10,41
2020-10-12,plantain,Bibiani,484.2,2.12,0,10,42
2020-10-19,plantain,Bibiani,526.7,1.93,0,10,43
2020-10-26,plantain,Bibiani,524.9,1.97,0,10,44
2020-11-02,plantain,Bibiani,498.2,1.98,0,11,45
2020-11-09,plantain,Bibiani,429.4,1.92,0,11,46
2020-11-16,plantain,Bibiani,483.4,1.89,0,11,47
2020-11-23,plantain,Bibiani,499.5,2.11,0,11,48
2020-11-30,plantain,Bibiani,522.7,2.03,0,11,49
2020-12-07,plantain,Bibiani,518.6,2.03,0,12,50
2020-12-14,plantain,Bibiani,476.2,2.01,0,12,51
2020-12-21,plantain,Bibiani,777.4,1.88,1,12,52
2020-12-28,plantain,Bibiani,785.7,2.06,1,12,53
2021-01-04,plantain,Bibiani,470.4,2.42,0,1,1
2021-01-11,plantain,Bibiani,495.8,2.54,0,1,2
2021-01-18,plantain,Bibiani,488.5,2.34,0,1,3
2021-01-25,plantain,Bibiani,488.7,2.3,0,1,4
2021-02-01,plantain,Bibiani,455.5,2.56,0,2,5
2021-02-08,plantain,Bibiani,481.4,2.44,0,2,6
2021-02-15,plantain,Bibiani,506.5,2.32,0,2,7
2021-02-22,plantain,Bibiani,431.2,2.58,0,2,8
2021-03-01,plantain,Bibiani,433.0,2.35,0,3,9
2021-03-08,plantain,Bibiani,511.8,2.28,0,3,10
2021-03-15,plantain,Bibiani,447.1,2.14,0,3,11
2021-03-22,plantain,Bibiani,539.0,2.17,0,3,12
2021-03-29,plantain,Bibiani,424.3,2.24,0,3,13
2021-04-05,plantain,Bibiani,722.8,2.28,1,4,14
2021-04-12,plantain,Bibiani,828.4,2.15,1,4,15
2021-04-19,plantain,Bibiani,492.3,2.18,0,4,16
2021-04-26,plantain,Bibiani,450.3,2.2,0,4,17
2021-05-03,plantain,Bibiani,497.9,2.24,0,5,18
2021-05-10,plantain,Bibiani,497.5,2.18,0,5,19
2021-05-17,plantain,Bibiani,489.0,2.18,0,5,20
2021-05-24,plantain,Bibiani,456.6,2.31,0,5,21
2021-05-31,plantain,Bibiani,475.0,2.3,0,5,22
2021-06-07,plantain,Bibiani,465.5,2.44,0,6,23
2021-06-14,plantain,Bibiani,533.3,2.56,0,6,24
2021-06-21,plantain,Bibiani,487.5,2.36,0,6,25
2021-06-28,plantain,Bibiani,456.2,2.55,0,6,26
2021-07-05,plantain,Bibiani,428.3,2.76,0,7,27
2021-07-12,plantain,Bibiani,453.4,3.06,0,7,28
2021-07-19,plantain,Bibiani,421.0,2.57,0,7,29
2021-07-26,plantain,Bibiani,468.9,2.63,0,7,30
2021-08-02,plantain,Bibiani,654.7,2.77,1,8,31
2021-08-09,plantain,Bibiani,609.2,2.76,1,8,32
2021-08-16,plantain,Bibiani,605.6,2.93,1,8,33
2021-08-23,plantain,Bibiani,699.7,2.65,1,8,34
2021-08-30,plantain,Bibiani,621.4,2.82,1,8,35
2021-09-06,plantain,Bibiani,481.8,2.56,0,9,36
2021-09-13,plantain,Bibiani,531.5,2.51,0,9,37
2021-09-20,plantain,Bibiani,511.1,2.35,0,9,38
2021-09-27,plantain,Bibiani,430.5,2.58,0,9,39
2021-10-04,plantain,Bibiani,458.6,2.19,0,10,40
2021-10-11,plantain,Bibiani,483.2,2.14,0,10,41
2021-10-18,plantain,Bibiani,486.3,2.11,0,10,42
2021-10-25,plantain,Bibiani,501.3,2.11,0,10,43
2021-11-01,plantain,Bibiani,511.2,2.1,0,11,44
2021-11-08,plantain,Bibiani,542.3,2.16,0,11,45
2021-11-15,plantain,Bibiani,499.9,2.11,0,11,46
2021-11-22,plantain,Bibiani,479.1,2.03,0,11,47
2021-11-29,plantain,Bibiani,552.4,2.02,0,11,48
2021-12-06,plantain,Bibiani,553.2,2.05,0,12,49
2021-12-13,plantain,Bibiani,504.9,2.14,0,12,50
2021-12-20,plantain,Bibiani,820.7,2.12,1,12,51
2021-12-27,plantain,Bibiani,858.1,2.14,1,12,52
2022-01-03,plantain,Bibiani,454.3,2.76,0,1,1
2022-01-10,plantain,Bibiani,417.1,2.64,0,1,2
2022-01-17,plantain,Bibiani,462.0,2.87,0,1,3
2022-01-24,plantain,Bibiani,495.6,2.68,0,1,4
2022-01-31,plantain,Bibiani,514.0,2.66,0,1,5
2022-02-07,plantain,Bibiani,440.4,2.78,0,2,6
2022-02-14,plantain,Bibiani,501.1,2.53,0,2,7
2022-02-21,plantain,Bibiani,485.9,2.64,0,2,8
2022-02-28,plantain,Bibiani,456.8,2.83,0,2,9
2022-03-07,plantain,Bibiani,532.2,2.18,0,3,10
2022-03-14,plantain,Bibiani,486.8,2.44,0,3,11
2022-03-21,plantain,Bibiani,485.9,2.48,0,3,12
2022-03-28,plantain,Bibiani,530.3,2.3,0,3,13
2022-04-04,plantain,Bibiani,841.2,2.38,1,4,14
2022-04-11,plantain,Bibiani,729.9,2.46,1,4,15
2022-04-18,plantain,Bibiani,504.1,2.31,0,4,16
2022-04-25,plantain,Bibiani,477.9,2.43,0,4,17
2022-05-02,plantain,Bibiani,496.9,2.3,0,5,18
2022-05-09,plantain,Bibiani,461.4,2.32,0,5,19
2022-05-16,plantain,Bibiani,516.7,2.29,0,5,20
2022-05-23,plantain,Bibiani,512.5,2.4,0,5,21
2022-05-30,plantain,Bibiani,481.5,2.48,0,5,22
2022-06-06,plantain,Bibiani,501.1,2.57,0,6,23
2022-06-13,plantain,Bibiani,531.1,2.46,0,6,24
2022-06-20,plantain,Bibiani,558.5,2.48,0,6,25
2022-06-27,plantain,Bibiani,480.3,2.63,0,6,26
2022-07-04,plantain,Bibiani,404.7,3.13,0,7,27
2022-07-11,plantain,Bibiani,450.3,2.97,0,7,28
2022-07-18,plantain,Bibiani,517.0,2.87,0,7,29
2022-07-25,plantain,Bibiani,417.0,3.01,0,7,30
2022-08-01,plantain,Bibiani,718.7,2.91,1,8,31
2022-08-08,plantain,Bibiani,743.6,2.89,1,8,32
2022-08-15,plantain,Bibiani,606.1,2.83,1,8,33
2022-08-22,plantain,Bibiani,675.9,3.1,1,8,34
2022-08-29,plantain,Bibiani,771.1,2.64,1,8,35
2022-09-05,plantain,Bibiani,482.0,2.72,0,9,36
2022-09-12,plantain,Bibiani,488.5,2.59,0,9,37
2022-09-19,plantain,Bibiani,488.8,2.6,0,9,38
2022-09-26,plantain,Bibiani,467.4,2.82,0,9,39
2022-10-03,plantain,Bibiani,512.6,2.19,0,10,40
2022-10-10,plantain,Bibiani,505.0,2.2,0,10,41
2022-10-17,plantain,Bibiani,501.0,2.25,0,10,42
2022-10-24,plantain,Bibiani,539.2,2.3,0,10,43
2022-10-31,plantain,Bibiani,479.1,2.22,0,10,44
2022-11-07,plantain,Bibiani,480.2,2.13,0,11,45
2022-11-14,plantain,Bibiani,563.5,2.19,0,11,46
2022-11-21,plantain,Bibiani,486.5,2.39,0,11,47
2022-11-28,plantain,Bibiani,498.0,2.28,0,11,48
2022-12-05,plantain,Bibiani,501.5,2.33,0,12,49
2022-12-12,plantain,Bibiani,523.0,2.26,0,12,50
2022-12-19,plantain,Bibiani,505.3,2.23,0,12,51
2022-12-26,plantain,Bibiani,834.7,2.44,1,12,52
2023-01-02,plantain,Bibiani,451.5,2.9,0,1,1
2023-01-09,plantain,Bibiani,474.1,2.87,0,1,2
2023-01-16,plantain,Bibiani,400.0,3.05,0,1,3
2023-01-23,plantain,Bibiani,520.9,2.84,0,1,4
2023-01-30,plantain,Bibiani,479.0,2.86,0,1,5
2023-02-06,plantain,Bibiani,495.2,2.95,0,2,6
2023-02-13,plantain,Bibiani,490.9,2.94,0,2,7
2023-02-20,plantain,Bibiani,488.1,2.98,0,2,8
2023-02-27,plantain,Bibiani,448.7,3.19,0,2,9
2023-03-06,plantain,Bibiani,518.1,2.56,0,3,10
2023-03-13,plantain,Bibiani,520.4,2.28,0,3,11
2023-03-20,plantain,Bibiani,470.7,2.56,0,3,12
2023-03-27,plantain,Bibiani,507.7,2.53,0,3,13
2023-04-03,plantain,Bibiani,771.5,2.55,1,4,14
2023-04-10,plantain,Bibiani,867.9,2.57,1,4,15
2023-04-17,plantain,Bibiani,524.1,2.54,0,4,16
2023-04-24,plantain,Bibiani,490.5,2.54,0,4,17
2023-05-01,plantain,Bibiani,495.8,2.62,0,5,18
2023-05-08,plantain,Bibiani,526.2,2.5,0,5,19
2023-05-15,plantain,Bibiani,526.3,2.46,0,5,20
2023-05-22,plantain,Bibiani,478.4,2.87,0,5,21
2023-05-29,plantain,Bibiani,527.4,2.48,0,5,22
2023-06-05,plantain,Bibiani,464.4,2.81,0,6,23
2023-06-12,plantain,Bibiani,463.8,2.63,0,6,24
2023-06-19,plantain,Bibiani,495.3,2.81,0,6,25
2023-06-26,plantain,Bibiani,541.2,2.69,0,6,26
2023-07-03,plantain,Bibiani,463.5,3.1,0,7,27
2023-07-10,plantain,Bibiani,487.8,3.28,0,7,28
2023-07-17,plantain,Bibiani,460.2,3.21,0,7,29
2023-07-24,plantain,Bibiani,497.9,3.22,0,7,30
2023-07-31,plantain,Bibiani,528.4,2.93,0,7,31
2023-08-07,plantain,Bibiani,705.5,3.41,1,8,32
2023-08-14,plantain,Bibiani,674.5,3.02,1,8,33
2023-08-21,plantain,Bibiani,670.3,3.37,1,8,34
2023-08-28,plantain,Bibiani,730.1,3.3,1,8,35
2023-09-04,plantain,Bibiani,510.1,2.92,0,9,36
2023-09-11,plantain,Bibiani,542.5,2.75,0,9,37
2023-09-18,plantain,Bibiani,466.1,2.87,0,9,38
2023-09-25,plantain,Bibiani,577.6,2.8,0,9,39
2023-10-02,plantain,Bibiani,495.5,2.44,0,10,40
2023-10-09,plantain,Bibiani,460.8,2.42,0,10,41
2023-10-16,plantain,Bibiani,543.0,2.24,0,10,42
2023-10-23,plantain,Bibiani,429.4,2.55,0,10,43
2023-10-30,plantain,Bibiani,487.9,2.43,0,10,44
2023-11-06,plantain,Bibiani,609.6,2.41,0,11,45
2023-11-13,plantain,Bibiani,518.0,2.4,0,11,46
2023-11-20,plantain,Bibiani,471.5,2.49,0,11,47
2023-11-27,plantain,Bibiani,536.0,2.37,0,11,48
2023-12-04,plantain,Bibiani,529.9,2.25,0,12,49
2023-12-11,plantain,Bibiani,542.7,2.51,0,12,50
2023-12-18,plantain,Bibiani,486.9,2.52,0,12,51
2023-12-25,plantain,Bibiani,886.9,2.45,1,12,52
2024-01-01,plantain,Bibiani,468.8,3.01,0,1,1
2024-01-08,plantain,Bibiani,559.8,3.17,0,1,2
2024-01-15,plantain,Bibiani,523.9,2.97,0,1,3
2024-01-22,plantain,Bibiani,496.6,3.03,0,1,4
2024-01-29,plantain,Bibiani,488.6,3.06,0,1,5
2024-02-05,plantain,Bibiani,458.3,3.29,0,2,6
2024-02-12,plantain,Bibiani,469.6,3.13,0,2,7
2024-02-19,plantain,Bibiani,470.0,3.12,0,2,8
2024-02-26,plantain,Bibiani,505.7,3.43,0,2,9
2024-03-04,plantain,Bibiani,499.9,2.76,0,3,10
2024-03-11,plantain,Bibiani,451.0,2.76,0,3,11
2024-03-18,plantain,Bibiani,490.3,2.69,0,3,12
2024-03-25,plantain,Bibiani,561.2,2.66,0,3,13
2024-04-01,plantain,Bibiani,868.7,2.5,1,4,14
2024-04-08,plantain,Bibiani,793.1,2.85,1,4,15
2024-04-15,plantain,Bibiani,552.5,2.79,0,4,16
2024-04-22,plantain,Bibiani,501.6,2.72,0,4,17
2024-04-29,plantain,Bibiani,544.6,2.73,0,4,18
2024-05-06,plantain,Bibiani,492.2,2.84,0,5,19
2024-05-13,plantain,Bibiani,568.4,2.59,0,5,20
2024-05-20,plantain,Bibiani,520.0,2.7,0,5,21
2024-05-27,plantain,Bibiani,533.7,2.64,0,5,22
2024-06-03,plantain,Bibiani,516.3,3.24,0,6,23
2024-06-10,plantain,Bibiani,527.7,3.13,0,6,24
2024-06-17,plantain,Bibiani,550.9,2.75,0,6,25
2024-06-24,plantain,Bibiani,527.8,2.84,0,6,26
2024-07-01,plantain,Bibiani,524.7,3.39,0,7,27
2024-07-08,plantain,Bibiani,501.2,3.34,0,7,28
2024-07-15,plantain,Bibiani,484.8,3.23,0,7,29
2024-07-22,plantain,Bibiani,433.4,3.67,0,7,30
2024-07-29,plantain,Bibiani,501.5,3.45,0,7,31
2024-08-05,plantain,Bibiani,709.7,3.49,1,8,32
2024-08-12,plantain,Bibiani,722.9,3.33,1,8,33
2024-08-19,plantain,Bibiani,703.6,3.53,1,8,34
2024-08-26,plantain,Bibiani,736.6,3.38,1,8,35
2024-09-02,plantain,Bibiani,524.5,3.04,0,9,36
2024-09-09,plantain,Bibiani,548.1,3.16,0,9,37
2024-09-16,plantain,Bibiani,589.4,2.88,0,9,38
2024-09-23,plantain,Bibiani,513.0,3.28,0,9,39
2024-09-30,plantain,Bibiani,561.4,3.1,0,9,40
2024-10-07,plantain,Bibiani,511.4,2.77,0,10,41
2024-10-14,plantain,Bibiani,571.5,2.52,0,10,42
2024-10-21,plantain,Bibiani,578.4,2.54,0,10,43
2024-10-28,plantain,Bibiani,584.0,2.51,0,10,44
2024-11-04,plantain,Bibiani,556.3,2.68,0,11,45
2024-11-11,plantain,Bibiani,550.4,2.66,0,11,46
2024-11-18,plantain,Bibiani,602.8,2.6,0,11,47
2024-11-25,plantain,Bibiani,531.2,2.54,0,11,48
2024-12-02,plantain,Bibiani,549.0,2.53,0,12,49
2024-12-09,plantain,Bibiani,526.9,2.66,0,12,50
2024-12-16,plantain,Bibiani,527.9,2.62,0,12,51
2024-12-23,plantain,Bibiani,794.3,2.6,1,12,52
2024-12-30,plantain,Bibiani,916.2,2.83,1,12,1
2018-01-01,plantain,Juaboso,297.2,2.13,0,1,1
2018-01-08,plantain,Juaboso,337.9,1.98,0,1,2
2018-01-15,plantain,Juaboso,298.1,2.05,0,1,3
2018-01-22,plantain,Juaboso,341.8,2.02,0,1,4
2018-01-29,plantain,Juaboso,330.1,1.89,0,1,5
2018-02-05,plantain,Juaboso,293.9,2.16,0,2,6
2018-02-12,plantain,Juaboso,334.3,2.03,0,2,7
2018-02-19,plantain,Juaboso,308.6,2.1,0,2,8
2018-02-26,plantain,Juaboso,325.1,1.98,0,2,9
2018-03-05,plantain,Juaboso,358.3,1.74,0,3,10
2018-03-12,plantain,Juaboso,379.9,1.69,0,3,11
2018-03-19,plantain,Juaboso,323.4,1.84,0,3,12
2018-03-26,plantain,Juaboso,329.3,1.77,0,3,13
2018-04-02,plantain,Juaboso,550.8,1.79,1,4,14
2018-04-09,plantain,Juaboso,551.7,1.86,1,4,15
2018-04-16,plantain,Juaboso,372.4,1.84,0,4,16
2018-04-23,plantain,Juaboso,324.3,1.81,0,4,17
2018-04-30,plantain,Juaboso,362.8,1.66,0,4,18
2018-05-07,plantain,Juaboso,388.0,1.72,0,5,19
2018-05-14,plantain,Juaboso,408.9,1.7,0,5,20
2018-05-21,plantain,Juaboso,326.7,1.82,0,5,21
2018-05-28,plantain,Juaboso,337.6,1.78,0,5,22
2018-06-04,plantain,Juaboso,374.9,1.83,0,6,23
2018-06-11,plantain,Juaboso,341.3,1.92,0,6,24
2018-06-18,plantain,Juaboso,351.3,1.82,0,6,25
2018-06-25,plantain,Juaboso,357.4,1.93,0,6,26
2018-07-02,plantain,Juaboso,371.7,2.04,0,7,27
2018-07-09,plantain,Juaboso,293.1,2.23,0,7,28
2018-07-16,plantain,Juaboso,347.8,2.22,0,7,29
2018-07-23,plantain,Juaboso,295.3,2.35,0,7,30
2018-07-30,plantain,Juaboso,321.4,2.26,0,7,31
2018-08-06,plantain,Juaboso,537.0,2.16,1,8,32
2018-08-13,plantain,Juaboso,481.5,2.27,1,8,33
2018-08-20,plantain,Juaboso,495.3,2.08,1,8,34
2018-08-27,plantain,Juaboso,520.4,2.11,1,8,35
2018-09-03,plantain,Juaboso,346.0,2.0,0,9,36
2018-09-10,plantain,Juaboso,390.2,1.8,0,9,37
2018-09-17,plantain,Juaboso,349.3,1.97,0,9,38
2018-09-24,plantain,Juaboso,383.6,1.89,0,9,39
2018-10-01,plantain,Juaboso,327.8,1.7,0,10,40
2018-10-08,plantain,Juaboso,348.4,1.62,0,10,41
2018-10-15,plantain,Juaboso,324.7,1.72,0,10,42
2018-10-22,plantain,Juaboso,358.1,1.69,0,10,43
2018-10-29,plantain,Juaboso,313.9,1.78,0,10,44
2018-11-05,plantain,Juaboso,345.1,1.7,0,11,45
2018-11-12,plantain,Juaboso,343.8,1.65,0,11,46
2018-11-19,plantain,Juaboso,395.5,1.68,0,11,47
2018-11-26,plantain,Juaboso,352.8,1.61,0,11,48
2018-12-03,plantain,Juaboso,328.6,1.74,0,12,49
2018-12-10,plantain,Juaboso,359.9,1.75,0,12,50
2018-12-17,plantain,Juaboso,370.1,1.88,0,12,51
2018-12-24,plantain,Juaboso,605.8,1.67,1,12,52
2018-12-31,plantain,Juaboso,603.3,1.69,1,12,1
2019-01-07,plantain,Juaboso,367.4,2.14,0,1,2
2019-01-14,plantain,Juaboso,350.4,2.21,0,1,3
2019-01-21,plantain,Juaboso,340.2,2.22,0,1,4
2019-01-28,plantain,Juaboso,324.6,2.18,0,1,5
2019-02-04,plantain,Juaboso,334.1,2.3,0,2,6
2019-02-11,plantain,Juaboso,314.1,2.15,0,2,7
2019-02-18,plantain,Juaboso,314.0,2.29,0,2,8
2019-02-25,plantain,Juaboso,359.0,2.25,0,2,9
2019-03-04,plantain,Juaboso,388.4,1.89,0,3,10
2019-03-11,plantain,Juaboso,374.2,1.86,0,3,11
2019-03-18,plantain,Juaboso,297.5,2.07,0,3,12
2019-03-25,plantain,Juaboso,342.3,1.83,0,3,13
2019-04-01,plantain,Juaboso,540.9,1.92,1,4,14
2019-04-08,plantain,Juaboso,576.2,1.84,1,4,15
2019-04-15,plantain,Juaboso,316.7,2.04,0,4,16
2019-04-22,plantain,Juaboso,346.3,1.97,0,4,17
2019-04-29,plantain,Juaboso,407.5,1.85,0,4,18
2019-05-06,plantain,Juaboso,365.0,1.95,0,5,19
2019-05-13,plantain,Juaboso,363.9,1.93,0,5,20
2019-05-20,plantain,Juaboso,345.4,1.87,0,5,21
2019-05-27,plantain,Juaboso,319.0,1.97,0,5,22
2019-06-03,plantain,Juaboso,327.4,2.13,0,6,23
2019-06-10,plantain,Juaboso,320.1,2.11,0,6,24
2019-06-17,plantain,Juaboso,360.1,2.09,0,6,25
2019-06-24,plantain,Juaboso,361.6,2.13,0,6,26
2019-07-01,plantain,Juaboso,308.4,2.38,0,7,27
2019-07-08,plantain,Juaboso,332.3,2.36,0,7,28
2019-07-15,plantain,Juaboso,365.4,2.3,0,7,29
2019-07-22,plantain,Juaboso,350.4,2.52,0,7,30
2019-07-29,plantain,Juaboso,356.0,2.26,0,7,31
2019-08-05,plantain,Juaboso,482.8,2.41,1,8,32
2019-08-12,plantain,Juaboso,520.9,2.34,1,8,33
2019-08-19,plantain,Juaboso,507.1,2.54,1,8,34
2019-08-26,plantain,Juaboso,445.9,2.29,1,8,35
2019-09-02,plantain,Juaboso,400.9,2.07,0,9,36
2019-09-09,plantain,Juaboso,358.8,2.05,0,9,37
2019-09-16,plantain,Juaboso,345.2,2.16,0,9,38
2019-09-23,plantain,Juaboso,367.0,2.02,0,9,39
2019-09-30,plantain,Juaboso,372.6,2.09,0,9,40
2019-10-07,plantain,Juaboso,365.7,1.67,0,10,41
2019-10-14,plantain,Juaboso,358.1,1.84,0,10,42
2019-10-21,plantain,Juaboso,383.6,1.79,0,10,43
2019-10-28,plantain,Juaboso,388.2,1.72,0,10,44
2019-11-04,plantain,Juaboso,363.3,1.92,0,11,45
2019-11-11,plantain,Juaboso,374.9,1.74,0,11,46
2019-11-18,plantain,Juaboso,372.9,1.9,0,11,47
2019-11-25,plantain,Juaboso,398.1,1.79,0,11,48
2019-12-02,plantain,Juaboso,371.6,1.97,0,12,49
2019-12-09,plantain,Juaboso,369.5,1.9,0,12,50
2019-12-16,plantain,Juaboso,401.3,1.77,0,12,51
2019-12-23,plantain,Juaboso,661.3,1.78,1,12,52
2019-12-30,plantain,Juaboso,697.3,1.89,1,12,1
2020-01-06,plantain,Juaboso,369.8,2.34,0,1,2
2020-01-13,plantain,Juaboso,341.7,2.35,0,1,3
2020-01-20,plantain,Juaboso,311.9,2.48,0,1,4
2020-01-27,plantain,Juaboso,344.8,2.29,0,1,5
2020-02-03,plantain,Juaboso,334.6,2.39,0,2,6
2020-02-10,plantain,Juaboso,343.3,2.47,0,2,7
2020-02-17,plantain,Juaboso,320.1,2.46,0,2,8
2020-02-24,plantain,Juaboso,369.3,2.36,0,2,9
2020-03-02,plantain,Juaboso,339.5,2.02,0,3,10
2020-03-09,plantain,Juaboso,349.8,1.9,0,3,11
2020-03-16,plantain,Juaboso,377.2,1.95,0,3,12
2020-03-23,plantain,Juaboso,345.2,2.07,0,3,13
2020-03-30,plantain,Juaboso,341.1,2.03,0,3,14
2020-04-06,plantain,Juaboso,555.9,2.06,1,4,15
2020-04-13,plantain,Juaboso,536.0,2.14,1,4,16
2020-04-20,plantain,Juaboso,381.5,1.96,0,4,17
2020-04-27,plantain,Juaboso,357.5,2.03,0,4,18
2020-05-04,plantain,Juaboso,355.1,2.08,0,5,19
2020-05-11,plantain,Juaboso,376.4,2.01,0,5,20
2020-05-18,plantain,Juaboso,375.9,2.18,0,5,21
2020-05-25,plantain,Juaboso,391.0,2.14,0,5,22
2020-06-01,plantain,Juaboso,365.0,2.29,0,6,23
2020-06-08,plantain,Juaboso,351.8,2.42,0,6,24
2020-06-15,plantain,Juaboso,379.1,2.12,0,6,25
2020-06-22,plantain,Juaboso,375.9,2.26,0,6,26
2020-06-29,plantain,Juaboso,370.2,2.29,0,6,27
2020-07-06,plantain,Juaboso,373.7,2.45,0,7,28
2020-07-13,plantain,Juaboso,295.2,2.58,0,7,29
2020-07-20,plantain,Juaboso,343.4,2.43,0,7,30
2020-07-27,plantain,Juaboso,335.8,2.62,0,7,31
2020-08-03,plantain,Juaboso,487.5,2.67,1,8,32
2020-08-10,plantain,Juaboso,471.4,2.59,1,8,33
2020-08-17,plantain,Juaboso,492.3,2.37,1,8,34
2020-08-24,plantain,Juaboso,544.3,2.46,1,8,35
2020-08-31,plantain,Juaboso,472.8,2.62,1,8,36
2020-09-07,plantain,Juaboso,327.9,2.31,0,9,37
2020-09-14,plantain,Juaboso,419.8,2.06,0,9,38
2020-09-21,plantain,Juaboso,363.6,2.42,0,9,39
2020-09-28,plantain,Juaboso,362.7,2.32,0,9,40
2020-10-05,plantain,Juaboso,361.8,1.91,0,10,41
2020-10-12,plantain,Juaboso,360.6,2.05,0,10,42
2020-10-19,plantain,Juaboso,409.1,1.92,0,10,43
2020-10-26,plantain,Juaboso,344.4,1.92,0,10,44
2020-11-02,plantain,Juaboso,336.0,2.01,0,11,45
2020-11-09,plantain,Juaboso,341.7,2.13,0,11,46
2020-11-16,plantain,Juaboso,357.0,2.11,0,11,47
2020-11-23,plantain,Juaboso,359.8,2.01,0,11,48
2020-11-30,plantain,Juaboso,383.7,2.02,0,11,49
2020-12-07,plantain,Juaboso,390.3,2.06,0,12,50
2020-12-14,plantain,Juaboso,395.8,1.9,0,12,51
2020-12-21,plantain,Juaboso,631.4,2.05,1,12,52
2020-12-28,plantain,Juaboso,647.1,1.94,1,12,53
2021-01-04,plantain,Juaboso,345.3,2.59,0,1,1
2021-01-11,plantain,Juaboso,324.0,2.53,0,1,2
2021-01-18,plantain,Juaboso,322.9,2.6,0,1,3
2021-01-25,plantain,Juaboso,319.0,2.57,0,1,4
2021-02-01,plantain,Juaboso,382.6,2.25,0,2,5
2021-02-08,plantain,Juaboso,352.2,2.59,0,2,6
2021-02-15,plantain,Juaboso,312.6,2.64,0,2,7
2021-02-22,plantain,Juaboso,345.9,2.62,0,2,8
2021-03-01,plantain,Juaboso,356.9,2.19,0,3,9
2021-03-08,plantain,Juaboso,334.3,2.35,0,3,10
2021-03-15,plantain,Juaboso,357.6,2.23,0,3,11
2021-03-22,plantain,Juaboso,345.4,2.24,0,3,12
2021-03-29,plantain,Juaboso,377.5,2.29,0,3,13
2021-04-05,plantain,Juaboso,578.7,2.25,1,4,14
2021-04-12,plantain,Juaboso,636.7,2.14,1,4,15
2021-04-19,plantain,Juaboso,395.0,2.0,0,4,16
2021-04-26,plantain,Juaboso,372.4,2.17,0,4,17
2021-05-03,plantain,Juaboso,409.1,2.3,0,5,18
2021-05-10,plantain,Juaboso,343.2,2.2,0,5,19
2021-05-17,plantain,Juaboso,396.1,2.3,0,5,20
2021-05-24,plantain,Juaboso,412.4,2.24,0,5,21
2021-05-31,plantain,Juaboso,378.5,2.35,0,5,22
2021-06-07,plantain,Juaboso,368.8,2.41,0,6,23
2021-06-14,plantain,Juaboso,398.6,2.49,0,6,24
2021-06-21,plantain,Juaboso,360.0,2.49,0,6,25
2021-06-28,plantain,Juaboso,341.3,2.59,0,6,26
2021-07-05,plantain,Juaboso,353.5,2.56,0,7,27
2021-07-12,plantain,Juaboso,335.8,2.7,0,7,28
2021-07-19,plantain,Juaboso,315.8,2.84,0,7,29
2021-07-26,plantain,Juaboso,349.7,2.92,0,7,30
2021-08-02,plantain,Juaboso,485.5,2.8,1,8,31
2021-08-09,plantain,Juaboso,516.6,2.74,1,8,32
2021-08-16,plantain,Juaboso,458.9,2.85,1,8,33
2021-08-23,plantain,Juaboso,500.7,2.87,1,8,34
2021-08-30,plantain,Juaboso,482.9,2.73,1,8,35
2021-09-06,plantain,Juaboso,344.7,2.52,0,9,36
2021-09-13,plantain,Juaboso,359.0,2.61,0,9,37
2021-09-20,plantain,Juaboso,376.7,2.68,0,9,38
2021-09-27,plantain,Juaboso,376.3,2.56,0,9,39
2021-10-04,plantain,Juaboso,392.8,2.13,0,10,40
2021-10-11,plantain,Juaboso,379.6,2.12,0,10,41
2021-10-18,plantain,Juaboso,367.1,2.18,0,10,42
2021-10-25,plantain,Juaboso,400.7,2.12,0,10,43
2021-11-01,plantain,Juaboso,366.8,2.16,0,11,44
2021-11-08,plantain,Juaboso,414.6,2.05,0,11,45
2021-11-15,plantain,Juaboso,395.5,2.25,0,11,46
2021-11-22,plantain,Juaboso,376.3,2.04,0,11,47
2021-11-29,plantain,Juaboso,370.3,2.11,0,11,48
2021-12-06,plantain,Juaboso,369.6,2.16,0,12,49
2021-12-13,plantain,Juaboso,329.2,2.33,0,12,50
2021-12-20,plantain,Juaboso,625.6,2.12,1,12,51
2021-12-27,plantain,Juaboso,698.9,2.1,1,12,52
2022-01-03,plantain,Juaboso,338.8,2.7,0,1,1
2022-01-10,plantain,Juaboso,366.1,2.94,0,1,2
2022-01-17,plantain,Juaboso,378.7,2.45,0,1,3
2022-01-24,plantain,Juaboso,413.1,2.65,0,1,4
2022-01-31,plantain,Juaboso,315.6,3.06,0,1,5
2022-02-07,plantain,Juaboso,347.3,2.84,0,2,6
2022-02-14,plantain,Juaboso,348.8,2.65,0,2,7
2022-02-21,plantain,Juaboso,342.2,2.77,0,2,8
2022-02-28,plantain,Juaboso,384.5,2.78,0,2,9
2022-03-07,plantain,Juaboso,383.6,2.46,0,3,10
2022-03-14,plantain,Juaboso,385.5,2.55,0,3,11
2022-03-21,plantain,Juaboso,347.8,2.42,0,3,12
2022-03-28,plantain,Juaboso,403.8,2.33,0,3,13
2022-04-04,plantain,Juaboso,554.7,2.47,1,4,14
2022-04-11,plantain,Juaboso,566.0,2.33,1,4,15
2022-04-18,plantain,Juaboso,400.5,2.3,0,4,16
2022-04-25,plantain,Juaboso,409.7,2.23,0,4,17
2022-05-02,plantain,Juaboso,404.0,2.26,0,5,18
2022-05-09,plantain,Juaboso,411.8,2.32,0,5,19
2022-05-16,plantain,Juaboso,418.3,2.3,0,5,20
2022-05-23,plantain,Juaboso,413.7,2.44,0,5,21
2022-05-30,plantain,Juaboso,370.2,2.29,0,5,22
2022-06-06,plantain,Juaboso,459.0,2.3,0,6,23
2022-06-13,plantain,Juaboso,436.3,2.53,0,6,24
2022-06-20,plantain,Juaboso,376.7,2.59,0,6,25
2022-06-27,plantain,Juaboso,348.6,2.57,0,6,26
2022-07-04,plantain,Juaboso,306.9,3.15,0,7,27
2022-07-11,plantain,Juaboso,346.3,2.9,0,7,28
2022-07-18,plantain,Juaboso,381.6,3.08,0,7,29
2022-07-25,plantain,Juaboso,350.2,2.97,0,7,30
2022-08-01,plantain,Juaboso,504.4,2.99,1,8,31
2022-08-08,plantain,Juaboso,515.2,2.89,1,8,32
2022-08-15,plantain,Juaboso,483.4,2.98,1,8,33
2022-08-22,plantain,Juaboso,564.0,2.9,1,8,34
2022-08-29,plantain,Juaboso,518.3,3.01,1,8,35
2022-09-05,plantain,Juaboso,433.4,2.66,0,9,36
2022-09-12,plantain,Juaboso,407.5,2.59,0,9,37
2022-09-19,plantain,Juaboso,389.9,2.79,0,9,38
2022-09-26,plantain,Juaboso,372.0,2.73,0,9,39
2022-10-03,plantain,Juaboso,368.2,2.26,0,10,40
2022-10-10,plantain,Juaboso,367.3,2.31,0,10,41
2022-10-17,plantain,Juaboso,358.1,2.29,0,10,42
2022-10-24,plantain,Juaboso,421.1,2.22,0,10,43
2022-10-31,plantain,Juaboso,378.6,2.31,0,10,44
2022-11-07,plantain,Juaboso,419.2,2.26,0,11,45
2022-11-14,plantain,Juaboso,403.8,2.23,0,11,46
2022-11-21,plantain,Juaboso,403.1,2.16,0,11,47
2022-11-28,plantain,Juaboso,366.3,2.28,0,11,48
2022-12-05,plantain,Juaboso,390.9,2.38,0,12,49
2022-12-12,plantain,Juaboso,393.9,2.26,0,12,50
2022-12-19,plantain,Juaboso,383.2,2.56,0,12,51
2022-12-26,plantain,Juaboso,604.7,2.41,1,12,52
2023-01-02,plantain,Juaboso,362.6,3.13,0,1,1
2023-01-09,plantain,Juaboso,389.7,3.07,0,1,2
2023-01-16,plantain,Juaboso,349.5,3.2,0,1,3
2023-01-23,plantain,Juaboso,389.7,2.88,0,1,4
2023-01-30,plantain,Juaboso,407.4,2.67,0,1,5
2023-02-06,plantain,Juaboso,410.8,2.94,0,2,6
2023-02-13,plantain,Juaboso,365.9,3.06,0,2,7
2023-02-20,plantain,Juaboso,376.6,3.02,0,2,8
2023-02-27,plantain,Juaboso,359.8,3.03,0,2,9
2023-03-06,plantain,Juaboso,357.4,2.71,0,3,10
2023-03-13,plantain,Juaboso,357.6,2.61,0,3,11
2023-03-20,plantain,Juaboso,410.2,2.65,0,3,12
2023-03-27,plantain,Juaboso,377.6,2.47,0,3,13
2023-04-03,plantain,Juaboso,665.0,2.47,1,4,14
2023-04-10,plantain,Juaboso,601.9,2.75,1,4,15
2023-04-17,plantain,Juaboso,410.6,2.6,0,4,16
2023-04-24,plantain,Juaboso,386.1,2.52,0,4,17
2023-05-01,plantain,Juaboso,379.7,2.54,0,5,18
2023-05-08,plantain,Juaboso,407.7,2.54,0,5,19
2023-05-15,plantain,Juaboso,392.8,2.53,0,5,20
2023-05-22,plantain,Juaboso,377.0,2.47,0,5,21
2023-05-29,plantain,Juaboso,457.2,2.45,0,5,22
2023-06-05,plantain,Juaboso,371.9,2.82,0,6,23
2023-06-12,plantain,Juaboso,371.2,2.78,0,6,24
2023-06-19,plantain,Juaboso,370.1,2.97,0,6,25
2023-06-26,plantain,Juaboso,413.3,2.88,0,6,26
2023-07-03,plantain,Juaboso,308.1,3.24,0,7,27
2023-07-10,plantain,Juaboso,390.8,3.11,0,7,28
2023-07-17,plantain,Juaboso,338.7,3.19,0,7,29
2023-07-24,plantain,Juaboso,358.1,3.26,0,7,30
2023-07-31,plantain,Juaboso,335.1,3.3,0,7,31
2023-08-07,plantain,Juaboso,599.4,3.22,1,8,32
2023-08-14,plantain,Juaboso,521.3,3.37,1,8,33
2023-08-21,plantain,Juaboso,511.4,3.23,1,8,34
2023-08-28,plantain,Juaboso,512.6,3.33,1,8,35
2023-09-04,plantain,Juaboso,397.1,2.85,0,9,36
2023-09-11,plantain,Juaboso,416.9,2.69,0,9,37
2023-09-18,plantain,Juaboso,397.1,2.93,0,9,38
2023-09-25,plantain,Juaboso,381.0,2.99,0,9,39
2023-10-02,plantain,Juaboso,357.8,2.54,0,10,40
2023-10-09,plantain,Juaboso,384.4,2.52,0,10,41
2023-10-16,plantain,Juaboso,415.4,2.45,0,10,42
2023-10-23,plantain,Juaboso,390.6,2.4,0,10,43
2023-10-30,plantain,Juaboso,405.8,2.54,0,10,44
2023-11-06,plantain,Juaboso,393.3,2.54,0,11,45
2023-11-13,plantain,Juaboso,399.3,2.44,0,11,46
2023-11-20,plantain,Juaboso,412.2,2.61,0,11,47
2023-11-27,plantain,Juaboso,365.8,2.41,0,11,48
2023-12-04,plantain,Juaboso,388.3,2.46,0,12,49
2023-12-11,plantain,Juaboso,407.6,2.68,0,12,50
2023-12-18,plantain,Juaboso,430.9,2.6,0,12,51
2023-12-25,plantain,Juaboso,759.9,2.48,1,12,52
2024-01-01,plantain,Juaboso,368.4,3.25,0,1,1
2024-01-08,plantain,Juaboso,378.3,3.24,0,1,2
2024-01-15,plantain,Juaboso,424.1,2.86,0,1,3
2024-01-22,plantain,Juaboso,409.7,3.1,0,1,4
2024-01-29,plantain,Juaboso,377.7,3.21,0,1,5
2024-02-05,plantain,Juaboso,395.7,3.19,0,2,6
2024-02-12,plantain,Juaboso,378.1,3.27,0,2,7
2024-02-19,plantain,Juaboso,370.2,3.38,0,2,8
2024-02-26,plantain,Juaboso,353.4,3.2,0,2,9
2024-03-04,plantain,Juaboso,402.7,2.66,0,3,10
2024-03-11,plantain,Juaboso,381.9,2.81,0,3,11
2024-03-18,plantain,Juaboso,373.1,2.74,0,3,12
2024-03-25,plantain,Juaboso,360.0,2.76,0,3,13
2024-04-01,plantain,Juaboso,616.8,2.76,1,4,14
2024-04-08,plantain,Juaboso,579.3,3.04,1,4,15
2024-04-15,plantain,Juaboso,430.7,2.54,0,4,16
2024-04-22,plantain,Juaboso,416.7,2.75,0,4,17
2024-04-29,plantain,Juaboso,403.4,2.79,0,4,18
2024-05-06,plantain,Juaboso,402.9,2.72,0,5,19
2024-05-13,plantain,Juaboso,367.7,2.91,0,5,20
2024-05-20,plantain,Juaboso,410.5,2.9,0,5,21
2024-05-27,plantain,Juaboso,396.9,2.81,0,5,22
2024-06-03,plantain,Juaboso,388.5,3.04,0,6,23
2024-06-10,plantain,Juaboso,392.5,3.06,0,6,24
2024-06-17,plantain,Juaboso,379.4,3.06,0,6,25
2024-06-24,plantain,Juaboso,383.3,3.07,0,6,26
2024-07-01,plantain,Juaboso,353.5,3.44,0,7,27
2024-07-08,plantain,Juaboso,354.9,3.5,0,7,28
2024-07-15,plantain,Juaboso,369.9,3.57,0,7,29
2024-07-22,plantain,Juaboso,386.7,3.3,0,7,30
2024-07-29,plantain,Juaboso,410.6,3.32,0,7,31
2024-08-05,plantain,Juaboso,617.7,3.24,1,8,32
2024-08-12,plantain,Juaboso,593.3,3.61,1,8,33
2024-08-19,plantain,Juaboso,559.3,3.52,1,8,34
2024-08-26,plantain,Juaboso,554.1,3.56,1,8,35
2024-09-02,plantain,Juaboso,402.7,2.96,0,9,36
2024-09-09,plantain,Juaboso,395.9,3.36,0,9,37
2024-09-16,plantain,Juaboso,388.7,3.06,0,9,38
2024-09-23,plantain,Juaboso,360.2,3.16,0,9,39
2024-09-30,plantain,Juaboso,423.2,3.24,0,9,40
2024-10-07,plantain,Juaboso,385.4,2.58,0,10,41
2024-10-14,plantain,Juaboso,422.7,2.62,0,10,42
2024-10-21,plantain,Juaboso,381.4,2.7,0,10,43
2024-10-28,plantain,Juaboso,398.2,2.99,0,10,44
2024-11-04,plantain,Juaboso,432.4,2.73,0,11,45
2024-11-11,plantain,Juaboso,399.4,2.87,0,11,46
2024-11-18,plantain,Juaboso,420.5,2.83,0,11,47
2024-11-25,plantain,Juaboso,401.0,2.74,0,11,48
2024-12-02,plantain,Juaboso,474.5,2.61,0,12,49
2024-12-09,plantain,Juaboso,411.4,2.83,0,12,50
2024-12-16,plantain,Juaboso,402.7,2.55,0,12,51
2024-12-23,plantain,Juaboso,646.5,2.89,1,12,52
2024-12-30,plantain,Juaboso,663.9,2.74,1,12,1
2018-01-01,plantain,Sefwi Wiawso,369.8,2.25,0,1,1
2018-01-08,plantain,Sefwi Wiawso,361.3,2.06,0,1,2
2018-01-15,plantain,Sefwi Wiawso,397.5,2.15,0,1,3
2018-01-22,plantain,Sefwi Wiawso,366.5,2.07,0,1,4
2018-01-29,plantain,Sefwi Wiawso,329.6,2.15,0,1,5
2018-02-05,plantain,Sefwi Wiawso,398.3,2.04,0,2,6
2018-02-12,plantain,Sefwi Wiawso,394.1,2.0,0,2,7
2018-02-19,plantain,Sefwi Wiawso,377.4,2.1,0,2,8
2018-02-26,plantain,Sefwi Wiawso,322.7,2.11,0,2,9
2018-03-05,plantain,Sefwi Wiawso,408.8,1.78,0,3,10
2018-03-12,plantain,Sefwi Wiawso,407.5,1.89,0,3,11
2018-03-19,plantain,Sefwi Wiawso,421.5,1.74,0,3,12
2018-03-26,plantain,Sefwi Wiawso,431.7,1.83,0,3,13
2018-04-02,plantain,Sefwi Wiawso,727.0,1.82,1,4,14
2018-04-09,plantain,Sefwi Wiawso,728.1,1.7,1,4,15
2018-04-16,plantain,Sefwi Wiawso,472.2,1.72,0,4,16
2018-04-23,plantain,Sefwi Wiawso,454.7,1.82,0,4,17
2018-04-30,plantain,Sefwi Wiawso,378.7,1.96,0,4,18
2018-05-07,plantain,Sefwi Wiawso,431.6,1.87,0,5,19
2018-05-14,plantain,Sefwi Wiawso,478.6,1.7,0,5,20
2018-05-21,plantain,Sefwi Wiawso,460.3,1.6,0,5,21
2018-05-28,plantain,Sefwi Wiawso,399.0,1.88,0,5,22
2018-06-04,plantain,Sefwi Wiawso,438.7,1.99,0,6,23
2018-06-11,plantain,Sefwi Wiawso,373.4,2.09,0,6,24
2018-06-18,plantain,Sefwi Wiawso,406.7,1.93,0,6,25
2018-06-25,plantain,Sefwi Wiawso,402.1,2.03,0,6,26
2018-07-02,plantain,Sefwi Wiawso,390.5,2.33,0,7,27
2018-07-09,plantain,Sefwi Wiawso,399.4,2.22,0,7,28
2018-07-16,plantain,Sefwi Wiawso,418.7,2.22,0,7,29
2018-07-23,plantain,Sefwi Wiawso,367.5,2.26,0,7,30
2018-07-30,plantain,Sefwi Wiawso,360.3,2.31,0,7,31
2018-08-06,plantain,Sefwi Wiawso,601.7,2.27,1,8,32
2018-08-13,plantain,Sefwi Wiawso,539.5,2.36,1,8,33
2018-08-20,plantain,Sefwi Wiawso,569.8,2.23,1,8,34
2018-08-27,plantain,Sefwi Wiawso,540.0,2.15,1,8,35
2018-09-03,plantain,Sefwi Wiawso,409.1,2.2,0,9,36
2018-09-10,plantain,Sefwi Wiawso,473.6,1.99,0,9,37
2018-09-17,plantain,Sefwi Wiawso,406.7,1.99,0,9,38
2018-09-24,plantain,Sefwi Wiawso,453.3,2.03,0,9,39
2018-10-01,plantain,Sefwi Wiawso,430.9,1.75,0,10,40
2018-10-08,plantain,Sefwi Wiawso,391.7,1.72,0,10,41
2018-10-15,plantain,Sefwi Wiawso,411.0,1.74,0,10,42
2018-10-22,plantain,Sefwi Wiawso,409.4,1.74,0,10,43
2018-10-29,plantain,Sefwi Wiawso,422.4,1.76,0,10,44
2018-11-05,plantain,Sefwi Wiawso,479.5,1.59,0,11,45
2018-11-12,plantain,Sefwi Wiawso,456.4,1.89,0,11,46
2018-11-19,plantain,Sefwi Wiawso,397.9,1.75,0,11,47
2018-11-26,plantain,Sefwi Wiawso,413.7,1.8,0,11,48
2018-12-03,plantain,Sefwi Wiawso,429.3,1.67,0,12,49
2018-12-10,plantain,Sefwi Wiawso,408.2,1.73,0,12,50
2018-12-17,plantain,Sefwi Wiawso,446.3,1.72,0,12,51
2018-12-24,plantain,Sefwi Wiawso,692.4,1.87,1,12,52
2018-12-31,plantain,Sefwi Wiawso,654.1,1.73,1,12,1
2019-01-07,plantain,Sefwi Wiawso,395.7,2.33,0,1,2
2019-01-14,plantain,Sefwi Wiawso,382.8,2.2,0,1,3
2019-01-21,plantain,Sefwi Wiawso,410.1,2.22,0,1,4
2019-01-28,plantain,Sefwi Wiawso,438.1,2.24,0,1,5
2019-02-04,plantain,Sefwi Wiawso,401.1,2.39,0,2,6
2019-02-11,plantain,Sefwi Wiawso,434.6,2.1,0,2,7
2019-02-18,plantain,Sefwi Wiawso,407.7,2.16,0,2,8
2019-02-25,plantain,Sefwi Wiawso,431.8,2.1,0,2,9
2019-03-04,plantain,Sefwi Wiawso,463.7,1.87,0,3,10
2019-03-11,plantain,Sefwi Wiawso,457.4,1.89,0,3,11
2019-03-18,plantain,Sefwi Wiawso,455.0,1.82,0,3,12
2019-03-25,plantain,Sefwi Wiawso,450.8,1.89,0,3,13
2019-04-01,plantain,Sefwi Wiawso,670.5,1.81,1,4,14
2019-04-08,plantain,Sefwi Wiawso,676.5,1.88,1,4,15
2019-04-15,plantain,Sefwi Wiawso,437.7,2.06,0,4,16
2019-04-22,plantain,Sefwi Wiawso,451.0,2.0,0,4,17
2019-04-29,plantain,Sefwi Wiawso,435.0,1.98,0,4,18
2019-05-06,plantain,Sefwi Wiawso,488.8,1.9,0,5,19
2019-05-13,plantain,Sefwi Wiawso,472.0,1.85,0,5,20
2019-05-20,plantain,Sefwi Wiawso,444.5,1.89,0,5,21
2019-05-27,plantain,Sefwi Wiawso,405.0,1.97,0,5,22
2019-06-03,plantain,Sefwi Wiawso,456.7,2.24,0,6,23
2019-06-10,plantain,Sefwi Wiawso,439.9,2.24,0,6,24
2019-06-17,plantain,Sefwi Wiawso,469.0,2.22,0,6,25
2019-06-24,plantain,Sefwi Wiawso,498.7,2.1,0,6,26
2019-07-01,plantain,Sefwi Wiawso,366.2,2.44,0,7,27
2019-07-08,plantain,Sefwi Wiawso,369.7,2.41,0,7,28
2019-07-15,plantain,Sefwi Wiawso,330.7,2.42,0,7,29
2019-07-22,plantain,Sefwi Wiawso,394.7,2.64,0,7,30
2019-07-29,plantain,Sefwi Wiawso,436.9,2.26,0,7,31
2019-08-05,plantain,Sefwi Wiawso,602.5,2.43,1,8,32
2019-08-12,plantain,Sefwi Wiawso,532.1,2.57,1,8,33
2019-08-19,plantain,Sefwi Wiawso,618.9,2.31,1,8,34
2019-08-26,plantain,Sefwi Wiawso,613.2,2.39,1,8,35
2019-09-02,plantain,Sefwi Wiawso,461.2,2.16,0,9,36
2019-09-09,plantain,Sefwi Wiawso,444.7,2.18,0,9,37
2019-09-16,plantain,Sefwi Wiawso,474.6,2.06,0,9,38
2019-09-23,plantain,Sefwi Wiawso,422.7,2.26,0,9,39
2019-09-30,plantain,Sefwi Wiawso,456.0,2.26,0,9,40
2019-10-07,plantain,Sefwi Wiawso,452.4,1.92,0,10,41
2019-10-14,plantain,Sefwi Wiawso,421.4,1.82,0,10,42
2019-10-21,plantain,Sefwi Wiawso,477.8,1.89,0,10,43
2019-10-28,plantain,Sefwi Wiawso,487.1,1.82,0,10,44
2019-11-04,plantain,Sefwi Wiawso,460.0,1.87,0,11,45
2019-11-11,plantain,Sefwi Wiawso,423.2,2.06,0,11,46
2019-11-18,plantain,Sefwi Wiawso,486.2,1.9,0,11,47
2019-11-25,plantain,Sefwi Wiawso,413.6,1.81,0,11,48
2019-12-02,plantain,Sefwi Wiawso,474.5,1.92,0,12,49
2019-12-09,plantain,Sefwi Wiawso,448.4,1.81,0,12,50
2019-12-16,plantain,Sefwi Wiawso,489.8,1.82,0,12,51
2019-12-23,plantain,Sefwi Wiawso,765.9,1.83,1,12,52
2019-12-30,plantain,Sefwi Wiawso,689.6,1.88,1,12,1
2020-01-06,plantain,Sefwi Wiawso,389.5,2.53,0,1,2
2020-01-13,plantain,Sefwi Wiawso,430.0,2.5,0,1,3
2020-01-20,plantain,Sefwi Wiawso,401.2,2.49,0,1,4
2020-01-27,plantain,Sefwi Wiawso,411.2,2.33,0,1,5
2020-02-03,plantain,Sefwi Wiawso,404.6,2.4,0,2,6
2020-02-10,plantain,Sefwi Wiawso,426.0,2.48,0,2,7
2020-02-17,plantain,Sefwi Wiawso,464.6,2.4,0,2,8
2020-02-24,plantain,Sefwi Wiawso,363.0,2.43,0,2,9
2020-03-02,plantain,Sefwi Wiawso,511.7,2.14,0,3,10
2020-03-09,plantain,Sefwi Wiawso,453.0,2.08,0,3,11
2020-03-16,plantain,Sefwi Wiawso,454.9,2.13,0,3,12
2020-03-23,plantain,Sefwi Wiawso,412.3,2.24,0,3,13
2020-03-30,plantain,Sefwi Wiawso,445.8,2.09,0,3,14
2020-04-06,plantain,Sefwi Wiawso,682.8,2.22,1,4,15
2020-04-13,plantain,Sefwi Wiawso,643.4,2.17,1,4,16
2020-04-20,plantain,Sefwi Wiawso,441.5,2.0,0,4,17
2020-04-27,plantain,Sefwi Wiawso,491.3,2.03,0,4,18
2020-05-04,plantain,Sefwi Wiawso,414.1,2.06,0,5,19
2020-05-11,plantain,Sefwi Wiawso,468.7,2.06,0,5,20
2020-05-18,plantain,Sefwi Wiawso,435.4,2.13,0,5,21
2020-05-25,plantain,Sefwi Wiawso,411.0,2.19,0,5,22
2020-06-01,plantain,Sefwi Wiawso,475.1,2.45,0,6,23
2020-06-08,plantain,Sefwi Wiawso,411.9,2.36,0,6,24
2020-06-15,plantain,Sefwi Wiawso,416.6,2.29,0,6,25
2020-06-22,plantain,Sefwi Wiawso,464.9,2.14,0,6,26
2020-06-29,plantain,Sefwi Wiawso,419.4,2.34,0,6,27
2020-07-06,plantain,Sefwi Wiawso,405.6,2.63,0,7,28
2020-07-13,plantain,Sefwi Wiawso,406.9,2.65,0,7,29
2020-07-20,plantain,Sefwi Wiawso,387.1,2.85,0,7,30
2020-07-27,plantain,Sefwi Wiawso,388.1,2.76,0,7,31
2020-08-03,plantain,Sefwi Wiawso,568.2,2.73,1,8,32
2020-08-10,plantain,Sefwi Wiawso,648.4,2.55,1,8,33
2020-08-17,plantain,Sefwi Wiawso,612.9,2.59,1,8,34
2020-08-24,plantain,Sefwi Wiawso,590.2,2.64,1,8,35
2020-08-31,plantain,Sefwi Wiawso,675.8,2.57,1,8,36
2020-09-07,plantain,Sefwi Wiawso,432.6,2.43,0,9,37
2020-09-14,plantain,Sefwi Wiawso,467.2,2.41,0,9,38
2020-09-21,plantain,Sefwi Wiawso,490.8,2.28,0,9,39
2020-09-28,plantain,Sefwi Wiawso,460.9,2.49,0,9,40
2020-10-05,plantain,Sefwi Wiawso,468.8,2.04,0,10,41
2020-10-12,plantain,Sefwi Wiawso,474.7,1.9,0,10,42
2020-10-19,plantain,Sefwi Wiawso,450.0,2.03,0,10,43
2020-10-26,plantain,Sefwi Wiawso,440.3,2.06,0,10,44
2020-11-02,plantain,Sefwi Wiawso,381.6,2.13,0,11,45
2020-11-09,plantain,Sefwi Wiawso,476.1,2.02,0,11,46
2020-11-16,plantain,Sefwi Wiawso,446.6,2.12,0,11,47
2020-11-23,plantain,Sefwi Wiawso,472.0,2.06,0,11,48
2020-11-30,plantain,Sefwi Wiawso,467.1,1.94,0,11,49
2020-12-07,plantain,Sefwi Wiawso,490.5,1.95,0,12,50
2020-12-14,plantain,Sefwi Wiawso,402.1,2.15,0,12,51
2020-12-21,plantain,Sefwi Wiawso,674.7,2.16,1,12,52
2020-12-28,plantain,Sefwi Wiawso,633.3,2.09,1,12,53
2021-01-04,plantain,Sefwi Wiawso,399.9,2.79,0,1,1
2021-01-11,plantain,Sefwi Wiawso,388.7,2.75,0,1,2
2021-01-18,plantain,Sefwi Wiawso,389.7,2.71,0,1,3
2021-01-25,plantain,Sefwi Wiawso,441.3,2.54,0,1,4
2021-02-01,plantain,Sefwi Wiawso,390.2,2.84,0,2,5
2021-02-08,plantain,Sefwi Wiawso,379.1,2.71,0,2,6
2021-02-15,plantain,Sefwi Wiawso,491.7,2.61,0,2,7
2021-02-22,plantain,Sefwi Wiawso,429.4,2.58,0,2,8
2021-03-01,plantain,Sefwi Wiawso,419.3,2.3,0,3,9
2021-03-08,plantain,Sefwi Wiawso,457.6,2.12,0,3,10
2021-03-15,plantain,Sefwi Wiawso,438.1,2.34,0,3,11
2021-03-22,plantain,Sefwi Wiawso,460.4,2.19,0,3,12
2021-03-29,plantain,Sefwi Wiawso,481.9,2.31,0,3,13
2021-04-05,plantain,Sefwi Wiawso,721.1,2.24,1,4,14
2021-04-12,plantain,Sefwi Wiawso,797.2,2.27,1,4,15
2021-04-19,plantain,Sefwi Wiawso,451.5,2.22,0,4,16
2021-04-26,plantain,Sefwi Wiawso,466.0,2.28,0,4,17
2021-05-03,plantain,Sefwi Wiawso,455.7,2.48,0,5,18
2021-05-10,plantain,Sefwi Wiawso,467.2,2.43,0,5,19
2021-05-17,plantain,Sefwi Wiawso,483.8,2.34,0,5,20
2021-05-24,plantain,Sefwi Wiawso,446.9,2.3,0,5,21
2021-05-31,plantain,Sefwi Wiawso,442.7,2.38,0,5,22
2021-06-07,plantain,Sefwi Wiawso,369.5,2.64,0,6,23
2021-06-14,plantain,Sefwi Wiawso,455.0,2.44,0,6,24
2021-06-21,plantain,Sefwi Wiawso,480.3,2.51,0,6,25
2021-06-28,plantain,Sefwi Wiawso,500.7,2.34,0,6,26
2021-07-05,plantain,Sefwi Wiawso,397.8,2.97,0,7,27
2021-07-12,plantain,Sefwi Wiawso,428.8,3.08,0,7,28
2021-07-19,plantain,Sefwi Wiawso,403.0,2.85,0,7,29
2021-07-26,plantain,Sefwi Wiawso,422.9,2.6,0,7,30
2021-08-02,plantain,Sefwi Wiawso,590.8,2.93,1,8,31
2021-08-09,plantain,Sefwi Wiawso,593.0,2.76,1,8,32
2021-08-16,plantain,Sefwi Wiawso,656.0,2.78,1,8,33
2021-08-23,plantain,Sefwi Wiawso,618.4,2.93,1,8,34
2021-08-30,plantain,Sefwi Wiawso,636.7,2.89,1,8,35
2021-09-06,plantain,Sefwi Wiawso,446.9,2.52,0,9,36
2021-09-13,plantain,Sefwi Wiawso,459.4,2.5,0,9,37
2021-09-20,plantain,Sefwi Wiawso,391.4,2.58,0,9,38
2021-09-27,plantain,Sefwi Wiawso,467.2,2.53,0,9,39
2021-10-04,plantain,Sefwi Wiawso,478.7,2.1,0,10,40
2021-10-11,plantain,Sefwi Wiawso,433.7,2.17,0,10,41
2021-10-18,plantain,Sefwi Wiawso,452.1,2.23,0,10,42
2021-10-25,plantain,Sefwi Wiawso,455.6,2.18,0,10,43
2021-11-01,plantain,Sefwi Wiawso,531.6,2.09,0,11,44
2021-11-08,plantain,Sefwi Wiawso,418.9,2.3,0,11,45
2021-11-15,plantain,Sefwi Wiawso,512.5,1.97,0,11,46
2021-11-22,plantain,Sefwi Wiawso,436.8,2.17,0,11,47
2021-11-29,plantain,Sefwi Wiawso,453.3,2.16,0,11,48
2021-12-06,plantain,Sefwi Wiawso,467.0,2.24,0,12,49
2021-12-13,plantain,Sefwi Wiawso,447.5,2.28,0,12,50
2021-12-20,plantain,Sefwi Wiawso,740.5,2.33,1,12,51
2021-12-27,plantain,Sefwi Wiawso,799.7,2.16,1,12,52
2022-01-03,plantain,Sefwi Wiawso,409.6,2.91,0,1,1
2022-01-10,plantain,Sefwi Wiawso,449.2,2.87,0,1,2
2022-01-17,plantain,Sefwi Wiawso,444.5,2.65,0,1,3
2022-01-24,plantain,Sefwi Wiawso,404.1,3.06,0,1,4
2022-01-31,plantain,Sefwi Wiawso,458.8,2.68,0,1,5
2022-02-07,plantain,Sefwi Wiawso,430.7,2.91,0,2,6
2022-02-14,plantain,Sefwi Wiawso,441.3,2.91,0,2,7
2022-02-21,plantain,Sefwi Wiawso,434.1,2.9,0,2,8
2022-02-28,plantain,Sefwi Wiawso,448.4,2.81,0,2,9
2022-03-07,plantain,Sefwi Wiawso,441.1,2.54,0,3,10
2022-03-14,plantain,Sefwi Wiawso,453.6,2.3,0,3,11
2022-03-21,plantain,Sefwi Wiawso,422.6,2.45,0,3,12
2022-03-28,plantain,Sefwi Wiawso,422.4,2.4,0,3,13
2022-04-04,plantain,Sefwi Wiawso,819.6,2.41,1,4,14
2022-04-11,plantain,Sefwi Wiawso,621.6,2.52,1,4,15
2022-04-18,plantain,Sefwi Wiawso,479.6,2.58,0,4,16
2022-04-25,plantain,Sefwi Wiawso,443.6,2.44,0,4,17
2022-05-02,plantain,Sefwi Wiawso,483.9,2.57,0,5,18
2022-05-09,plantain,Sefwi Wiawso,401.4,2.49,0,5,19
2022-05-16,plantain,Sefwi Wiawso,468.8,2.4,0,5,20
2022-05-23,plantain,Sefwi Wiawso,507.5,2.46,0,5,21
2022-05-30,plantain,Sefwi Wiawso,486.8,2.46,0,5,22
2022-06-06,plantain,Sefwi Wiawso,458.2,2.65,0,6,23
2022-06-13,plantain,Sefwi Wiawso,399.7,2.77,0,6,24
2022-06-20,plantain,Sefwi Wiawso,418.8,2.75,0,6,25
2022-06-27,plantain,Sefwi Wiawso,521.5,2.55,0,6,26
2022-07-04,plantain,Sefwi Wiawso,434.1,2.87,0,7,27
2022-07-11,plantain,Sefwi Wiawso,414.7,3.12,0,7,28
2022-07-18,plantain,Sefwi Wiawso,439.5,2.97,0,7,29
2022-07-25,plantain,Sefwi Wiawso,384.8,3.11,0,7,30
2022-08-01,plantain,Sefwi Wiawso,631.4,3.19,1,8,31
2022-08-08,plantain,Sefwi Wiawso,640.4,2.93,1,8,32
2022-08-15,plantain,Sefwi Wiawso,671.9,2.91,1,8,33
2022-08-22,plantain,Sefwi Wiawso,580.0,3.3,1,8,34
2022-08-29,plantain,Sefwi Wiawso,566.2,3.13,1,8,35
2022-09-05,plantain,Sefwi Wiawso,454.4,2.73,0,9,36
2022-09-12,plantain,Sefwi Wiawso,492.4,2.67,0,9,37
2022-09-19,plantain,Sefwi Wiawso,478.7,2.72,0,9,38
2022-09-26,plantain,Sefwi Wiawso,479.1,2.64,0,9,39
2022-10-03,plantain,Sefwi Wiawso,481.3,2.46,0,10,40
2022-10-10,plantain,Sefwi Wiawso,474.5,2.3,0,10,41
2022-10-17,plantain,Sefwi Wiawso,455.5,2.48,0,10,42
2022-10-24,plantain,Sefwi Wiawso,460.5,2.34,0,10,43
2022-10-31,plantain,Sefwi Wiawso,511.3,2.28,0,10,44
2022-11-07,plantain,Sefwi Wiawso,484.1,2.35,0,11,45
2022-11-14,plantain,Sefwi Wiawso,493.3,2.14,0,11,46
2022-11-21,plantain,Sefwi Wiawso,429.1,2.38,0,11,47
2022-11-28,plantain,Sefwi Wiawso,504.1,2.37,0,11,48
2022-12-05,plantain,Sefwi Wiawso,439.3,2.48,0,12,49
2022-12-12,plantain,Sefwi Wiawso,501.9,2.22,0,12,50
2022-12-19,plantain,Sefwi Wiawso,518.5,2.52,0,12,51
2022-12-26,plantain,Sefwi Wiawso,800.6,2.48,1,12,52
2023-01-02,plantain,Sefwi Wiawso,462.6,3.23,0,1,1
2023-01-09,plantain,Sefwi Wiawso,424.1,3.07,0,1,2
2023-01-16,plantain,Sefwi Wiawso,452.1,3.2,0,1,3
2023-01-23,plantain,Sefwi Wiawso,459.3,2.89,0,1,4
2023-01-30,plantain,Sefwi Wiawso,438.2,3.16,0,1,5
2023-02-06,plantain,Sefwi Wiawso,503.2,3.0,0,2,6
2023-02-13,plantain,Sefwi Wiawso,453.8,2.89,0,2,7
2023-02-20,plantain,Sefwi Wiawso,453.8,2.96,0,2,8
2023-02-27,plantain,Sefwi Wiawso,414.1,3.1,0,2,9
2023-03-06,plantain,Sefwi Wiawso,507.6,2.57,0,3,10
2023-03-13,plantain,Sefwi Wiawso,450.0,2.69,0,3,11
2023-03-20,plantain,Sefwi Wiawso,528.5,2.46,0,3,12
2023-03-27,plantain,Sefwi Wiawso,452.8,2.43,0,3,13
2023-04-03,plantain,Sefwi Wiawso,735.3,2.82,1,4,14
2023-04-10,plantain,Sefwi Wiawso,693.6,2.77,1,4,15
2023-04-17,plantain,Sefwi Wiawso,507.7,2.56,0,4,16
2023-04-24,plantain,Sefwi Wiawso,470.9,2.67,0,4,17
2023-05-01,plantain,Sefwi Wiawso,443.0,2.8,0,5,18
2023-05-08,plantain,Sefwi Wiawso,455.7,2.73,0,5,19
2023-05-15,plantain,Sefwi Wiawso,446.4,2.7,0,5,20
2023-05-22,plantain,Sefwi Wiawso,479.5,2.81,0,5,21
2023-05-29,plantain,Sefwi Wiawso,452.1,2.61,0,5,22
2023-06-05,plantain,Sefwi Wiawso,460.0,2.94,0,6,23
2023-06-12,plantain,Sefwi Wiawso,477.2,2.94,0,6,24
2023-06-19,plantain,Sefwi Wiawso,516.7,2.91,0,6,25
2023-06-26,plantain,Sefwi Wiawso,473.3,2.89,0,6,26
2023-07-03,plantain,Sefwi Wiawso,423.3,3.32,0,7,27
2023-07-10,plantain,Sefwi Wiawso,436.6,3.32,0,7,28
2023-07-17,plantain,Sefwi Wiawso,388.5,3.18,0,7,29
2023-07-24,plantain,Sefwi Wiawso,389.9,3.42,0,7,30
2023-07-31,plantain,Sefwi Wiawso,432.6,3.19,0,7,31
2023-08-07,plantain,Sefwi Wiawso,620.1,3.31,1,8,32
2023-08-14,plantain,Sefwi Wiawso,586.9,3.3,1,8,33
2023-08-21,plantain,Sefwi Wiawso,670.5,3.38,1,8,34
2023-08-28,plantain,Sefwi Wiawso,699.5,3.05,1,8,35
2023-09-04,plantain,Sefwi Wiawso,462.0,3.1,0,9,36
2023-09-11,plantain,Sefwi Wiawso,459.2,2.92,0,9,37
2023-09-18,plantain,Sefwi Wiawso,455.9,3.14,0,9,38
2023-09-25,plantain,Sefwi Wiawso,491.4,2.94,0,9,39
2023-10-02,plantain,Sefwi Wiawso,471.4,2.56,0,10,40
2023-10-09,plantain,Sefwi Wiawso,464.8,2.76,0,10,41
2023-10-16,plantain,Sefwi Wiawso,458.8,2.54,0,10,42
2023-10-23,plantain,Sefwi Wiawso,464.2,2.69,0,10,43
2023-10-30,plantain,Sefwi Wiawso,510.4,2.57,0,10,44
2023-11-06,plantain,Sefwi Wiawso,508.8,2.62,0,11,45
2023-11-13,plantain,Sefwi Wiawso,516.0,2.59,0,11,46
2023-11-20,plantain,Sefwi Wiawso,475.2,2.67,0,11,47
2023-11-27,plantain,Sefwi Wiawso,490.2,2.51,0,11,48
2023-12-04,plantain,Sefwi Wiawso,480.7,2.5,0,12,49
2023-12-11,plantain,Sefwi Wiawso,436.5,2.53,0,12,50
2023-12-18,plantain,Sefwi Wiawso,439.7,2.61,0,12,51
2023-12-25,plantain,Sefwi Wiawso,795.6,2.57,1,12,52
2024-01-01,plantain,Sefwi Wiawso,433.9,3.42,0,1,1
2024-01-08,plantain,Sefwi Wiawso,465.6,3.5,0,1,2
2024-01-15,plantain,Sefwi Wiawso,496.4,3.19,0,1,3
2024-01-22,plantain,Sefwi Wiawso,438.1,3.22,0,1,4
2024-01-29,plantain,Sefwi Wiawso,489.6,3.13,0,1,5
2024-02-05,plantain,Sefwi Wiawso,410.0,3.61,0,2,6
2024-02-12,plantain,Sefwi Wiawso,461.6,3.38,0,2,7
2024-02-19,plantain,Sefwi Wiawso,461.8,3.41,0,2,8
2024-02-26,plantain,Sefwi Wiawso,501.1,3.16,0,2,9
2024-03-04,plantain,Sefwi Wiawso,465.2,2.87,0,3,10
2024-03-11,plantain,Sefwi Wiawso,502.0,2.92,0,3,11
2024-03-18,plantain,Sefwi Wiawso,428.8,2.84,0,3,12
2024-03-25,plantain,Sefwi Wiawso,501.0,2.99,0,3,13
2024-04-01,plantain,Sefwi Wiawso,706.9,3.15,1,4,14
2024-04-08,plantain,Sefwi Wiawso,777.4,2.78,1,4,15
2024-04-15,plantain,Sefwi Wiawso,434.9,2.77,0,4,16
2024-04-22,plantain,Sefwi Wiawso,482.6,2.78,0,4,17
2024-04-29,plantain,Sefwi Wiawso,496.0,3.07,0,4,18
2024-05-06,plantain,Sefwi Wiawso,455.4,3.02,0,5,19
2024-05-13,plantain,Sefwi Wiawso,503.7,2.89,0,5,20
2024-05-20,plantain,Sefwi Wiawso,481.5,2.91,0,5,21
2024-05-27,plantain,Sefwi Wiawso,524.8,2.81,0,5,22
2024-06-03,plantain,Sefwi Wiawso,469.7,3.29,0,6,23
2024-06-10,plantain,Sefwi Wiawso,455.1,3.13,0,6,24
2024-06-17,plantain,Sefwi Wiawso,482.5,3.14,0,6,25
2024-06-24,plantain,Sefwi Wiawso,513.6,3.25,0,6,26
2024-07-01,plantain,Sefwi Wiawso,454.6,3.55,0,7,27
2024-07-08,plantain,Sefwi Wiawso,438.4,3.55,0,7,28
2024-07-15,plantain,Sefwi Wiawso,498.0,3.58,0,7,29
2024-07-22,plantain,Sefwi Wiawso,458.6,3.69,0,7,30
2024-07-29,plantain,Sefwi Wiawso,438.3,3.82,0,7,31
2024-08-05,plantain,Sefwi Wiawso,657.5,3.69,1,8,32
2024-08-12,plantain,Sefwi Wiawso,669.4,3.72,1,8,33
2024-08-19,plantain,Sefwi Wiawso,691.7,3.57,1,8,34
2024-08-26,plantain,Sefwi Wiawso,583.4,3.5,1,8,35
2024-09-02,plantain,Sefwi Wiawso,481.4,3.32,0,9,36
2024-09-09,plantain,Sefwi Wiawso,472.1,3.26,0,9,37
2024-09-16,plantain,Sefwi Wiawso,486.1,3.05,0,9,38
2024-09-23,plantain,Sefwi Wiawso,477.7,3.2,0,9,39
2024-09-30,plantain,Sefwi Wiawso,435.2,3.23,0,9,40
2024-10-07,plantain,Sefwi Wiawso,442.3,2.71,0,10,41
2024-10-14,plantain,Sefwi Wiawso,502.8,2.93,0,10,42
2024-10-21,plantain,Sefwi Wiawso,494.8,2.82,0,10,43
2024-10-28,plantain,Sefwi Wiawso,401.1,2.92,0,10,44
2024-11-04,plantain,Sefwi Wiawso,467.8,2.82,0,11,45
2024-11-11,plantain,Sefwi Wiawso,512.9,2.8,0,11,46
2024-11-18,plantain,Sefwi Wiawso,494.9,2.68,0,11,47
2024-11-25,plantain,Sefwi Wiawso,524.9,2.79,0,11,48
2024-12-02,plantain,Sefwi Wiawso,519.8,2.81,0,12,49
2024-12-09,plantain,Sefwi Wiawso,469.4,2.65,0,12,50
2024-12-16,plantain,Sefwi Wiawso,492.7,2.75,0,12,51
2024-12-23,plantain,Sefwi Wiawso,798.9,2.77,1,12,52
2024-12-30,plantain,Sefwi Wiawso,736.7,2.85,1,12,1
2018-01-01,plantain,Wasa Amenfi,363.4,1.95,0,1,1
2018-01-08,plantain,Wasa Amenfi,366.2,2.04,0,1,2
2018-01-15,plantain,Wasa Amenfi,378.4,1.98,0,1,3
2018-01-22,plantain,Wasa Amenfi,435.4,1.77,0,1,4
2018-01-29,plantain,Wasa Amenfi,421.4,1.96,0,1,5
2018-02-05,plantain,Wasa Amenfi,390.7,2.1,0,2,6
2018-02-12,plantain,Wasa Amenfi,430.4,1.88,0,2,7
2018-02-19,plantain,Wasa Amenfi,384.0,2.02,0,2,8
2018-02-26,plantain,Wasa Amenfi,387.2,2.14,0,2,9
2018-03-05,plantain,Wasa Amenfi,426.5,1.67,0,3,10
2018-03-12,plantain,Wasa Amenfi,409.8,1.72,0,3,11
2018-03-19,plantain,Wasa Amenfi,488.1,1.63,0,3,12
2018-03-26,plantain,Wasa Amenfi,344.2,1.84,0,3,13
2018-04-02,plantain,Wasa Amenfi,589.2,1.73,1,4,14
2018-04-09,plantain,Wasa Amenfi,676.1,1.74,1,4,15
2018-04-16,plantain,Wasa Amenfi,398.0,1.83,0,4,16
2018-04-23,plantain,Wasa Amenfi,377.3,1.78,0,4,17
2018-04-30,plantain,Wasa Amenfi,405.7,1.67,0,4,18
2018-05-07,plantain,Wasa Amenfi,406.3,1.7,0,5,19
2018-05-14,plantain,Wasa Amenfi,437.8,1.78,0,5,20
2018-05-21,plantain,Wasa Amenfi,461.4,1.7,0,5,21
2018-05-28,plantain,Wasa Amenfi,494.4,1.6,0,5,22
2018-06-04,plantain,Wasa Amenfi,377.8,1.91,0,6,23
2018-06-11,plantain,Wasa Amenfi,400.8,1.8,0,6,24
2018-06-18,plantain,Wasa Amenfi,364.6,2.03,0,6,25
2018-06-25,plantain,Wasa Amenfi,448.1,1.92,0,6,26
2018-07-02,plantain,Wasa Amenfi,404.1,2.08,0,7,27
2018-07-09,plantain,Wasa Amenfi,394.7,2.09,0,7,28
2018-07-16,plantain,Wasa Amenfi,413.2,1.99,0,7,29
2018-07-23,plantain,Wasa Amenfi,395.8,2.06,0,7,30
2018-07-30,plantain,Wasa Amenfi,347.9,2.24,0,7,31
2018-08-06,plantain,Wasa Amenfi,556.3,2.36,1,8,32
2018-08-13,plantain,Wasa Amenfi,556.8,2.23,1,8,33
2018-08-20,plantain,Wasa Amenfi,535.2,2.16,1,8,34
2018-08-27,plantain,Wasa Amenfi,602.9,2.13,1,8,35
2018-09-03,plantain,Wasa Amenfi,421.5,1.87,0,9,36
2018-09-10,plantain,Wasa Amenfi,400.5,2.11,0,9,37
2018-09-17,plantain,Wasa Amenfi,419.3,1.93,0,9,38
2018-09-24,plantain,Wasa Amenfi,416.3,2.11,0,9,39
2018-10-01,plantain,Wasa Amenfi,415.5,1.76,0,10,40
2018-10-08,plantain,Wasa Amenfi,427.2,1.55,0,10,41
2018-10-15,plantain,Wasa Amenfi,444.8,1.62,0,10,42
2018-10-22,plantain,Wasa Amenfi,445.7,1.62,0,10,43
2018-10-29,plantain,Wasa Amenfi,441.6,1.66,0,10,44
2018-11-05,plantain,Wasa Amenfi,456.0,1.67,0,11,45
2018-11-12,plantain,Wasa Amenfi,378.3,1.88,0,11,46
2018-11-19,plantain,Wasa Amenfi,461.1,1.6,0,11,47
2018-11-26,plantain,Wasa Amenfi,381.5,1.69,0,11,48
2018-12-03,plantain,Wasa Amenfi,417.8,1.73,0,12,49
2018-12-10,plantain,Wasa Amenfi,421.2,1.69,0,12,50
2018-12-17,plantain,Wasa Amenfi,465.5,1.69,0,12,51
2018-12-24,plantain,Wasa Amenfi,727.4,1.62,1,12,52
2018-12-31,plantain,Wasa Amenfi,737.3,1.69,1,12,1
2019-01-07,plantain,Wasa Amenfi,351.4,2.2,0,1,2
2019-01-14,plantain,Wasa Amenfi,386.0,2.19,0,1,3
2019-01-21,plantain,Wasa Amenfi,371.7,2.21,0,1,4
2019-01-28,plantain,Wasa Amenfi,439.4,2.28,0,1,5
2019-02-04,plantain,Wasa Amenfi,373.3,2.25,0,2,6
2019-02-11,plantain,Wasa Amenfi,400.0,2.18,0,2,7
2019-02-18,plantain,Wasa Amenfi,417.1,2.07,0,2,8
2019-02-25,plantain,Wasa Amenfi,367.9,2.12,0,2,9
2019-03-04,plantain,Wasa Amenfi,417.1,1.85,0,3,10
2019-03-11,plantain,Wasa Amenfi,435.8,1.88,0,3,11
2019-03-18,plantain,Wasa Amenfi,436.4,1.83,0,3,12
2019-03-25,plantain,Wasa Amenfi,380.5,1.79,0,3,13
2019-04-01,plantain,Wasa Amenfi,678.2,1.78,1,4,14
2019-04-08,plantain,Wasa Amenfi,754.7,1.75,1,4,15
2019-04-15,plantain,Wasa Amenfi,446.9,1.86,0,4,16
2019-04-22,plantain,Wasa Amenfi,482.9,1.76,0,4,17
2019-04-29,plantain,Wasa Amenfi,416.3,1.8,0,4,18
2019-05-06,plantain,Wasa Amenfi,467.9,1.86,0,5,19
2019-05-13,plantain,Wasa Amenfi,447.9,1.78,0,5,20
2019-05-20,plantain,Wasa Amenfi,466.6,1.91,0,5,21
2019-05-27,plantain,Wasa Amenfi,421.1,1.94,0,5,22
2019-06-03,plantain,Wasa Amenfi,379.5,2.02,0,6,23
2019-06-10,plantain,Wasa Amenfi,453.1,2.03,0,6,24
2019-06-17,plantain,Wasa Amenfi,407.6,2.11,0,6,25
2019-06-24,plantain,Wasa Amenfi,426.1,2.0,0,6,26
2019-07-01,plantain,Wasa Amenfi,366.7,2.25,0,7,27
2019-07-08,plantain,Wasa Amenfi,414.8,2.44,0,7,28
2019-07-15,plantain,Wasa Amenfi,369.6,2.41,0,7,29
2019-07-22,plantain,Wasa Amenfi,421.5,2.38,0,7,30
2019-07-29,plantain,Wasa Amenfi,371.6,2.41,0,7,31
2019-08-05,plantain,Wasa Amenfi,588.5,2.16,1,8,32
2019-08-12,plantain,Wasa Amenfi,608.2,2.47,1,8,33
2019-08-19,plantain,Wasa Amenfi,576.9,2.38,1,8,34
2019-08-26,plantain,Wasa Amenfi,568.3,2.43,1,8,35
2019-09-02,plantain,Wasa Amenfi,390.0,2.14,0,9,36
2019-09-09,plantain,Wasa Amenfi,415.3,2.11,0,9,37
2019-09-16,plantain,Wasa Amenfi,442.7,2.08,0,9,38
2019-09-23,plantain,Wasa Amenfi,390.9,2.13,0,9,39
2019-09-30,plantain,Wasa Amenfi,417.6,2.08,0,9,40
2019-10-07,plantain,Wasa Amenfi,414.4,1.86,0,10,41
2019-10-14,plantain,Wasa Amenfi,460.7,1.68,0,10,42
2019-10-21,plantain,Wasa Amenfi,482.5,1.76,0,10,43
2019-10-28,plantain,Wasa Amenfi,403.0,1.95,0,10,44
2019-11-04,plantain,Wasa Amenfi,425.7,1.77,0,11,45
2019-11-11,plantain,Wasa Amenfi,513.0,1.79,0,11,46
2019-11-18,plantain,Wasa Amenfi,436.3,1.75,0,11,47
2019-11-25,plantain,Wasa Amenfi,428.2,1.83,0,11,48
2019-12-02,plantain,Wasa Amenfi,437.4,1.77,0,12,49
2019-12-09,plantain,Wasa Amenfi,432.3,1.81,0,12,50
2019-12-16,plantain,Wasa Amenfi,429.2,1.88,0,12,51
2019-12-23,plantain,Wasa Amenfi,783.5,1.77,1,12,52
2019-12-30,plantain,Wasa Amenfi,726.9,1.88,1,12,1
2020-01-06,plantain,Wasa Amenfi,422.2,2.41,0,1,2
2020-01-13,plantain,Wasa Amenfi,418.8,2.43,0,1,3
2020-01-20,plantain,Wasa Amenfi,410.5,2.34,0,1,4
2020-01-27,plantain,Wasa Amenfi,379.8,2.63,0,1,5
2020-02-03,plantain,Wasa Amenfi,421.8,2.44,0,2,6
2020-02-10,plantain,Wasa Amenfi,376.1,2.38,0,2,7
2020-02-17,plantain,Wasa Amenfi,481.6,2.26,0,2,8
2020-02-24,plantain,Wasa Amenfi,395.5,2.34,0,2,9
2020-03-02,plantain,Wasa Amenfi,409.9,2.13,0,3,10
2020-03-09,plantain,Wasa Amenfi,385.5,2.15,0,3,11
2020-03-16,plantain,Wasa Amenfi,389.0,2.13,0,3,12
2020-03-23,plantain,Wasa Amenfi,452.8,2.07,0,3,13
2020-03-30,plantain,Wasa Amenfi,516.3,1.91,0,3,14
2020-04-06,plantain,Wasa Amenfi,656.8,2.06,1,4,15
2020-04-13,plantain,Wasa Amenfi,731.8,1.92,1,4,16
2020-04-20,plantain,Wasa Amenfi,465.2,1.9,0,4,17
2020-04-27,plantain,Wasa Amenfi,461.4,2.04,0,4,18
2020-05-04,plantain,Wasa Amenfi,489.2,2.08,0,5,19
2020-05-11,plantain,Wasa Amenfi,466.1,2.11,0,5,20
2020-05-18,plantain,Wasa Amenfi,425.6,2.08,0,5,21
2020-05-25,plantain,Wasa Amenfi,445.5,2.08,0,5,22
2020-06-01,plantain,Wasa Amenfi,464.7,2.14,0,6,23
2020-06-08,plantain,Wasa Amenfi,435.1,2.22,0,6,24
2020-06-15,plantain,Wasa Amenfi,425.8,2.09,0,6,25
2020-06-22,plantain,Wasa Amenfi,440.3,2.05,0,6,26
2020-06-29,plantain,Wasa Amenfi,454.9,2.29,0,6,27
2020-07-06,plantain,Wasa Amenfi,439.1,2.44,0,7,28
2020-07-13,plantain,Wasa Amenfi,384.6,2.6,0,7,29
2020-07-20,plantain,Wasa Amenfi,393.3,2.62,0,7,30
2020-07-27,plantain,Wasa Amenfi,436.4,2.45,0,7,31
2020-08-03,plantain,Wasa Amenfi,527.6,2.59,1,8,32
2020-08-10,plantain,Wasa Amenfi,594.5,2.46,1,8,33
2020-08-17,plantain,Wasa Amenfi,711.0,2.34,1,8,34
2020-08-24,plantain,Wasa Amenfi,607.1,2.54,1,8,35
2020-08-31,plantain,Wasa Amenfi,566.0,2.48,1,8,36
2020-09-07,plantain,Wasa Amenfi,445.8,2.23,0,9,37
2020-09-14,plantain,Wasa Amenfi,437.8,2.45,0,9,38
2020-09-21,plantain,Wasa Amenfi,388.1,2.13,0,9,39
2020-09-28,plantain,Wasa Amenfi,435.7,2.31,0,9,40
2020-10-05,plantain,Wasa Amenfi,447.3,1.87,0,10,41
2020-10-12,plantain,Wasa Amenfi,390.7,2.01,0,10,42
2020-10-19,plantain,Wasa Amenfi,442.2,1.97,0,10,43
2020-10-26,plantain,Wasa Amenfi,436.4,1.97,0,10,44
2020-11-02,plantain,Wasa Amenfi,458.0,1.88,0,11,45
2020-11-09,plantain,Wasa Amenfi,445.6,1.9,0,11,46
2020-11-16,plantain,Wasa Amenfi,406.5,2.03,0,11,47
2020-11-23,plantain,Wasa Amenfi,386.7,2.09,0,11,48
2020-11-30,plantain,Wasa Amenfi,421.3,1.99,0,11,49
2020-12-07,plantain,Wasa Amenfi,481.6,1.9,0,12,50
2020-12-14,plantain,Wasa Amenfi,448.6,1.99,0,12,51
2020-12-21,plantain,Wasa Amenfi,688.2,2.16,1,12,52
2020-12-28,plantain,Wasa Amenfi,691.6,1.98,1,12,53
2021-01-04,plantain,Wasa Amenfi,389.0,2.66,0,1,1
2021-01-11,plantain,Wasa Amenfi,443.4,2.44,0,1,2
2021-01-18,plantain,Wasa Amenfi,428.3,2.51,0,1,3
2021-01-25,plantain,Wasa Amenfi,395.5,2.58,0,1,4
2021-02-01,plantain,Wasa Amenfi,346.6,2.57,0,2,5
2021-02-08,plantain,Wasa Amenfi,407.5,2.46,0,2,6
2021-02-15,plantain,Wasa Amenfi,413.7,2.45,0,2,7
2021-02-22,plantain,Wasa Amenfi,382.0,2.63,0,2,8
2021-03-01,plantain,Wasa Amenfi,419.3,2.28,0,3,9
2021-03-08,plantain,Wasa Amenfi,448.0,2.3,0,3,10
2021-03-15,plantain,Wasa Amenfi,422.0,2.33,0,3,11
2021-03-22,plantain,Wasa Amenfi,471.0,2.18,0,3,12
2021-03-29,plantain,Wasa Amenfi,410.1,2.14,0,3,13
2021-04-05,plantain,Wasa Amenfi,664.1,2.3,1,4,14
2021-04-12,plantain,Wasa Amenfi,607.7,2.25,1,4,15
2021-04-19,plantain,Wasa Amenfi,448.5,2.1,0,4,16
2021-04-26,plantain,Wasa Amenfi,431.4,2.1,0,4,17
2021-05-03,plantain,Wasa Amenfi,475.3,2.24,0,5,18
2021-05-10,plantain,Wasa Amenfi,461.5,2.18,0,5,19
2021-05-17,plantain,Wasa Amenfi,474.6,2.2,0,5,20
2021-05-24,plantain,Wasa Amenfi,422.9,2.29,0,5,21
2021-05-31,plantain,Wasa Amenfi,410.2,2.27,0,5,22
2021-06-07,plantain,Wasa Amenfi,399.9,2.53,0,6,23
2021-06-14,plantain,Wasa Amenfi,478.2,2.22,0,6,24
2021-06-21,plantain,Wasa Amenfi,487.7,2.43,0,6,25
2021-06-28,plantain,Wasa Amenfi,445.3,2.47,0,6,26
2021-07-05,plantain,Wasa Amenfi,417.4,2.55,0,7,27
2021-07-12,plantain,Wasa Amenfi,411.3,2.64,0,7,28
2021-07-19,plantain,Wasa Amenfi,417.6,2.62,0,7,29
2021-07-26,plantain,Wasa Amenfi,457.6,2.71,0,7,30
2021-08-02,plantain,Wasa Amenfi,625.0,2.91,1,8,31
2021-08-09,plantain,Wasa Amenfi,585.0,2.95,1,8,32
2021-08-16,plantain,Wasa Amenfi,630.1,2.64,1,8,33
2021-08-23,plantain,Wasa Amenfi,611.4,2.79,1,8,34
2021-08-30,plantain,Wasa Amenfi,618.4,2.79,1,8,35
2021-09-06,plantain,Wasa Amenfi,429.4,2.49,0,9,36
2021-09-13,plantain,Wasa Amenfi,418.1,2.49,0,9,37
2021-09-20,plantain,Wasa Amenfi,469.0,2.48,0,9,38
2021-09-27,plantain,Wasa Amenfi,424.4,2.62,0,9,39
2021-10-04,plantain,Wasa Amenfi,464.2,2.19,0,10,40
2021-10-11,plantain,Wasa Amenfi,514.7,2.01,0,10,41
2021-10-18,plantain,Wasa Amenfi,456.1,2.17,0,10,42
2021-10-25,plantain,Wasa Amenfi,451.8,2.17,0,10,43
2021-11-01,plantain,Wasa Amenfi,536.1,2.14,0,11,44
2021-11-08,plantain,Wasa Amenfi,444.5,2.21,0,11,45
2021-11-15,plantain,Wasa Amenfi,421.8,2.13,0,11,46
2021-11-22,plantain,Wasa Amenfi,443.7,2.13,0,11,47
2021-11-29,plantain,Wasa Amenfi,495.1,2.12,0,11,48
2021-12-06,plantain,Wasa Amenfi,447.7,1.95,0,12,49
2021-12-13,plantain,Wasa Amenfi,435.3,2.12,0,12,50
2021-12-20,plantain,Wasa Amenfi,822.2,2.07,1,12,51
2021-12-27,plantain,Wasa Amenfi,772.4,2.02,1,12,52
2022-01-03,plantain,Wasa Amenfi,403.5,2.87,0,1,1
2022-01-10,plantain,Wasa Amenfi,444.0,2.77,0,1,2
2022-01-17,plantain,Wasa Amenfi,405.8,2.71,0,1,3
2022-01-24,plantain,Wasa Amenfi,392.2,2.66,0,1,4
2022-01-31,plantain,Wasa Amenfi,384.5,2.75,0,1,5
2022-02-07,plantain,Wasa Amenfi,426.5,2.84,0,2,6
2022-02-14,plantain,Wasa Amenfi,440.8,2.65,0,2,7
2022-02-21,plantain,Wasa Amenfi,406.8,2.73,0,2,8
2022-02-28,plantain,Wasa Amenfi,384.5,2.83,0,2,9
2022-03-07,plantain,Wasa Amenfi,476.0,2.16,0,3,10
2022-03-14,plantain,Wasa Amenfi,486.1,2.34,0,3,11
2022-03-21,plantain,Wasa Amenfi,438.4,2.3,0,3,12
2022-03-28,plantain,Wasa Amenfi,438.9,2.33,0,3,13
2022-04-04,plantain,Wasa Amenfi,676.6,2.31,1,4,14
2022-04-11,plantain,Wasa Amenfi,699.0,2.37,1,4,15
2022-04-18,plantain,Wasa Amenfi,440.0,2.54,0,4,16
2022-04-25,plantain,Wasa Amenfi,518.4,2.33,0,4,17
2022-05-02,plantain,Wasa Amenfi,458.8,2.4,0,5,18
2022-05-09,plantain,Wasa Amenfi,428.8,2.57,0,5,19
2022-05-16,plantain,Wasa Amenfi,488.6,2.32,0,5,20
2022-05-23,plantain,Wasa Amenfi,450.8,2.55,0,5,21
2022-05-30,plantain,Wasa Amenfi,439.9,2.38,0,5,22
2022-06-06,plantain,Wasa Amenfi,489.1,2.78,0,6,23
2022-06-13,plantain,Wasa Amenfi,441.0,2.68,0,6,24
2022-06-20,plantain,Wasa Amenfi,454.3,2.63,0,6,25
2022-06-27,plantain,Wasa Amenfi,468.1,2.59,0,6,26
2022-07-04,plantain,Wasa Amenfi,432.2,2.86,0,7,27
2022-07-11,plantain,Wasa Amenfi,452.7,2.94,0,7,28
2022-07-18,plantain,Wasa Amenfi,391.1,3.03,0,7,29
2022-07-25,plantain,Wasa Amenfi,435.3,2.93,0,7,30
2022-08-01,plantain,Wasa Amenfi,635.1,2.91,1,8,31
2022-08-08,plantain,Wasa Amenfi,664.2,2.92,1,8,32
2022-08-15,plantain,Wasa Amenfi,596.3,3.07,1,8,33
2022-08-22,plantain,Wasa Amenfi,588.5,3.09,1,8,34
2022-08-29,plantain,Wasa Amenfi,663.3,2.87,1,8,35
2022-09-05,plantain,Wasa Amenfi,473.3,2.58,0,9,36
2022-09-12,plantain,Wasa Amenfi,427.0,2.69,0,9,37
2022-09-19,plantain,Wasa Amenfi,469.7,2.81,0,9,38
2022-09-26,plantain,Wasa Amenfi,458.6,2.77,0,9,39
2022-10-03,plantain,Wasa Amenfi,479.1,2.15,0,10,40
2022-10-10,plantain,Wasa Amenfi,453.5,2.24,0,10,41
2022-10-17,plantain,Wasa Amenfi,486.7,2.18,0,10,42
2022-10-24,plantain,Wasa Amenfi,485.1,2.24,0,10,43
2022-10-31,plantain,Wasa Amenfi,399.5,2.41,0,10,44
2022-11-07,plantain,Wasa Amenfi,495.3,2.15,0,11,45
2022-11-14,plantain,Wasa Amenfi,506.8,2.13,0,11,46
2022-11-21,plantain,Wasa Amenfi,407.5,2.21,0,11,47
2022-11-28,plantain,Wasa Amenfi,464.4,2.31,0,11,48
2022-12-05,plantain,Wasa Amenfi,475.0,2.35,0,12,49
2022-12-12,plantain,Wasa Amenfi,473.4,2.34,0,12,50
2022-12-19,plantain,Wasa Amenfi,470.5,2.4,0,12,51
2022-12-26,plantain,Wasa Amenfi,799.4,2.13,1,12,52
2023-01-02,plantain,Wasa Amenfi,391.3,3.07,0,1,1
2023-01-09,plantain,Wasa Amenfi,388.5,2.9,0,1,2
2023-01-16,plantain,Wasa Amenfi,450.2,3.02,0,1,3
2023-01-23,plantain,Wasa Amenfi,468.6,2.78,0,1,4
2023-01-30,plantain,Wasa Amenfi,461.3,2.94,0,1,5
2023-02-06,plantain,Wasa Amenfi,410.8,2.98,0,2,6
2023-02-13,plantain,Wasa Amenfi,438.2,3.09,0,2,7
2023-02-20,plantain,Wasa Amenfi,412.8,2.77,0,2,8
2023-02-27,plantain,Wasa Amenfi,409.2,2.96,0,2,9
2023-03-06,plantain,Wasa Amenfi,483.7,2.42,0,3,10
2023-03-13,plantain,Wasa Amenfi,475.8,2.58,0,3,11
2023-03-20,plantain,Wasa Amenfi,499.3,2.61,0,3,12
2023-03-27,plantain,Wasa Amenfi,440.8,2.66,0,3,13
2023-04-03,plantain,Wasa Amenfi,705.7,2.49,1,4,14
2023-04-10,plantain,Wasa Amenfi,673.2,2.64,1,4,15
2023-04-17,plantain,Wasa Amenfi,427.9,2.69,0,4,16
2023-04-24,plantain,Wasa Amenfi,554.5,2.38,0,4,17
2023-05-01,plantain,Wasa Amenfi,477.7,2.63,0,5,18
2023-05-08,plantain,Wasa Amenfi,483.3,2.66,0,5,19
2023-05-15,plantain,Wasa Amenfi,462.3,2.54,0,5,20
2023-05-22,plantain,Wasa Amenfi,483.3,2.44,0,5,21
2023-05-29,plantain,Wasa Amenfi,472.0,2.66,0,5,22
2023-06-05,plantain,Wasa Amenfi,464.1,2.67,0,6,23
2023-06-12,plantain,Wasa Amenfi,455.0,2.79,0,6,24
2023-06-19,plantain,Wasa Amenfi,443.2,2.8,0,6,25
2023-06-26,plantain,Wasa Amenfi,438.9,2.89,0,6,26
2023-07-03,plantain,Wasa Amenfi,434.1,3.08,0,7,27
2023-07-10,plantain,Wasa Amenfi,411.4,3.08,0,7,28
2023-07-17,plantain,Wasa Amenfi,429.8,3.18,0,7,29
2023-07-24,plantain,Wasa Amenfi,418.9,3.29,0,7,30
2023-07-31,plantain,Wasa Amenfi,393.2,3.45,0,7,31
2023-08-07,plantain,Wasa Amenfi,632.8,2.99,1,8,32
2023-08-14,plantain,Wasa Amenfi,633.8,3.22,1,8,33
2023-08-21,plantain,Wasa Amenfi,636.1,3.05,1,8,34
2023-08-28,plantain,Wasa Amenfi,618.7,3.31,1,8,35
2023-09-04,plantain,Wasa Amenfi,508.8,2.75,0,9,36
2023-09-11,plantain,Wasa Amenfi,437.8,2.78,0,9,37
2023-09-18,plantain,Wasa Amenfi,533.7,2.79,0,9,38
2023-09-25,plantain,Wasa Amenfi,462.7,2.85,0,9,39
2023-10-02,plantain,Wasa Amenfi,478.7,2.48,0,10,40
2023-10-09,plantain,Wasa Amenfi,444.8,2.49,0,10,41
2023-10-16,plantain,Wasa Amenfi,503.8,2.45,0,10,42
2023-10-23,plantain,Wasa Amenfi,487.5,2.32,0,10,43
2023-10-30,plantain,Wasa Amenfi,450.7,2.52,0,10,44
2023-11-06,plantain,Wasa Amenfi,456.8,2.46,0,11,45
2023-11-13,plantain,Wasa Amenfi,449.1,2.58,0,11,46
2023-11-20,plantain,Wasa Amenfi,495.6,2.39,0,11,47
2023-11-27,plantain,Wasa Amenfi,501.1,2.31,0,11,48
2023-12-04,plantain,Wasa Amenfi,472.1,2.48,0,12,49
2023-12-11,plantain,Wasa Amenfi,436.0,2.61,0,12,50
2023-12-18,plantain,Wasa Amenfi,448.7,2.5,0,12,51
2023-12-25,plantain,Wasa Amenfi,769.1,2.46,1,12,52
2024-01-01,plantain,Wasa Amenfi,464.6,3.06,0,1,1
2024-01-08,plantain,Wasa Amenfi,435.3,3.39,0,1,2
2024-01-15,plantain,Wasa Amenfi,476.0,3.04,0,1,3
2024-01-22,plantain,Wasa Amenfi,449.8,3.08,0,1,4
2024-01-29,plantain,Wasa Amenfi,443.1,3.24,0,1,5
2024-02-05,plantain,Wasa Amenfi,463.0,2.95,0,2,6
2024-02-12,plantain,Wasa Amenfi,380.7,3.35,0,2,7
2024-02-19,plantain,Wasa Amenfi,427.3,3.27,0,2,8
2024-02-26,plantain,Wasa Amenfi,419.3,3.31,0,2,9
2024-03-04,plantain,Wasa Amenfi,436.0,2.8,0,3,10
2024-03-11,plantain,Wasa Amenfi,459.1,2.72,0,3,11
2024-03-18,plantain,Wasa Amenfi,492.8,2.62,0,3,12
2024-03-25,plantain,Wasa Amenfi,442.9,2.72,0,3,13
2024-04-01,plantain,Wasa Amenfi,734.9,2.65,1,4,14
2024-04-08,plantain,Wasa Amenfi,802.8,2.81,1,4,15
2024-04-15,plantain,Wasa Amenfi,418.6,2.84,0,4,16
2024-04-22,plantain,Wasa Amenfi,448.6,2.92,0,4,17
2024-04-29,plantain,Wasa Amenfi,436.5,2.79,0,4,18
2024-05-06,plantain,Wasa Amenfi,441.6,2.87,0,5,19
2024-05-13,plantain,Wasa Amenfi,473.1,2.74,0,5,20
2024-05-20,plantain,Wasa Amenfi,452.9,2.72,0,5,21
2024-05-27,plantain,Wasa Amenfi,484.7,2.82,0,5,22
2024-06-03,plantain,Wasa Amenfi,514.9,2.98,0,6,23
2024-06-10,plantain,Wasa Amenfi,490.5,3.06,0,6,24
2024-06-17,plantain,Wasa Amenfi,516.0,2.9,0,6,25
2024-06-24,plantain,Wasa Amenfi,443.6,2.92,0,6,26
2024-07-01,plantain,Wasa Amenfi,418.7,3.5,0,7,27
2024-07-08,plantain,Wasa Amenfi,433.1,3.54,0,7,28
2024-07-15,plantain,Wasa Amenfi,469.4,3.28,0,7,29
2024-07-22,plantain,Wasa Amenfi,468.6,3.51,0,7,30
2024-07-29,plantain,Wasa Amenfi,468.3,3.34,0,7,31
2024-08-05,plantain,Wasa Amenfi,682.5,3.44,1,8,32
2024-08-12,plantain,Wasa Amenfi,720.4,3.63,1,8,33
2024-08-19,plantain,Wasa Amenfi,636.3,3.55,1,8,34
2024-08-26,plantain,Wasa Amenfi,621.6,3.55,1,8,35
2024-09-02,plantain,Wasa Amenfi,451.6,3.33,0,9,36
2024-09-09,plantain,Wasa Amenfi,456.7,3.0,0,9,37
2024-09-16,plantain,Wasa Amenfi,488.8,2.97,0,9,38
2024-09-23,plantain,Wasa Amenfi,433.1,3.0,0,9,39
2024-09-30,plantain,Wasa Amenfi,460.9,3.06,0,9,40
2024-10-07,plantain,Wasa Amenfi,515.5,2.39,0,10,41
2024-10-14,plantain,Wasa Amenfi,512.1,2.62,0,10,42
2024-10-21,plantain,Wasa Amenfi,521.3,2.59,0,10,43
2024-10-28,plantain,Wasa Amenfi,442.6,2.73,0,10,44
2024-11-04,plantain,Wasa Amenfi,536.1,2.7,0,11,45
2024-11-11,plantain,Wasa Amenfi,494.8,2.6,0,11,46
2024-11-18,plantain,Wasa Amenfi,481.0,2.72,0,11,47
2024-11-25,plantain,Wasa Amenfi,425.8,2.74,0,11,48
2024-12-02,plantain,Wasa Amenfi,475.3,2.6,0,12,49
2024-12-09,plantain,Wasa Amenfi,521.7,2.62,0,12,50
2024-12-16,plantain,Wasa Amenfi,523.0,2.44,0,12,51
2024-12-23,plantain,Wasa Amenfi,834.9,2.56,1,12,52
2024-12-30,plantain,Wasa Amenfi,831.1,2.6,1,12,1
2018-01-01,cassava,Aowin,460.2,1.11,0,1,1
2018-01-08,cassava,Aowin,494.3,1.13,0,1,2
2018-01-15,cassava,Aowin,550.1,1.1,0,1,3
2018-01-22,cassava,Aowin,519.2,1.16,0,1,4
2018-01-29,cassava,Aowin,477.6,1.18,0,1,5
2018-02-05,cassava,Aowin,529.8,1.18,0,2,6
2018-02-12,cassava,Aowin,453.6,1.16,0,2,7
2018-02-19,cassava,Aowin,484.1,1.09,0,2,8
2018-02-26,cassava,Aowin,556.3,1.13,0,2,9
2018-03-05,cassava,Aowin,550.8,0.98,0,3,10
2018-03-12,cassava,Aowin,523.1,0.98,0,3,11
2018-03-19,cassava,Aowin,522.6,1.0,0,3,12
2018-03-26,cassava,Aowin,481.0,1.05,0,3,13
2018-04-02,cassava,Aowin,819.8,1.04,1,4,14
2018-04-09,cassava,Aowin,866.5,0.96,1,4,15
2018-04-16,cassava,Aowin,516.8,1.03,0,4,16
2018-04-23,cassava,Aowin,480.3,1.03,0,4,17
2018-04-30,cassava,Aowin,548.5,0.97,0,4,18
2018-05-07,cassava,Aowin,499.4,1.04,0,5,19
2018-05-14,cassava,Aowin,499.7,1.0,0,5,20
2018-05-21,cassava,Aowin,593.9,0.95,0,5,21
2018-05-28,cassava,Aowin,587.1,1.03,0,5,22
2018-06-04,cassava,Aowin,581.0,1.11,0,6,23
2018-06-11,cassava,Aowin,544.4,1.1,0,6,24
2018-06-18,cassava,Aowin,515.6,1.1,0,6,25
2018-06-25,cassava,Aowin,532.6,1.07,0,6,26
2018-07-02,cassava,Aowin,482.1,1.28,0,7,27
2018-07-09,cassava,Aowin,469.8,1.24,0,7,28
2018-07-16,cassava,Aowin,517.0,1.25,0,7,29
2018-07-23,cassava,Aowin,418.1,1.26,0,7,30
2018-07-30,cassava,Aowin,488.3,1.19,0,7,31
2018-08-06,cassava,Aowin,774.2,1.21,1,8,32
2018-08-13,cassava,Aowin,733.3,1.14,1,8,33
2018-08-20,cassava,Aowin,698.0,1.28,1,8,34
2018-08-27,cassava,Aowin,774.6,1.19,1,8,35
2018-09-03,cassava,Aowin,571.2,1.13,0,9,36
2018-09-10,cassava,Aowin,479.7,1.14,0,9,37
2018-09-17,cassava,Aowin,474.2,1.15,0,9,38
2018-09-24,cassava,Aowin,514.4,1.07,0,9,39
2018-10-01,cassava,Aowin,486.4,0.96,0,10,40
2018-10-08,cassava,Aowin,463.6,1.03,0,10,41
2018-10-15,cassava,Aowin,478.7,1.03,0,10,42
2018-10-22,cassava,Aowin,558.2,1.0,0,10,43
2018-10-29,cassava,Aowin,517.8,0.98,0,10,44
2018-11-05,cassava,Aowin,553.4,0.93,0,11,45
2018-11-12,cassava,Aowin,493.1,1.0,0,11,46
2018-11-19,cassava,Aowin,559.9,0.96,0,11,47
2018-11-26,cassava,Aowin,586.4,0.99,0,11,48
2018-12-03,cassava,Aowin,518.0,0.95,0,12,49
2018-12-10,cassava,Aowin,594.4,0.97,0,12,50
2018-12-17,cassava,Aowin,546.2,0.98,0,12,51
2018-12-24,cassava,Aowin,882.1,0.99,1,12,52
2018-12-31,cassava,Aowin,895.5,1.0,1,12,1
2019-01-07,cassava,Aowin,519.1,1.22,0,1,2
2019-01-14,cassava,Aowin,578.0,1.18,0,1,3
2019-01-21,cassava,Aowin,490.2,1.33,0,1,4
2019-01-28,cassava,Aowin,480.0,1.37,0,1,5
2019-02-04,cassava,Aowin,480.0,1.28,0,2,6
2019-02-11,cassava,Aowin,546.3,1.19,0,2,7
2019-02-18,cassava,Aowin,481.2,1.22,0,2,8
2019-02-25,cassava,Aowin,495.7,1.28,0,2,9
2019-03-04,cassava,Aowin,606.4,1.13,0,3,10
2019-03-11,cassava,Aowin,474.4,1.02,0,3,11
2019-03-18,cassava,Aowin,546.1,1.07,0,3,12
2019-03-25,cassava,Aowin,539.8,1.09,0,3,13
2019-04-01,cassava,Aowin,813.0,1.12,1,4,14
2019-04-08,cassava,Aowin,842.6,1.07,1,4,15
2019-04-15,cassava,Aowin,565.0,1.02,0,4,16
2019-04-22,cassava,Aowin,519.4,1.11,0,4,17
2019-04-29,cassava,Aowin,527.3,1.13,0,4,18
2019-05-06,cassava,Aowin,522.3,1.09,0,5,19
2019-05-13,cassava,Aowin,595.2,1.11,0,5,20
2019-05-20,cassava,Aowin,537.3,1.07,0,5,21
2019-05-27,cassava,Aowin,572.3,1.05,0,5,22
2019-06-03,cassava,Aowin,496.7,1.24,0,6,23
2019-06-10,cassava,Aowin,556.6,1.21,0,6,24
2019-06-17,cassava,Aowin,546.9,1.22,0,6,25
2019-06-24,cassava,Aowin,521.1,1.27,0,6,26
2019-07-01,cassava,Aowin,474.5,1.29,0,7,27
2019-07-08,cassava,Aowin,474.6,1.32,0,7,28
2019-07-15,cassava,Aowin,538.1,1.35,0,7,29
2019-07-22,cassava,Aowin,474.2,1.32,0,7,30
2019-07-29,cassava,Aowin,496.5,1.39,0,7,31
2019-08-05,cassava,Aowin,697.5,1.34,1,8,32
2019-08-12,cassava,Aowin,802.2,1.3,1,8,33
2019-08-19,cassava,Aowin,701.1,1.36,1,8,34
2019-08-26,cassava,Aowin,689.0,1.36,1,8,35
2019-09-02,cassava,Aowin,499.1,1.26,0,9,36
2019-09-09,cassava,Aowin,510.1,1.24,0,9,37
2019-09-16,cassava,Aowin,540.4,1.24,0,9,38
2019-09-23,cassava,Aowin,533.1,1.23,0,9,39
2019-09-30,cassava,Aowin,502.1,1.21,0,9,40
2019-10-07,cassava,Aowin,556.5,1.01,0,10,41
2019-10-14,cassava,Aowin,504.3,1.05,0,10,42
2019-10-21,cassava,Aowin,570.5,1.03,0,10,43
2019-10-28,cassava,Aowin,545.1,1.11,0,10,44
2019-11-04,cassava,Aowin,525.5,1.1,0,11,45
2019-11-11,cassava,Aowin,546.0,1.07,0,11,46
2019-11-18,cassava,Aowin,598.0,1.06,0,11,47
2019-11-25,cassava,Aowin,543.7,1.04,0,11,48
2019-12-02,cassava,Aowin,536.7,1.0,0,12,49
2019-12-09,cassava,Aowin,567.5,1.05,0,12,50
2019-12-16,cassava,Aowin,507.6,1.06,0,12,51
2019-12-23,cassava,Aowin,893.2,1.06,1,12,52
2019-12-30,cassava,Aowin,866.0,1.07,1,12,1
2020-01-06,cassava,Aowin,473.5,1.4,0,1,2
2020-01-13,cassava,Aowin,511.8,1.31,0,1,3
2020-01-20,cassava,Aowin,547.6,1.31,0,1,4
2020-01-27,cassava,Aowin,518.8,1.43,0,1,5
2020-02-03,cassava,Aowin,525.2,1.4,0,2,6
2020-02-10,cassava,Aowin,524.5,1.34,0,2,7
2020-02-17,cassava,Aowin,503.4,1.35,0,2,8
2020-02-24,cassava,Aowin,439.0,1.35,0,2,9
2020-03-02,cassava,Aowin,559.9,1.16,0,3,10
2020-03-09,cassava,Aowin,463.9,1.19,0,3,11
2020-03-16,cassava,Aowin,450.1,1.28,0,3,12
2020-03-23,cassava,Aowin,539.0,1.17,0,3,13
2020-03-30,cassava,Aowin,545.9,1.19,0,3,14
2020-04-06,cassava,Aowin,884.5,1.09,1,4,15
2020-04-13,cassava,Aowin,953.7,1.15,1,4,16
2020-04-20,cassava,Aowin,542.3,1.23,0,4,17
2020-04-27,cassava,Aowin,532.8,1.19,0,4,18
2020-05-04,cassava,Aowin,687.4,0.97,0,5,19
2020-05-11,cassava,Aowin,588.1,1.21,0,5,20
2020-05-18,cassava,Aowin,534.4,1.27,0,5,21
2020-05-25,cassava,Aowin,558.2,1.08,0,5,22
2020-06-01,cassava,Aowin,501.8,1.37,0,6,23
2020-06-08,cassava,Aowin,540.4,1.15,0,6,24
2020-06-15,cassava,Aowin,526.3,1.34,0,6,25
2020-06-22,cassava,Aowin,508.7,1.29,0,6,26
2020-06-29,cassava,Aowin,572.6,1.17,0,6,27
2020-07-06,cassava,Aowin,500.6,1.48,0,7,28
2020-07-13,cassava,Aowin,425.6,1.52,0,7,29
2020-07-20,cassava,Aowin,457.8,1.47,0,7,30
2020-07-27,cassava,Aowin,475.5,1.49,0,7,31
2020-08-03,cassava,Aowin,754.7,1.44,1,8,32
2020-08-10,cassava,Aowin,771.1,1.35,1,8,33
2020-08-17,cassava,Aowin,722.3,1.5,1,8,34
2020-08-24,cassava,Aowin,682.7,1.56,1,8,35
2020-08-31,cassava,Aowin,660.5,1.53,1,8,36
2020-09-07,cassava,Aowin,562.1,1.21,0,9,37
2020-09-14,cassava,Aowin,566.3,1.23,0,9,38
2020-09-21,cassava,Aowin,549.6,1.27,0,9,39
2020-09-28,cassava,Aowin,577.5,1.23,0,9,40
2020-10-05,cassava,Aowin,567.7,1.13,0,10,41
2020-10-12,cassava,Aowin,572.6,1.14,0,10,42
2020-10-19,cassava,Aowin,558.9,1.06,0,10,43
2020-10-26,cassava,Aowin,491.6,1.16,0,10,44
2020-11-02,cassava,Aowin,588.2,1.16,0,11,45
2020-11-09,cassava,Aowin,577.9,1.11,0,11,46
2020-11-16,cassava,Aowin,528.9,1.12,0,11,47
2020-11-23,cassava,Aowin,603.0,1.04,0,11,48
2020-11-30,cassava,Aowin,597.0,1.12,0,11,49
2020-12-07,cassava,Aowin,615.1,1.14,0,12,50
2020-12-14,cassava,Aowin,561.9,1.15,0,12,51
2020-12-21,cassava,Aowin,971.7,1.16,1,12,52
2020-12-28,cassava,Aowin,852.9,1.15,1,12,53
2021-01-04,cassava,Aowin,521.9,1.44,0,1,1
2021-01-11,cassava,Aowin,504.6,1.47,0,1,2
2021-01-18,cassava,Aowin,515.1,1.51,0,1,3
2021-01-25,cassava,Aowin,570.6,1.45,0,1,4
2021-02-01,cassava,Aowin,523.4,1.48,0,2,5
2021-02-08,cassava,Aowin,494.2,1.45,0,2,6
2021-02-15,cassava,Aowin,489.0,1.43,0,2,7
2021-02-22,cassava,Aowin,560.9,1.5,0,2,8
2021-03-01,cassava,Aowin,584.0,1.23,0,3,9
2021-03-08,cassava,Aowin,564.6,1.28,0,3,10
2021-03-15,cassava,Aowin,544.9,1.26,0,3,11
2021-03-22,cassava,Aowin,572.1,1.24,0,3,12
2021-03-29,cassava,Aowin,529.7,1.24,0,3,13
2021-04-05,cassava,Aowin,912.5,1.24,1,4,14
2021-04-12,cassava,Aowin,860.4,1.18,1,4,15
2021-04-19,cassava,Aowin,541.4,1.28,0,4,16
2021-04-26,cassava,Aowin,532.0,1.28,0,4,17
2021-05-03,cassava,Aowin,437.9,1.32,0,5,18
2021-05-10,cassava,Aowin,555.2,1.25,0,5,19
2021-05-17,cassava,Aowin,500.7,1.37,0,5,20
2021-05-24,cassava,Aowin,559.8,1.25,0,5,21
2021-05-31,cassava,Aowin,573.9,1.23,0,5,22
2021-06-07,cassava,Aowin,630.6,1.34,0,6,23
2021-06-14,cassava,Aowin,593.9,1.3,0,6,24
2021-06-21,cassava,Aowin,539.8,1.48,0,6,25
2021-06-28,cassava,Aowin,547.7,1.47,0,6,26
2021-07-05,cassava,Aowin,526.2,1.61,0,7,27
2021-07-12,cassava,Aowin,539.0,1.51,0,7,28
2021-07-19,cassava,Aowin,492.5,1.68,0,7,29
2021-07-26,cassava,Aowin,536.4,1.55,0,7,30
2021-08-02,cassava,Aowin,658.2,1.56,1,8,31
2021-08-09,cassava,Aowin,823.8,1.67,1,8,32
2021-08-16,cassava,Aowin,820.3,1.62,1,8,33
2021-08-23,cassava,Aowin,725.3,1.72,1,8,34
2021-08-30,cassava,Aowin,691.8,1.6,1,8,35
2021-09-06,cassava,Aowin,603.4,1.4,0,9,36
2021-09-13,cassava,Aowin,544.9,1.38,0,9,37
2021-09-20,cassava,Aowin,610.2,1.31,0,9,38
2021-09-27,cassava,Aowin,519.2,1.4,0,9,39
2021-10-04,cassava,Aowin,621.4,1.27,0,10,40
2021-10-11,cassava,Aowin,509.8,1.24,0,10,41
2021-10-18,cassava,Aowin,567.3,1.22,0,10,42
2021-10-25,cassava,Aowin,508.7,1.17,0,10,43
2021-11-01,cassava,Aowin,563.7,1.23,0,11,44
2021-11-08,cassava,Aowin,537.7,1.27,0,11,45
2021-11-15,cassava,Aowin,600.0,1.24,0,11,46
2021-11-22,cassava,Aowin,550.7,1.23,0,11,47
2021-11-29,cassava,Aowin,622.8,1.18,0,11,48
2021-12-06,cassava,Aowin,521.2,1.27,0,12,49
2021-12-13,cassava,Aowin,616.5,1.08,0,12,50
2021-12-20,cassava,Aowin,918.8,1.25,1,12,51
2021-12-27,cassava,Aowin,902.3,1.36,1,12,52
2022-01-03,cassava,Aowin,565.9,1.48,0,1,1
2022-01-10,cassava,Aowin,555.3,1.56,0,1,2
2022-01-17,cassava,Aowin,538.2,1.57,0,1,3
2022-01-24,cassava,Aowin,558.7,1.54,0,1,4
2022-01-31,cassava,Aowin,485.0,1.64,0,1,5
2022-02-07,cassava,Aowin,535.4,1.61,0,2,6
2022-02-14,cassava,Aowin,579.1,1.59,0,2,7
2022-02-21,cassava,Aowin,466.1,1.63,0,2,8
2022-02-28,cassava,Aowin,546.2,1.58,0,2,9
2022-03-07,cassava,Aowin,540.8,1.53,0,3,10
2022-03-14,cassava,Aowin,614.1,1.37,0,3,11
2022-03-21,cassava,Aowin,589.2,1.37,0,3,12
2022-03-28,cassava,Aowin,604.8,1.26,0,3,13
2022-04-04,cassava,Aowin,932.7,1.34,1,4,14
2022-04-11,cassava,Aowin,827.8,1.43,1,4,15
2022-04-18,cassava,Aowin,580.7,1.29,0,4,16
2022-04-25,cassava,Aowin,559.9,1.25,0,4,17
2022-05-02,cassava,Aowin,619.6,1.38,0,5,18
2022-05-09,cassava,Aowin,562.9,1.45,0,5,19
2022-05-16,cassava,Aowin,537.6,1.38,0,5,20
2022-05-23,cassava,Aowin,584.5,1.36,0,5,21
2022-05-30,cassava,Aowin,647.5,1.27,0,5,22
2022-06-06,cassava,Aowin,591.0,1.53,0,6,23
2022-06-13,cassava,Aowin,524.2,1.54,0,6,24
2022-06-20,cassava,Aowin,484.1,1.4,0,6,25
2022-06-27,cassava,Aowin,560.1,1.57,0,6,26
2022-07-04,cassava,Aowin,480.6,1.75,0,7,27
2022-07-11,cassava,Aowin,522.1,1.77,0,7,28
2022-07-18,cassava,Aowin,541.2,1.73,0,7,29
2022-07-25,cassava,Aowin,543.8,1.74,0,7,30
2022-08-01,cassava,Aowin,847.3,1.74,1,8,31
2022-08-08,cassava,Aowin,816.9,1.76,1,8,32
2022-08-15,cassava,Aowin,911.2,1.58,1,8,33
2022-08-22,cassava,Aowin,884.4,1.6,1,8,34
2022-08-29,cassava,Aowin,864.5,1.66,1,8,35
2022-09-05,cassava,Aowin,570.1,1.52,0,9,36
2022-09-12,cassava,Aowin,517.1,1.56,0,9,37
2022-09-19,cassava,Aowin,647.1,1.55,0,9,38
2022-09-26,cassava,Aowin,552.0,1.6,0,9,39
2022-10-03,cassava,Aowin,600.9,1.37,0,10,40
2022-10-10,cassava,Aowin,572.8,1.27,0,10,41
2022-10-17,cassava,Aowin,608.7,1.32,0,10,42
2022-10-24,cassava,Aowin,505.5,1.27,0,10,43
2022-10-31,cassava,Aowin,567.8,1.3,0,10,44
2022-11-07,cassava,Aowin,569.3,1.34,0,11,45
2022-11-14,cassava,Aowin,664.5,1.14,0,11,46
2022-11-21,cassava,Aowin,574.5,1.45,0,11,47
2022-11-28,cassava,Aowin,532.1,1.35,0,11,48
2022-12-05,cassava,Aowin,613.0,1.3,0,12,49
2022-12-12,cassava,Aowin,589.4,1.43,0,12,50
2022-12-19,cassava,Aowin,668.8,1.31,0,12,51
2022-12-26,cassava,Aowin,998.1,1.34,1,12,52
2023-01-02,cassava,Aowin,531.4,1.67,0,1,1
2023-01-09,cassava,Aowin,475.2,1.81,0,1,2
2023-01-16,cassava,Aowin,601.1,1.69,0,1,3
2023-01-23,cassava,Aowin,560.6,1.71,0,1,4
2023-01-30,cassava,Aowin,520.3,1.78,0,1,5
2023-02-06,cassava,Aowin,479.5,1.75,0,2,6
2023-02-13,cassava,Aowin,510.2,1.71,0,2,7
2023-02-20,cassava,Aowin,541.9,1.79,0,2,8
2023-02-27,cassava,Aowin,514.0,1.88,0,2,9
2023-03-06,cassava,Aowin,508.5,1.48,0,3,10
2023-03-13,cassava,Aowin,600.7,1.47,0,3,11
2023-03-20,cassava,Aowin,521.6,1.48,0,3,12
2023-03-27,cassava,Aowin,604.3,1.54,0,3,13
2023-04-03,cassava,Aowin,942.6,1.44,1,4,14
2023-04-10,cassava,Aowin,895.7,1.46,1,4,15
2023-04-17,cassava,Aowin,647.0,1.38,0,4,16
2023-04-24,cassava,Aowin,613.7,1.41,0,4,17
2023-05-01,cassava,Aowin,639.4,1.45,0,5,18
2023-05-08,cassava,Aowin,586.1,1.48,0,5,19
2023-05-15,cassava,Aowin,557.3,1.59,0,5,20
2023-05-22,cassava,Aowin,561.9,1.52,0,5,21
2023-05-29,cassava,Aowin,607.9,1.43,0,5,22
2023-06-05,cassava,Aowin,648.3,1.58,0,6,23
2023-06-12,cassava,Aowin,537.8,1.71,0,6,24
2023-06-19,cassava,Aowin,578.6,1.7,0,6,25
2023-06-26,cassava,Aowin,544.4,1.63,0,6,26
2023-07-03,cassava,Aowin,470.4,1.8,0,7,27
2023-07-10,cassava,Aowin,520.1,1.91,0,7,28
2023-07-17,cassava,Aowin,558.3,1.76,0,7,29
2023-07-24,cassava,Aowin,520.5,1.86,0,7,30
2023-07-31,cassava,Aowin,451.7,2.0,0,7,31
2023-08-07,cassava,Aowin,802.8,1.86,1,8,32
2023-08-14,cassava,Aowin,824.4,1.79,1,8,33
2023-08-21,cassava,Aowin,743.4,1.87,1,8,34
2023-08-28,cassava,Aowin,739.4,1.81,1,8,35
2023-09-04,cassava,Aowin,596.5,1.56,0,9,36
2023-09-11,cassava,Aowin,590.1,1.7,0,9,37
2023-09-18,cassava,Aowin,574.5,1.73,0,9,38
2023-09-25,cassava,Aowin,555.1,1.63,0,9,39
2023-10-02,cassava,Aowin,603.1,1.39,0,10,40
2023-10-09,cassava,Aowin,640.4,1.36,0,10,41
2023-10-16,cassava,Aowin,550.2,1.41,0,10,42
2023-10-23,cassava,Aowin,603.7,1.38,0,10,43
2023-10-30,cassava,Aowin,657.0,1.36,0,10,44
2023-11-06,cassava,Aowin,517.4,1.53,0,11,45
2023-11-13,cassava,Aowin,623.7,1.45,0,11,46
2023-11-20,cassava,Aowin,636.7,1.46,0,11,47
2023-11-27,cassava,Aowin,566.8,1.48,0,11,48
2023-12-04,cassava,Aowin,566.2,1.48,0,12,49
2023-12-11,cassava,Aowin,636.7,1.41,0,12,50
2023-12-18,cassava,Aowin,580.5,1.45,0,12,51
2023-12-25,cassava,Aowin,850.8,1.42,1,12,52
2024-01-01,cassava,Aowin,539.3,1.87,0,1,1
2024-01-08,cassava,Aowin,560.1,1.86,0,1,2
2024-01-15,cassava,Aowin,580.6,1.81,0,1,3
2024-01-22,cassava,Aowin,542.4,1.74,0,1,4
2024-01-29,cassava,Aowin,540.2,1.84,0,1,5
2024-02-05,cassava,Aowin,587.5,1.83,0,2,6
2024-02-12,cassava,Aowin,581.8,1.71,0,2,7
2024-02-19,cassava,Aowin,494.0,1.88,0,2,8
2024-02-26,cassava,Aowin,575.1,1.92,0,2,9
2024-03-04,cassava,Aowin,544.0,1.74,0,3,10
2024-03-11,cassava,Aowin,637.3,1.56,0,3,11
2024-03-18,cassava,Aowin,550.7,1.55,0,3,12
2024-03-25,cassava,Aowin,608.5,1.51,0,3,13
2024-04-01,cassava,Aowin,953.5,1.61,1,4,14
2024-04-08,cassava,Aowin,920.3,1.61,1,4,15
2024-04-15,cassava,Aowin,564.7,1.54,0,4,16
2024-04-22,cassava,Aowin,510.9,1.58,0,4,17
2024-04-29,cassava,Aowin,686.9,1.47,0,4,18
2024-05-06,cassava,Aowin,586.9,1.66,0,5,19
2024-05-13,cassava,Aowin,651.4,1.55,0,5,20
2024-05-20,cassava,Aowin,627.6,1.6,0,5,21
2024-05-27,cassava,Aowin,643.1,1.51,0,5,22
2024-06-03,cassava,Aowin,587.6,1.71,0,6,23
2024-06-10,cassava,Aowin,611.4,1.73,0,6,24
2024-06-17,cassava,Aowin,639.5,1.75,0,6,25
2024-06-24,cassava,Aowin,581.9,1.79,0,6,26
2024-07-01,cassava,Aowin,578.0,2.09,0,7,27
2024-07-08,cassava,Aowin,482.6,2.03,0,7,28
2024-07-15,cassava,Aowin,475.6,2.05,0,7,29
2024-07-22,cassava,Aowin,549.6,2.09,0,7,30
2024-07-29,cassava,Aowin,506.1,2.02,0,7,31
2024-08-05,cassava,Aowin,909.2,1.99,1,8,32
2024-08-12,cassava,Aowin,849.4,2.07,1,8,33
2024-08-19,cassava,Aowin,861.2,2.07,1,8,34
2024-08-26,cassava,Aowin,837.1,2.04,1,8,35
2024-09-02,cassava,Aowin,584.9,1.68,0,9,36
2024-09-09,cassava,Aowin,545.3,1.73,0,9,37
2024-09-16,cassava,Aowin,648.7,1.77,0,9,38
2024-09-23,cassava,Aowin,526.2,1.84,0,9,39
2024-09-30,cassava,Aowin,646.5,1.79,0,9,40
2024-10-07,cassava,Aowin,605.1,1.6,0,10,41
2024-10-14,cassava,Aowin,576.3,1.61,0,10,42
2024-10-21,cassava,Aowin,597.1,1.6,0,10,43
2024-10-28,cassava,Aowin,597.9,1.6,0,10,44
2024-11-04,cassava,Aowin,613.2,1.48,0,11,45
2024-11-11,cassava,Aowin,644.6,1.57,0,11,46
2024-11-18,cassava,Aowin,665.8,1.5,0,11,47
2024-11-25,cassava,Aowin,639.5,1.44,0,11,48
2024-12-02,cassava,Aowin,587.4,1.53,0,12,49
2024-12-09,cassava,Aowin,626.6,1.63,0,12,50
2024-12-16,cassava,Aowin,522.7,1.58,0,12,51
2024-12-23,cassava,Aowin,973.1,1.67,1,12,52
2024-12-30,cassava,Aowin,1041.8,1.56,1,12,1
2018-01-01,cassava,Bibiani,538.5,1.24,0,1,1
2018-01-08,cassava,Bibiani,603.5,1.23,0,1,2
2018-01-15,cassava,Bibiani,591.0,1.17,0,1,3
2018-01-22,cassava,Bibiani,535.3,1.28,0,1,4
2018-01-29,cassava,Bibiani,614.4,1.2,0,1,5
2018-02-05,cassava,Bibiani,543.1,1.21,0,2,6
2018-02-12,cassava,Bibiani,579.2,1.3,0,2,7
2018-02-19,cassava,Bibiani,487.9,1.29,0,2,8
2018-02-26,cassava,Bibiani,563.2,1.29,0,2,9
2018-03-05,cassava,Bibiani,619.5,1.05,0,3,10
2018-03-12,cassava,Bibiani,593.6,1.06,0,3,11
2018-03-19,cassava,Bibiani,627.8,1.06,0,3,12
2018-03-26,cassava,Bibiani,597.9,1.09,0,3,13
2018-04-02,cassava,Bibiani,984.8,1.13,1,4,14
2018-04-09,cassava,Bibiani,990.3,1.08,1,4,15
2018-04-16,cassava,Bibiani,596.6,1.15,0,4,16
2018-04-23,cassava,Bibiani,606.9,1.11,0,4,17
2018-04-30,cassava,Bibiani,599.9,1.06,0,4,18
2018-05-07,cassava,Bibiani,589.5,1.11,0,5,19
2018-05-14,cassava,Bibiani,593.3,1.15,0,5,20
2018-05-21,cassava,Bibiani,574.8,1.16,0,5,21
2018-05-28,cassava,Bibiani,631.8,1.13,0,5,22
2018-06-04,cassava,Bibiani,610.9,1.18,0,6,23
2018-06-11,cassava,Bibiani,625.2,1.17,0,6,24
2018-06-18,cassava,Bibiani,549.4,1.2,0,6,25
2018-06-25,cassava,Bibiani,614.7,1.25,0,6,26
2018-07-02,cassava,Bibiani,533.5,1.35,0,7,27
2018-07-09,cassava,Bibiani,518.2,1.35,0,7,28
2018-07-16,cassava,Bibiani,614.2,1.33,0,7,29
2018-07-23,cassava,Bibiani,589.0,1.31,0,7,30
2018-07-30,cassava,Bibiani,595.1,1.32,0,7,31
2018-08-06,cassava,Bibiani,859.1,1.34,1,8,32
2018-08-13,cassava,Bibiani,792.1,1.43,1,8,33
2018-08-20,cassava,Bibiani,831.6,1.32,1,8,34
2018-08-27,cassava,Bibiani,875.4,1.34,1,8,35
2018-09-03,cassava,Bibiani,670.0,1.16,0,9,36
2018-09-10,cassava,Bibiani,598.0,1.23,0,9,37
2018-09-17,cassava,Bibiani,663.0,1.26,0,9,38
2018-09-24,cassava,Bibiani,575.8,1.28,0,9,39
2018-10-01,cassava,Bibiani,569.3,1.03,0,10,40
2018-10-08,cassava,Bibiani,549.1,1.05,0,10,41
2018-10-15,cassava,Bibiani,562.5,1.02,0,10,42
2018-10-22,cassava,Bibiani,597.2,1.05,0,10,43
2018-10-29,cassava,Bibiani,608.2,1.04,0,10,44
2018-11-05,cassava,Bibiani,650.9,1.03,0,11,45
2018-11-12,cassava,Bibiani,619.7,1.04,0,11,46
2018-11-19,cassava,Bibiani,647.6,1.05,0,11,47
2018-11-26,cassava,Bibiani,631.6,1.02,0,11,48
2018-12-03,cassava,Bibiani,629.9,1.03,0,12,49
2018-12-10,cassava,Bibiani,574.4,1.11,0,12,50
2018-12-17,cassava,Bibiani,628.9,1.15,0,12,51
2018-12-24,cassava,Bibiani,978.0,0.99,1,12,52
2018-12-31,cassava,Bibiani,1096.5,0.99,1,12,1
2019-01-07,cassava,Bibiani,591.5,1.28,0,1,2
2019-01-14,cassava,Bibiani,611.8,1.32,0,1,3
2019-01-21,cassava,Bibiani,564.5,1.38,0,1,4
2019-01-28,cassava,Bibiani,571.7,1.36,0,1,5
2019-02-04,cassava,Bibiani,569.0,1.35,0,2,6
2019-02-11,cassava,Bibiani,623.2,1.36,0,2,7
2019-02-18,cassava,Bibiani,595.0,1.3,0,2,8
2019-02-25,cassava,Bibiani,657.6,1.32,0,2,9
2019-03-04,cassava,Bibiani,638.0,1.14,0,3,10
2019-03-11,cassava,Bibiani,659.1,1.07,0,3,11
2019-03-18,cassava,Bibiani,643.5,1.09,0,3,12
2019-03-25,cassava,Bibiani,671.2,1.09,0,3,13
2019-04-01,cassava,Bibiani,928.7,1.19,1,4,14
2019-04-08,cassava,Bibiani,989.9,1.16,1,4,15
2019-04-15,cassava,Bibiani,615.9,1.18,0,4,16
2019-04-22,cassava,Bibiani,675.5,1.07,0,4,17
2019-04-29,cassava,Bibiani,671.7,1.08,0,4,18
2019-05-06,cassava,Bibiani,630.6,1.19,0,5,19
2019-05-13,cassava,Bibiani,690.1,1.03,0,5,20
2019-05-20,cassava,Bibiani,661.2,1.22,0,5,21
2019-05-27,cassava,Bibiani,679.0,1.08,0,5,22
2019-06-03,cassava,Bibiani,701.9,1.31,0,6,23
2019-06-10,cassava,Bibiani,642.2,1.22,0,6,24
2019-06-17,cassava,Bibiani,638.3,1.32,0,6,25
2019-06-24,cassava,Bibiani,543.6,1.43,0,6,26
2019-07-01,cassava,Bibiani,666.1,1.3,0,7,27
2019-07-08,cassava,Bibiani,536.7,1.47,0,7,28
2019-07-15,cassava,Bibiani,620.5,1.33,0,7,29
2019-07-22,cassava,Bibiani,554.3,1.46,0,7,30
2019-07-29,cassava,Bibiani,590.7,1.42,0,7,31
2019-08-05,cassava,Bibiani,839.8,1.45,1,8,32
2019-08-12,cassava,Bibiani,837.6,1.39,1,8,33
2019-08-19,cassava,Bibiani,821.0,1.49,1,8,34
2019-08-26,cassava,Bibiani,976.4,1.36,1,8,35
2019-09-02,cassava,Bibiani,618.6,1.36,0,9,36
2019-09-09,cassava,Bibiani,584.4,1.27,0,9,37
2019-09-16,cassava,Bibiani,695.7,1.22,0,9,38
2019-09-23,cassava,Bibiani,563.3,1.38,0,9,39
2019-09-30,cassava,Bibiani,654.0,1.29,0,9,40
2019-10-07,cassava,Bibiani,622.5,1.19,0,10,41
2019-10-14,cassava,Bibiani,636.8,1.16,0,10,42
2019-10-21,cassava,Bibiani,725.0,1.07,0,10,43
2019-10-28,cassava,Bibiani,607.3,1.1,0,10,44
2019-11-04,cassava,Bibiani,657.8,1.12,0,11,45
2019-11-11,cassava,Bibiani,656.3,1.18,0,11,46
2019-11-18,cassava,Bibiani,606.0,1.13,0,11,47
2019-11-25,cassava,Bibiani,606.2,1.12,0,11,48
2019-12-02,cassava,Bibiani,631.9,1.11,0,12,49
2019-12-09,cassava,Bibiani,651.1,1.12,0,12,50
2019-12-16,cassava,Bibiani,562.2,1.18,0,12,51
2019-12-23,cassava,Bibiani,1096.0,1.12,1,12,52
2019-12-30,cassava,Bibiani,984.5,1.1,1,12,1
2020-01-06,cassava,Bibiani,651.1,1.4,0,1,2
2020-01-13,cassava,Bibiani,622.8,1.4,0,1,3
2020-01-20,cassava,Bibiani,692.2,1.35,0,1,4
2020-01-27,cassava,Bibiani,631.8,1.39,0,1,5
2020-02-03,cassava,Bibiani,558.5,1.53,0,2,6
2020-02-10,cassava,Bibiani,569.8,1.43,0,2,7
2020-02-17,cassava,Bibiani,591.6,1.48,0,2,8
2020-02-24,cassava,Bibiani,641.7,1.3,0,2,9
2020-03-02,cassava,Bibiani,670.0,1.27,0,3,10
2020-03-09,cassava,Bibiani,605.0,1.23,0,3,11
2020-03-16,cassava,Bibiani,727.3,1.21,0,3,12
2020-03-23,cassava,Bibiani,681.4,1.25,0,3,13
2020-03-30,cassava,Bibiani,640.7,1.21,0,3,14
2020-04-06,cassava,Bibiani,1190.2,1.14,1,4,15
2020-04-13,cassava,Bibiani,933.2,1.29,1,4,16
2020-04-20,cassava,Bibiani,641.1,1.26,0,4,17
2020-04-27,cassava,Bibiani,595.5,1.23,0,4,18
2020-05-04,cassava,Bibiani,729.9,1.21,0,5,19
2020-05-11,cassava,Bibiani,603.4,1.18,0,5,20
2020-05-18,cassava,Bibiani,582.3,1.26,0,5,21
2020-05-25,cassava,Bibiani,588.8,1.33,0,5,22
2020-06-01,cassava,Bibiani,680.8,1.38,0,6,23
2020-06-08,cassava,Bibiani,697.5,1.3,0,6,24
2020-06-15,cassava,Bibiani,635.4,1.38,0,6,25
2020-06-22,cassava,Bibiani,673.0,1.37,0,6,26
2020-06-29,cassava,Bibiani,613.1,1.42,0,6,27
2020-07-06,cassava,Bibiani,588.1,1.58,0,7,28
2020-07-13,cassava,Bibiani,705.5,1.36,0,7,29
2020-07-20,cassava,Bibiani,565.1,1.58,0,7,30
2020-07-27,cassava,Bibiani,574.7,1.48,0,7,31
2020-08-03,cassava,Bibiani,936.8,1.47,1,8,32
2020-08-10,cassava,Bibiani,918.9,1.54,1,8,33
2020-08-17,cassava,Bibiani,868.8,1.58,1,8,34
2020-08-24,cassava,Bibiani,975.9,1.45,1,8,35
2020-08-31,cassava,Bibiani,844.7,1.6,1,8,36
2020-09-07,cassava,Bibiani,627.7,1.44,0,9,37
2020-09-14,cassava,Bibiani,650.5,1.4,0,9,38
2020-09-21,cassava,Bibiani,665.1,1.35,0,9,39
2020-09-28,cassava,Bibiani,721.1,1.34,0,9,40
2020-10-05,cassava,Bibiani,645.2,1.24,0,10,41
2020-10-12,cassava,Bibiani,668.9,1.12,0,10,42
2020-10-19,cassava,Bibiani,647.3,1.25,0,10,43
2020-10-26,cassava,Bibiani,690.4,1.19,0,10,44
2020-11-02,cassava,Bibiani,681.4,1.2,0,11,45
2020-11-09,cassava,Bibiani,715.3,1.12,0,11,46
2020-11-16,cassava,Bibiani,592.6,1.2,0,11,47
2020-11-23,cassava,Bibiani,543.6,1.23,0,11,48
2020-11-30,cassava,Bibiani,728.5,1.14,0,11,49
2020-12-07,cassava,Bibiani,656.3,1.24,0,12,50
2020-12-14,cassava,Bibiani,646.5,1.22,0,12,51
2020-12-21,cassava,Bibiani,1148.4,1.18,1,12,52
2020-12-28,cassava,Bibiani,1177.9,1.25,1,12,53
2021-01-04,cassava,Bibiani,704.5,1.41,0,1,1
2021-01-11,cassava,Bibiani,633.7,1.57,0,1,2
2021-01-18,cassava,Bibiani,546.5,1.65,0,1,3
2021-01-25,cassava,Bibiani,553.5,1.64,0,1,4
2021-02-01,cassava,Bibiani,514.2,1.58,0,2,5
2021-02-08,cassava,Bibiani,635.0,1.54,0,2,6
2021-02-15,cassava,Bibiani,658.9,1.52,0,2,7
2021-02-22,cassava,Bibiani,655.5,1.54,0,2,8
2021-03-01,cassava,Bibiani,664.5,1.37,0,3,9
2021-03-08,cassava,Bibiani,661.9,1.29,0,3,10
2021-03-15,cassava,Bibiani,613.6,1.38,0,3,11
2021-03-22,cassava,Bibiani,581.7,1.45,0,3,12
2021-03-29,cassava,Bibiani,646.5,1.33,0,3,13
2021-04-05,cassava,Bibiani,1007.8,1.27,1,4,14
2021-04-12,cassava,Bibiani,1183.4,1.27,1,4,15
2021-04-19,cassava,Bibiani,586.1,1.39,0,4,16
2021-04-26,cassava,Bibiani,645.8,1.34,0,4,17
2021-05-03,cassava,Bibiani,562.5,1.4,0,5,18
2021-05-10,cassava,Bibiani,677.0,1.32,0,5,19
2021-05-17,cassava,Bibiani,636.4,1.4,0,5,20
2021-05-24,cassava,Bibiani,640.1,1.35,0,5,21
2021-05-31,cassava,Bibiani,631.6,1.31,0,5,22
2021-06-07,cassava,Bibiani,653.5,1.46,0,6,23
2021-06-14,cassava,Bibiani,648.8,1.41,0,6,24
2021-06-21,cassava,Bibiani,605.1,1.6,0,6,25
2021-06-28,cassava,Bibiani,722.8,1.48,0,6,26
2021-07-05,cassava,Bibiani,590.2,1.71,0,7,27
2021-07-12,cassava,Bibiani,624.9,1.63,0,7,28
2021-07-19,cassava,Bibiani,596.9,1.6,0,7,29
2021-07-26,cassava,Bibiani,571.8,1.65,0,7,30
2021-08-02,cassava,Bibiani,862.7,1.75,1,8,31
2021-08-09,cassava,Bibiani,1038.5,1.65,1,8,32
2021-08-16,cassava,Bibiani,899.5,1.62,1,8,33
2021-08-23,cassava,Bibiani,906.0,1.69,1,8,34
2021-08-30,cassava,Bibiani,835.3,1.71,1,8,35
2021-09-06,cassava,Bibiani,516.8,1.61,0,9,36
2021-09-13,cassava,Bibiani,612.7,1.53,0,9,37
2021-09-20,cassava,Bibiani,728.0,1.55,0,9,38
2021-09-27,cassava,Bibiani,659.7,1.55,0,9,39
2021-10-04,cassava,Bibiani,753.8,1.23,0,10,40
2021-10-11,cassava,Bibiani,667.9,1.24,0,10,41
2021-10-18,cassava,Bibiani,585.7,1.24,0,10,42
2021-10-25,cassava,Bibiani,644.6,1.22,0,10,43
2021-11-01,cassava,Bibiani,663.2,1.34,0,11,44
2021-11-08,cassava,Bibiani,668.2,1.31,0,11,45
2021-11-15,cassava,Bibiani,662.2,1.3,0,11,46
2021-11-22,cassava,Bibiani,694.3,1.17,0,11,47
2021-11-29,cassava,Bibiani,658.6,1.41,0,11,48
2021-12-06,cassava,Bibiani,662.2,1.26,0,12,49
2021-12-13,cassava,Bibiani,635.7,1.42,0,12,50
2021-12-20,cassava,Bibiani,1168.3,1.23,1,12,51
2021-12-27,cassava,Bibiani,1102.5,1.27,1,12,52
2022-01-03,cassava,Bibiani,625.2,1.53,0,1,1
2022-01-10,cassava,Bibiani,594.3,1.7,0,1,2
2022-01-17,cassava,Bibiani,710.0,1.6,0,1,3
2022-01-24,cassava,Bibiani,680.9,1.6,0,1,4
2022-01-31,cassava,Bibiani,683.8,1.58,0,1,5
2022-02-07,cassava,Bibiani,574.8,1.74,0,2,6
2022-02-14,cassava,Bibiani,553.6,1.73,0,2,7
2022-02-21,cassava,Bibiani,624.2,1.81,0,2,8
2022-02-28,cassava,Bibiani,664.9,1.64,0,2,9
2022-03-07,cassava,Bibiani,663.3,1.46,0,3,10
2022-03-14,cassava,Bibiani,674.7,1.37,0,3,11
2022-03-21,cassava,Bibiani,612.8,1.42,0,3,12
2022-03-28,cassava,Bibiani,710.5,1.41,0,3,13
2022-04-04,cassava,Bibiani,1104.9,1.48,1,4,14
2022-04-11,cassava,Bibiani,974.7,1.51,1,4,15
2022-04-18,cassava,Bibiani,616.1,1.51,0,4,16
2022-04-25,cassava,Bibiani,734.2,1.4,0,4,17
2022-05-02,cassava,Bibiani,621.7,1.52,0,5,18
2022-05-09,cassava,Bibiani,737.6,1.46,0,5,19
2022-05-16,cassava,Bibiani,669.0,1.44,0,5,20
2022-05-23,cassava,Bibiani,664.7,1.42,0,5,21
2022-05-30,cassava,Bibiani,678.8,1.43,0,5,22
2022-06-06,cassava,Bibiani,612.6,1.71,0,6,23
2022-06-13,cassava,Bibiani,697.3,1.62,0,6,24
2022-06-20,cassava,Bibiani,691.0,1.61,0,6,25
2022-06-27,cassava,Bibiani,708.9,1.58,0,6,26
2022-07-04,cassava,Bibiani,571.8,1.98,0,7,27
2022-07-11,cassava,Bibiani,567.3,1.9,0,7,28
2022-07-18,cassava,Bibiani,620.0,1.75,0,7,29
2022-07-25,cassava,Bibiani,596.9,1.78,0,7,30
2022-08-01,cassava,Bibiani,994.4,1.8,1,8,31
2022-08-08,cassava,Bibiani,957.0,1.83,1,8,32
2022-08-15,cassava,Bibiani,924.4,1.76,1,8,33
2022-08-22,cassava,Bibiani,845.6,1.85,1,8,34
2022-08-29,cassava,Bibiani,951.3,1.92,1,8,35
2022-09-05,cassava,Bibiani,697.4,1.54,0,9,36
2022-09-12,cassava,Bibiani,679.7,1.56,0,9,37
2022-09-19,cassava,Bibiani,734.6,1.6,0,9,38
2022-09-26,cassava,Bibiani,651.6,1.6,0,9,39
2022-10-03,cassava,Bibiani,623.7,1.51,0,10,40
2022-10-10,cassava,Bibiani,646.4,1.45,0,10,41
2022-10-17,cassava,Bibiani,603.7,1.45,0,10,42
2022-10-24,cassava,Bibiani,693.2,1.38,0,10,43
2022-10-31,cassava,Bibiani,649.2,1.38,0,10,44
2022-11-07,cassava,Bibiani,683.7,1.32,0,11,45
2022-11-14,cassava,Bibiani,631.9,1.45,0,11,46
2022-11-21,cassava,Bibiani,643.2,1.43,0,11,47
2022-11-28,cassava,Bibiani,617.0,1.48,0,11,48
2022-12-05,cassava,Bibiani,691.8,1.4,0,12,49
2022-12-12,cassava,Bibiani,675.4,1.4,0,12,50
2022-12-19,cassava,Bibiani,676.5,1.42,0,12,51
2022-12-26,cassava,Bibiani,1252.3,1.46,1,12,52
2023-01-02,cassava,Bibiani,652.9,1.7,0,1,1
2023-01-09,cassava,Bibiani,638.4,1.86,0,1,2
2023-01-16,cassava,Bibiani,655.9,1.81,0,1,3
2023-01-23,cassava,Bibiani,648.0,1.73,0,1,4
2023-01-30,cassava,Bibiani,682.0,1.66,0,1,5
2023-02-06,cassava,Bibiani,633.7,1.81,0,2,6
2023-02-13,cassava,Bibiani,612.8,1.92,0,2,7
2023-02-20,cassava,Bibiani,579.7,1.94,0,2,8
2023-02-27,cassava,Bibiani,606.6,1.84,0,2,9
2023-03-06,cassava,Bibiani,640.6,1.68,0,3,10
2023-03-13,cassava,Bibiani,596.5,1.56,0,3,11
2023-03-20,cassava,Bibiani,716.6,1.62,0,3,12
2023-03-27,cassava,Bibiani,775.4,1.53,0,3,13
2023-04-03,cassava,Bibiani,1093.0,1.54,1,4,14
2023-04-10,cassava,Bibiani,1130.6,1.53,1,4,15
2023-04-17,cassava,Bibiani,769.9,1.44,0,4,16
2023-04-24,cassava,Bibiani,600.9,1.65,0,4,17
2023-05-01,cassava,Bibiani,730.5,1.54,0,5,18
2023-05-08,cassava,Bibiani,677.6,1.53,0,5,19
2023-05-15,cassava,Bibiani,802.7,1.5,0,5,20
2023-05-22,cassava,Bibiani,674.3,1.57,0,5,21
2023-05-29,cassava,Bibiani,680.5,1.69,0,5,22
2023-06-05,cassava,Bibiani,627.0,1.87,0,6,23
2023-06-12,cassava,Bibiani,802.5,1.61,0,6,24
2023-06-19,cassava,Bibiani,659.8,1.7,0,6,25
2023-06-26,cassava,Bibiani,741.4,1.66,0,6,26
2023-07-03,cassava,Bibiani,624.6,2.02,0,7,27
2023-07-10,cassava,Bibiani,628.3,1.97,0,7,28
2023-07-17,cassava,Bibiani,638.9,1.9,0,7,29
2023-07-24,cassava,Bibiani,593.4,1.95,0,7,30
2023-07-31,cassava,Bibiani,530.4,1.91,0,7,31
2023-08-07,cassava,Bibiani,939.9,2.09,1,8,32
2023-08-14,cassava,Bibiani,885.8,2.0,1,8,33
2023-08-21,cassava,Bibiani,973.0,2.01,1,8,34
2023-08-28,cassava,Bibiani,1030.0,1.75,1,8,35
2023-09-04,cassava,Bibiani,724.9,1.76,0,9,36
2023-09-11,cassava,Bibiani,666.6,1.91,0,9,37
2023-09-18,cassava,Bibiani,555.1,1.85,0,9,38
2023-09-25,cassava,Bibiani,742.7,1.63,0,9,39
2023-10-02,cassava,Bibiani,679.7,1.49,0,10,40
2023-10-09,cassava,Bibiani,765.8,1.43,0,10,41
2023-10-16,cassava,Bibiani,678.1,1.61,0,10,42
2023-10-23,cassava,Bibiani,708.5,1.52,0,10,43
2023-10-30,cassava,Bibiani,693.2,1.46,0,10,44
2023-11-06,cassava,Bibiani,650.5,1.52,0,11,45
2023-11-13,cassava,Bibiani,728.6,1.36,0,11,46
2023-11-20,cassava,Bibiani,635.9,1.45,0,11,47
2023-11-27,cassava,Bibiani,663.8,1.52,0,11,48
2023-12-04,cassava,Bibiani,613.7,1.58,0,12,49
2023-12-11,cassava,Bibiani,669.5,1.41,0,12,50
2023-12-18,cassava,Bibiani,704.4,1.5,0,12,51
2023-12-25,cassava,Bibiani,1148.0,1.59,1,12,52
2024-01-01,cassava,Bibiani,669.9,1.84,0,1,1
2024-01-08,cassava,Bibiani,618.6,1.97,0,1,2
2024-01-15,cassava,Bibiani,603.7,1.96,0,1,3
2024-01-22,cassava,Bibiani,598.4,2.09,0,1,4
2024-01-29,cassava,Bibiani,615.6,1.93,0,1,5
2024-02-05,cassava,Bibiani,644.3,1.95,0,2,6
2024-02-12,cassava,Bibiani,570.2,2.03,0,2,7
2024-02-19,cassava,Bibiani,698.2,1.86,0,2,8
2024-02-26,cassava,Bibiani,624.7,1.95,0,2,9
2024-03-04,cassava,Bibiani,716.7,1.65,0,3,10
2024-03-11,cassava,Bibiani,731.6,1.67,0,3,11
2024-03-18,cassava,Bibiani,686.8,1.74,0,3,12
2024-03-25,cassava,Bibiani,712.0,1.72,0,3,13
2024-04-01,cassava,Bibiani,976.9,1.64,1,4,14
2024-04-08,cassava,Bibiani,1053.5,1.7,1,4,15
2024-04-15,cassava,Bibiani,704.6,1.8,0,4,16
2024-04-22,cassava,Bibiani,730.3,1.64,0,4,17
2024-04-29,cassava,Bibiani,766.3,1.7,0,4,18
2024-05-06,cassava,Bibiani,768.7,1.69,0,5,19
2024-05-13,cassava,Bibiani,706.8,1.7,0,5,20
2024-05-20,cassava,Bibiani,719.0,1.59,0,5,21
2024-05-27,cassava,Bibiani,626.9,1.8,0,5,22
2024-06-03,cassava,Bibiani,681.8,1.81,0,6,23
2024-06-10,cassava,Bibiani,649.9,1.94,0,6,24
2024-06-17,cassava,Bibiani,674.0,1.82,0,6,25
2024-06-24,cassava,Bibiani,660.4,1.82,0,6,26
2024-07-01,cassava,Bibiani,622.8,2.21,0,7,27
2024-07-08,cassava,Bibiani,674.6,2.19,0,7,28
2024-07-15,cassava,Bibiani,662.5,2.12,0,7,29
2024-07-22,cassava,Bibiani,604.6,2.17,0,7,30
2024-07-29,cassava,Bibiani,675.1,2.08,0,7,31
2024-08-05,cassava,Bibiani,963.6,2.12,1,8,32
2024-08-12,cassava,Bibiani,962.2,2.06,1,8,33
2024-08-19,cassava,Bibiani,915.6,2.19,1,8,34
2024-08-26,cassava,Bibiani,953.0,2.06,1,8,35
2024-09-02,cassava,Bibiani,687.3,2.01,0,9,36
2024-09-09,cassava,Bibiani,701.3,1.88,0,9,37
2024-09-16,cassava,Bibiani,659.8,1.9,0,9,38
2024-09-23,cassava,Bibiani,642.6,1.96,0,9,39
2024-09-30,cassava,Bibiani,702.6,1.9,0,9,40
2024-10-07,cassava,Bibiani,725.8,1.61,0,10,41
2024-10-14,cassava,Bibiani,687.9,1.63,0,10,42
2024-10-21,cassava,Bibiani,636.0,1.69,0,10,43
2024-10-28,cassava,Bibiani,771.6,1.58,0,10,44
2024-11-04,cassava,Bibiani,749.6,1.63,0,11,45
2024-11-11,cassava,Bibiani,618.7,1.64,0,11,46
2024-11-18,cassava,Bibiani,742.0,1.69,0,11,47
2024-11-25,cassava,Bibiani,696.8,1.63,0,11,48
2024-12-02,cassava,Bibiani,675.3,1.77,0,12,49
2024-12-09,cassava,Bibiani,755.3,1.64,0,12,50
2024-12-16,cassava,Bibiani,780.7,1.63,0,12,51
2024-12-23,cassava,Bibiani,1245.0,1.64,1,12,52
2024-12-30,cassava,Bibiani,1236.9,1.56,1,12,1
2018-01-01,cassava,Juaboso,406.7,1.22,0,1,1
2018-01-08,cassava,Juaboso,371.3,1.3,0,1,2
2018-01-15,cassava,Juaboso,458.2,1.25,0,1,3
2018-01-22,cassava,Juaboso,479.0,1.22,0,1,4
2018-01-29,cassava,Juaboso,399.7,1.31,0,1,5
2018-02-05,cassava,Juaboso,411.4,1.33,0,2,6
2018-02-12,cassava,Juaboso,406.5,1.32,0,2,7
2018-02-19,cassava,Juaboso,433.2,1.21,0,2,8
2018-02-26,cassava,Juaboso,472.0,1.23,0,2,9
2018-03-05,cassava,Juaboso,448.9,1.16,0,3,10
2018-03-12,cassava,Juaboso,457.8,1.09,0,3,11
2018-03-19,cassava,Juaboso,545.8,1.07,0,3,12
2018-03-26,cassava,Juaboso,418.5,1.11,0,3,13
2018-04-02,cassava,Juaboso,739.2,1.13,1,4,14
2018-04-09,cassava,Juaboso,703.6,1.06,1,4,15
2018-04-16,cassava,Juaboso,462.8,1.09,0,4,16
2018-04-23,cassava,Juaboso,461.9,1.12,0,4,17
2018-04-30,cassava,Juaboso,512.2,1.03,0,4,18
2018-05-07,cassava,Juaboso,462.9,1.09,0,5,19
2018-05-14,cassava,Juaboso,476.4,1.04,0,5,20
2018-05-21,cassava,Juaboso,475.5,1.05,0,5,21
2018-05-28,cassava,Juaboso,445.9,1.07,0,5,22
2018-06-04,cassava,Juaboso,475.2,1.22,0,6,23
2018-06-11,cassava,Juaboso,477.4,1.18,0,6,24
2018-06-18,cassava,Juaboso,487.9,1.16,0,6,25
2018-06-25,cassava,Juaboso,461.6,1.2,0,6,26
2018-07-02,cassava,Juaboso,439.4,1.28,0,7,27
2018-07-09,cassava,Juaboso,452.2,1.37,0,7,28
2018-07-16,cassava,Juaboso,438.8,1.41,0,7,29
2018-07-23,cassava,Juaboso,466.0,1.34,0,7,30
2018-07-30,cassava,Juaboso,441.6,1.33,0,7,31
2018-08-06,cassava,Juaboso,687.2,1.37,1,8,32
2018-08-13,cassava,Juaboso,667.9,1.24,1,8,33
2018-08-20,cassava,Juaboso,624.5,1.38,1,8,34
2018-08-27,cassava,Juaboso,630.1,1.52,1,8,35
2018-09-03,cassava,Juaboso,493.5,1.21,0,9,36
2018-09-10,cassava,Juaboso,461.5,1.21,0,9,37
2018-09-17,cassava,Juaboso,429.6,1.25,0,9,38
2018-09-24,cassava,Juaboso,439.6,1.3,0,9,39
2018-10-01,cassava,Juaboso,444.3,1.08,0,10,40
2018-10-08,cassava,Juaboso,562.9,0.95,0,10,41
2018-10-15,cassava,Juaboso,491.3,1.06,0,10,42
2018-10-22,cassava,Juaboso,421.7,1.15,0,10,43
2018-10-29,cassava,Juaboso,437.3,1.07,0,10,44
2018-11-05,cassava,Juaboso,471.0,1.0,0,11,45
2018-11-12,cassava,Juaboso,457.1,1.06,0,11,46
2018-11-19,cassava,Juaboso,492.8,0.99,0,11,47
2018-11-26,cassava,Juaboso,490.7,1.1,0,11,48
2018-12-03,cassava,Juaboso,464.9,1.01,0,12,49
2018-12-10,cassava,Juaboso,541.4,1.06,0,12,50
2018-12-17,cassava,Juaboso,462.2,1.02,0,12,51
2018-12-24,cassava,Juaboso,739.6,1.03,1,12,52
2018-12-31,cassava,Juaboso,835.5,1.12,1,12,1
2019-01-07,cassava,Juaboso,479.2,1.35,0,1,2
2019-01-14,cassava,Juaboso,446.6,1.32,0,1,3
2019-01-21,cassava,Juaboso,469.9,1.29,0,1,4
2019-01-28,cassava,Juaboso,481.8,1.25,0,1,5
2019-02-04,cassava,Juaboso,466.2,1.29,0,2,6
2019-02-11,cassava,Juaboso,409.8,1.36,0,2,7
2019-02-18,cassava,Juaboso,368.1,1.41,0,2,8
2019-02-25,cassava,Juaboso,429.0,1.33,0,2,9
2019-03-04,cassava,Juaboso,505.0,1.24,0,3,10
2019-03-11,cassava,Juaboso,542.6,1.13,0,3,11
2019-03-18,cassava,Juaboso,474.3,1.15,0,3,12
2019-03-25,cassava,Juaboso,466.4,1.11,0,3,13
2019-04-01,cassava,Juaboso,742.3,1.22,1,4,14
2019-04-08,cassava,Juaboso,727.1,1.27,1,4,15
2019-04-15,cassava,Juaboso,523.1,1.09,0,4,16
2019-04-22,cassava,Juaboso,411.5,1.15,0,4,17
2019-04-29,cassava,Juaboso,548.5,1.23,0,4,18
2019-05-06,cassava,Juaboso,535.3,1.11,0,5,19
2019-05-13,cassava,Juaboso,467.2,1.2,0,5,20
2019-05-20,cassava,Juaboso,441.4,1.24,0,5,21
2019-05-27,cassava,Juaboso,507.2,1.18,0,5,22
2019-06-03,cassava,Juaboso,480.2,1.32,0,6,23
2019-06-10,cassava,Juaboso,453.6,1.38,0,6,24
2019-06-17,cassava,Juaboso,461.0,1.39,0,6,25
2019-06-24,cassava,Juaboso,471.3,1.29,0,6,26
2019-07-01,cassava,Juaboso,455.1,1.42,0,7,27
2019-07-08,cassava,Juaboso,468.7,1.4,0,7,28
2019-07-15,cassava,Juaboso,433.1,1.51,0,7,29
2019-07-22,cassava,Juaboso,464.4,1.37,0,7,30
2019-07-29,cassava,Juaboso,476.5,1.44,0,7,31
2019-08-05,cassava,Juaboso,589.1,1.47,1,8,32
2019-08-12,cassava,Juaboso,633.3,1.43,1,8,33
2019-08-19,cassava,Juaboso,649.2,1.48,1,8,34
2019-08-26,cassava,Juaboso,581.9,1.61,1,8,35
2019-09-02,cassava,Juaboso,466.8,1.31,0,9,36
2019-09-09,cassava,Juaboso,521.1,1.29,0,9,37
2019-09-16,cassava,Juaboso,458.3,1.37,0,9,38
2019-09-23,cassava,Juaboso,420.9,1.33,0,9,39
2019-09-30,cassava,Juaboso,445.8,1.39,0,9,40
2019-10-07,cassava,Juaboso,485.6,1.13,0,10,41
2019-10-14,cassava,Juaboso,491.7,1.11,0,10,42
2019-10-21,cassava,Juaboso,532.2,1.04,0,10,43
2019-10-28,cassava,Juaboso,525.9,1.05,0,10,44
2019-11-04,cassava,Juaboso,510.4,1.05,0,11,45
2019-11-11,cassava,Juaboso,446.3,1.15,0,11,46
2019-11-18,cassava,Juaboso,494.0,1.07,0,11,47
2019-11-25,cassava,Juaboso,451.1,1.19,0,11,48
2019-12-02,cassava,Juaboso,478.7,1.14,0,12,49
2019-12-09,cassava,Juaboso,510.6,1.13,0,12,50
2019-12-16,cassava,Juaboso,512.4,1.1,0,12,51
2019-12-23,cassava,Juaboso,832.6,1.17,1,12,52
2019-12-30,cassava,Juaboso,811.8,1.1,1,12,1
2020-01-06,cassava,Juaboso,509.1,1.4,0,1,2
2020-01-13,cassava,Juaboso,454.4,1.53,0,1,3
2020-01-20,cassava,Juaboso,450.8,1.48,0,1,4
2020-01-27,cassava,Juaboso,473.7,1.44,0,1,5
2020-02-03,cassava,Juaboso,428.1,1.5,0,2,6
2020-02-10,cassava,Juaboso,395.7,1.47,0,2,7
2020-02-17,cassava,Juaboso,432.1,1.49,0,2,8
2020-02-24,cassava,Juaboso,485.8,1.42,0,2,9
2020-03-02,cassava,Juaboso,461.4,1.36,0,3,10
2020-03-09,cassava,Juaboso,491.0,1.23,0,3,11
2020-03-16,cassava,Juaboso,443.2,1.33,0,3,12
2020-03-23,cassava,Juaboso,431.8,1.25,0,3,13
2020-03-30,cassava,Juaboso,515.6,1.3,0,3,14
2020-04-06,cassava,Juaboso,742.9,1.3,1,4,15
2020-04-13,cassava,Juaboso,724.6,1.32,1,4,16
2020-04-20,cassava,Juaboso,481.2,1.22,0,4,17
2020-04-27,cassava,Juaboso,508.2,1.32,0,4,18
2020-05-04,cassava,Juaboso,487.1,1.37,0,5,19
2020-05-11,cassava,Juaboso,464.0,1.26,0,5,20
2020-05-18,cassava,Juaboso,523.9,1.27,0,5,21
2020-05-25,cassava,Juaboso,491.2,1.25,0,5,22
2020-06-01,cassava,Juaboso,472.1,1.37,0,6,23
2020-06-08,cassava,Juaboso,452.1,1.49,0,6,24
2020-06-15,cassava,Juaboso,474.9,1.34,0,6,25
2020-06-22,cassava,Juaboso,458.8,1.34,0,6,26
2020-06-29,cassava,Juaboso,484.1,1.48,0,6,27
2020-07-06,cassava,Juaboso,431.2,1.61,0,7,28
2020-07-13,cassava,Juaboso,435.1,1.7,0,7,29
2020-07-20,cassava,Juaboso,459.6,1.54,0,7,30
2020-07-27,cassava,Juaboso,457.8,1.58,0,7,31
2020-08-03,cassava,Juaboso,596.4,1.54,1,8,32
2020-08-10,cassava,Juaboso,629.3,1.59,1,8,33
2020-08-17,cassava,Juaboso,728.1,1.47,1,8,34
2020-08-24,cassava,Juaboso,604.5,1.62,1,8,35
2020-08-31,cassava,Juaboso,675.5,1.6,1,8,36
2020-09-07,cassava,Juaboso,445.8,1.42,0,9,37
2020-09-14,cassava,Juaboso,492.1,1.4,0,9,38
2020-09-21,cassava,Juaboso,548.0,1.37,0,9,39
2020-09-28,cassava,Juaboso,498.5,1.46,0,9,40
2020-10-05,cassava,Juaboso,455.9,1.16,0,10,41
2020-10-12,cassava,Juaboso,512.6,1.24,0,10,42
2020-10-19,cassava,Juaboso,519.3,1.31,0,10,43
2020-10-26,cassava,Juaboso,553.0,1.29,0,10,44
2020-11-02,cassava,Juaboso,534.3,1.15,0,11,45
2020-11-09,cassava,Juaboso,462.0,1.2,0,11,46
2020-11-16,cassava,Juaboso,503.7,1.24,0,11,47
2020-11-23,cassava,Juaboso,544.6,1.22,0,11,48
2020-11-30,cassava,Juaboso,513.6,1.15,0,11,49
2020-12-07,cassava,Juaboso,521.9,1.25,0,12,50
2020-12-14,cassava,Juaboso,472.1,1.23,0,12,51
2020-12-21,cassava,Juaboso,800.7,1.32,1,12,52
2020-12-28,cassava,Juaboso,706.7,1.22,1,12,53
2021-01-04,cassava,Juaboso,420.6,1.65,0,1,1
2021-01-11,cassava,Juaboso,481.3,1.49,0,1,2
2021-01-18,cassava,Juaboso,466.3,1.51,0,1,3
2021-01-25,cassava,Juaboso,416.9,1.62,0,1,4
2021-02-01,cassava,Juaboso,435.4,1.65,0,2,5
2021-02-08,cassava,Juaboso,486.8,1.52,0,2,6
2021-02-15,cassava,Juaboso,461.3,1.58,0,2,7
2021-02-22,cassava,Juaboso,486.4,1.49,0,2,8
2021-03-01,cassava,Juaboso,520.8,1.35,0,3,9
2021-03-08,cassava,Juaboso,475.5,1.4,0,3,10
2021-03-15,cassava,Juaboso,545.7,1.33,0,3,11
2021-03-22,cassava,Juaboso,471.9,1.34,0,3,12
2021-03-29,cassava,Juaboso,572.6,1.3,0,3,13
2021-04-05,cassava,Juaboso,852.5,1.33,1,4,14
2021-04-12,cassava,Juaboso,729.3,1.46,1,4,15
2021-04-19,cassava,Juaboso,488.0,1.37,0,4,16
2021-04-26,cassava,Juaboso,520.0,1.31,0,4,17
2021-05-03,cassava,Juaboso,520.7,1.36,0,5,18
2021-05-10,cassava,Juaboso,557.3,1.29,0,5,19
2021-05-17,cassava,Juaboso,472.7,1.32,0,5,20
2021-05-24,cassava,Juaboso,491.6,1.45,0,5,21
2021-05-31,cassava,Juaboso,436.4,1.37,0,5,22
2021-06-07,cassava,Juaboso,462.1,1.62,0,6,23
2021-06-14,cassava,Juaboso,538.0,1.5,0,6,24
2021-06-21,cassava,Juaboso,452.7,1.5,0,6,25
2021-06-28,cassava,Juaboso,438.6,1.54,0,6,26
2021-07-05,cassava,Juaboso,502.1,1.51,0,7,27
2021-07-12,cassava,Juaboso,489.0,1.71,0,7,28
2021-07-19,cassava,Juaboso,464.3,1.69,0,7,29
2021-07-26,cassava,Juaboso,384.7,1.8,0,7,30
2021-08-02,cassava,Juaboso,595.0,1.77,1,8,31
2021-08-09,cassava,Juaboso,708.2,1.63,1,8,32
2021-08-16,cassava,Juaboso,609.9,1.79,1,8,33
2021-08-23,cassava,Juaboso,690.8,1.69,1,8,34
2021-08-30,cassava,Juaboso,709.1,1.64,1,8,35
2021-09-06,cassava,Juaboso,480.1,1.54,0,9,36
2021-09-13,cassava,Juaboso,553.9,1.52,0,9,37
2021-09-20,cassava,Juaboso,490.8,1.63,0,9,38
2021-09-27,cassava,Juaboso,528.0,1.55,0,9,39
2021-10-04,cassava,Juaboso,530.7,1.32,0,10,40
2021-10-11,cassava,Juaboso,487.4,1.36,0,10,41
2021-10-18,cassava,Juaboso,483.4,1.37,0,10,42
2021-10-25,cassava,Juaboso,485.7,1.35,0,10,43
2021-11-01,cassava,Juaboso,506.9,1.39,0,11,44
2021-11-08,cassava,Juaboso,478.3,1.35,0,11,45
2021-11-15,cassava,Juaboso,555.4,1.33,0,11,46
2021-11-22,cassava,Juaboso,467.7,1.38,0,11,47
2021-11-29,cassava,Juaboso,515.7,1.31,0,11,48
2021-12-06,cassava,Juaboso,499.7,1.33,0,12,49
2021-12-13,cassava,Juaboso,469.3,1.42,0,12,50
2021-12-20,cassava,Juaboso,910.5,1.41,1,12,51
2021-12-27,cassava,Juaboso,819.4,1.33,1,12,52
2022-01-03,cassava,Juaboso,468.9,1.67,0,1,1
2022-01-10,cassava,Juaboso,433.5,1.8,0,1,2
2022-01-17,cassava,Juaboso,462.3,1.75,0,1,3
2022-01-24,cassava,Juaboso,464.3,1.72,0,1,4
2022-01-31,cassava,Juaboso,443.6,1.68,0,1,5
2022-02-07,cassava,Juaboso,456.2,1.73,0,2,6
2022-02-14,cassava,Juaboso,489.5,1.71,0,2,7
2022-02-21,cassava,Juaboso,512.7,1.66,0,2,8
2022-02-28,cassava,Juaboso,470.9,1.72,0,2,9
2022-03-07,cassava,Juaboso,505.0,1.48,0,3,10
2022-03-14,cassava,Juaboso,502.6,1.44,0,3,11
2022-03-21,cassava,Juaboso,478.4,1.52,0,3,12
2022-03-28,cassava,Juaboso,461.5,1.54,0,3,13
2022-04-04,cassava,Juaboso,704.8,1.53,1,4,14
2022-04-11,cassava,Juaboso,771.3,1.46,1,4,15
2022-04-18,cassava,Juaboso,523.4,1.52,0,4,16
2022-04-25,cassava,Juaboso,493.6,1.48,0,4,17
2022-05-02,cassava,Juaboso,517.7,1.41,0,5,18
2022-05-09,cassava,Juaboso,488.7,1.52,0,5,19
2022-05-16,cassava,Juaboso,545.1,1.49,0,5,20
2022-05-23,cassava,Juaboso,445.7,1.64,0,5,21
2022-05-30,cassava,Juaboso,495.8,1.57,0,5,22
2022-06-06,cassava,Juaboso,491.3,1.67,0,6,23
2022-06-13,cassava,Juaboso,502.1,1.64,0,6,24
2022-06-20,cassava,Juaboso,509.7,1.63,0,6,25
2022-06-27,cassava,Juaboso,521.0,1.56,0,6,26
2022-07-04,cassava,Juaboso,513.2,1.7,0,7,27
2022-07-11,cassava,Juaboso,474.5,1.77,0,7,28
2022-07-18,cassava,Juaboso,512.1,1.83,0,7,29
2022-07-25,cassava,Juaboso,495.6,1.68,0,7,30
2022-08-01,cassava,Juaboso,634.1,1.8,1,8,31
2022-08-08,cassava,Juaboso,727.2,1.82,1,8,32
2022-08-15,cassava,Juaboso,714.0,1.83,1,8,33
2022-08-22,cassava,Juaboso,710.6,1.79,1,8,34
2022-08-29,cassava,Juaboso,689.5,1.82,1,8,35
2022-09-05,cassava,Juaboso,420.4,1.77,0,9,36
2022-09-12,cassava,Juaboso,438.3,1.7,0,9,37
2022-09-19,cassava,Juaboso,565.4,1.62,0,9,38
2022-09-26,cassava,Juaboso,489.7,1.65,0,9,39
2022-10-03,cassava,Juaboso,547.2,1.41,0,10,40
2022-10-10,cassava,Juaboso,477.7,1.37,0,10,41
2022-10-17,cassava,Juaboso,495.3,1.37,0,10,42
2022-10-24,cassava,Juaboso,521.8,1.47,0,10,43
2022-10-31,cassava,Juaboso,519.6,1.39,0,10,44
2022-11-07,cassava,Juaboso,552.2,1.36,0,11,45
2022-11-14,cassava,Juaboso,517.4,1.42,0,11,46
2022-11-21,cassava,Juaboso,508.7,1.43,0,11,47
2022-11-28,cassava,Juaboso,527.7,1.31,0,11,48
2022-12-05,cassava,Juaboso,481.3,1.43,0,12,49
2022-12-12,cassava,Juaboso,547.8,1.48,0,12,50
2022-12-19,cassava,Juaboso,558.5,1.46,0,12,51
2022-12-26,cassava,Juaboso,756.6,1.56,1,12,52
2023-01-02,cassava,Juaboso,432.4,1.93,0,1,1
2023-01-09,cassava,Juaboso,451.6,1.94,0,1,2
2023-01-16,cassava,Juaboso,453.3,2.04,0,1,3
2023-01-23,cassava,Juaboso,465.3,1.89,0,1,4
2023-01-30,cassava,Juaboso,492.3,1.85,0,1,5
2023-02-06,cassava,Juaboso,466.5,1.92,0,2,6
2023-02-13,cassava,Juaboso,487.7,1.8,0,2,7
2023-02-20,cassava,Juaboso,550.7,1.85,0,2,8
2023-02-27,cassava,Juaboso,475.6,1.8,0,2,9
2023-03-06,cassava,Juaboso,560.8,1.61,0,3,10
2023-03-13,cassava,Juaboso,573.6,1.54,0,3,11
2023-03-20,cassava,Juaboso,543.8,1.54,0,3,12
2023-03-27,cassava,Juaboso,451.5,1.61,0,3,13
2023-04-03,cassava,Juaboso,821.6,1.58,1,4,14
2023-04-10,cassava,Juaboso,839.0,1.47,1,4,15
2023-04-17,cassava,Juaboso,542.5,1.5,0,4,16
2023-04-24,cassava,Juaboso,502.3,1.52,0,4,17
2023-05-01,cassava,Juaboso,556.2,1.55,0,5,18
2023-05-08,cassava,Juaboso,542.7,1.63,0,5,19
2023-05-15,cassava,Juaboso,550.9,1.62,0,5,20
2023-05-22,cassava,Juaboso,491.6,1.67,0,5,21
2023-05-29,cassava,Juaboso,475.5,1.65,0,5,22
2023-06-05,cassava,Juaboso,508.2,1.83,0,6,23
2023-06-12,cassava,Juaboso,557.0,1.8,0,6,24
2023-06-19,cassava,Juaboso,512.4,1.77,0,6,25
2023-06-26,cassava,Juaboso,511.2,1.83,0,6,26
2023-07-03,cassava,Juaboso,453.6,2.05,0,7,27
2023-07-10,cassava,Juaboso,452.8,2.01,0,7,28
2023-07-17,cassava,Juaboso,473.0,2.08,0,7,29
2023-07-24,cassava,Juaboso,506.1,1.79,0,7,30
2023-07-31,cassava,Juaboso,489.2,1.95,0,7,31
2023-08-07,cassava,Juaboso,737.8,1.96,1,8,32
2023-08-14,cassava,Juaboso,699.0,2.08,1,8,33
2023-08-21,cassava,Juaboso,700.1,2.11,1,8,34
2023-08-28,cassava,Juaboso,703.7,1.87,1,8,35
2023-09-04,cassava,Juaboso,468.2,1.89,0,9,36
2023-09-11,cassava,Juaboso,534.9,1.7,0,9,37
2023-09-18,cassava,Juaboso,533.3,1.71,0,9,38
2023-09-25,cassava,Juaboso,504.0,1.77,0,9,39
2023-10-02,cassava,Juaboso,538.6,1.51,0,10,40
2023-10-09,cassava,Juaboso,583.2,1.43,0,10,41
2023-10-16,cassava,Juaboso,552.4,1.57,0,10,42
2023-10-23,cassava,Juaboso,559.4,1.57,0,10,43
2023-10-30,cassava,Juaboso,470.5,1.59,0,10,44
2023-11-06,cassava,Juaboso,497.1,1.51,0,11,45
2023-11-13,cassava,Juaboso,517.4,1.54,0,11,46
2023-11-20,cassava,Juaboso,529.1,1.54,0,11,47
2023-11-27,cassava,Juaboso,495.1,1.64,0,11,48
2023-12-04,cassava,Juaboso,559.4,1.37,0,12,49
2023-12-11,cassava,Juaboso,533.3,1.49,0,12,50
2023-12-18,cassava,Juaboso,542.7,1.55,0,12,51
2023-12-25,cassava,Juaboso,834.6,1.48,1,12,52
2024-01-01,cassava,Juaboso,564.2,1.96,0,1,1
2024-01-08,cassava,Juaboso,493.4,1.97,0,1,2
2024-01-15,cassava,Juaboso,531.9,1.93,0,1,3
2024-01-22,cassava,Juaboso,472.0,1.99,0,1,4
2024-01-29,cassava,Juaboso,498.4,2.03,0,1,5
2024-02-05,cassava,Juaboso,498.9,1.97,0,2,6
2024-02-12,cassava,Juaboso,523.4,1.96,0,2,7
2024-02-19,cassava,Juaboso,488.2,1.98,0,2,8
2024-02-26,cassava,Juaboso,538.0,1.99,0,2,9
2024-03-04,cassava,Juaboso,507.0,1.59,0,3,10
2024-03-11,cassava,Juaboso,550.1,1.74,0,3,11
2024-03-18,cassava,Juaboso,538.1,1.68,0,3,12
2024-03-25,cassava,Juaboso,476.4,1.8,0,3,13
2024-04-01,cassava,Juaboso,913.0,1.76,1,4,14
2024-04-08,cassava,Juaboso,892.8,1.8,1,4,15
2024-04-15,cassava,Juaboso,477.3,1.65,0,4,16
2024-04-22,cassava,Juaboso,541.1,1.69,0,4,17
2024-04-29,cassava,Juaboso,573.4,1.63,0,4,18
2024-05-06,cassava,Juaboso,555.6,1.68,0,5,19
2024-05-13,cassava,Juaboso,556.1,1.82,0,5,20
2024-05-20,cassava,Juaboso,547.5,1.83,0,5,21
2024-05-27,cassava,Juaboso,557.4,1.65,0,5,22
2024-06-03,cassava,Juaboso,603.9,1.86,0,6,23
2024-06-10,cassava,Juaboso,554.5,1.89,0,6,24
2024-06-17,cassava,Juaboso,503.9,1.94,0,6,25
2024-06-24,cassava,Juaboso,535.5,1.76,0,6,26
2024-07-01,cassava,Juaboso,544.2,2.0,0,7,27
2024-07-08,cassava,Juaboso,452.2,2.18,0,7,28
2024-07-15,cassava,Juaboso,499.6,1.97,0,7,29
2024-07-22,cassava,Juaboso,481.2,2.1,0,7,30
2024-07-29,cassava,Juaboso,489.9,2.15,0,7,31
2024-08-05,cassava,Juaboso,706.0,2.18,1,8,32
2024-08-12,cassava,Juaboso,667.1,2.14,1,8,33
2024-08-19,cassava,Juaboso,780.3,2.12,1,8,34
2024-08-26,cassava,Juaboso,687.6,2.22,1,8,35
2024-09-02,cassava,Juaboso,586.2,1.95,0,9,36
2024-09-09,cassava,Juaboso,547.2,1.88,0,9,37
2024-09-16,cassava,Juaboso,567.0,1.93,0,9,38
2024-09-23,cassava,Juaboso,540.6,1.96,0,9,39
2024-09-30,cassava,Juaboso,541.4,2.06,0,9,40
2024-10-07,cassava,Juaboso,542.9,1.7,0,10,41
2024-10-14,cassava,Juaboso,525.4,1.73,0,10,42
2024-10-21,cassava,Juaboso,582.7,1.61,0,10,43
2024-10-28,cassava,Juaboso,625.5,1.62,0,10,44
2024-11-04,cassava,Juaboso,531.6,1.65,0,11,45
2024-11-11,cassava,Juaboso,566.1,1.65,0,11,46
2024-11-18,cassava,Juaboso,552.8,1.6,0,11,47
2024-11-25,cassava,Juaboso,532.7,1.75,0,11,48
2024-12-02,cassava,Juaboso,526.2,1.73,0,12,49
2024-12-09,cassava,Juaboso,473.4,1.65,0,12,50
2024-12-16,cassava,Juaboso,520.8,1.72,0,12,51
2024-12-23,cassava,Juaboso,940.5,1.69,1,12,52
2024-12-30,cassava,Juaboso,835.4,1.72,1,12,1
2018-01-01,cassava,Sefwi Wiawso,560.7,1.27,0,1,1
2018-01-08,cassava,Sefwi Wiawso,537.2,1.27,0,1,2
2018-01-15,cassava,Sefwi Wiawso,513.2,1.31,0,1,3
2018-01-22,cassava,Sefwi Wiawso,570.4,1.24,0,1,4
2018-01-29,cassava,Sefwi Wiawso,595.8,1.15,0,1,5
2018-02-05,cassava,Sefwi Wiawso,561.6,1.23,0,2,6
2018-02-12,cassava,Sefwi Wiawso,564.1,1.28,0,2,7
2018-02-19,cassava,Sefwi Wiawso,535.0,1.29,0,2,8
2018-02-26,cassava,Sefwi Wiawso,455.4,1.37,0,2,9
2018-03-05,cassava,Sefwi Wiawso,545.5,1.13,0,3,10
2018-03-12,cassava,Sefwi Wiawso,507.9,1.1,0,3,11
2018-03-19,cassava,Sefwi Wiawso,592.0,1.1,0,3,12
2018-03-26,cassava,Sefwi Wiawso,580.5,1.15,0,3,13
2018-04-02,cassava,Sefwi Wiawso,966.2,1.08,1,4,14
2018-04-09,cassava,Sefwi Wiawso,928.5,1.1,1,4,15
2018-04-16,cassava,Sefwi Wiawso,623.6,1.06,0,4,16
2018-04-23,cassava,Sefwi Wiawso,495.5,1.17,0,4,17
2018-04-30,cassava,Sefwi Wiawso,558.1,1.13,0,4,18
2018-05-07,cassava,Sefwi Wiawso,535.3,1.08,0,5,19
2018-05-14,cassava,Sefwi Wiawso,560.7,1.11,0,5,20
2018-05-21,cassava,Sefwi Wiawso,616.2,1.14,0,5,21
2018-05-28,cassava,Sefwi Wiawso,614.8,1.1,0,5,22
2018-06-04,cassava,Sefwi Wiawso,599.1,1.19,0,6,23
2018-06-11,cassava,Sefwi Wiawso,570.0,1.19,0,6,24
2018-06-18,cassava,Sefwi Wiawso,525.4,1.24,0,6,25
2018-06-25,cassava,Sefwi Wiawso,579.1,1.2,0,6,26
2018-07-02,cassava,Sefwi Wiawso,562.8,1.35,0,7,27
2018-07-09,cassava,Sefwi Wiawso,556.1,1.3,0,7,28
2018-07-16,cassava,Sefwi Wiawso,469.6,1.38,0,7,29
2018-07-23,cassava,Sefwi Wiawso,528.0,1.36,0,7,30
2018-07-30,cassava,Sefwi Wiawso,464.5,1.36,0,7,31
2018-08-06,cassava,Sefwi Wiawso,814.2,1.39,1,8,32
2018-08-13,cassava,Sefwi Wiawso,732.6,1.42,1,8,33
2018-08-20,cassava,Sefwi Wiawso,708.3,1.42,1,8,34
2018-08-27,cassava,Sefwi Wiawso,806.1,1.41,1,8,35
2018-09-03,cassava,Sefwi Wiawso,592.4,1.23,0,9,36
2018-09-10,cassava,Sefwi Wiawso,584.7,1.22,0,9,37
2018-09-17,cassava,Sefwi Wiawso,664.8,1.19,0,9,38
2018-09-24,cassava,Sefwi Wiawso,602.3,1.21,0,9,39
2018-10-01,cassava,Sefwi Wiawso,558.0,1.06,0,10,40
2018-10-08,cassava,Sefwi Wiawso,611.5,1.03,0,10,41
2018-10-15,cassava,Sefwi Wiawso,566.5,1.07,0,10,42
2018-10-22,cassava,Sefwi Wiawso,642.8,1.02,0,10,43
2018-10-29,cassava,Sefwi Wiawso,621.2,0.99,0,10,44
2018-11-05,cassava,Sefwi Wiawso,577.2,1.11,0,11,45
2018-11-12,cassava,Sefwi Wiawso,537.4,1.05,0,11,46
2018-11-19,cassava,Sefwi Wiawso,599.1,1.03,0,11,47
2018-11-26,cassava,Sefwi Wiawso,599.2,1.02,0,11,48
2018-12-03,cassava,Sefwi Wiawso,536.7,1.1,0,12,49
2018-12-10,cassava,Sefwi Wiawso,549.3,1.14,0,12,50
2018-12-17,cassava,Sefwi Wiawso,603.3,1.06,0,12,51
2018-12-24,cassava,Sefwi Wiawso,969.6,1.07,1,12,52
2018-12-31,cassava,Sefwi Wiawso,857.8,1.12,1,12,1
2019-01-07,cassava,Sefwi Wiawso,561.4,1.28,0,1,2
2019-01-14,cassava,Sefwi Wiawso,495.0,1.49,0,1,3
2019-01-21,cassava,Sefwi Wiawso,510.1,1.51,0,1,4
2019-01-28,cassava,Sefwi Wiawso,591.1,1.23,0,1,5
2019-02-04,cassava,Sefwi Wiawso,529.6,1.38,0,2,6
2019-02-11,cassava,Sefwi Wiawso,537.1,1.35,0,2,7
2019-02-18,cassava,Sefwi Wiawso,548.2,1.37,0,2,8
2019-02-25,cassava,Sefwi Wiawso,580.7,1.36,0,2,9
2019-03-04,cassava,Sefwi Wiawso,575.4,1.23,0,3,10
2019-03-11,cassava,Sefwi Wiawso,633.7,1.18,0,3,11
2019-03-18,cassava,Sefwi Wiawso,635.7,1.15,0,3,12
2019-03-25,cassava,Sefwi Wiawso,636.3,1.18,0,3,13
2019-04-01,cassava,Sefwi Wiawso,976.0,1.22,1,4,14
2019-04-08,cassava,Sefwi Wiawso,1038.0,1.14,1,4,15
2019-04-15,cassava,Sefwi Wiawso,568.8,1.12,0,4,16
2019-04-22,cassava,Sefwi Wiawso,571.0,1.29,0,4,17
2019-04-29,cassava,Sefwi Wiawso,634.7,1.17,0,4,18
2019-05-06,cassava,Sefwi Wiawso,633.1,1.2,0,5,19
2019-05-13,cassava,Sefwi Wiawso,564.1,1.18,0,5,20
2019-05-20,cassava,Sefwi Wiawso,596.0,1.23,0,5,21
2019-05-27,cassava,Sefwi Wiawso,555.7,1.29,0,5,22
2019-06-03,cassava,Sefwi Wiawso,629.2,1.35,0,6,23
2019-06-10,cassava,Sefwi Wiawso,553.5,1.24,0,6,24
2019-06-17,cassava,Sefwi Wiawso,575.9,1.24,0,6,25
2019-06-24,cassava,Sefwi Wiawso,519.4,1.3,0,6,26
2019-07-01,cassava,Sefwi Wiawso,539.5,1.47,0,7,27
2019-07-08,cassava,Sefwi Wiawso,637.0,1.38,0,7,28
2019-07-15,cassava,Sefwi Wiawso,517.7,1.53,0,7,29
2019-07-22,cassava,Sefwi Wiawso,552.3,1.42,0,7,30
2019-07-29,cassava,Sefwi Wiawso,525.9,1.57,0,7,31
2019-08-05,cassava,Sefwi Wiawso,750.0,1.6,1,8,32
2019-08-12,cassava,Sefwi Wiawso,818.3,1.48,1,8,33
2019-08-19,cassava,Sefwi Wiawso,803.3,1.52,1,8,34
2019-08-26,cassava,Sefwi Wiawso,784.1,1.42,1,8,35
2019-09-02,cassava,Sefwi Wiawso,564.9,1.38,0,9,36
2019-09-09,cassava,Sefwi Wiawso,613.5,1.32,0,9,37
2019-09-16,cassava,Sefwi Wiawso,634.6,1.28,0,9,38
2019-09-23,cassava,Sefwi Wiawso,629.6,1.33,0,9,39
2019-09-30,cassava,Sefwi Wiawso,599.2,1.32,0,9,40
2019-10-07,cassava,Sefwi Wiawso,610.6,1.13,0,10,41
2019-10-14,cassava,Sefwi Wiawso,601.0,1.19,0,10,42
2019-10-21,cassava,Sefwi Wiawso,584.3,1.11,0,10,43
2019-10-28,cassava,Sefwi Wiawso,539.6,1.23,0,10,44
2019-11-04,cassava,Sefwi Wiawso,613.6,1.09,0,11,45
2019-11-11,cassava,Sefwi Wiawso,521.4,1.23,0,11,46
2019-11-18,cassava,Sefwi Wiawso,624.7,1.11,0,11,47
2019-11-25,cassava,Sefwi Wiawso,627.1,1.16,0,11,48
2019-12-02,cassava,Sefwi Wiawso,576.0,1.14,0,12,49
2019-12-09,cassava,Sefwi Wiawso,613.3,1.15,0,12,50
2019-12-16,cassava,Sefwi Wiawso,557.1,1.2,0,12,51
2019-12-23,cassava,Sefwi Wiawso,886.4,1.23,1,12,52
2019-12-30,cassava,Sefwi Wiawso,1066.9,1.22,1,12,1
2020-01-06,cassava,Sefwi Wiawso,525.2,1.46,0,1,2
2020-01-13,cassava,Sefwi Wiawso,505.6,1.5,0,1,3
2020-01-20,cassava,Sefwi Wiawso,571.9,1.44,0,1,4
2020-01-27,cassava,Sefwi Wiawso,576.8,1.43,0,1,5
2020-02-03,cassava,Sefwi Wiawso,594.2,1.43,0,2,6
2020-02-10,cassava,Sefwi Wiawso,626.8,1.47,0,2,7
2020-02-17,cassava,Sefwi Wiawso,522.9,1.51,0,2,8
2020-02-24,cassava,Sefwi Wiawso,566.4,1.38,0,2,9
2020-03-02,cassava,Sefwi Wiawso,650.9,1.28,0,3,10
2020-03-09,cassava,Sefwi Wiawso,599.2,1.36,0,3,11
2020-03-16,cassava,Sefwi Wiawso,601.1,1.34,0,3,12
2020-03-23,cassava,Sefwi Wiawso,582.9,1.25,0,3,13
2020-03-30,cassava,Sefwi Wiawso,661.0,1.21,0,3,14
2020-04-06,cassava,Sefwi Wiawso,963.0,1.32,1,4,15
2020-04-13,cassava,Sefwi Wiawso,1017.2,1.17,1,4,16
2020-04-20,cassava,Sefwi Wiawso,553.9,1.35,0,4,17
2020-04-27,cassava,Sefwi Wiawso,601.3,1.28,0,4,18
2020-05-04,cassava,Sefwi Wiawso,617.8,1.4,0,5,19
2020-05-11,cassava,Sefwi Wiawso,586.1,1.21,0,5,20
2020-05-18,cassava,Sefwi Wiawso,550.0,1.35,0,5,21
2020-05-25,cassava,Sefwi Wiawso,572.0,1.3,0,5,22
2020-06-01,cassava,Sefwi Wiawso,581.0,1.4,0,6,23
2020-06-08,cassava,Sefwi Wiawso,615.0,1.34,0,6,24
2020-06-15,cassava,Sefwi Wiawso,610.4,1.46,0,6,25
2020-06-22,cassava,Sefwi Wiawso,593.2,1.46,0,6,26
2020-06-29,cassava,Sefwi Wiawso,562.1,1.52,0,6,27
2020-07-06,cassava,Sefwi Wiawso,534.0,1.67,0,7,28
2020-07-13,cassava,Sefwi Wiawso,570.7,1.57,0,7,29
2020-07-20,cassava,Sefwi Wiawso,501.8,1.54,0,7,30
2020-07-27,cassava,Sefwi Wiawso,599.9,1.52,0,7,31
2020-08-03,cassava,Sefwi Wiawso,737.9,1.71,1,8,32
2020-08-10,cassava,Sefwi Wiawso,809.6,1.56,1,8,33
2020-08-17,cassava,Sefwi Wiawso,792.3,1.71,1,8,34
2020-08-24,cassava,Sefwi Wiawso,793.9,1.65,1,8,35
2020-08-31,cassava,Sefwi Wiawso,828.3,1.63,1,8,36
2020-09-07,cassava,Sefwi Wiawso,602.8,1.43,0,9,37
2020-09-14,cassava,Sefwi Wiawso,569.5,1.49,0,9,38
2020-09-21,cassava,Sefwi Wiawso,645.8,1.45,0,9,39
2020-09-28,cassava,Sefwi Wiawso,623.1,1.43,0,9,40
2020-10-05,cassava,Sefwi Wiawso,599.0,1.28,0,10,41
2020-10-12,cassava,Sefwi Wiawso,631.4,1.23,0,10,42
2020-10-19,cassava,Sefwi Wiawso,591.4,1.2,0,10,43
2020-10-26,cassava,Sefwi Wiawso,669.1,1.27,0,10,44
2020-11-02,cassava,Sefwi Wiawso,563.5,1.25,0,11,45
2020-11-09,cassava,Sefwi Wiawso,599.7,1.27,0,11,46
2020-11-16,cassava,Sefwi Wiawso,599.7,1.23,0,11,47
2020-11-23,cassava,Sefwi Wiawso,613.3,1.19,0,11,48
2020-11-30,cassava,Sefwi Wiawso,556.6,1.34,0,11,49
2020-12-07,cassava,Sefwi Wiawso,552.3,1.33,0,12,50
2020-12-14,cassava,Sefwi Wiawso,631.1,1.3,0,12,51
2020-12-21,cassava,Sefwi Wiawso,940.6,1.24,1,12,52
2020-12-28,cassava,Sefwi Wiawso,1073.7,1.24,1,12,53
2021-01-04,cassava,Sefwi Wiawso,559.7,1.7,0,1,1
2021-01-11,cassava,Sefwi Wiawso,556.2,1.58,0,1,2
2021-01-18,cassava,Sefwi Wiawso,590.2,1.57,0,1,3
2021-01-25,cassava,Sefwi Wiawso,526.7,1.73,0,1,4
2021-02-01,cassava,Sefwi Wiawso,527.5,1.61,0,2,5
2021-02-08,cassava,Sefwi Wiawso,500.2,1.73,0,2,6
2021-02-15,cassava,Sefwi Wiawso,609.9,1.53,0,2,7
2021-02-22,cassava,Sefwi Wiawso,574.6,1.65,0,2,8
2021-03-01,cassava,Sefwi Wiawso,577.8,1.5,0,3,9
2021-03-08,cassava,Sefwi Wiawso,588.8,1.39,0,3,10
2021-03-15,cassava,Sefwi Wiawso,602.6,1.37,0,3,11
2021-03-22,cassava,Sefwi Wiawso,614.6,1.32,0,3,12
2021-03-29,cassava,Sefwi Wiawso,522.9,1.45,0,3,13
2021-04-05,cassava,Sefwi Wiawso,979.8,1.35,1,4,14
2021-04-12,cassava,Sefwi Wiawso,985.0,1.39,1,4,15
2021-04-19,cassava,Sefwi Wiawso,629.9,1.33,0,4,16
2021-04-26,cassava,Sefwi Wiawso,640.5,1.48,0,4,17
2021-05-03,cassava,Sefwi Wiawso,550.4,1.47,0,5,18
2021-05-10,cassava,Sefwi Wiawso,583.5,1.4,0,5,19
2021-05-17,cassava,Sefwi Wiawso,632.9,1.34,0,5,20
2021-05-24,cassava,Sefwi Wiawso,588.3,1.49,0,5,21
2021-05-31,cassava,Sefwi Wiawso,544.1,1.38,0,5,22
2021-06-07,cassava,Sefwi Wiawso,643.0,1.47,0,6,23
2021-06-14,cassava,Sefwi Wiawso,643.0,1.43,0,6,24
2021-06-21,cassava,Sefwi Wiawso,533.5,1.5,0,6,25
2021-06-28,cassava,Sefwi Wiawso,622.6,1.45,0,6,26
2021-07-05,cassava,Sefwi Wiawso,535.2,1.69,0,7,27
2021-07-12,cassava,Sefwi Wiawso,526.3,1.78,0,7,28
2021-07-19,cassava,Sefwi Wiawso,512.8,1.71,0,7,29
2021-07-26,cassava,Sefwi Wiawso,559.3,1.76,0,7,30
2021-08-02,cassava,Sefwi Wiawso,935.9,1.69,1,8,31
2021-08-09,cassava,Sefwi Wiawso,837.7,1.75,1,8,32
2021-08-16,cassava,Sefwi Wiawso,680.2,1.88,1,8,33
2021-08-23,cassava,Sefwi Wiawso,849.7,1.72,1,8,34
2021-08-30,cassava,Sefwi Wiawso,808.0,1.77,1,8,35
2021-09-06,cassava,Sefwi Wiawso,590.9,1.47,0,9,36
2021-09-13,cassava,Sefwi Wiawso,589.8,1.66,0,9,37
2021-09-20,cassava,Sefwi Wiawso,643.2,1.54,0,9,38
2021-09-27,cassava,Sefwi Wiawso,562.0,1.63,0,9,39
2021-10-04,cassava,Sefwi Wiawso,556.9,1.33,0,10,40
2021-10-11,cassava,Sefwi Wiawso,531.3,1.37,0,10,41
2021-10-18,cassava,Sefwi Wiawso,576.9,1.38,0,10,42
2021-10-25,cassava,Sefwi Wiawso,615.5,1.32,0,10,43
2021-11-01,cassava,Sefwi Wiawso,576.7,1.41,0,11,44
2021-11-08,cassava,Sefwi Wiawso,603.1,1.31,0,11,45
2021-11-15,cassava,Sefwi Wiawso,622.0,1.39,0,11,46
2021-11-22,cassava,Sefwi Wiawso,639.1,1.33,0,11,47
2021-11-29,cassava,Sefwi Wiawso,615.4,1.37,0,11,48
2021-12-06,cassava,Sefwi Wiawso,656.5,1.33,0,12,49
2021-12-13,cassava,Sefwi Wiawso,591.2,1.36,0,12,50
2021-12-20,cassava,Sefwi Wiawso,988.0,1.3,1,12,51
2021-12-27,cassava,Sefwi Wiawso,984.8,1.37,1,12,52
2022-01-03,cassava,Sefwi Wiawso,551.8,1.74,0,1,1
2022-01-10,cassava,Sefwi Wiawso,510.5,1.7,0,1,2
2022-01-17,cassava,Sefwi Wiawso,555.8,1.73,0,1,3
2022-01-24,cassava,Sefwi Wiawso,610.0,1.74,0,1,4
2022-01-31,cassava,Sefwi Wiawso,612.9,1.69,0,1,5
2022-02-07,cassava,Sefwi Wiawso,594.0,1.74,0,2,6
2022-02-14,cassava,Sefwi Wiawso,595.9,1.68,0,2,7
2022-02-21,cassava,Sefwi Wiawso,583.6,1.91,0,2,8
2022-02-28,cassava,Sefwi Wiawso,521.3,1.82,0,2,9
2022-03-07,cassava,Sefwi Wiawso,576.9,1.51,0,3,10
2022-03-14,cassava,Sefwi Wiawso,634.8,1.57,0,3,11
2022-03-21,cassava,Sefwi Wiawso,656.2,1.38,0,3,12
2022-03-28,cassava,Sefwi Wiawso,642.8,1.34,0,3,13
2022-04-04,cassava,Sefwi Wiawso,1017.2,1.48,1,4,14
2022-04-11,cassava,Sefwi Wiawso,988.9,1.42,1,4,15
2022-04-18,cassava,Sefwi Wiawso,591.2,1.49,0,4,16
2022-04-25,cassava,Sefwi Wiawso,581.4,1.52,0,4,17
2022-05-02,cassava,Sefwi Wiawso,614.1,1.57,0,5,18
2022-05-09,cassava,Sefwi Wiawso,647.4,1.45,0,5,19
2022-05-16,cassava,Sefwi Wiawso,666.9,1.54,0,5,20
2022-05-23,cassava,Sefwi Wiawso,606.5,1.52,0,5,21
2022-05-30,cassava,Sefwi Wiawso,600.0,1.54,0,5,22
2022-06-06,cassava,Sefwi Wiawso,677.3,1.62,0,6,23
2022-06-13,cassava,Sefwi Wiawso,623.2,1.75,0,6,24
2022-06-20,cassava,Sefwi Wiawso,620.3,1.65,0,6,25
2022-06-27,cassava,Sefwi Wiawso,526.5,1.78,0,6,26
2022-07-04,cassava,Sefwi Wiawso,549.3,1.81,0,7,27
2022-07-11,cassava,Sefwi Wiawso,515.5,1.93,0,7,28
2022-07-18,cassava,Sefwi Wiawso,564.7,1.87,0,7,29
2022-07-25,cassava,Sefwi Wiawso,550.7,1.85,0,7,30
2022-08-01,cassava,Sefwi Wiawso,907.6,1.93,1,8,31
2022-08-08,cassava,Sefwi Wiawso,771.0,1.86,1,8,32
2022-08-15,cassava,Sefwi Wiawso,854.7,1.68,1,8,33
2022-08-22,cassava,Sefwi Wiawso,944.9,1.65,1,8,34
2022-08-29,cassava,Sefwi Wiawso,837.6,1.98,1,8,35
2022-09-05,cassava,Sefwi Wiawso,502.5,1.77,0,9,36
2022-09-12,cassava,Sefwi Wiawso,521.8,1.82,0,9,37
2022-09-19,cassava,Sefwi Wiawso,606.0,1.69,0,9,38
2022-09-26,cassava,Sefwi Wiawso,693.8,1.6,0,9,39
2022-10-03,cassava,Sefwi Wiawso,707.6,1.42,0,10,40
2022-10-10,cassava,Sefwi Wiawso,610.1,1.45,0,10,41
2022-10-17,cassava,Sefwi Wiawso,639.2,1.39,0,10,42
2022-10-24,cassava,Sefwi Wiawso,568.0,1.54,0,10,43
2022-10-31,cassava,Sefwi Wiawso,609.0,1.58,0,10,44
2022-11-07,cassava,Sefwi Wiawso,677.0,1.48,0,11,45
2022-11-14,cassava,Sefwi Wiawso,673.7,1.46,0,11,46
2022-11-21,cassava,Sefwi Wiawso,652.4,1.38,0,11,47
2022-11-28,cassava,Sefwi Wiawso,568.9,1.55,0,11,48
2022-12-05,cassava,Sefwi Wiawso,627.7,1.47,0,12,49
2022-12-12,cassava,Sefwi Wiawso,686.3,1.45,0,12,50
2022-12-19,cassava,Sefwi Wiawso,606.1,1.49,0,12,51
2022-12-26,cassava,Sefwi Wiawso,948.0,1.43,1,12,52
2023-01-02,cassava,Sefwi Wiawso,568.5,1.89,0,1,1
2023-01-09,cassava,Sefwi Wiawso,600.1,1.77,0,1,2
2023-01-16,cassava,Sefwi Wiawso,503.6,1.96,0,1,3
2023-01-23,cassava,Sefwi Wiawso,593.9,1.87,0,1,4
2023-01-30,cassava,Sefwi Wiawso,582.6,1.96,0,1,5
2023-02-06,cassava,Sefwi Wiawso,655.3,1.87,0,2,6
2023-02-13,cassava,Sefwi Wiawso,540.2,1.88,0,2,7
2023-02-20,cassava,Sefwi Wiawso,635.9,1.79,0,2,8
2023-02-27,cassava,Sefwi Wiawso,606.8,1.94,0,2,9
2023-03-06,cassava,Sefwi Wiawso,665.9,1.56,0,3,10
2023-03-13,cassava,Sefwi Wiawso,598.1,1.59,0,3,11
2023-03-20,cassava,Sefwi Wiawso,587.6,1.62,0,3,12
2023-03-27,cassava,Sefwi Wiawso,631.4,1.62,0,3,13
2023-04-03,cassava,Sefwi Wiawso,1048.5,1.52,1,4,14
2023-04-10,cassava,Sefwi Wiawso,965.3,1.61,1,4,15
2023-04-17,cassava,Sefwi Wiawso,662.4,1.68,0,4,16
2023-04-24,cassava,Sefwi Wiawso,622.4,1.6,0,4,17
2023-05-01,cassava,Sefwi Wiawso,563.6,1.62,0,5,18
2023-05-08,cassava,Sefwi Wiawso,618.8,1.65,0,5,19
2023-05-15,cassava,Sefwi Wiawso,651.2,1.63,0,5,20
2023-05-22,cassava,Sefwi Wiawso,664.4,1.57,0,5,21
2023-05-29,cassava,Sefwi Wiawso,642.7,1.64,0,5,22
2023-06-05,cassava,Sefwi Wiawso,661.8,1.86,0,6,23
2023-06-12,cassava,Sefwi Wiawso,601.0,1.72,0,6,24
2023-06-19,cassava,Sefwi Wiawso,614.4,1.77,0,6,25
2023-06-26,cassava,Sefwi Wiawso,713.2,1.69,0,6,26
2023-07-03,cassava,Sefwi Wiawso,492.2,2.1,0,7,27
2023-07-10,cassava,Sefwi Wiawso,574.9,2.01,0,7,28
2023-07-17,cassava,Sefwi Wiawso,633.5,1.95,0,7,29
2023-07-24,cassava,Sefwi Wiawso,614.2,2.03,0,7,30
2023-07-31,cassava,Sefwi Wiawso,620.6,1.92,0,7,31
2023-08-07,cassava,Sefwi Wiawso,924.3,1.95,1,8,32
2023-08-14,cassava,Sefwi Wiawso,845.4,1.91,1,8,33
2023-08-21,cassava,Sefwi Wiawso,961.0,1.95,1,8,34
2023-08-28,cassava,Sefwi Wiawso,768.4,2.14,1,8,35
2023-09-04,cassava,Sefwi Wiawso,598.8,1.77,0,9,36
2023-09-11,cassava,Sefwi Wiawso,633.7,1.86,0,9,37
2023-09-18,cassava,Sefwi Wiawso,623.7,1.77,0,9,38
2023-09-25,cassava,Sefwi Wiawso,621.9,1.88,0,9,39
2023-10-02,cassava,Sefwi Wiawso,676.2,1.5,0,10,40
2023-10-09,cassava,Sefwi Wiawso,705.0,1.57,0,10,41
2023-10-16,cassava,Sefwi Wiawso,653.6,1.57,0,10,42
2023-10-23,cassava,Sefwi Wiawso,575.3,1.71,0,10,43
2023-10-30,cassava,Sefwi Wiawso,653.5,1.6,0,10,44
2023-11-06,cassava,Sefwi Wiawso,618.0,1.54,0,11,45
2023-11-13,cassava,Sefwi Wiawso,660.5,1.62,0,11,46
2023-11-20,cassava,Sefwi Wiawso,603.7,1.71,0,11,47
2023-11-27,cassava,Sefwi Wiawso,689.8,1.47,0,11,48
2023-12-04,cassava,Sefwi Wiawso,587.6,1.53,0,12,49
2023-12-11,cassava,Sefwi Wiawso,558.1,1.57,0,12,50
2023-12-18,cassava,Sefwi Wiawso,590.0,1.56,0,12,51
2023-12-25,cassava,Sefwi Wiawso,1189.8,1.56,1,12,52
2024-01-01,cassava,Sefwi Wiawso,577.8,1.92,0,1,1
2024-01-08,cassava,Sefwi Wiawso,597.2,2.14,0,1,2
2024-01-15,cassava,Sefwi Wiawso,599.0,1.91,0,1,3
2024-01-22,cassava,Sefwi Wiawso,590.9,2.01,0,1,4
2024-01-29,cassava,Sefwi Wiawso,576.6,2.11,0,1,5
2024-02-05,cassava,Sefwi Wiawso,658.1,2.03,0,2,6
2024-02-12,cassava,Sefwi Wiawso,636.5,1.96,0,2,7
2024-02-19,cassava,Sefwi Wiawso,636.5,1.93,0,2,8
2024-02-26,cassava,Sefwi Wiawso,648.0,2.02,0,2,9
2024-03-04,cassava,Sefwi Wiawso,632.2,1.69,0,3,10
2024-03-11,cassava,Sefwi Wiawso,678.3,1.76,0,3,11
2024-03-18,cassava,Sefwi Wiawso,705.2,1.65,0,3,12
2024-03-25,cassava,Sefwi Wiawso,660.2,1.8,0,3,13
2024-04-01,cassava,Sefwi Wiawso,996.0,1.77,1,4,14
2024-04-08,cassava,Sefwi Wiawso,979.0,1.77,1,4,15
2024-04-15,cassava,Sefwi Wiawso,583.4,1.86,0,4,16
2024-04-22,cassava,Sefwi Wiawso,618.4,1.73,0,4,17
2024-04-29,cassava,Sefwi Wiawso,619.5,1.71,0,4,18
2024-05-06,cassava,Sefwi Wiawso,668.5,1.73,0,5,19
2024-05-13,cassava,Sefwi Wiawso,636.9,1.76,0,5,20
2024-05-20,cassava,Sefwi Wiawso,662.4,1.76,0,5,21
2024-05-27,cassava,Sefwi Wiawso,679.1,1.71,0,5,22
2024-06-03,cassava,Sefwi Wiawso,635.2,1.78,0,6,23
2024-06-10,cassava,Sefwi Wiawso,606.1,1.89,0,6,24
2024-06-17,cassava,Sefwi Wiawso,622.4,1.96,0,6,25
2024-06-24,cassava,Sefwi Wiawso,604.0,1.95,0,6,26
2024-07-01,cassava,Sefwi Wiawso,535.3,2.29,0,7,27
2024-07-08,cassava,Sefwi Wiawso,610.7,2.35,0,7,28
2024-07-15,cassava,Sefwi Wiawso,520.0,2.25,0,7,29
2024-07-22,cassava,Sefwi Wiawso,631.7,2.3,0,7,30
2024-07-29,cassava,Sefwi Wiawso,582.6,2.25,0,7,31
2024-08-05,cassava,Sefwi Wiawso,883.5,2.35,1,8,32
2024-08-12,cassava,Sefwi Wiawso,874.8,2.36,1,8,33
2024-08-19,cassava,Sefwi Wiawso,884.8,2.28,1,8,34
2024-08-26,cassava,Sefwi Wiawso,944.5,2.26,1,8,35
2024-09-02,cassava,Sefwi Wiawso,601.6,1.96,0,9,36
2024-09-09,cassava,Sefwi Wiawso,634.9,1.97,0,9,37
2024-09-16,cassava,Sefwi Wiawso,612.8,1.95,0,9,38
2024-09-23,cassava,Sefwi Wiawso,565.0,2.02,0,9,39
2024-09-30,cassava,Sefwi Wiawso,627.5,1.92,0,9,40
2024-10-07,cassava,Sefwi Wiawso,731.0,1.67,0,10,41
2024-10-14,cassava,Sefwi Wiawso,694.5,1.53,0,10,42
2024-10-21,cassava,Sefwi Wiawso,695.2,1.8,0,10,43
2024-10-28,cassava,Sefwi Wiawso,739.4,1.67,0,10,44
2024-11-04,cassava,Sefwi Wiawso,759.9,1.73,0,11,45
2024-11-11,cassava,Sefwi Wiawso,696.8,1.8,0,11,46
2024-11-18,cassava,Sefwi Wiawso,738.5,1.72,0,11,47
2024-11-25,cassava,Sefwi Wiawso,637.5,1.8,0,11,48
2024-12-02,cassava,Sefwi Wiawso,690.4,1.62,0,12,49
2024-12-09,cassava,Sefwi Wiawso,622.4,1.87,0,12,50
2024-12-16,cassava,Sefwi Wiawso,634.6,1.78,0,12,51
2024-12-23,cassava,Sefwi Wiawso,1091.4,1.72,1,12,52
2024-12-30,cassava,Sefwi Wiawso,1088.1,1.81,1,12,1
2018-01-01,cassava,Wasa Amenfi,513.3,1.2,0,1,1
2018-01-08,cassava,Wasa Amenfi,461.5,1.28,0,1,2
2018-01-15,cassava,Wasa Amenfi,568.2,1.12,0,1,3
2018-01-22,cassava,Wasa Amenfi,493.8,1.24,0,1,4
2018-01-29,cassava,Wasa Amenfi,497.0,1.24,0,1,5
2018-02-05,cassava,Wasa Amenfi,490.5,1.32,0,2,6
2018-02-12,cassava,Wasa Amenfi,540.0,1.14,0,2,7
2018-02-19,cassava,Wasa Amenfi,533.8,1.3,0,2,8
2018-02-26,cassava,Wasa Amenfi,529.4,1.19,0,2,9
2018-03-05,cassava,Wasa Amenfi,609.5,1.03,0,3,10
2018-03-12,cassava,Wasa Amenfi,589.8,1.0,0,3,11
2018-03-19,cassava,Wasa Amenfi,579.5,1.0,0,3,12
2018-03-26,cassava,Wasa Amenfi,563.0,1.06,0,3,13
2018-04-02,cassava,Wasa Amenfi,844.9,1.01,1,4,14
2018-04-09,cassava,Wasa Amenfi,888.7,1.08,1,4,15
2018-04-16,cassava,Wasa Amenfi,602.7,1.03,0,4,16
2018-04-23,cassava,Wasa Amenfi,621.2,1.0,0,4,17
2018-04-30,cassava,Wasa Amenfi,527.0,1.03,0,4,18
2018-05-07,cassava,Wasa Amenfi,509.9,1.07,0,5,19
2018-05-14,cassava,Wasa Amenfi,550.6,1.05,0,5,20
2018-05-21,cassava,Wasa Amenfi,611.9,1.06,0,5,21
2018-05-28,cassava,Wasa Amenfi,560.6,1.09,0,5,22
2018-06-04,cassava,Wasa Amenfi,516.8,1.21,0,6,23
2018-06-11,cassava,Wasa Amenfi,517.3,1.14,0,6,24
2018-06-18,cassava,Wasa Amenfi,554.5,1.11,0,6,25
2018-06-25,cassava,Wasa Amenfi,534.2,1.16,0,6,26
2018-07-02,cassava,Wasa Amenfi,536.7,1.33,0,7,27
2018-07-09,cassava,Wasa Amenfi,571.6,1.23,0,7,28
2018-07-16,cassava,Wasa Amenfi,495.8,1.26,0,7,29
2018-07-23,cassava,Wasa Amenfi,549.8,1.27,0,7,30
2018-07-30,cassava,Wasa Amenfi,537.1,1.3,0,7,31
2018-08-06,cassava,Wasa Amenfi,731.2,1.28,1,8,32
2018-08-13,cassava,Wasa Amenfi,752.3,1.35,1,8,33
2018-08-20,cassava,Wasa Amenfi,827.3,1.23,1,8,34
2018-08-27,cassava,Wasa Amenfi,818.7,1.23,1,8,35
2018-09-03,cassava,Wasa Amenfi,508.5,1.17,0,9,36
2018-09-10,cassava,Wasa Amenfi,571.1,1.17,0,9,37
2018-09-17,cassava,Wasa Amenfi,612.0,1.11,0,9,38
2018-09-24,cassava,Wasa Amenfi,628.5,1.15,0,9,39
2018-10-01,cassava,Wasa Amenfi,558.5,0.99,0,10,40
2018-10-08,cassava,Wasa Amenfi,558.6,1.0,0,10,41
2018-10-15,cassava,Wasa Amenfi,561.8,1.02,0,10,42
2018-10-22,cassava,Wasa Amenfi,596.5,0.98,0,10,43
2018-10-29,cassava,Wasa Amenfi,552.1,1.07,0,10,44
2018-11-05,cassava,Wasa Amenfi,584.8,1.04,0,11,45
2018-11-12,cassava,Wasa Amenfi,550.3,0.98,0,11,46
2018-11-19,cassava,Wasa Amenfi,586.3,1.02,0,11,47
2018-11-26,cassava,Wasa Amenfi,547.1,1.02,0,11,48
2018-12-03,cassava,Wasa Amenfi,551.3,1.07,0,12,49
2018-12-10,cassava,Wasa Amenfi,644.9,1.0,0,12,50
2018-12-17,cassava,Wasa Amenfi,513.0,1.06,0,12,51
2018-12-24,cassava,Wasa Amenfi,934.5,1.03,1,12,52
2018-12-31,cassava,Wasa Amenfi,841.2,1.09,1,12,1
2019-01-07,cassava,Wasa Amenfi,518.5,1.38,0,1,2
2019-01-14,cassava,Wasa Amenfi,564.6,1.32,0,1,3
2019-01-21,cassava,Wasa Amenfi,542.8,1.3,0,1,4
2019-01-28,cassava,Wasa Amenfi,521.6,1.34,0,1,5
2019-02-04,cassava,Wasa Amenfi,580.6,1.31,0,2,6
2019-02-11,cassava,Wasa Amenfi,518.9,1.41,0,2,7
2019-02-18,cassava,Wasa Amenfi,561.0,1.32,0,2,8
2019-02-25,cassava,Wasa Amenfi,564.0,1.3,0,2,9
2019-03-04,cassava,Wasa Amenfi,481.7,1.11,0,3,10
2019-03-11,cassava,Wasa Amenfi,591.5,1.08,0,3,11
2019-03-18,cassava,Wasa Amenfi,526.8,1.16,0,3,12
2019-03-25,cassava,Wasa Amenfi,560.8,1.09,0,3,13
2019-04-01,cassava,Wasa Amenfi,952.6,1.19,1,4,14
2019-04-08,cassava,Wasa Amenfi,920.1,1.08,1,4,15
2019-04-15,cassava,Wasa Amenfi,639.6,1.14,0,4,16
2019-04-22,cassava,Wasa Amenfi,509.2,1.19,0,4,17
2019-04-29,cassava,Wasa Amenfi,575.3,1.04,0,4,18
2019-05-06,cassava,Wasa Amenfi,567.6,1.24,0,5,19
2019-05-13,cassava,Wasa Amenfi,570.0,1.13,0,5,20
2019-05-20,cassava,Wasa Amenfi,584.9,1.15,0,5,21
2019-05-27,cassava,Wasa Amenfi,563.1,1.17,0,5,22
2019-06-03,cassava,Wasa Amenfi,553.4,1.29,0,6,23
2019-06-10,cassava,Wasa Amenfi,554.5,1.27,0,6,24
2019-06-17,cassava,Wasa Amenfi,561.0,1.3,0,6,25
2019-06-24,cassava,Wasa Amenfi,583.1,1.28,0,6,26
2019-07-01,cassava,Wasa Amenfi,547.6,1.51,0,7,27
2019-07-08,cassava,Wasa Amenfi,511.0,1.44,0,7,28
2019-07-15,cassava,Wasa Amenfi,485.0,1.52,0,7,29
2019-07-22,cassava,Wasa Amenfi,496.0,1.46,0,7,30
2019-07-29,cassava,Wasa Amenfi,604.4,1.31,0,7,31
2019-08-05,cassava,Wasa Amenfi,759.8,1.57,1,8,32
2019-08-12,cassava,Wasa Amenfi,708.3,1.39,1,8,33
2019-08-19,cassava,Wasa Amenfi,663.6,1.51,1,8,34
2019-08-26,cassava,Wasa Amenfi,747.5,1.42,1,8,35
2019-09-02,cassava,Wasa Amenfi,563.9,1.33,0,9,36
2019-09-09,cassava,Wasa Amenfi,585.1,1.24,0,9,37
2019-09-16,cassava,Wasa Amenfi,580.0,1.31,0,9,38
2019-09-23,cassava,Wasa Amenfi,573.2,1.26,0,9,39
2019-09-30,cassava,Wasa Amenfi,592.9,1.36,0,9,40
2019-10-07,cassava,Wasa Amenfi,603.8,1.11,0,10,41
2019-10-14,cassava,Wasa Amenfi,572.0,1.13,0,10,42
2019-10-21,cassava,Wasa Amenfi,666.9,1.0,0,10,43
2019-10-28,cassava,Wasa Amenfi,527.1,1.09,0,10,44
2019-11-04,cassava,Wasa Amenfi,573.9,1.12,0,11,45
2019-11-11,cassava,Wasa Amenfi,585.6,1.11,0,11,46
2019-11-18,cassava,Wasa Amenfi,589.8,1.14,0,11,47
2019-11-25,cassava,Wasa Amenfi,531.8,1.08,0,11,48
2019-12-02,cassava,Wasa Amenfi,575.4,1.11,0,12,49
2019-12-09,cassava,Wasa Amenfi,579.1,1.16,0,12,50
2019-12-16,cassava,Wasa Amenfi,645.4,1.01,0,12,51
2019-12-23,cassava,Wasa Amenfi,1026.3,1.13,1,12,52
2019-12-30,cassava,Wasa Amenfi,1029.3,1.09,1,12,1
2020-01-06,cassava,Wasa Amenfi,559.3,1.36,0,1,2
2020-01-13,cassava,Wasa Amenfi,562.5,1.43,0,1,3
2020-01-20,cassava,Wasa Amenfi,520.5,1.48,0,1,4
2020-01-27,cassava,Wasa Amenfi,534.2,1.47,0,1,5
2020-02-03,cassava,Wasa Amenfi,573.1,1.42,0,2,6
2020-02-10,cassava,Wasa Amenfi,531.5,1.47,0,2,7
2020-02-17,cassava,Wasa Amenfi,544.5,1.47,0,2,8
2020-02-24,cassava,Wasa Amenfi,578.5,1.42,0,2,9
2020-03-02,cassava,Wasa Amenfi,622.6,1.19,0,3,10
2020-03-09,cassava,Wasa Amenfi,641.3,1.19,0,3,11
2020-03-16,cassava,Wasa Amenfi,652.0,1.26,0,3,12
2020-03-23,cassava,Wasa Amenfi,610.8,1.22,0,3,13
2020-03-30,cassava,Wasa Amenfi,588.0,1.17,0,3,14
2020-04-06,cassava,Wasa Amenfi,1000.1,1.15,1,4,15
2020-04-13,cassava,Wasa Amenfi,926.0,1.27,1,4,16
2020-04-20,cassava,Wasa Amenfi,619.2,1.2,0,4,17
2020-04-27,cassava,Wasa Amenfi,635.0,1.24,0,4,18
2020-05-04,cassava,Wasa Amenfi,508.9,1.3,0,5,19
2020-05-11,cassava,Wasa Amenfi,668.2,1.17,0,5,20
2020-05-18,cassava,Wasa Amenfi,655.6,1.23,0,5,21
2020-05-25,cassava,Wasa Amenfi,610.2,1.23,0,5,22
2020-06-01,cassava,Wasa Amenfi,597.1,1.37,0,6,23
2020-06-08,cassava,Wasa Amenfi,553.2,1.42,0,6,24
2020-06-15,cassava,Wasa Amenfi,607.0,1.28,0,6,25
2020-06-22,cassava,Wasa Amenfi,597.5,1.38,0,6,26
2020-06-29,cassava,Wasa Amenfi,585.7,1.41,0,6,27
2020-07-06,cassava,Wasa Amenfi,562.8,1.51,0,7,28
2020-07-13,cassava,Wasa Amenfi,557.0,1.52,0,7,29
2020-07-20,cassava,Wasa Amenfi,557.5,1.55,0,7,30
2020-07-27,cassava,Wasa Amenfi,554.0,1.55,0,7,31
2020-08-03,cassava,Wasa Amenfi,739.9,1.57,1,8,32
2020-08-10,cassava,Wasa Amenfi,827.7,1.57,1,8,33
2020-08-17,cassava,Wasa Amenfi,920.6,1.47,1,8,34
2020-08-24,cassava,Wasa Amenfi,779.7,1.59,1,8,35
2020-08-31,cassava,Wasa Amenfi,843.2,1.61,1,8,36
2020-09-07,cassava,Wasa Amenfi,549.5,1.39,0,9,37
2020-09-14,cassava,Wasa Amenfi,610.4,1.3,0,9,38
2020-09-21,cassava,Wasa Amenfi,565.3,1.37,0,9,39
2020-09-28,cassava,Wasa Amenfi,629.6,1.39,0,9,40
2020-10-05,cassava,Wasa Amenfi,675.8,1.13,0,10,41
2020-10-12,cassava,Wasa Amenfi,599.7,1.16,0,10,42
2020-10-19,cassava,Wasa Amenfi,667.4,1.11,0,10,43
2020-10-26,cassava,Wasa Amenfi,642.4,1.21,0,10,44
2020-11-02,cassava,Wasa Amenfi,594.5,1.19,0,11,45
2020-11-09,cassava,Wasa Amenfi,632.5,1.11,0,11,46
2020-11-16,cassava,Wasa Amenfi,618.0,1.2,0,11,47
2020-11-23,cassava,Wasa Amenfi,569.2,1.18,0,11,48
2020-11-30,cassava,Wasa Amenfi,592.2,1.21,0,11,49
2020-12-07,cassava,Wasa Amenfi,680.9,1.18,0,12,50
2020-12-14,cassava,Wasa Amenfi,592.8,1.16,0,12,51
2020-12-21,cassava,Wasa Amenfi,1067.2,1.16,1,12,52
2020-12-28,cassava,Wasa Amenfi,1040.3,1.17,1,12,53
2021-01-04,cassava,Wasa Amenfi,549.8,1.53,0,1,1
2021-01-11,cassava,Wasa Amenfi,559.9,1.54,0,1,2
2021-01-18,cassava,Wasa Amenfi,616.7,1.52,0,1,3
2021-01-25,cassava,Wasa Amenfi,582.3,1.5,0,1,4
2021-02-01,cassava,Wasa Amenfi,585.6,1.52,0,2,5
2021-02-08,cassava,Wasa Amenfi,568.5,1.69,0,2,6
2021-02-15,cassava,Wasa Amenfi,560.2,1.49,0,2,7
2021-02-22,cassava,Wasa Amenfi,531.6,1.5,0,2,8
2021-03-01,cassava,Wasa Amenfi,603.0,1.49,0,3,9
2021-03-08,cassava,Wasa Amenfi,595.1,1.34,0,3,10
2021-03-15,cassava,Wasa Amenfi,655.2,1.25,0,3,11
2021-03-22,cassava,Wasa Amenfi,557.0,1.36,0,3,12
2021-03-29,cassava,Wasa Amenfi,628.8,1.27,0,3,13
2021-04-05,cassava,Wasa Amenfi,859.0,1.37,1,4,14
2021-04-12,cassava,Wasa Amenfi,949.1,1.32,1,4,15
2021-04-19,cassava,Wasa Amenfi,584.1,1.3,0,4,16
2021-04-26,cassava,Wasa Amenfi,541.7,1.41,0,4,17
2021-05-03,cassava,Wasa Amenfi,577.4,1.37,0,5,18
2021-05-10,cassava,Wasa Amenfi,501.7,1.39,0,5,19
2021-05-17,cassava,Wasa Amenfi,550.2,1.36,0,5,20
2021-05-24,cassava,Wasa Amenfi,636.7,1.31,0,5,21
2021-05-31,cassava,Wasa Amenfi,600.4,1.37,0,5,22
2021-06-07,cassava,Wasa Amenfi,536.6,1.53,0,6,23
2021-06-14,cassava,Wasa Amenfi,610.4,1.47,0,6,24
2021-06-21,cassava,Wasa Amenfi,532.9,1.57,0,6,25
2021-06-28,cassava,Wasa Amenfi,604.3,1.51,0,6,26
2021-07-05,cassava,Wasa Amenfi,539.2,1.66,0,7,27
2021-07-12,cassava,Wasa Amenfi,532.4,1.66,0,7,28
2021-07-19,cassava,Wasa Amenfi,540.0,1.66,0,7,29
2021-07-26,cassava,Wasa Amenfi,656.3,1.56,0,7,30
2021-08-02,cassava,Wasa Amenfi,783.4,1.65,1,8,31
2021-08-09,cassava,Wasa Amenfi,824.4,1.67,1,8,32
2021-08-16,cassava,Wasa Amenfi,867.1,1.63,1,8,33
2021-08-23,cassava,Wasa Amenfi,763.0,1.68,1,8,34
2021-08-30,cassava,Wasa Amenfi,738.9,1.66,1,8,35
2021-09-06,cassava,Wasa Amenfi,563.7,1.53,0,9,36
2021-09-13,cassava,Wasa Amenfi,611.4,1.53,0,9,37
2021-09-20,cassava,Wasa Amenfi,581.3,1.5,0,9,38
2021-09-27,cassava,Wasa Amenfi,613.1,1.41,0,9,39
2021-10-04,cassava,Wasa Amenfi,610.2,1.36,0,10,40
2021-10-11,cassava,Wasa Amenfi,579.6,1.27,0,10,41
2021-10-18,cassava,Wasa Amenfi,605.8,1.27,0,10,42
2021-10-25,cassava,Wasa Amenfi,557.1,1.26,0,10,43
2021-11-01,cassava,Wasa Amenfi,628.6,1.26,0,11,44
2021-11-08,cassava,Wasa Amenfi,590.4,1.36,0,11,45
2021-11-15,cassava,Wasa Amenfi,613.5,1.35,0,11,46
2021-11-22,cassava,Wasa Amenfi,561.0,1.3,0,11,47
2021-11-29,cassava,Wasa Amenfi,602.4,1.28,0,11,48
2021-12-06,cassava,Wasa Amenfi,553.4,1.32,0,12,49
2021-12-13,cassava,Wasa Amenfi,600.8,1.29,0,12,50
2021-12-20,cassava,Wasa Amenfi,1109.5,1.28,1,12,51
2021-12-27,cassava,Wasa Amenfi,982.1,1.31,1,12,52
2022-01-03,cassava,Wasa Amenfi,527.8,1.62,0,1,1
2022-01-10,cassava,Wasa Amenfi,539.0,1.67,0,1,2
2022-01-17,cassava,Wasa Amenfi,509.9,1.66,0,1,3
2022-01-24,cassava,Wasa Amenfi,513.6,1.69,0,1,4
2022-01-31,cassava,Wasa Amenfi,600.8,1.61,0,1,5
2022-02-07,cassava,Wasa Amenfi,507.4,1.71,0,2,6
2022-02-14,cassava,Wasa Amenfi,595.0,1.6,0,2,7
2022-02-21,cassava,Wasa Amenfi,579.5,1.62,0,2,8
2022-02-28,cassava,Wasa Amenfi,557.6,1.63,0,2,9
2022-03-07,cassava,Wasa Amenfi,639.4,1.36,0,3,10
2022-03-14,cassava,Wasa Amenfi,558.7,1.48,0,3,11
2022-03-21,cassava,Wasa Amenfi,659.0,1.37,0,3,12
2022-03-28,cassava,Wasa Amenfi,597.8,1.38,0,3,13
2022-04-04,cassava,Wasa Amenfi,906.8,1.5,1,4,14
2022-04-11,cassava,Wasa Amenfi,948.0,1.4,1,4,15
2022-04-18,cassava,Wasa Amenfi,640.1,1.42,0,4,16
2022-04-25,cassava,Wasa Amenfi,652.0,1.37,0,4,17
2022-05-02,cassava,Wasa Amenfi,502.9,1.49,0,5,18
2022-05-09,cassava,Wasa Amenfi,605.8,1.49,0,5,19
2022-05-16,cassava,Wasa Amenfi,537.0,1.48,0,5,20
2022-05-23,cassava,Wasa Amenfi,590.4,1.47,0,5,21
2022-05-30,cassava,Wasa Amenfi,605.1,1.45,0,5,22
2022-06-06,cassava,Wasa Amenfi,603.7,1.54,0,6,23
2022-06-13,cassava,Wasa Amenfi,638.4,1.53,0,6,24
2022-06-20,cassava,Wasa Amenfi,608.2,1.66,0,6,25
2022-06-27,cassava,Wasa Amenfi,563.6,1.63,0,6,26
2022-07-04,cassava,Wasa Amenfi,541.2,1.73,0,7,27
2022-07-11,cassava,Wasa Amenfi,555.6,1.78,0,7,28
2022-07-18,cassava,Wasa Amenfi,509.6,1.76,0,7,29
2022-07-25,cassava,Wasa Amenfi,559.9,1.7,0,7,30
2022-08-01,cassava,Wasa Amenfi,898.1,1.8,1,8,31
2022-08-08,cassava,Wasa Amenfi,768.6,1.76,1,8,32
2022-08-15,cassava,Wasa Amenfi,842.2,1.72,1,8,33
2022-08-22,cassava,Wasa Amenfi,843.9,1.68,1,8,34
2022-08-29,cassava,Wasa Amenfi,980.3,1.68,1,8,35
2022-09-05,cassava,Wasa Amenfi,596.9,1.58,0,9,36
2022-09-12,cassava,Wasa Amenfi,593.4,1.6,0,9,37
2022-09-19,cassava,Wasa Amenfi,587.1,1.55,0,9,38
2022-09-26,cassava,Wasa Amenfi,597.4,1.65,0,9,39
2022-10-03,cassava,Wasa Amenfi,631.9,1.37,0,10,40
2022-10-10,cassava,Wasa Amenfi,576.2,1.41,0,10,41
2022-10-17,cassava,Wasa Amenfi,658.7,1.37,0,10,42
2022-10-24,cassava,Wasa Amenfi,646.1,1.33,0,10,43
2022-10-31,cassava,Wasa Amenfi,650.0,1.38,0,10,44
2022-11-07,cassava,Wasa Amenfi,634.5,1.31,0,11,45
2022-11-14,cassava,Wasa Amenfi,621.4,1.41,0,11,46
2022-11-21,cassava,Wasa Amenfi,631.7,1.33,0,11,47
2022-11-28,cassava,Wasa Amenfi,655.6,1.44,0,11,48
2022-12-05,cassava,Wasa Amenfi,634.3,1.37,0,12,49
2022-12-12,cassava,Wasa Amenfi,604.0,1.45,0,12,50
2022-12-19,cassava,Wasa Amenfi,626.4,1.33,0,12,51
2022-12-26,cassava,Wasa Amenfi,1019.5,1.36,1,12,52
2023-01-02,cassava,Wasa Amenfi,579.8,1.81,0,1,1
2023-01-09,cassava,Wasa Amenfi,585.3,1.87,0,1,2
2023-01-16,cassava,Wasa Amenfi,528.6,1.9,0,1,3
2023-01-23,cassava,Wasa Amenfi,583.2,1.78,0,1,4
2023-01-30,cassava,Wasa Amenfi,555.1,1.91,0,1,5
2023-02-06,cassava,Wasa Amenfi,597.6,1.77,0,2,6
2023-02-13,cassava,Wasa Amenfi,503.9,1.87,0,2,7
2023-02-20,cassava,Wasa Amenfi,562.2,1.73,0,2,8
2023-02-27,cassava,Wasa Amenfi,526.0,1.82,0,2,9
2023-03-06,cassava,Wasa Amenfi,671.9,1.39,0,3,10
2023-03-13,cassava,Wasa Amenfi,608.3,1.47,0,3,11
2023-03-20,cassava,Wasa Amenfi,593.8,1.57,0,3,12
2023-03-27,cassava,Wasa Amenfi,600.0,1.46,0,3,13
2023-04-03,cassava,Wasa Amenfi,946.0,1.57,1,4,14
2023-04-10,cassava,Wasa Amenfi,891.3,1.6,1,4,15
2023-04-17,cassava,Wasa Amenfi,659.9,1.52,0,4,16
2023-04-24,cassava,Wasa Amenfi,659.1,1.49,0,4,17
2023-05-01,cassava,Wasa Amenfi,637.8,1.53,0,5,18
2023-05-08,cassava,Wasa Amenfi,630.0,1.5,0,5,19
2023-05-15,cassava,Wasa Amenfi,549.5,1.55,0,5,20
2023-05-22,cassava,Wasa Amenfi,605.9,1.56,0,5,21
2023-05-29,cassava,Wasa Amenfi,600.3,1.54,0,5,22
2023-06-05,cassava,Wasa Amenfi,596.7,1.82,0,6,23
2023-06-12,cassava,Wasa Amenfi,656.4,1.65,0,6,24
2023-06-19,cassava,Wasa Amenfi,604.4,1.8,0,6,25
2023-06-26,cassava,Wasa Amenfi,687.1,1.63,0,6,26
2023-07-03,cassava,Wasa Amenfi,547.0,1.93,0,7,27
2023-07-10,cassava,Wasa Amenfi,529.2,2.01,0,7,28
2023-07-17,cassava,Wasa Amenfi,583.5,2.01,0,7,29
2023-07-24,cassava,Wasa Amenfi,581.0,1.89,0,7,30
2023-07-31,cassava,Wasa Amenfi,551.5,1.96,0,7,31
2023-08-07,cassava,Wasa Amenfi,935.6,1.96,1,8,32
2023-08-14,cassava,Wasa Amenfi,895.6,1.89,1,8,33
2023-08-21,cassava,Wasa Amenfi,826.4,1.98,1,8,34
2023-08-28,cassava,Wasa Amenfi,772.4,2.08,1,8,35
2023-09-04,cassava,Wasa Amenfi,660.8,1.77,0,9,36
2023-09-11,cassava,Wasa Amenfi,617.1,1.78,0,9,37
2023-09-18,cassava,Wasa Amenfi,610.4,1.78,0,9,38
2023-09-25,cassava,Wasa Amenfi,674.5,1.64,0,9,39
2023-10-02,cassava,Wasa Amenfi,657.6,1.51,0,10,40
2023-10-09,cassava,Wasa Amenfi,672.2,1.43,0,10,41
2023-10-16,cassava,Wasa Amenfi,678.1,1.45,0,10,42
2023-10-23,cassava,Wasa Amenfi,611.4,1.61,0,10,43
2023-10-30,cassava,Wasa Amenfi,658.6,1.47,0,10,44
2023-11-06,cassava,Wasa Amenfi,619.7,1.45,0,11,45
2023-11-13,cassava,Wasa Amenfi,680.2,1.56,0,11,46
2023-11-20,cassava,Wasa Amenfi,603.3,1.44,0,11,47
2023-11-27,cassava,Wasa Amenfi,653.4,1.47,0,11,48
2023-12-04,cassava,Wasa Amenfi,562.6,1.58,0,12,49
2023-12-11,cassava,Wasa Amenfi,629.1,1.51,0,12,50
2023-12-18,cassava,Wasa Amenfi,643.3,1.41,0,12,51
2023-12-25,cassava,Wasa Amenfi,1044.2,1.54,1,12,52
2024-01-01,cassava,Wasa Amenfi,610.3,1.89,0,1,1
2024-01-08,cassava,Wasa Amenfi,532.3,2.04,0,1,2
2024-01-15,cassava,Wasa Amenfi,599.3,1.88,0,1,3
2024-01-22,cassava,Wasa Amenfi,618.8,2.01,0,1,4
2024-01-29,cassava,Wasa Amenfi,516.5,2.06,0,1,5
2024-02-05,cassava,Wasa Amenfi,575.6,1.87,0,2,6
2024-02-12,cassava,Wasa Amenfi,625.5,1.92,0,2,7
2024-02-19,cassava,Wasa Amenfi,586.2,1.97,0,2,8
2024-02-26,cassava,Wasa Amenfi,612.2,1.87,0,2,9
2024-03-04,cassava,Wasa Amenfi,667.2,1.68,0,3,10
2024-03-11,cassava,Wasa Amenfi,606.8,1.65,0,3,11
2024-03-18,cassava,Wasa Amenfi,620.2,1.64,0,3,12
2024-03-25,cassava,Wasa Amenfi,609.8,1.66,0,3,13
2024-04-01,cassava,Wasa Amenfi,974.9,1.68,1,4,14
2024-04-08,cassava,Wasa Amenfi,1075.7,1.68,1,4,15
2024-04-15,cassava,Wasa Amenfi,581.2,1.63,0,4,16
2024-04-22,cassava,Wasa Amenfi,600.8,1.63,0,4,17
2024-04-29,cassava,Wasa Amenfi,586.1,1.66,0,4,18
2024-05-06,cassava,Wasa Amenfi,690.4,1.68,0,5,19
2024-05-13,cassava,Wasa Amenfi,621.7,1.65,0,5,20
2024-05-20,cassava,Wasa Amenfi,618.8,1.7,0,5,21
2024-05-27,cassava,Wasa Amenfi,608.0,1.56,0,5,22
2024-06-03,cassava,Wasa Amenfi,633.2,1.79,0,6,23
2024-06-10,cassava,Wasa Amenfi,668.4,1.82,0,6,24
2024-06-17,cassava,Wasa Amenfi,655.8,1.78,0,6,25
2024-06-24,cassava,Wasa Amenfi,597.1,1.96,0,6,26
2024-07-01,cassava,Wasa Amenfi,524.2,2.08,0,7,27
2024-07-08,cassava,Wasa Amenfi,565.1,2.09,0,7,28
2024-07-15,cassava,Wasa Amenfi,594.4,2.03,0,7,29
2024-07-22,cassava,Wasa Amenfi,546.1,2.07,0,7,30
2024-07-29,cassava,Wasa Amenfi,626.3,1.97,0,7,31
2024-08-05,cassava,Wasa Amenfi,920.1,2.07,1,8,32
2024-08-12,cassava,Wasa Amenfi,864.8,2.01,1,8,33
2024-08-19,cassava,Wasa Amenfi,915.0,2.06,1,8,34
2024-08-26,cassava,Wasa Amenfi,936.6,1.87,1,8,35
2024-09-02,cassava,Wasa Amenfi,701.1,1.79,0,9,36
2024-09-09,cassava,Wasa Amenfi,679.8,1.99,0,9,37
2024-09-16,cassava,Wasa Amenfi,577.0,1.94,0,9,38
2024-09-23,cassava,Wasa Amenfi,638.6,1.97,0,9,39
2024-09-30,cassava,Wasa Amenfi,655.7,1.98,0,9,40
2024-10-07,cassava,Wasa Amenfi,594.8,1.65,0,10,41
2024-10-14,cassava,Wasa Amenfi,629.9,1.58,0,10,42
2024-10-21,cassava,Wasa Amenfi,641.7,1.54,0,10,43
2024-10-28,cassava,Wasa Amenfi,618.1,1.68,0,10,44
2024-11-04,cassava,Wasa Amenfi,630.7,1.62,0,11,45
2024-11-11,cassava,Wasa Amenfi,593.4,1.78,0,11,46
2024-11-18,cassava,Wasa Amenfi,686.4,1.59,0,11,47
2024-11-25,cassava,Wasa Amenfi,541.4,1.74,0,11,48
2024-12-02,cassava,Wasa Amenfi,613.6,1.61,0,12,49
2024-12-09,cassava,Wasa Amenfi,647.9,1.71,0,12,50
2024-12-16,cassava,Wasa Amenfi,635.2,1.74,0,12,51
2024-12-23,cassava,Wasa Amenfi,1038.0,1.56,1,12,52
2024-12-30,cassava,Wasa Amenfi,1129.4,1.59,1,12,1
2018-01-01,pepper,Aowin,88.8,6.92,0,1,1
2018-01-08,pepper,Aowin,77.4,7.47,0,1,2
2018-01-15,pepper,Aowin,74.8,7.22,0,1,3
2018-01-22,pepper,Aowin,83.2,7.29,0,1,4
2018-01-29,pepper,Aowin,85.9,7.44,0,1,5
2018-02-05,pepper,Aowin,79.6,6.78,0,2,6
2018-02-12,pepper,Aowin,76.6,7.7,0,2,7
2018-02-19,pepper,Aowin,85.4,7.22,0,2,8
2018-02-26,pepper,Aowin,78.6,7.48,0,2,9
2018-03-05,pepper,Aowin,74.8,6.44,0,3,10
2018-03-12,pepper,Aowin,84.0,6.62,0,3,11
2018-03-19,pepper,Aowin,80.4,6.25,0,3,12
2018-03-26,pepper,Aowin,84.0,5.75,0,3,13
2018-04-02,pepper,Aowin,120.1,6.33,1,4,14
2018-04-09,pepper,Aowin,142.9,6.37,1,4,15
2018-04-16,pepper,Aowin,83.6,6.06,0,4,16
2018-04-23,pepper,Aowin,86.5,6.36,0,4,17
2018-04-30,pepper,Aowin,89.2,6.23,0,4,18
2018-05-07,pepper,Aowin,89.9,6.02,0,5,19
2018-05-14,pepper,Aowin,85.2,6.53,0,5,20
2018-05-21,pepper,Aowin,88.8,6.22,0,5,21
2018-05-28,pepper,Aowin,87.1,6.26,0,5,22
2018-06-04,pepper,Aowin,81.9,6.83,0,6,23
2018-06-11,pepper,Aowin,77.4,7.3,0,6,24
2018-06-18,pepper,Aowin,84.1,6.95,0,6,25
2018-06-25,pepper,Aowin,83.7,6.98,0,6,26
2018-07-02,pepper,Aowin,80.9,7.71,0,7,27
2018-07-09,pepper,Aowin,81.8,7.99,0,7,28
2018-07-16,pepper,Aowin,76.3,8.27,0,7,29
2018-07-23,pepper,Aowin,72.6,8.05,0,7,30
2018-07-30,pepper,Aowin,66.3,8.06,0,7,31
2018-08-06,pepper,Aowin,109.1,8.09,1,8,32
2018-08-13,pepper,Aowin,111.8,7.46,1,8,33
2018-08-20,pepper,Aowin,114.4,7.62,1,8,34
2018-08-27,pepper,Aowin,118.9,7.83,1,8,35
2018-09-03,pepper,Aowin,87.3,6.89,0,9,36
2018-09-10,pepper,Aowin,97.6,6.79,0,9,37
2018-09-17,pepper,Aowin,92.7,6.56,0,9,38
2018-09-24,pepper,Aowin,98.8,6.71,0,9,39
2018-10-01,pepper,Aowin,90.9,6.01,0,10,40
2018-10-08,pepper,Aowin,92.4,6.05,0,10,41
2018-10-15,pepper,Aowin,86.7,5.88,0,10,42
2018-10-22,pepper,Aowin,80.8,6.09,0,10,43
2018-10-29,pepper,Aowin,85.4,5.96,0,10,44
2018-11-05,pepper,Aowin,83.9,6.37,0,11,45
2018-11-12,pepper,Aowin,83.8,6.07,0,11,46
2018-11-19,pepper,Aowin,79.8,6.28,0,11,47
2018-11-26,pepper,Aowin,88.3,6.16,0,11,48
2018-12-03,pepper,Aowin,85.2,5.8,0,12,49
2018-12-10,pepper,Aowin,79.1,6.12,0,12,50
2018-12-17,pepper,Aowin,84.2,5.84,0,12,51
2018-12-24,pepper,Aowin,142.7,6.12,1,12,52
2018-12-31,pepper,Aowin,138.9,5.96,1,12,1
2019-01-07,pepper,Aowin,78.8,7.98,0,1,2
2019-01-14,pepper,Aowin,87.2,7.44,0,1,3
2019-01-21,pepper,Aowin,83.5,7.86,0,1,4
2019-01-28,pepper,Aowin,76.3,8.04,0,1,5
2019-02-04,pepper,Aowin,72.6,8.2,0,2,6
2019-02-11,pepper,Aowin,79.9,7.67,0,2,7
2019-02-18,pepper,Aowin,84.0,7.92,0,2,8
2019-02-25,pepper,Aowin,84.7,7.97,0,2,9
2019-03-04,pepper,Aowin,84.8,7.2,0,3,10
2019-03-11,pepper,Aowin,97.4,6.38,0,3,11
2019-03-18,pepper,Aowin,98.6,6.53,0,3,12
2019-03-25,pepper,Aowin,77.9,7.54,0,3,13
2019-04-01,pepper,Aowin,150.3,6.75,1,4,14
2019-04-08,pepper,Aowin,142.9,6.31,1,4,15
2019-04-15,pepper,Aowin,93.9,6.67,0,4,16
2019-04-22,pepper,Aowin,99.0,6.07,0,4,17
2019-04-29,pepper,Aowin,76.1,6.89,0,4,18
2019-05-06,pepper,Aowin,80.1,7.09,0,5,19
2019-05-13,pepper,Aowin,83.0,6.62,0,5,20
2019-05-20,pepper,Aowin,78.9,6.74,0,5,21
2019-05-27,pepper,Aowin,89.3,7.12,0,5,22
2019-06-03,pepper,Aowin,102.4,6.99,0,6,23
2019-06-10,pepper,Aowin,88.4,7.12,0,6,24
2019-06-17,pepper,Aowin,91.3,7.45,0,6,25
2019-06-24,pepper,Aowin,96.1,7.29,0,6,26
2019-07-01,pepper,Aowin,81.1,8.37,0,7,27
2019-07-08,pepper,Aowin,82.4,8.04,0,7,28
2019-07-15,pepper,Aowin,77.7,8.54,0,7,29
2019-07-22,pepper,Aowin,82.3,8.42,0,7,30
2019-07-29,pepper,Aowin,82.2,8.66,0,7,31
2019-08-05,pepper,Aowin,121.5,8.59,1,8,32
2019-08-12,pepper,Aowin,121.1,8.6,1,8,33
2019-08-19,pepper,Aowin,123.9,8.03,1,8,34
2019-08-26,pepper,Aowin,106.0,8.69,1,8,35
2019-09-02,pepper,Aowin,92.3,7.56,0,9,36
2019-09-09,pepper,Aowin,80.4,7.61,0,9,37
2019-09-16,pepper,Aowin,87.2,7.98,0,9,38
2019-09-23,pepper,Aowin,92.6,7.44,0,9,39
2019-09-30,pepper,Aowin,77.7,8.07,0,9,40
2019-10-07,pepper,Aowin,81.6,6.93,0,10,41
2019-10-14,pepper,Aowin,97.3,6.75,0,10,42
2019-10-21,pepper,Aowin,90.5,6.3,0,10,43
2019-10-28,pepper,Aowin,87.6,5.98,0,10,44
2019-11-04,pepper,Aowin,89.8,6.88,0,11,45
2019-11-11,pepper,Aowin,84.0,6.63,0,11,46
2019-11-18,pepper,Aowin,80.0,6.4,0,11,47
2019-11-25,pepper,Aowin,88.1,6.91,0,11,48
2019-12-02,pepper,Aowin,85.9,6.41,0,12,49
2019-12-09,pepper,Aowin,91.4,6.53,0,12,50
2019-12-16,pepper,Aowin,82.9,6.78,0,12,51
2019-12-23,pepper,Aowin,158.8,6.34,1,12,52
2019-12-30,pepper,Aowin,149.2,6.61,1,12,1
2020-01-06,pepper,Aowin,67.4,8.86,0,1,2
2020-01-13,pepper,Aowin,83.7,8.56,0,1,3
2020-01-20,pepper,Aowin,78.1,8.91,0,1,4
2020-01-27,pepper,Aowin,86.5,8.87,0,1,5
2020-02-03,pepper,Aowin,84.4,8.55,0,2,6
2020-02-10,pepper,Aowin,92.9,7.74,0,2,7
2020-02-17,pepper,Aowin,81.7,8.17,0,2,8
2020-02-24,pepper,Aowin,76.9,8.8,0,2,9
2020-03-02,pepper,Aowin,92.8,6.87,0,3,10
2020-03-09,pepper,Aowin,87.5,7.23,0,3,11
2020-03-16,pepper,Aowin,94.7,7.42,0,3,12
2020-03-23,pepper,Aowin,84.0,7.76,0,3,13
2020-03-30,pepper,Aowin,83.5,7.16,0,3,14
2020-04-06,pepper,Aowin,135.3,7.18,1,4,15
2020-04-13,pepper,Aowin,147.8,7.36,1,4,16
2020-04-20,pepper,Aowin,86.9,7.48,0,4,17
2020-04-27,pepper,Aowin,87.9,7.33,0,4,18
2020-05-04,pepper,Aowin,91.6,7.73,0,5,19
2020-05-11,pepper,Aowin,86.1,7.18,0,5,20
2020-05-18,pepper,Aowin,76.7,7.45,0,5,21
2020-05-25,pepper,Aowin,83.2,7.55,0,5,22
2020-06-01,pepper,Aowin,90.3,7.99,0,6,23
2020-06-08,pepper,Aowin,84.5,8.39,0,6,24
2020-06-15,pepper,Aowin,79.4,8.16,0,6,25
2020-06-22,pepper,Aowin,91.2,8.37,0,6,26
2020-06-29,pepper,Aowin,88.3,8.18,0,6,27
2020-07-06,pepper,Aowin,81.9,9.29,0,7,28
2020-07-13,pepper,Aowin,84.6,8.92,0,7,29
2020-07-20,pepper,Aowin,76.1,8.92,0,7,30
2020-07-27,pepper,Aowin,79.5,9.6,0,7,31
2020-08-03,pepper,Aowin,125.5,9.44,1,8,32
2020-08-10,pepper,Aowin,133.7,8.83,1,8,33
2020-08-17,pepper,Aowin,125.8,9.27,1,8,34
2020-08-24,pepper,Aowin,134.7,8.33,1,8,35
2020-08-31,pepper,Aowin,110.5,9.0,1,8,36
2020-09-07,pepper,Aowin,85.9,8.59,0,9,37
2020-09-14,pepper,Aowin,83.7,8.23,0,9,38
2020-09-21,pepper,Aowin,94.9,8.31,0,9,39
2020-09-28,pepper,Aowin,103.9,7.28,0,9,40
2020-10-05,pepper,Aowin,85.9,6.97,0,10,41
2020-10-12,pepper,Aowin,88.9,7.17,0,10,42
2020-10-19,pepper,Aowin,90.1,7.21,0,10,43
2020-10-26,pepper,Aowin,92.3,7.35,0,10,44
2020-11-02,pepper,Aowin,81.7,7.06,0,11,45
2020-11-09,pepper,Aowin,78.6,7.08,0,11,46
2020-11-16,pepper,Aowin,94.2,6.74,0,11,47
2020-11-23,pepper,Aowin,76.9,7.07,0,11,48
2020-11-30,pepper,Aowin,94.7,6.76,0,11,49
2020-12-07,pepper,Aowin,99.1,6.64,0,12,50
2020-12-14,pepper,Aowin,100.3,6.86,0,12,51
2020-12-21,pepper,Aowin,138.3,7.6,1,12,52
2020-12-28,pepper,Aowin,152.8,7.09,1,12,53
2021-01-04,pepper,Aowin,86.7,9.25,0,1,1
2021-01-11,pepper,Aowin,79.3,8.98,0,1,2
2021-01-18,pepper,Aowin,93.7,8.51,0,1,3
2021-01-25,pepper,Aowin,83.1,9.51,0,1,4
2021-02-01,pepper,Aowin,86.8,8.43,0,2,5
2021-02-08,pepper,Aowin,86.3,9.02,0,2,6
2021-02-15,pepper,Aowin,83.6,9.21,0,2,7
2021-02-22,pepper,Aowin,87.5,9.31,0,2,8
2021-03-01,pepper,Aowin,90.4,7.68,0,3,9
2021-03-08,pepper,Aowin,96.9,7.33,0,3,10
2021-03-15,pepper,Aowin,89.1,7.66,0,3,11
2021-03-22,pepper,Aowin,87.2,7.67,0,3,12
2021-03-29,pepper,Aowin,93.4,7.67,0,3,13
2021-04-05,pepper,Aowin,130.9,8.27,1,4,14
2021-04-12,pepper,Aowin,155.0,7.57,1,4,15
2021-04-19,pepper,Aowin,92.8,8.06,0,4,16
2021-04-26,pepper,Aowin,85.9,8.01,0,4,17
2021-05-03,pepper,Aowin,89.2,8.32,0,5,18
2021-05-10,pepper,Aowin,86.8,7.97,0,5,19
2021-05-17,pepper,Aowin,80.0,8.27,0,5,20
2021-05-24,pepper,Aowin,87.8,7.96,0,5,21
2021-05-31,pepper,Aowin,89.2,8.15,0,5,22
2021-06-07,pepper,Aowin,97.0,8.24,0,6,23
2021-06-14,pepper,Aowin,98.5,7.84,0,6,24
2021-06-21,pepper,Aowin,93.6,8.9,0,6,25
2021-06-28,pepper,Aowin,83.4,8.92,0,6,26
2021-07-05,pepper,Aowin,79.6,10.07,0,7,27
2021-07-12,pepper,Aowin,92.2,9.67,0,7,28
2021-07-19,pepper,Aowin,69.9,10.47,0,7,29
2021-07-26,pepper,Aowin,81.5,9.7,0,7,30
2021-08-02,pepper,Aowin,114.3,10.11,1,8,31
2021-08-09,pepper,Aowin,120.1,10.18,1,8,32
2021-08-16,pepper,Aowin,114.6,10.63,1,8,33
2021-08-23,pepper,Aowin,129.3,9.82,1,8,34
2021-08-30,pepper,Aowin,128.1,9.68,1,8,35
2021-09-06,pepper,Aowin,87.1,8.4,0,9,36
2021-09-13,pepper,Aowin,83.2,9.49,0,9,37
2021-09-20,pepper,Aowin,89.1,9.09,0,9,38
2021-09-27,pepper,Aowin,92.9,9.1,0,9,39
2021-10-04,pepper,Aowin,96.4,8.6,0,10,40
2021-10-11,pepper,Aowin,94.8,7.74,0,10,41
2021-10-18,pepper,Aowin,89.8,7.25,0,10,42
2021-10-25,pepper,Aowin,91.9,7.58,0,10,43
2021-11-01,pepper,Aowin,95.9,7.39,0,11,44
2021-11-08,pepper,Aowin,90.2,7.57,0,11,45
2021-11-15,pepper,Aowin,95.8,7.57,0,11,46
2021-11-22,pepper,Aowin,80.9,7.51,0,11,47
2021-11-29,pepper,Aowin,99.3,7.26,0,11,48
2021-12-06,pepper,Aowin,85.4,8.24,0,12,49
2021-12-13,pepper,Aowin,90.7,7.84,0,12,50
2021-12-20,pepper,Aowin,167.7,7.67,1,12,51
2021-12-27,pepper,Aowin,138.3,7.98,1,12,52
2022-01-03,pepper,Aowin,85.9,10.09,0,1,1
2022-01-10,pepper,Aowin,89.1,10.01,0,1,2
2022-01-17,pepper,Aowin,84.9,10.17,0,1,3
2022-01-24,pepper,Aowin,77.1,9.95,0,1,4
2022-01-31,pepper,Aowin,90.8,10.17,0,1,5
2022-02-07,pepper,Aowin,82.9,10.27,0,2,6
2022-02-14,pepper,Aowin,82.7,10.03,0,2,7
2022-02-21,pepper,Aowin,84.8,9.88,0,2,8
2022-02-28,pepper,Aowin,80.3,10.57,0,2,9
2022-03-07,pepper,Aowin,86.8,8.38,0,3,10
2022-03-14,pepper,Aowin,91.9,8.68,0,3,11
2022-03-21,pepper,Aowin,87.8,8.68,0,3,12
2022-03-28,pepper,Aowin,97.7,8.33,0,3,13
2022-04-04,pepper,Aowin,153.5,8.32,1,4,14
2022-04-11,pepper,Aowin,161.1,8.48,1,4,15
2022-04-18,pepper,Aowin,92.5,8.43,0,4,16
2022-04-25,pepper,Aowin,91.9,8.1,0,4,17
2022-05-02,pepper,Aowin,86.0,8.43,0,5,18
2022-05-09,pepper,Aowin,103.7,8.75,0,5,19
2022-05-16,pepper,Aowin,92.6,9.09,0,5,20
2022-05-23,pepper,Aowin,87.1,8.85,0,5,21
2022-05-30,pepper,Aowin,110.6,7.75,0,5,22
2022-06-06,pepper,Aowin,97.1,9.71,0,6,23
2022-06-13,pepper,Aowin,85.5,9.26,0,6,24
2022-06-20,pepper,Aowin,86.2,9.64,0,6,25
2022-06-27,pepper,Aowin,90.9,9.46,0,6,26
2022-07-04,pepper,Aowin,79.3,10.59,0,7,27
2022-07-11,pepper,Aowin,84.0,10.63,0,7,28
2022-07-18,pepper,Aowin,87.9,10.66,0,7,29
2022-07-25,pepper,Aowin,74.3,11.24,0,7,30
2022-08-01,pepper,Aowin,128.4,10.73,1,8,31
2022-08-08,pepper,Aowin,130.7,11.21,1,8,32
2022-08-15,pepper,Aowin,125.7,11.14,1,8,33
2022-08-22,pepper,Aowin,123.1,11.03,1,8,34
2022-08-29,pepper,Aowin,128.0,9.97,1,8,35
2022-09-05,pepper,Aowin,93.5,10.08,0,9,36
2022-09-12,pepper,Aowin,86.7,9.47,0,9,37
2022-09-19,pepper,Aowin,91.4,9.93,0,9,38
2022-09-26,pepper,Aowin,94.9,9.28,0,9,39
2022-10-03,pepper,Aowin,103.8,7.86,0,10,40
2022-10-10,pepper,Aowin,85.4,8.91,0,10,41
2022-10-17,pepper,Aowin,93.6,7.94,0,10,42
2022-10-24,pepper,Aowin,83.9,8.63,0,10,43
2022-10-31,pepper,Aowin,95.9,8.29,0,10,44
2022-11-07,pepper,Aowin,92.6,8.17,0,11,45
2022-11-14,pepper,Aowin,89.1,8.29,0,11,46
2022-11-21,pepper,Aowin,93.2,7.88,0,11,47
2022-11-28,pepper,Aowin,97.0,8.3,0,11,48
2022-12-05,pepper,Aowin,90.7,8.0,0,12,49
2022-12-12,pepper,Aowin,89.3,8.23,0,12,50
2022-12-19,pepper,Aowin,96.4,8.67,0,12,51
2022-12-26,pepper,Aowin,153.4,8.45,1,12,52
2023-01-02,pepper,Aowin,96.8,10.06,0,1,1
2023-01-09,pepper,Aowin,83.4,11.06,0,1,2
2023-01-16,pepper,Aowin,87.4,10.69,0,1,3
2023-01-23,pepper,Aowin,89.7,10.46,0,1,4
2023-01-30,pepper,Aowin,92.6,11.01,0,1,5
2023-02-06,pepper,Aowin,94.9,10.69,0,2,6
2023-02-13,pepper,Aowin,97.0,10.26,0,2,7
2023-02-20,pepper,Aowin,79.9,11.56,0,2,8
2023-02-27,pepper,Aowin,82.5,10.75,0,2,9
2023-03-06,pepper,Aowin,98.5,9.2,0,3,10
2023-03-13,pepper,Aowin,103.0,9.08,0,3,11
2023-03-20,pepper,Aowin,97.1,9.66,0,3,12
2023-03-27,pepper,Aowin,95.6,9.03,0,3,13
2023-04-03,pepper,Aowin,162.2,8.71,1,4,14
2023-04-10,pepper,Aowin,158.0,9.03,1,4,15
2023-04-17,pepper,Aowin,91.3,9.78,0,4,16
2023-04-24,pepper,Aowin,92.9,9.6,0,4,17
2023-05-01,pepper,Aowin,95.6,9.25,0,5,18
2023-05-08,pepper,Aowin,86.3,9.86,0,5,19
2023-05-15,pepper,Aowin,88.4,9.63,0,5,20
2023-05-22,pepper,Aowin,91.0,9.25,0,5,21
2023-05-29,pepper,Aowin,85.7,9.28,0,5,22
2023-06-05,pepper,Aowin,93.3,10.36,0,6,23
2023-06-12,pepper,Aowin,95.6,9.88,0,6,24
2023-06-19,pepper,Aowin,97.6,10.23,0,6,25
2023-06-26,pepper,Aowin,99.5,10.35,0,6,26
2023-07-03,pepper,Aowin,97.7,10.75,0,7,27
2023-07-10,pepper,Aowin,93.7,11.44,0,7,28
2023-07-17,pepper,Aowin,82.8,11.38,0,7,29
2023-07-24,pepper,Aowin,76.2,12.0,0,7,30
2023-07-31,pepper,Aowin,96.1,10.67,0,7,31
2023-08-07,pepper,Aowin,141.0,11.42,1,8,32
2023-08-14,pepper,Aowin,142.7,11.38,1,8,33
2023-08-21,pepper,Aowin,128.7,12.04,1,8,34
2023-08-28,pepper,Aowin,113.4,11.58,1,8,35
2023-09-04,pepper,Aowin,91.1,11.17,0,9,36
2023-09-11,pepper,Aowin,95.1,10.7,0,9,37
2023-09-18,pepper,Aowin,102.2,10.25,0,9,38
2023-09-25,pepper,Aowin,101.2,10.52,0,9,39
2023-10-02,pepper,Aowin,101.9,8.79,0,10,40
2023-10-09,pepper,Aowin,89.9,9.22,0,10,41
2023-10-16,pepper,Aowin,93.4,8.44,0,10,42
2023-10-23,pepper,Aowin,101.2,8.62,0,10,43
2023-10-30,pepper,Aowin,89.8,9.08,0,10,44
2023-11-06,pepper,Aowin,100.6,9.41,0,11,45
2023-11-13,pepper,Aowin,92.1,8.18,0,11,46
2023-11-20,pepper,Aowin,95.1,9.47,0,11,47
2023-11-27,pepper,Aowin,98.0,8.92,0,11,48
2023-12-04,pepper,Aowin,100.4,8.35,0,12,49
2023-12-11,pepper,Aowin,99.7,7.95,0,12,50
2023-12-18,pepper,Aowin,88.1,8.48,0,12,51
2023-12-25,pepper,Aowin,154.3,9.02,1,12,52
2024-01-01,pepper,Aowin,86.6,11.52,0,1,1
2024-01-08,pepper,Aowin,93.4,11.84,0,1,2
2024-01-15,pepper,Aowin,86.4,11.29,0,1,3
2024-01-22,pepper,Aowin,94.7,11.04,0,1,4
2024-01-29,pepper,Aowin,83.3,11.36,0,1,5
2024-02-05,pepper,Aowin,91.8,11.64,0,2,6
2024-02-12,pepper,Aowin,76.8,11.73,0,2,7
2024-02-19,pepper,Aowin,103.0,11.26,0,2,8
2024-02-26,pepper,Aowin,86.3,12.04,0,2,9
2024-03-04,pepper,Aowin,81.3,9.72,0,3,10
2024-03-11,pepper,Aowin,94.2,9.62,0,3,11
2024-03-18,pepper,Aowin,92.3,9.75,0,3,12
2024-03-25,pepper,Aowin,89.2,10.39,0,3,13
2024-04-01,pepper,Aowin,148.3,9.98,1,4,14
2024-04-08,pepper,Aowin,148.2,9.75,1,4,15
2024-04-15,pepper,Aowin,88.9,10.4,0,4,16
2024-04-22,pepper,Aowin,84.0,10.89,0,4,17
2024-04-29,pepper,Aowin,100.1,10.11,0,4,18
2024-05-06,pepper,Aowin,99.5,10.59,0,5,19
2024-05-13,pepper,Aowin,91.9,10.51,0,5,20
2024-05-20,pepper,Aowin,97.8,9.85,0,5,21
2024-05-27,pepper,Aowin,89.6,10.1,0,5,22
2024-06-03,pepper,Aowin,99.5,10.48,0,6,23
2024-06-10,pepper,Aowin,97.2,10.95,0,6,24
2024-06-17,pepper,Aowin,95.8,10.77,0,6,25
2024-06-24,pepper,Aowin,98.7,10.86,0,6,26
2024-07-01,pepper,Aowin,91.3,12.07,0,7,27
2024-07-08,pepper,Aowin,82.8,12.3,0,7,28
2024-07-15,pepper,Aowin,92.4,12.71,0,7,29
2024-07-22,pepper,Aowin,86.8,12.39,0,7,30
2024-07-29,pepper,Aowin,102.2,11.52,0,7,31
2024-08-05,pepper,Aowin,137.7,12.15,1,8,32
2024-08-12,pepper,Aowin,153.8,11.77,1,8,33
2024-08-19,pepper,Aowin,139.5,12.65,1,8,34
2024-08-26,pepper,Aowin,131.0,12.78,1,8,35
2024-09-02,pepper,Aowin,90.9,11.37,0,9,36
2024-09-09,pepper,Aowin,93.9,10.9,0,9,37
2024-09-16,pepper,Aowin,98.0,11.37,0,9,38
2024-09-23,pepper,Aowin,98.0,11.04,0,9,39
2024-09-30,pepper,Aowin,95.7,10.74,0,9,40
2024-10-07,pepper,Aowin,100.1,9.92,0,10,41
2024-10-14,pepper,Aowin,95.4,9.94,0,10,42
2024-10-21,pepper,Aowin,99.6,9.99,0,10,43
2024-10-28,pepper,Aowin,93.4,9.4,0,10,44
2024-11-04,pepper,Aowin,100.0,10.15,0,11,45
2024-11-11,pepper,Aowin,102.1,9.5,0,11,46
2024-11-18,pepper,Aowin,102.7,9.94,0,11,47
2024-11-25,pepper,Aowin,105.0,9.49,0,11,48
2024-12-02,pepper,Aowin,97.9,9.67,0,12,49
2024-12-09,pepper,Aowin,104.5,8.81,0,12,50
2024-12-16,pepper,Aowin,109.2,9.64,0,12,51
2024-12-23,pepper,Aowin,159.2,9.79,1,12,52
2024-12-30,pepper,Aowin,171.9,9.59,1,12,1
2018-01-01,pepper,Bibiani,94.0,7.34,0,1,1
2018-01-08,pepper,Bibiani,83.9,7.52,0,1,2
2018-01-15,pepper,Bibiani,88.4,7.42,0,1,3
2018-01-22,pepper,Bibiani,96.7,7.52,0,1,4
2018-01-29,pepper,Bibiani,93.8,8.02,0,1,5
2018-02-05,pepper,Bibiani,91.2,8.21,0,2,6
2018-02-12,pepper,Bibiani,101.5,7.53,0,2,7
2018-02-19,pepper,Bibiani,97.3,7.52,0,2,8
2018-02-26,pepper,Bibiani,91.8,7.39,0,2,9
2018-03-05,pepper,Bibiani,99.4,6.99,0,3,10
2018-03-12,pepper,Bibiani,97.5,6.94,0,3,11
2018-03-19,pepper,Bibiani,96.6,6.61,0,3,12
2018-03-26,pepper,Bibiani,107.1,6.27,0,3,13
2018-04-02,pepper,Bibiani,164.4,6.34,1,4,14
2018-04-09,pepper,Bibiani,150.7,6.73,1,4,15
2018-04-16,pepper,Bibiani,97.3,6.83,0,4,16
2018-04-23,pepper,Bibiani,115.7,6.13,0,4,17
2018-04-30,pepper,Bibiani,109.2,6.6,0,4,18
2018-05-07,pepper,Bibiani,96.6,7.16,0,5,19
2018-05-14,pepper,Bibiani,101.1,6.67,0,5,20
2018-05-21,pepper,Bibiani,87.6,7.13,0,5,21
2018-05-28,pepper,Bibiani,108.3,6.9,0,5,22
2018-06-04,pepper,Bibiani,108.8,7.04,0,6,23
2018-06-11,pepper,Bibiani,104.5,7.27,0,6,24
2018-06-18,pepper,Bibiani,85.9,7.32,0,6,25
2018-06-25,pepper,Bibiani,102.3,7.08,0,6,26
2018-07-02,pepper,Bibiani,93.3,7.97,0,7,27
2018-07-09,pepper,Bibiani,90.8,8.8,0,7,28
2018-07-16,pepper,Bibiani,91.4,7.97,0,7,29
2018-07-23,pepper,Bibiani,87.1,8.65,0,7,30
2018-07-30,pepper,Bibiani,95.8,8.15,0,7,31
2018-08-06,pepper,Bibiani,130.3,8.34,1,8,32
2018-08-13,pepper,Bibiani,129.6,8.54,1,8,33
2018-08-20,pepper,Bibiani,140.7,8.15,1,8,34
2018-08-27,pepper,Bibiani,145.0,8.54,1,8,35
2018-09-03,pepper,Bibiani,111.3,6.89,0,9,36
2018-09-10,pepper,Bibiani,104.6,7.64,0,9,37
2018-09-17,pepper,Bibiani,108.1,6.76,0,9,38
2018-09-24,pepper,Bibiani,109.2,7.44,0,9,39
2018-10-01,pepper,Bibiani,88.6,6.64,0,10,40
2018-10-08,pepper,Bibiani,111.6,6.58,0,10,41
2018-10-15,pepper,Bibiani,119.1,6.09,0,10,42
2018-10-22,pepper,Bibiani,108.0,6.12,0,10,43
2018-10-29,pepper,Bibiani,108.8,6.24,0,10,44
2018-11-05,pepper,Bibiani,100.8,6.51,0,11,45
2018-11-12,pepper,Bibiani,106.8,5.94,0,11,46
2018-11-19,pepper,Bibiani,97.9,6.46,0,11,47
2018-11-26,pepper,Bibiani,100.4,6.54,0,11,48
2018-12-03,pepper,Bibiani,106.0,6.43,0,12,49
2018-12-10,pepper,Bibiani,102.7,6.64,0,12,50
2018-12-17,pepper,Bibiani,113.1,6.56,0,12,51
2018-12-24,pepper,Bibiani,172.9,6.36,1,12,52
2018-12-31,pepper,Bibiani,163.5,6.0,1,12,1
2019-01-07,pepper,Bibiani,103.5,8.36,0,1,2
2019-01-14,pepper,Bibiani,90.3,8.0,0,1,3
2019-01-21,pepper,Bibiani,93.1,8.12,0,1,4
2019-01-28,pepper,Bibiani,94.9,8.47,0,1,5
2019-02-04,pepper,Bibiani,93.2,8.84,0,2,6
2019-02-11,pepper,Bibiani,86.7,8.35,0,2,7
2019-02-18,pepper,Bibiani,89.1,8.55,0,2,8
2019-02-25,pepper,Bibiani,90.4,7.88,0,2,9
2019-03-04,pepper,Bibiani,104.8,7.24,0,3,10
2019-03-11,pepper,Bibiani,109.1,7.16,0,3,11
2019-03-18,pepper,Bibiani,90.9,7.53,0,3,12
2019-03-25,pepper,Bibiani,109.6,7.02,0,3,13
2019-04-01,pepper,Bibiani,170.6,7.15,1,4,14
2019-04-08,pepper,Bibiani,149.2,7.53,1,4,15
2019-04-15,pepper,Bibiani,90.1,7.19,0,4,16
2019-04-22,pepper,Bibiani,98.6,6.9,0,4,17
2019-04-29,pepper,Bibiani,91.3,7.96,0,4,18
2019-05-06,pepper,Bibiani,115.3,6.95,0,5,19
2019-05-13,pepper,Bibiani,101.5,7.25,0,5,20
2019-05-20,pepper,Bibiani,94.9,7.37,0,5,21
2019-05-27,pepper,Bibiani,102.2,7.34,0,5,22
2019-06-03,pepper,Bibiani,93.8,7.89,0,6,23
2019-06-10,pepper,Bibiani,104.8,7.89,0,6,24
2019-06-17,pepper,Bibiani,95.9,7.87,0,6,25
2019-06-24,pepper,Bibiani,99.4,7.59,0,6,26
2019-07-01,pepper,Bibiani,89.4,9.73,0,7,27
2019-07-08,pepper,Bibiani,103.5,8.88,0,7,28
2019-07-15,pepper,Bibiani,103.5,9.17,0,7,29
2019-07-22,pepper,Bibiani,88.1,8.84,0,7,30
2019-07-29,pepper,Bibiani,90.7,8.83,0,7,31
2019-08-05,pepper,Bibiani,145.6,8.85,1,8,32
2019-08-12,pepper,Bibiani,156.4,8.46,1,8,33
2019-08-19,pepper,Bibiani,121.8,8.96,1,8,34
2019-08-26,pepper,Bibiani,141.8,8.87,1,8,35
2019-09-02,pepper,Bibiani,95.3,8.48,0,9,36
2019-09-09,pepper,Bibiani,93.2,7.72,0,9,37
2019-09-16,pepper,Bibiani,95.1,7.92,0,9,38
2019-09-23,pepper,Bibiani,100.9,7.81,0,9,39
2019-09-30,pepper,Bibiani,97.8,8.57,0,9,40
2019-10-07,pepper,Bibiani,112.7,6.69,0,10,41
2019-10-14,pepper,Bibiani,103.9,7.09,0,10,42
2019-10-21,pepper,Bibiani,106.3,7.2,0,10,43
2019-10-28,pepper,Bibiani,104.1,6.89,0,10,44
2019-11-04,pepper,Bibiani,103.6,6.59,0,11,45
2019-11-11,pepper,Bibiani,106.8,6.6,0,11,46
2019-11-18,pepper,Bibiani,105.2,7.22,0,11,47
2019-11-25,pepper,Bibiani,114.3,6.63,0,11,48
2019-12-02,pepper,Bibiani,101.7,7.13,0,12,49
2019-12-09,pepper,Bibiani,97.7,7.05,0,12,50
2019-12-16,pepper,Bibiani,104.7,7.13,0,12,51
2019-12-23,pepper,Bibiani,175.0,7.15,1,12,52
2019-12-30,pepper,Bibiani,190.5,6.76,1,12,1
2020-01-06,pepper,Bibiani,95.4,8.63,0,1,2
2020-01-13,pepper,Bibiani,90.7,9.24,0,1,3
2020-01-20,pepper,Bibiani,102.9,8.75,0,1,4
2020-01-27,pepper,Bibiani,102.8,7.99,0,1,5
2020-02-03,pepper,Bibiani,92.3,9.27,0,2,6
2020-02-10,pepper,Bibiani,107.3,8.66,0,2,7
2020-02-17,pepper,Bibiani,87.5,9.21,0,2,8
2020-02-24,pepper,Bibiani,104.3,9.54,0,2,9
2020-03-02,pepper,Bibiani,99.9,7.75,0,3,10
2020-03-09,pepper,Bibiani,106.0,8.06,0,3,11
2020-03-16,pepper,Bibiani,102.6,7.8,0,3,12
2020-03-23,pepper,Bibiani,100.7,8.24,0,3,13
2020-03-30,pepper,Bibiani,105.5,7.42,0,3,14
2020-04-06,pepper,Bibiani,172.1,7.79,1,4,15
2020-04-13,pepper,Bibiani,157.0,8.01,1,4,16
2020-04-20,pepper,Bibiani,100.9,7.74,0,4,17
2020-04-27,pepper,Bibiani,111.4,8.16,0,4,18
2020-05-04,pepper,Bibiani,105.7,7.71,0,5,19
2020-05-11,pepper,Bibiani,94.1,8.5,0,5,20
2020-05-18,pepper,Bibiani,89.2,8.51,0,5,21
2020-05-25,pepper,Bibiani,114.8,7.94,0,5,22
2020-06-01,pepper,Bibiani,98.1,8.77,0,6,23
2020-06-08,pepper,Bibiani,111.9,8.99,0,6,24
2020-06-15,pepper,Bibiani,109.5,8.18,0,6,25
2020-06-22,pepper,Bibiani,108.3,8.13,0,6,26
2020-06-29,pepper,Bibiani,100.4,9.02,0,6,27
2020-07-06,pepper,Bibiani,106.6,9.78,0,7,28
2020-07-13,pepper,Bibiani,83.0,9.59,0,7,29
2020-07-20,pepper,Bibiani,96.1,9.68,0,7,30
2020-07-27,pepper,Bibiani,100.7,8.75,0,7,31
2020-08-03,pepper,Bibiani,141.0,9.67,1,8,32
2020-08-10,pepper,Bibiani,146.6,9.45,1,8,33
2020-08-17,pepper,Bibiani,136.0,10.1,1,8,34
2020-08-24,pepper,Bibiani,139.5,10.13,1,8,35
2020-08-31,pepper,Bibiani,139.5,9.96,1,8,36
2020-09-07,pepper,Bibiani,94.3,8.89,0,9,37
2020-09-14,pepper,Bibiani,111.0,8.23,0,9,38
2020-09-21,pepper,Bibiani,106.2,8.96,0,9,39
2020-09-28,pepper,Bibiani,98.4,8.97,0,9,40
2020-10-05,pepper,Bibiani,113.2,7.86,0,10,41
2020-10-12,pepper,Bibiani,107.3,8.12,0,10,42
2020-10-19,pepper,Bibiani,116.9,6.98,0,10,43
2020-10-26,pepper,Bibiani,112.1,7.37,0,10,44
2020-11-02,pepper,Bibiani,108.3,7.31,0,11,45
2020-11-09,pepper,Bibiani,112.3,7.59,0,11,46
2020-11-16,pepper,Bibiani,115.6,7.54,0,11,47
2020-11-23,pepper,Bibiani,111.7,7.46,0,11,48
2020-11-30,pepper,Bibiani,99.1,7.84,0,11,49
2020-12-07,pepper,Bibiani,109.2,7.25,0,12,50
2020-12-14,pepper,Bibiani,113.0,7.27,0,12,51
2020-12-21,pepper,Bibiani,190.7,7.27,1,12,52
2020-12-28,pepper,Bibiani,177.0,7.47,1,12,53
2021-01-04,pepper,Bibiani,98.8,9.22,0,1,1
2021-01-11,pepper,Bibiani,108.0,9.68,0,1,2
2021-01-18,pepper,Bibiani,92.6,9.63,0,1,3
2021-01-25,pepper,Bibiani,95.2,9.39,0,1,4
2021-02-01,pepper,Bibiani,88.5,10.1,0,2,5
2021-02-08,pepper,Bibiani,93.2,9.74,0,2,6
2021-02-15,pepper,Bibiani,102.8,10.17,0,2,7
2021-02-22,pepper,Bibiani,106.9,9.68,0,2,8
2021-03-01,pepper,Bibiani,105.4,8.36,0,3,9
2021-03-08,pepper,Bibiani,110.9,8.18,0,3,10
2021-03-15,pepper,Bibiani,105.8,8.37,0,3,11
2021-03-22,pepper,Bibiani,96.2,8.61,0,3,12
2021-03-29,pepper,Bibiani,121.4,8.23,0,3,13
2021-04-05,pepper,Bibiani,177.8,8.6,1,4,14
2021-04-12,pepper,Bibiani,174.6,8.15,1,4,15
2021-04-19,pepper,Bibiani,98.3,8.68,0,4,16
2021-04-26,pepper,Bibiani,106.4,8.23,0,4,17
2021-05-03,pepper,Bibiani,99.3,8.76,0,5,18
2021-05-10,pepper,Bibiani,106.6,8.5,0,5,19
2021-05-17,pepper,Bibiani,103.5,8.99,0,5,20
2021-05-24,pepper,Bibiani,107.8,8.08,0,5,21
2021-05-31,pepper,Bibiani,101.4,7.98,0,5,22
2021-06-07,pepper,Bibiani,120.9,9.04,0,6,23
2021-06-14,pepper,Bibiani,111.3,8.76,0,6,24
2021-06-21,pepper,Bibiani,112.8,8.76,0,6,25
2021-06-28,pepper,Bibiani,100.7,9.5,0,6,26
2021-07-05,pepper,Bibiani,87.7,10.45,0,7,27
2021-07-12,pepper,Bibiani,97.7,10.25,0,7,28
2021-07-19,pepper,Bibiani,96.0,10.29,0,7,29
2021-07-26,pepper,Bibiani,102.7,10.2,0,7,30
2021-08-02,pepper,Bibiani,145.7,11.21,1,8,31
2021-08-09,pepper,Bibiani,155.0,10.21,1,8,32
2021-08-16,pepper,Bibiani,159.9,9.96,1,8,33
2021-08-23,pepper,Bibiani,156.9,10.85,1,8,34
2021-08-30,pepper,Bibiani,149.2,10.43,1,8,35
2021-09-06,pepper,Bibiani,106.3,10.22,0,9,36
2021-09-13,pepper,Bibiani,110.6,9.25,0,9,37
2021-09-20,pepper,Bibiani,91.4,9.77,0,9,38
2021-09-27,pepper,Bibiani,101.5,9.86,0,9,39
2021-10-04,pepper,Bibiani,103.6,7.92,0,10,40
2021-10-11,pepper,Bibiani,111.6,7.85,0,10,41
2021-10-18,pepper,Bibiani,100.3,8.33,0,10,42
2021-10-25,pepper,Bibiani,109.7,8.27,0,10,43
2021-11-01,pepper,Bibiani,119.2,7.68,0,11,44
2021-11-08,pepper,Bibiani,119.7,7.77,0,11,45
2021-11-15,pepper,Bibiani,128.2,7.31,0,11,46
2021-11-22,pepper,Bibiani,95.3,8.33,0,11,47
2021-11-29,pepper,Bibiani,100.9,8.05,0,11,48
2021-12-06,pepper,Bibiani,127.6,8.14,0,12,49
2021-12-13,pepper,Bibiani,120.7,7.64,0,12,50
2021-12-20,pepper,Bibiani,188.0,7.83,1,12,51
2021-12-27,pepper,Bibiani,182.4,8.03,1,12,52
2022-01-03,pepper,Bibiani,102.2,10.19,0,1,1
2022-01-10,pepper,Bibiani,88.5,10.52,0,1,2
2022-01-17,pepper,Bibiani,94.1,10.72,0,1,3
2022-01-24,pepper,Bibiani,93.5,11.42,0,1,4
2022-01-31,pepper,Bibiani,96.2,10.46,0,1,5
2022-02-07,pepper,Bibiani,93.9,11.01,0,2,6
2022-02-14,pepper,Bibiani,119.0,10.19,0,2,7
2022-02-21,pepper,Bibiani,104.4,9.83,0,2,8
2022-02-28,pepper,Bibiani,103.4,10.39,0,2,9
2022-03-07,pepper,Bibiani,115.1,8.46,0,3,10
2022-03-14,pepper,Bibiani,111.7,9.04,0,3,11
2022-03-21,pepper,Bibiani,107.4,8.75,0,3,12
2022-03-28,pepper,Bibiani,123.3,8.33,0,3,13
2022-04-04,pepper,Bibiani,166.1,9.73,1,4,14
2022-04-11,pepper,Bibiani,159.6,8.9,1,4,15
2022-04-18,pepper,Bibiani,113.0,8.5,0,4,16
2022-04-25,pepper,Bibiani,104.2,9.42,0,4,17
2022-05-02,pepper,Bibiani,109.3,8.89,0,5,18
2022-05-09,pepper,Bibiani,108.1,9.55,0,5,19
2022-05-16,pepper,Bibiani,114.9,8.89,0,5,20
2022-05-23,pepper,Bibiani,113.5,8.96,0,5,21
2022-05-30,pepper,Bibiani,109.4,9.28,0,5,22
2022-06-06,pepper,Bibiani,106.0,10.25,0,6,23
2022-06-13,pepper,Bibiani,91.3,10.32,0,6,24
2022-06-20,pepper,Bibiani,112.6,9.98,0,6,25
2022-06-27,pepper,Bibiani,108.7,10.23,0,6,26
2022-07-04,pepper,Bibiani,90.9,11.62,0,7,27
2022-07-11,pepper,Bibiani,99.8,11.38,0,7,28
2022-07-18,pepper,Bibiani,103.0,11.22,0,7,29
2022-07-25,pepper,Bibiani,110.5,10.63,0,7,30
2022-08-01,pepper,Bibiani,149.7,11.63,1,8,31
2022-08-08,pepper,Bibiani,150.5,11.38,1,8,32
2022-08-15,pepper,Bibiani,158.2,11.17,1,8,33
2022-08-22,pepper,Bibiani,139.8,11.94,1,8,34
2022-08-29,pepper,Bibiani,158.3,10.71,1,8,35
2022-09-05,pepper,Bibiani,99.0,10.88,0,9,36
2022-09-12,pepper,Bibiani,115.1,10.2,0,9,37
2022-09-19,pepper,Bibiani,96.5,10.34,0,9,38
2022-09-26,pepper,Bibiani,114.4,10.05,0,9,39
2022-10-03,pepper,Bibiani,115.8,8.15,0,10,40
2022-10-10,pepper,Bibiani,116.7,8.68,0,10,41
2022-10-17,pepper,Bibiani,103.6,8.85,0,10,42
2022-10-24,pepper,Bibiani,108.2,8.97,0,10,43
2022-10-31,pepper,Bibiani,110.9,8.66,0,10,44
2022-11-07,pepper,Bibiani,120.9,8.02,0,11,45
2022-11-14,pepper,Bibiani,108.1,8.25,0,11,46
2022-11-21,pepper,Bibiani,107.6,9.51,0,11,47
2022-11-28,pepper,Bibiani,101.2,8.4,0,11,48
2022-12-05,pepper,Bibiani,101.4,9.35,0,12,49
2022-12-12,pepper,Bibiani,102.8,8.51,0,12,50
2022-12-19,pepper,Bibiani,116.3,8.78,0,12,51
2022-12-26,pepper,Bibiani,183.9,9.07,1,12,52
2023-01-02,pepper,Bibiani,107.9,10.94,0,1,1
2023-01-09,pepper,Bibiani,106.5,12.03,0,1,2
2023-01-16,pepper,Bibiani,100.2,11.35,0,1,3
2023-01-23,pepper,Bibiani,104.7,11.52,0,1,4
2023-01-30,pepper,Bibiani,103.7,11.19,0,1,5
2023-02-06,pepper,Bibiani,100.1,11.68,0,2,6
2023-02-13,pepper,Bibiani,105.7,12.1,0,2,7
2023-02-20,pepper,Bibiani,115.9,11.32,0,2,8
2023-02-27,pepper,Bibiani,95.1,12.17,0,2,9
2023-03-06,pepper,Bibiani,117.8,9.52,0,3,10
2023-03-13,pepper,Bibiani,109.7,10.06,0,3,11
2023-03-20,pepper,Bibiani,110.7,9.95,0,3,12
2023-03-27,pepper,Bibiani,115.5,9.34,0,3,13
2023-04-03,pepper,Bibiani,169.0,9.91,1,4,14
2023-04-10,pepper,Bibiani,136.2,9.83,1,4,15
2023-04-17,pepper,Bibiani,123.6,9.49,0,4,16
2023-04-24,pepper,Bibiani,104.6,9.96,0,4,17
2023-05-01,pepper,Bibiani,108.4,9.94,0,5,18
2023-05-08,pepper,Bibiani,109.2,9.86,0,5,19
2023-05-15,pepper,Bibiani,105.5,9.86,0,5,20
2023-05-22,pepper,Bibiani,112.4,9.85,0,5,21
2023-05-29,pepper,Bibiani,111.4,9.74,0,5,22
2023-06-05,pepper,Bibiani,104.3,10.88,0,6,23
2023-06-12,pepper,Bibiani,112.6,10.54,0,6,24
2023-06-19,pepper,Bibiani,101.3,11.96,0,6,25
2023-06-26,pepper,Bibiani,120.7,10.2,0,6,26
2023-07-03,pepper,Bibiani,94.2,11.91,0,7,27
2023-07-10,pepper,Bibiani,97.3,11.94,0,7,28
2023-07-17,pepper,Bibiani,99.0,13.19,0,7,29
2023-07-24,pepper,Bibiani,100.8,11.55,0,7,30
2023-07-31,pepper,Bibiani,94.0,12.4,0,7,31
2023-08-07,pepper,Bibiani,144.4,12.39,1,8,32
2023-08-14,pepper,Bibiani,148.4,12.43,1,8,33
2023-08-21,pepper,Bibiani,144.5,12.88,1,8,34
2023-08-28,pepper,Bibiani,143.6,12.87,1,8,35
2023-09-04,pepper,Bibiani,104.6,10.83,0,9,36
2023-09-11,pepper,Bibiani,114.4,11.11,0,9,37
2023-09-18,pepper,Bibiani,125.8,10.2,0,9,38
2023-09-25,pepper,Bibiani,97.1,11.07,0,9,39
2023-10-02,pepper,Bibiani,104.1,9.13,0,10,40
2023-10-09,pepper,Bibiani,119.4,9.36,0,10,41
2023-10-16,pepper,Bibiani,129.1,8.8,0,10,42
2023-10-23,pepper,Bibiani,96.5,9.58,0,10,43
2023-10-30,pepper,Bibiani,123.8,8.79,0,10,44
2023-11-06,pepper,Bibiani,122.6,9.55,0,11,45
2023-11-13,pepper,Bibiani,110.4,9.03,0,11,46
2023-11-20,pepper,Bibiani,126.0,9.17,0,11,47
2023-11-27,pepper,Bibiani,107.3,9.93,0,11,48
2023-12-04,pepper,Bibiani,112.5,9.78,0,12,49
2023-12-11,pepper,Bibiani,104.0,9.99,0,12,50
2023-12-18,pepper,Bibiani,113.8,10.15,0,12,51
2023-12-25,pepper,Bibiani,200.6,9.26,1,12,52
2024-01-01,pepper,Bibiani,110.4,12.95,0,1,1
2024-01-08,pepper,Bibiani,118.8,11.5,0,1,2
2024-01-15,pepper,Bibiani,102.2,12.58,0,1,3
2024-01-22,pepper,Bibiani,125.8,11.98,0,1,4
2024-01-29,pepper,Bibiani,116.2,11.76,0,1,5
2024-02-05,pepper,Bibiani,106.1,12.6,0,2,6
2024-02-12,pepper,Bibiani,95.7,12.76,0,2,7
2024-02-19,pepper,Bibiani,92.6,12.74,0,2,8
2024-02-26,pepper,Bibiani,95.0,12.4,0,2,9
2024-03-04,pepper,Bibiani,105.6,10.6,0,3,10
2024-03-11,pepper,Bibiani,119.7,10.76,0,3,11
2024-03-18,pepper,Bibiani,114.5,10.67,0,3,12
2024-03-25,pepper,Bibiani,106.5,10.77,0,3,13
2024-04-01,pepper,Bibiani,174.5,10.7,1,4,14
2024-04-08,pepper,Bibiani,170.0,10.97,1,4,15
2024-04-15,pepper,Bibiani,124.0,9.92,0,4,16
2024-04-22,pepper,Bibiani,107.0,10.55,0,4,17
2024-04-29,pepper,Bibiani,119.9,10.02,0,4,18
2024-05-06,pepper,Bibiani,113.8,10.79,0,5,19
2024-05-13,pepper,Bibiani,102.0,11.38,0,5,20
2024-05-20,pepper,Bibiani,125.3,10.47,0,5,21
2024-05-27,pepper,Bibiani,110.3,10.73,0,5,22
2024-06-03,pepper,Bibiani,102.7,12.03,0,6,23
2024-06-10,pepper,Bibiani,125.2,10.71,0,6,24
2024-06-17,pepper,Bibiani,113.7,11.44,0,6,25
2024-06-24,pepper,Bibiani,113.1,11.85,0,6,26
2024-07-01,pepper,Bibiani,104.6,11.64,0,7,27
2024-07-08,pepper,Bibiani,111.0,12.65,0,7,28
2024-07-15,pepper,Bibiani,112.4,13.75,0,7,29
2024-07-22,pepper,Bibiani,92.2,13.69,0,7,30
2024-07-29,pepper,Bibiani,103.7,13.36,0,7,31
2024-08-05,pepper,Bibiani,142.8,13.72,1,8,32
2024-08-12,pepper,Bibiani,177.5,13.36,1,8,33
2024-08-19,pepper,Bibiani,162.6,13.54,1,8,34
2024-08-26,pepper,Bibiani,157.9,13.08,1,8,35
2024-09-02,pepper,Bibiani,103.6,11.96,0,9,36
2024-09-09,pepper,Bibiani,107.5,11.61,0,9,37
2024-09-16,pepper,Bibiani,112.9,12.51,0,9,38
2024-09-23,pepper,Bibiani,98.5,12.63,0,9,39
2024-09-30,pepper,Bibiani,99.2,12.56,0,9,40
2024-10-07,pepper,Bibiani,115.7,10.02,0,10,41
2024-10-14,pepper,Bibiani,118.5,9.8,0,10,42
2024-10-21,pepper,Bibiani,112.5,10.71,0,10,43
2024-10-28,pepper,Bibiani,109.4,10.41,0,10,44
2024-11-04,pepper,Bibiani,119.5,10.39,0,11,45
2024-11-11,pepper,Bibiani,110.6,9.99,0,11,46
2024-11-18,pepper,Bibiani,117.2,10.43,0,11,47
2024-11-25,pepper,Bibiani,119.8,9.81,0,11,48
2024-12-02,pepper,Bibiani,116.5,10.58,0,12,49
2024-12-09,pepper,Bibiani,117.9,10.89,0,12,50
2024-12-16,pepper,Bibiani,106.3,10.99,0,12,51
2024-12-23,pepper,Bibiani,179.0,10.61,1,12,52
2024-12-30,pepper,Bibiani,178.5,9.75,1,12,1
2018-01-01,pepper,Juaboso,62.0,7.86,0,1,1
2018-01-08,pepper,Juaboso,76.3,6.99,0,1,2
2018-01-15,pepper,Juaboso,74.7,7.23,0,1,3
2018-01-22,pepper,Juaboso,67.3,7.65,0,1,4
2018-01-29,pepper,Juaboso,69.9,7.42,0,1,5
2018-02-05,pepper,Juaboso,76.4,8.01,0,2,6
2018-02-12,pepper,Juaboso,80.9,7.08,0,2,7
2018-02-19,pepper,Juaboso,71.6,7.0,0,2,8
2018-02-26,pepper,Juaboso,70.6,7.65,0,2,9
2018-03-05,pepper,Juaboso,85.7,5.95,0,3,10
2018-03-12,pepper,Juaboso,78.1,6.2,0,3,11
2018-03-19,pepper,Juaboso,76.9,6.23,0,3,12
2018-03-26,pepper,Juaboso,76.7,6.51,0,3,13
2018-04-02,pepper,Juaboso,133.1,6.44,1,4,14
2018-04-09,pepper,Juaboso,134.3,6.41,1,4,15
2018-04-16,pepper,Juaboso,78.2,6.19,0,4,16
2018-04-23,pepper,Juaboso,80.1,6.6,0,4,17
2018-04-30,pepper,Juaboso,72.2,7.3,0,4,18
2018-05-07,pepper,Juaboso,74.5,6.51,0,5,19
2018-05-14,pepper,Juaboso,79.2,6.36,0,5,20
2018-05-21,pepper,Juaboso,77.9,6.0,0,5,21
2018-05-28,pepper,Juaboso,88.3,6.17,0,5,22
2018-06-04,pepper,Juaboso,88.2,6.87,0,6,23
2018-06-11,pepper,Juaboso,79.4,6.78,0,6,24
2018-06-18,pepper,Juaboso,77.1,6.92,0,6,25
2018-06-25,pepper,Juaboso,80.9,7.42,0,6,26
2018-07-02,pepper,Juaboso,76.3,8.2,0,7,27
2018-07-09,pepper,Juaboso,69.1,7.76,0,7,28
2018-07-16,pepper,Juaboso,75.9,7.43,0,7,29
2018-07-23,pepper,Juaboso,70.7,8.22,0,7,30
2018-07-30,pepper,Juaboso,70.5,7.79,0,7,31
2018-08-06,pepper,Juaboso,119.3,7.31,1,8,32
2018-08-13,pepper,Juaboso,103.6,8.08,1,8,33
2018-08-20,pepper,Juaboso,103.7,8.18,1,8,34
2018-08-27,pepper,Juaboso,118.6,7.09,1,8,35
2018-09-03,pepper,Juaboso,75.2,6.83,0,9,36
2018-09-10,pepper,Juaboso,70.8,7.03,0,9,37
2018-09-17,pepper,Juaboso,83.2,7.27,0,9,38
2018-09-24,pepper,Juaboso,78.2,6.91,0,9,39
2018-10-01,pepper,Juaboso,94.9,5.84,0,10,40
2018-10-08,pepper,Juaboso,89.7,6.22,0,10,41
2018-10-15,pepper,Juaboso,80.6,5.93,0,10,42
2018-10-22,pepper,Juaboso,92.1,6.17,0,10,43
2018-10-29,pepper,Juaboso,89.7,5.77,0,10,44
2018-11-05,pepper,Juaboso,82.4,5.75,0,11,45
2018-11-12,pepper,Juaboso,67.9,6.26,0,11,46
2018-11-19,pepper,Juaboso,84.9,6.14,0,11,47
2018-11-26,pepper,Juaboso,80.1,6.3,0,11,48
2018-12-03,pepper,Juaboso,85.8,5.99,0,12,49
2018-12-10,pepper,Juaboso,83.2,5.92,0,12,50
2018-12-17,pepper,Juaboso,73.7,6.45,0,12,51
2018-12-24,pepper,Juaboso,139.7,5.74,1,12,52
2018-12-31,pepper,Juaboso,137.5,6.42,1,12,1
2019-01-07,pepper,Juaboso,72.1,8.24,0,1,2
2019-01-14,pepper,Juaboso,73.0,8.09,0,1,3
2019-01-21,pepper,Juaboso,71.0,7.61,0,1,4
2019-01-28,pepper,Juaboso,78.9,7.57,0,1,5
2019-02-04,pepper,Juaboso,72.0,7.81,0,2,6
2019-02-11,pepper,Juaboso,84.2,7.47,0,2,7
2019-02-18,pepper,Juaboso,75.5,7.57,0,2,8
2019-02-25,pepper,Juaboso,73.9,8.08,0,2,9
2019-03-04,pepper,Juaboso,91.2,6.93,0,3,10
2019-03-11,pepper,Juaboso,83.4,6.47,0,3,11
2019-03-18,pepper,Juaboso,78.5,6.93,0,3,12
2019-03-25,pepper,Juaboso,84.1,6.87,0,3,13
2019-04-01,pepper,Juaboso,110.9,7.2,1,4,14
2019-04-08,pepper,Juaboso,137.1,6.95,1,4,15
2019-04-15,pepper,Juaboso,84.7,7.08,0,4,16
2019-04-22,pepper,Juaboso,83.8,6.92,0,4,17
2019-04-29,pepper,Juaboso,63.8,7.06,0,4,18
2019-05-06,pepper,Juaboso,84.6,6.48,0,5,19
2019-05-13,pepper,Juaboso,76.6,6.8,0,5,20
2019-05-20,pepper,Juaboso,88.2,6.83,0,5,21
2019-05-27,pepper,Juaboso,88.4,6.77,0,5,22
2019-06-03,pepper,Juaboso,82.6,7.61,0,6,23
2019-06-10,pepper,Juaboso,74.4,7.67,0,6,24
2019-06-17,pepper,Juaboso,88.0,7.6,0,6,25
2019-06-24,pepper,Juaboso,80.9,7.43,0,6,26
2019-07-01,pepper,Juaboso,85.3,8.18,0,7,27
2019-07-08,pepper,Juaboso,74.0,8.8,0,7,28
2019-07-15,pepper,Juaboso,76.7,8.55,0,7,29
2019-07-22,pepper,Juaboso,75.5,8.09,0,7,30
2019-07-29,pepper,Juaboso,82.0,8.37,0,7,31
2019-08-05,pepper,Juaboso,123.3,7.89,1,8,32
2019-08-12,pepper,Juaboso,122.2,8.5,1,8,33
2019-08-19,pepper,Juaboso,114.5,8.42,1,8,34
2019-08-26,pepper,Juaboso,114.3,8.29,1,8,35
2019-09-02,pepper,Juaboso,81.3,8.11,0,9,36
2019-09-09,pepper,Juaboso,92.5,7.27,0,9,37
2019-09-16,pepper,Juaboso,85.4,7.84,0,9,38
2019-09-23,pepper,Juaboso,77.8,8.29,0,9,39
2019-09-30,pepper,Juaboso,70.8,7.95,0,9,40
2019-10-07,pepper,Juaboso,87.9,6.51,0,10,41
2019-10-14,pepper,Juaboso,79.1,6.23,0,10,42
2019-10-21,pepper,Juaboso,87.4,6.17,0,10,43
2019-10-28,pepper,Juaboso,84.1,6.42,0,10,44
2019-11-04,pepper,Juaboso,78.3,6.38,0,11,45
2019-11-11,pepper,Juaboso,87.5,6.38,0,11,46
2019-11-18,pepper,Juaboso,95.6,6.48,0,11,47
2019-11-25,pepper,Juaboso,82.5,6.54,0,11,48
2019-12-02,pepper,Juaboso,86.5,6.74,0,12,49
2019-12-09,pepper,Juaboso,99.5,6.28,0,12,50
2019-12-16,pepper,Juaboso,90.1,6.43,0,12,51
2019-12-23,pepper,Juaboso,134.8,6.56,1,12,52
2019-12-30,pepper,Juaboso,142.2,6.56,1,12,1
2020-01-06,pepper,Juaboso,76.2,9.07,0,1,2
2020-01-13,pepper,Juaboso,84.2,8.53,0,1,3
2020-01-20,pepper,Juaboso,88.1,7.9,0,1,4
2020-01-27,pepper,Juaboso,64.3,8.59,0,1,5
2020-02-03,pepper,Juaboso,73.0,8.69,0,2,6
2020-02-10,pepper,Juaboso,78.2,8.46,0,2,7
2020-02-17,pepper,Juaboso,76.2,8.09,0,2,8
2020-02-24,pepper,Juaboso,57.8,9.1,0,2,9
2020-03-02,pepper,Juaboso,82.9,6.98,0,3,10
2020-03-09,pepper,Juaboso,82.3,7.48,0,3,11
2020-03-16,pepper,Juaboso,80.8,7.35,0,3,12
2020-03-23,pepper,Juaboso,77.6,7.46,0,3,13
2020-03-30,pepper,Juaboso,80.1,7.79,0,3,14
2020-04-06,pepper,Juaboso,132.8,7.5,1,4,15
2020-04-13,pepper,Juaboso,130.8,7.17,1,4,16
2020-04-20,pepper,Juaboso,88.1,7.66,0,4,17
2020-04-27,pepper,Juaboso,86.0,7.15,0,4,18
2020-05-04,pepper,Juaboso,79.4,7.43,0,5,19
2020-05-11,pepper,Juaboso,81.7,7.0,0,5,20
2020-05-18,pepper,Juaboso,85.8,7.08,0,5,21
2020-05-25,pepper,Juaboso,89.7,7.4,0,5,22
2020-06-01,pepper,Juaboso,78.4,8.2,0,6,23
2020-06-08,pepper,Juaboso,91.1,7.53,0,6,24
2020-06-15,pepper,Juaboso,82.6,8.24,0,6,25
2020-06-22,pepper,Juaboso,95.8,7.81,0,6,26
2020-06-29,pepper,Juaboso,82.2,8.49,0,6,27
2020-07-06,pepper,Juaboso,74.3,8.98,0,7,28
2020-07-13,pepper,Juaboso,82.9,8.7,0,7,29
2020-07-20,pepper,Juaboso,80.1,9.13,0,7,30
2020-07-27,pepper,Juaboso,77.0,8.77,0,7,31
2020-08-03,pepper,Juaboso,103.0,9.63,1,8,32
2020-08-10,pepper,Juaboso,118.6,9.16,1,8,33
2020-08-17,pepper,Juaboso,115.9,9.11,1,8,34
2020-08-24,pepper,Juaboso,102.6,9.38,1,8,35
2020-08-31,pepper,Juaboso,120.3,8.8,1,8,36
2020-09-07,pepper,Juaboso,83.9,7.81,0,9,37
2020-09-14,pepper,Juaboso,75.3,8.37,0,9,38
2020-09-21,pepper,Juaboso,84.9,7.87,0,9,39
2020-09-28,pepper,Juaboso,93.4,7.87,0,9,40
2020-10-05,pepper,Juaboso,89.3,7.28,0,10,41
2020-10-12,pepper,Juaboso,88.8,7.19,0,10,42
2020-10-19,pepper,Juaboso,90.2,6.69,0,10,43
2020-10-26,pepper,Juaboso,90.1,6.87,0,10,44
2020-11-02,pepper,Juaboso,88.4,6.83,0,11,45
2020-11-09,pepper,Juaboso,75.8,7.59,0,11,46
2020-11-16,pepper,Juaboso,78.7,7.35,0,11,47
2020-11-23,pepper,Juaboso,83.4,6.97,0,11,48
2020-11-30,pepper,Juaboso,91.1,7.25,0,11,49
2020-12-07,pepper,Juaboso,95.0,6.75,0,12,50
2020-12-14,pepper,Juaboso,81.8,6.94,0,12,51
2020-12-21,pepper,Juaboso,142.2,7.17,1,12,52
2020-12-28,pepper,Juaboso,137.0,7.26,1,12,53
2021-01-04,pepper,Juaboso,79.1,9.09,0,1,1
2021-01-11,pepper,Juaboso,76.5,9.21,0,1,2
2021-01-18,pepper,Juaboso,86.2,9.15,0,1,3
2021-01-25,pepper,Juaboso,80.0,9.06,0,1,4
2021-02-01,pepper,Juaboso,81.6,9.07,0,2,5
2021-02-08,pepper,Juaboso,81.9,9.03,0,2,6
2021-02-15,pepper,Juaboso,74.3,9.27,0,2,7
2021-02-22,pepper,Juaboso,79.3,9.33,0,2,8
2021-03-01,pepper,Juaboso,90.5,7.94,0,3,9
2021-03-08,pepper,Juaboso,96.6,7.5,0,3,10
2021-03-15,pepper,Juaboso,82.2,7.56,0,3,11
2021-03-22,pepper,Juaboso,76.9,8.0,0,3,12
2021-03-29,pepper,Juaboso,82.3,8.34,0,3,13
2021-04-05,pepper,Juaboso,143.3,7.97,1,4,14
2021-04-12,pepper,Juaboso,139.6,7.79,1,4,15
2021-04-19,pepper,Juaboso,88.7,7.99,0,4,16
2021-04-26,pepper,Juaboso,81.6,7.56,0,4,17
2021-05-03,pepper,Juaboso,79.8,8.39,0,5,18
2021-05-10,pepper,Juaboso,74.2,8.03,0,5,19
2021-05-17,pepper,Juaboso,86.9,7.76,0,5,20
2021-05-24,pepper,Juaboso,75.1,7.92,0,5,21
2021-05-31,pepper,Juaboso,94.2,7.81,0,5,22
2021-06-07,pepper,Juaboso,89.5,9.18,0,6,23
2021-06-14,pepper,Juaboso,86.3,8.65,0,6,24
2021-06-21,pepper,Juaboso,77.0,8.78,0,6,25
2021-06-28,pepper,Juaboso,85.6,8.92,0,6,26
2021-07-05,pepper,Juaboso,89.0,9.54,0,7,27
2021-07-12,pepper,Juaboso,80.0,9.91,0,7,28
2021-07-19,pepper,Juaboso,83.2,9.94,0,7,29
2021-07-26,pepper,Juaboso,79.8,9.22,0,7,30
2021-08-02,pepper,Juaboso,110.2,10.0,1,8,31
2021-08-09,pepper,Juaboso,116.9,9.88,1,8,32
2021-08-16,pepper,Juaboso,103.2,9.95,1,8,33
2021-08-23,pepper,Juaboso,133.0,9.91,1,8,34
2021-08-30,pepper,Juaboso,117.3,10.0,1,8,35
2021-09-06,pepper,Juaboso,86.5,9.37,0,9,36
2021-09-13,pepper,Juaboso,86.2,8.47,0,9,37
2021-09-20,pepper,Juaboso,78.4,8.77,0,9,38
2021-09-27,pepper,Juaboso,91.0,9.13,0,9,39
2021-10-04,pepper,Juaboso,80.1,7.75,0,10,40
2021-10-11,pepper,Juaboso,87.7,7.75,0,10,41
2021-10-18,pepper,Juaboso,82.6,8.45,0,10,42
2021-10-25,pepper,Juaboso,85.9,7.79,0,10,43
2021-11-01,pepper,Juaboso,80.4,8.0,0,11,44
2021-11-08,pepper,Juaboso,87.3,7.56,0,11,45
2021-11-15,pepper,Juaboso,84.8,7.35,0,11,46
2021-11-22,pepper,Juaboso,92.3,7.56,0,11,47
2021-11-29,pepper,Juaboso,88.4,7.87,0,11,48
2021-12-06,pepper,Juaboso,86.2,7.83,0,12,49
2021-12-13,pepper,Juaboso,83.4,7.83,0,12,50
2021-12-20,pepper,Juaboso,164.5,7.64,1,12,51
2021-12-27,pepper,Juaboso,135.3,7.59,1,12,52
2022-01-03,pepper,Juaboso,74.1,9.78,0,1,1
2022-01-10,pepper,Juaboso,79.1,10.14,0,1,2
2022-01-17,pepper,Juaboso,78.0,10.19,0,1,3
2022-01-24,pepper,Juaboso,89.3,9.46,0,1,4
2022-01-31,pepper,Juaboso,82.5,10.15,0,1,5
2022-02-07,pepper,Juaboso,83.1,9.66,0,2,6
2022-02-14,pepper,Juaboso,82.7,10.1,0,2,7
2022-02-21,pepper,Juaboso,84.2,9.84,0,2,8
2022-02-28,pepper,Juaboso,87.6,10.54,0,2,9
2022-03-07,pepper,Juaboso,89.8,8.36,0,3,10
2022-03-14,pepper,Juaboso,83.3,8.56,0,3,11
2022-03-21,pepper,Juaboso,86.8,8.71,0,3,12
2022-03-28,pepper,Juaboso,75.6,8.21,0,3,13
2022-04-04,pepper,Juaboso,137.7,8.53,1,4,14
2022-04-11,pepper,Juaboso,147.8,8.47,1,4,15
2022-04-18,pepper,Juaboso,92.1,8.38,0,4,16
2022-04-25,pepper,Juaboso,90.2,8.41,0,4,17
2022-05-02,pepper,Juaboso,88.1,9.0,0,5,18
2022-05-09,pepper,Juaboso,95.1,8.41,0,5,19
2022-05-16,pepper,Juaboso,93.5,8.81,0,5,20
2022-05-23,pepper,Juaboso,89.1,8.72,0,5,21
2022-05-30,pepper,Juaboso,89.7,8.13,0,5,22
2022-06-06,pepper,Juaboso,73.6,9.62,0,6,23
2022-06-13,pepper,Juaboso,96.0,8.89,0,6,24
2022-06-20,pepper,Juaboso,87.8,9.66,0,6,25
2022-06-27,pepper,Juaboso,88.9,9.23,0,6,26
2022-07-04,pepper,Juaboso,76.5,10.62,0,7,27
2022-07-11,pepper,Juaboso,87.9,10.07,0,7,28
2022-07-18,pepper,Juaboso,78.3,10.67,0,7,29
2022-07-25,pepper,Juaboso,77.5,11.01,0,7,30
2022-08-01,pepper,Juaboso,122.1,10.34,1,8,31
2022-08-08,pepper,Juaboso,125.1,10.43,1,8,32
2022-08-15,pepper,Juaboso,109.8,10.88,1,8,33
2022-08-22,pepper,Juaboso,121.9,10.89,1,8,34
2022-08-29,pepper,Juaboso,123.5,9.65,1,8,35
2022-09-05,pepper,Juaboso,78.9,10.38,0,9,36
2022-09-12,pepper,Juaboso,90.4,9.81,0,9,37
2022-09-19,pepper,Juaboso,80.3,9.87,0,9,38
2022-09-26,pepper,Juaboso,92.2,9.55,0,9,39
2022-10-03,pepper,Juaboso,94.6,7.61,0,10,40
2022-10-10,pepper,Juaboso,78.4,8.44,0,10,41
2022-10-17,pepper,Juaboso,97.7,8.03,0,10,42
2022-10-24,pepper,Juaboso,89.0,8.4,0,10,43
2022-10-31,pepper,Juaboso,91.5,8.14,0,10,44
2022-11-07,pepper,Juaboso,93.6,8.35,0,11,45
2022-11-14,pepper,Juaboso,99.3,8.01,0,11,46
2022-11-21,pepper,Juaboso,87.7,8.56,0,11,47
2022-11-28,pepper,Juaboso,95.6,7.88,0,11,48
2022-12-05,pepper,Juaboso,85.4,9.07,0,12,49
2022-12-12,pepper,Juaboso,81.8,9.07,0,12,50
2022-12-19,pepper,Juaboso,76.9,8.87,0,12,51
2022-12-26,pepper,Juaboso,144.4,8.75,1,12,52
2023-01-02,pepper,Juaboso,89.9,10.61,0,1,1
2023-01-09,pepper,Juaboso,82.9,11.14,0,1,2
2023-01-16,pepper,Juaboso,77.8,10.6,0,1,3
2023-01-23,pepper,Juaboso,92.7,9.98,0,1,4
2023-01-30,pepper,Juaboso,77.9,11.28,0,1,5
2023-02-06,pepper,Juaboso,70.2,11.19,0,2,6
2023-02-13,pepper,Juaboso,88.1,10.7,0,2,7
2023-02-20,pepper,Juaboso,81.3,10.19,0,2,8
2023-02-27,pepper,Juaboso,93.5,10.46,0,2,9
2023-03-06,pepper,Juaboso,100.8,8.51,0,3,10
2023-03-13,pepper,Juaboso,85.4,9.53,0,3,11
2023-03-20,pepper,Juaboso,96.2,8.59,0,3,12
2023-03-27,pepper,Juaboso,101.1,9.29,0,3,13
2023-04-03,pepper,Juaboso,152.7,8.93,1,4,14
2023-04-10,pepper,Juaboso,148.9,8.71,1,4,15
2023-04-17,pepper,Juaboso,103.9,9.33,0,4,16
2023-04-24,pepper,Juaboso,90.7,9.12,0,4,17
2023-05-01,pepper,Juaboso,90.2,9.61,0,5,18
2023-05-08,pepper,Juaboso,87.7,8.83,0,5,19
2023-05-15,pepper,Juaboso,82.3,9.02,0,5,20
2023-05-22,pepper,Juaboso,94.7,8.41,0,5,21
2023-05-29,pepper,Juaboso,95.9,8.49,0,5,22
2023-06-05,pepper,Juaboso,85.7,10.91,0,6,23
2023-06-12,pepper,Juaboso,76.3,11.02,0,6,24
2023-06-19,pepper,Juaboso,91.8,10.21,0,6,25
2023-06-26,pepper,Juaboso,86.2,9.84,0,6,26
2023-07-03,pepper,Juaboso,85.2,11.33,0,7,27
2023-07-10,pepper,Juaboso,83.8,11.87,0,7,28
2023-07-17,pepper,Juaboso,80.8,11.23,0,7,29
2023-07-24,pepper,Juaboso,76.2,11.58,0,7,30
2023-07-31,pepper,Juaboso,89.0,11.46,0,7,31
2023-08-07,pepper,Juaboso,130.6,11.28,1,8,32
2023-08-14,pepper,Juaboso,125.0,11.3,1,8,33
2023-08-21,pepper,Juaboso,131.5,11.68,1,8,34
2023-08-28,pepper,Juaboso,126.3,11.09,1,8,35
2023-09-04,pepper,Juaboso,84.5,10.56,0,9,36
2023-09-11,pepper,Juaboso,84.8,10.18,0,9,37
2023-09-18,pepper,Juaboso,88.0,10.43,0,9,38
2023-09-25,pepper,Juaboso,89.4,10.95,0,9,39
2023-10-02,pepper,Juaboso,98.7,8.81,0,10,40
2023-10-09,pepper,Juaboso,88.3,9.2,0,10,41
2023-10-16,pepper,Juaboso,102.7,8.24,0,10,42
2023-10-23,pepper,Juaboso,90.7,8.71,0,10,43
2023-10-30,pepper,Juaboso,86.3,8.88,0,10,44
2023-11-06,pepper,Juaboso,79.1,9.62,0,11,45
2023-11-13,pepper,Juaboso,93.5,8.23,0,11,46
2023-11-20,pepper,Juaboso,84.0,8.9,0,11,47
2023-11-27,pepper,Juaboso,97.5,9.45,0,11,48
2023-12-04,pepper,Juaboso,95.5,8.71,0,12,49
2023-12-11,pepper,Juaboso,91.0,8.91,0,12,50
2023-12-18,pepper,Juaboso,99.3,9.11,0,12,51
2023-12-25,pepper,Juaboso,138.5,9.05,1,12,52
2024-01-01,pepper,Juaboso,80.1,12.21,0,1,1
2024-01-08,pepper,Juaboso,93.4,11.7,0,1,2
2024-01-15,pepper,Juaboso,80.6,12.1,0,1,3
2024-01-22,pepper,Juaboso,98.0,11.33,0,1,4
2024-01-29,pepper,Juaboso,90.5,11.15,0,1,5
2024-02-05,pepper,Juaboso,91.9,11.46,0,2,6
2024-02-12,pepper,Juaboso,94.8,11.03,0,2,7
2024-02-19,pepper,Juaboso,83.5,11.79,0,2,8
2024-02-26,pepper,Juaboso,83.1,11.39,0,2,9
2024-03-04,pepper,Juaboso,92.1,9.65,0,3,10
2024-03-11,pepper,Juaboso,84.2,10.12,0,3,11
2024-03-18,pepper,Juaboso,93.8,9.46,0,3,12
2024-03-25,pepper,Juaboso,88.8,10.22,0,3,13
2024-04-01,pepper,Juaboso,160.0,9.79,1,4,14
2024-04-08,pepper,Juaboso,143.4,10.44,1,4,15
2024-04-15,pepper,Juaboso,105.2,9.82,0,4,16
2024-04-22,pepper,Juaboso,77.8,10.23,0,4,17
2024-04-29,pepper,Juaboso,83.9,10.05,0,4,18
2024-05-06,pepper,Juaboso,87.3,10.34,0,5,19
2024-05-13,pepper,Juaboso,99.0,10.09,0,5,20
2024-05-20,pepper,Juaboso,95.3,9.38,0,5,21
2024-05-27,pepper,Juaboso,80.7,10.45,0,5,22
2024-06-03,pepper,Juaboso,89.2,10.95,0,6,23
2024-06-10,pepper,Juaboso,81.8,11.34,0,6,24
2024-06-17,pepper,Juaboso,81.1,11.29,0,6,25
2024-06-24,pepper,Juaboso,103.5,10.65,0,6,26
2024-07-01,pepper,Juaboso,83.6,11.93,0,7,27
2024-07-08,pepper,Juaboso,82.3,12.71,0,7,28
2024-07-15,pepper,Juaboso,83.3,12.24,0,7,29
2024-07-22,pepper,Juaboso,79.6,12.85,0,7,30
2024-07-29,pepper,Juaboso,79.3,12.3,0,7,31
2024-08-05,pepper,Juaboso,118.4,12.98,1,8,32
2024-08-12,pepper,Juaboso,125.3,12.68,1,8,33
2024-08-19,pepper,Juaboso,133.8,12.61,1,8,34
2024-08-26,pepper,Juaboso,133.0,12.28,1,8,35
2024-09-02,pepper,Juaboso,83.5,11.31,0,9,36
2024-09-09,pepper,Juaboso,92.8,11.74,0,9,37
2024-09-16,pepper,Juaboso,93.5,11.18,0,9,38
2024-09-23,pepper,Juaboso,86.0,11.44,0,9,39
2024-09-30,pepper,Juaboso,91.6,11.22,0,9,40
2024-10-07,pepper,Juaboso,95.2,9.63,0,10,41
2024-10-14,pepper,Juaboso,88.2,10.24,0,10,42
2024-10-21,pepper,Juaboso,91.8,10.04,0,10,43
2024-10-28,pepper,Juaboso,87.4,9.61,0,10,44
2024-11-04,pepper,Juaboso,102.9,9.73,0,11,45
2024-11-11,pepper,Juaboso,83.6,9.37,0,11,46
2024-11-18,pepper,Juaboso,96.2,9.58,0,11,47
2024-11-25,pepper,Juaboso,93.7,9.76,0,11,48
2024-12-02,pepper,Juaboso,93.9,10.04,0,12,49
2024-12-09,pepper,Juaboso,86.8,10.0,0,12,50
2024-12-16,pepper,Juaboso,102.6,9.28,0,12,51
2024-12-23,pepper,Juaboso,148.6,10.09,1,12,52
2024-12-30,pepper,Juaboso,143.4,9.67,1,12,1
2018-01-01,pepper,Sefwi Wiawso,78.8,8.22,0,1,1
2018-01-08,pepper,Sefwi Wiawso,84.6,8.26,0,1,2
2018-01-15,pepper,Sefwi Wiawso,78.6,7.89,0,1,3
2018-01-22,pepper,Sefwi Wiawso,95.1,8.03,0,1,4
2018-01-29,pepper,Sefwi Wiawso,91.0,8.05,0,1,5
2018-02-05,pepper,Sefwi Wiawso,93.6,8.29,0,2,6
2018-02-12,pepper,Sefwi Wiawso,94.8,8.08,0,2,7
2018-02-19,pepper,Sefwi Wiawso,89.5,7.44,0,2,8
2018-02-26,pepper,Sefwi Wiawso,78.5,8.49,0,2,9
2018-03-05,pepper,Sefwi Wiawso,76.7,7.02,0,3,10
2018-03-12,pepper,Sefwi Wiawso,93.3,6.6,0,3,11
2018-03-19,pepper,Sefwi Wiawso,107.5,6.46,0,3,12
2018-03-26,pepper,Sefwi Wiawso,88.2,6.87,0,3,13
2018-04-02,pepper,Sefwi Wiawso,147.9,6.7,1,4,14
2018-04-09,pepper,Sefwi Wiawso,142.1,6.87,1,4,15
2018-04-16,pepper,Sefwi Wiawso,94.4,6.98,0,4,16
2018-04-23,pepper,Sefwi Wiawso,103.5,6.62,0,4,17
2018-04-30,pepper,Sefwi Wiawso,88.6,6.48,0,4,18
2018-05-07,pepper,Sefwi Wiawso,85.9,6.93,0,5,19
2018-05-14,pepper,Sefwi Wiawso,104.6,6.68,0,5,20
2018-05-21,pepper,Sefwi Wiawso,98.3,6.86,0,5,21
2018-05-28,pepper,Sefwi Wiawso,96.9,6.46,0,5,22
2018-06-04,pepper,Sefwi Wiawso,104.0,7.39,0,6,23
2018-06-11,pepper,Sefwi Wiawso,84.1,7.68,0,6,24
2018-06-18,pepper,Sefwi Wiawso,97.1,7.64,0,6,25
2018-06-25,pepper,Sefwi Wiawso,95.5,7.23,0,6,26
2018-07-02,pepper,Sefwi Wiawso,92.5,8.02,0,7,27
2018-07-09,pepper,Sefwi Wiawso,73.8,8.42,0,7,28
2018-07-16,pepper,Sefwi Wiawso,83.4,8.6,0,7,29
2018-07-23,pepper,Sefwi Wiawso,88.9,8.55,0,7,30
2018-07-30,pepper,Sefwi Wiawso,87.2,8.24,0,7,31
2018-08-06,pepper,Sefwi Wiawso,137.4,8.57,1,8,32
2018-08-13,pepper,Sefwi Wiawso,132.5,8.98,1,8,33
2018-08-20,pepper,Sefwi Wiawso,120.8,8.54,1,8,34
2018-08-27,pepper,Sefwi Wiawso,142.5,7.91,1,8,35
2018-09-03,pepper,Sefwi Wiawso,88.0,7.67,0,9,36
2018-09-10,pepper,Sefwi Wiawso,89.0,8.23,0,9,37
2018-09-17,pepper,Sefwi Wiawso,101.7,7.22,0,9,38
2018-09-24,pepper,Sefwi Wiawso,89.3,7.62,0,9,39
2018-10-01,pepper,Sefwi Wiawso,101.0,6.45,0,10,40
2018-10-08,pepper,Sefwi Wiawso,92.7,6.53,0,10,41
2018-10-15,pepper,Sefwi Wiawso,91.9,6.56,0,10,42
2018-10-22,pepper,Sefwi Wiawso,96.7,6.8,0,10,43
2018-10-29,pepper,Sefwi Wiawso,90.8,6.53,0,10,44
2018-11-05,pepper,Sefwi Wiawso,87.6,6.88,0,11,45
2018-11-12,pepper,Sefwi Wiawso,102.3,6.52,0,11,46
2018-11-19,pepper,Sefwi Wiawso,97.6,6.46,0,11,47
2018-11-26,pepper,Sefwi Wiawso,89.5,6.37,0,11,48
2018-12-03,pepper,Sefwi Wiawso,107.0,6.11,0,12,49
2018-12-10,pepper,Sefwi Wiawso,93.1,6.66,0,12,50
2018-12-17,pepper,Sefwi Wiawso,83.0,7.13,0,12,51
2018-12-24,pepper,Sefwi Wiawso,133.9,6.71,1,12,52
2018-12-31,pepper,Sefwi Wiawso,165.0,6.77,1,12,1
2019-01-07,pepper,Sefwi Wiawso,85.9,8.29,0,1,2
2019-01-14,pepper,Sefwi Wiawso,83.3,8.35,0,1,3
2019-01-21,pepper,Sefwi Wiawso,90.2,8.76,0,1,4
2019-01-28,pepper,Sefwi Wiawso,88.4,9.11,0,1,5
2019-02-04,pepper,Sefwi Wiawso,81.7,8.99,0,2,6
2019-02-11,pepper,Sefwi Wiawso,92.2,8.76,0,2,7
2019-02-18,pepper,Sefwi Wiawso,100.5,8.5,0,2,8
2019-02-25,pepper,Sefwi Wiawso,96.1,8.56,0,2,9
2019-03-04,pepper,Sefwi Wiawso,105.4,7.05,0,3,10
2019-03-11,pepper,Sefwi Wiawso,102.4,6.85,0,3,11
2019-03-18,pepper,Sefwi Wiawso,96.8,6.95,0,3,12
2019-03-25,pepper,Sefwi Wiawso,95.6,7.29,0,3,13
2019-04-01,pepper,Sefwi Wiawso,156.8,7.24,1,4,14
2019-04-08,pepper,Sefwi Wiawso,146.6,6.89,1,4,15
2019-04-15,pepper,Sefwi Wiawso,91.9,7.31,0,4,16
2019-04-22,pepper,Sefwi Wiawso,88.8,7.23,0,4,17
2019-04-29,pepper,Sefwi Wiawso,101.2,6.98,0,4,18
2019-05-06,pepper,Sefwi Wiawso,98.0,7.26,0,5,19
2019-05-13,pepper,Sefwi Wiawso,93.6,7.27,0,5,20
2019-05-20,pepper,Sefwi Wiawso,103.0,7.19,0,5,21
2019-05-27,pepper,Sefwi Wiawso,88.0,7.64,0,5,22
2019-06-03,pepper,Sefwi Wiawso,97.1,7.45,0,6,23
2019-06-10,pepper,Sefwi Wiawso,106.4,7.42,0,6,24
2019-06-17,pepper,Sefwi Wiawso,100.8,8.06,0,6,25
2019-06-24,pepper,Sefwi Wiawso,90.7,8.09,0,6,26
2019-07-01,pepper,Sefwi Wiawso,88.0,9.23,0,7,27
2019-07-08,pepper,Sefwi Wiawso,85.1,8.89,0,7,28
2019-07-15,pepper,Sefwi Wiawso,89.3,8.75,0,7,29
2019-07-22,pepper,Sefwi Wiawso,88.7,9.08,0,7,30
2019-07-29,pepper,Sefwi Wiawso,92.1,8.92,0,7,31
2019-08-05,pepper,Sefwi Wiawso,128.2,9.71,1,8,32
2019-08-12,pepper,Sefwi Wiawso,135.1,9.02,1,8,33
2019-08-19,pepper,Sefwi Wiawso,123.3,9.12,1,8,34
2019-08-26,pepper,Sefwi Wiawso,125.4,10.05,1,8,35
2019-09-02,pepper,Sefwi Wiawso,99.8,8.15,0,9,36
2019-09-09,pepper,Sefwi Wiawso,98.3,8.4,0,9,37
2019-09-16,pepper,Sefwi Wiawso,90.1,8.43,0,9,38
2019-09-23,pepper,Sefwi Wiawso,99.1,8.46,0,9,39
2019-09-30,pepper,Sefwi Wiawso,87.6,8.31,0,9,40
2019-10-07,pepper,Sefwi Wiawso,94.7,7.08,0,10,41
2019-10-14,pepper,Sefwi Wiawso,95.8,7.06,0,10,42
2019-10-21,pepper,Sefwi Wiawso,91.9,6.87,0,10,43
2019-10-28,pepper,Sefwi Wiawso,95.1,7.12,0,10,44
2019-11-04,pepper,Sefwi Wiawso,93.5,7.65,0,11,45
2019-11-11,pepper,Sefwi Wiawso,84.1,7.42,0,11,46
2019-11-18,pepper,Sefwi Wiawso,94.7,7.16,0,11,47
2019-11-25,pepper,Sefwi Wiawso,85.4,7.32,0,11,48
2019-12-02,pepper,Sefwi Wiawso,113.1,6.87,0,12,49
2019-12-09,pepper,Sefwi Wiawso,100.0,7.05,0,12,50
2019-12-16,pepper,Sefwi Wiawso,96.1,7.39,0,12,51
2019-12-23,pepper,Sefwi Wiawso,158.2,7.54,1,12,52
2019-12-30,pepper,Sefwi Wiawso,172.8,6.9,1,12,1
2020-01-06,pepper,Sefwi Wiawso,98.0,8.93,0,1,2
2020-01-13,pepper,Sefwi Wiawso,77.6,9.9,0,1,3
2020-01-20,pepper,Sefwi Wiawso,98.1,9.14,0,1,4
2020-01-27,pepper,Sefwi Wiawso,93.0,9.77,0,1,5
2020-02-03,pepper,Sefwi Wiawso,90.4,9.24,0,2,6
2020-02-10,pepper,Sefwi Wiawso,90.1,9.25,0,2,7
2020-02-17,pepper,Sefwi Wiawso,75.0,9.05,0,2,8
2020-02-24,pepper,Sefwi Wiawso,82.2,9.51,0,2,9
2020-03-02,pepper,Sefwi Wiawso,97.2,8.28,0,3,10
2020-03-09,pepper,Sefwi Wiawso,108.5,7.53,0,3,11
2020-03-16,pepper,Sefwi Wiawso,103.5,7.74,0,3,12
2020-03-23,pepper,Sefwi Wiawso,95.0,8.14,0,3,13
2020-03-30,pepper,Sefwi Wiawso,109.8,7.81,0,3,14
2020-04-06,pepper,Sefwi Wiawso,166.3,7.75,1,4,15
2020-04-13,pepper,Sefwi Wiawso,146.4,8.23,1,4,16
2020-04-20,pepper,Sefwi Wiawso,107.5,8.26,0,4,17
2020-04-27,pepper,Sefwi Wiawso,93.0,7.76,0,4,18
2020-05-04,pepper,Sefwi Wiawso,89.1,8.02,0,5,19
2020-05-11,pepper,Sefwi Wiawso,99.5,7.57,0,5,20
2020-05-18,pepper,Sefwi Wiawso,96.5,7.67,0,5,21
2020-05-25,pepper,Sefwi Wiawso,95.8,8.0,0,5,22
2020-06-01,pepper,Sefwi Wiawso,101.9,8.72,0,6,23
2020-06-08,pepper,Sefwi Wiawso,100.1,8.37,0,6,24
2020-06-15,pepper,Sefwi Wiawso,99.5,8.46,0,6,25
2020-06-22,pepper,Sefwi Wiawso,101.0,8.33,0,6,26
2020-06-29,pepper,Sefwi Wiawso,82.8,8.86,0,6,27
2020-07-06,pepper,Sefwi Wiawso,86.6,9.04,0,7,28
2020-07-13,pepper,Sefwi Wiawso,90.3,9.41,0,7,29
2020-07-20,pepper,Sefwi Wiawso,90.2,9.08,0,7,30
2020-07-27,pepper,Sefwi Wiawso,87.3,9.98,0,7,31
2020-08-03,pepper,Sefwi Wiawso,154.0,9.16,1,8,32
2020-08-10,pepper,Sefwi Wiawso,133.5,9.89,1,8,33
2020-08-17,pepper,Sefwi Wiawso,117.8,10.52,1,8,34
2020-08-24,pepper,Sefwi Wiawso,121.7,10.54,1,8,35
2020-08-31,pepper,Sefwi Wiawso,156.6,9.16,1,8,36
2020-09-07,pepper,Sefwi Wiawso,105.9,8.98,0,9,37
2020-09-14,pepper,Sefwi Wiawso,104.5,8.52,0,9,38
2020-09-21,pepper,Sefwi Wiawso,92.0,8.45,0,9,39
2020-09-28,pepper,Sefwi Wiawso,100.1,8.83,0,9,40
2020-10-05,pepper,Sefwi Wiawso,98.4,7.96,0,10,41
2020-10-12,pepper,Sefwi Wiawso,98.1,7.77,0,10,42
2020-10-19,pepper,Sefwi Wiawso,98.4,7.37,0,10,43
2020-10-26,pepper,Sefwi Wiawso,95.5,7.81,0,10,44
2020-11-02,pepper,Sefwi Wiawso,103.1,6.95,0,11,45
2020-11-09,pepper,Sefwi Wiawso,95.2,7.41,0,11,46
2020-11-16,pepper,Sefwi Wiawso,110.8,7.39,0,11,47
2020-11-23,pepper,Sefwi Wiawso,104.9,7.66,0,11,48
2020-11-30,pepper,Sefwi Wiawso,98.7,7.58,0,11,49
2020-12-07,pepper,Sefwi Wiawso,102.5,7.65,0,12,50
2020-12-14,pepper,Sefwi Wiawso,102.9,7.64,0,12,51
2020-12-21,pepper,Sefwi Wiawso,189.3,7.7,1,12,52
2020-12-28,pepper,Sefwi Wiawso,172.0,7.86,1,12,53
2021-01-04,pepper,Sefwi Wiawso,97.3,9.89,0,1,1
2021-01-11,pepper,Sefwi Wiawso,94.0,9.72,0,1,2
2021-01-18,pepper,Sefwi Wiawso,89.5,9.99,0,1,3
2021-01-25,pepper,Sefwi Wiawso,98.3,10.16,0,1,4
2021-02-01,pepper,Sefwi Wiawso,98.4,9.68,0,2,5
2021-02-08,pepper,Sefwi Wiawso,88.7,9.87,0,2,6
2021-02-15,pepper,Sefwi Wiawso,92.5,10.36,0,2,7
2021-02-22,pepper,Sefwi Wiawso,101.2,9.46,0,2,8
2021-03-01,pepper,Sefwi Wiawso,82.9,9.1,0,3,9
2021-03-08,pepper,Sefwi Wiawso,98.4,8.03,0,3,10
2021-03-15,pepper,Sefwi Wiawso,103.2,8.37,0,3,11
2021-03-22,pepper,Sefwi Wiawso,91.1,8.16,0,3,12
2021-03-29,pepper,Sefwi Wiawso,83.9,9.23,0,3,13
2021-04-05,pepper,Sefwi Wiawso,157.4,8.37,1,4,14
2021-04-12,pepper,Sefwi Wiawso,164.7,8.37,1,4,15
2021-04-19,pepper,Sefwi Wiawso,104.6,8.41,0,4,16
2021-04-26,pepper,Sefwi Wiawso,109.4,8.57,0,4,17
2021-05-03,pepper,Sefwi Wiawso,101.8,8.48,0,5,18
2021-05-10,pepper,Sefwi Wiawso,98.5,8.55,0,5,19
2021-05-17,pepper,Sefwi Wiawso,103.6,7.38,0,5,20
2021-05-24,pepper,Sefwi Wiawso,97.9,8.61,0,5,21
2021-05-31,pepper,Sefwi Wiawso,104.5,8.6,0,5,22
2021-06-07,pepper,Sefwi Wiawso,100.7,9.79,0,6,23
2021-06-14,pepper,Sefwi Wiawso,97.2,9.89,0,6,24
2021-06-21,pepper,Sefwi Wiawso,103.2,9.33,0,6,25
2021-06-28,pepper,Sefwi Wiawso,104.4,9.71,0,6,26
2021-07-05,pepper,Sefwi Wiawso,95.0,10.13,0,7,27
2021-07-12,pepper,Sefwi Wiawso,96.7,10.92,0,7,28
2021-07-19,pepper,Sefwi Wiawso,89.0,10.35,0,7,29
2021-07-26,pepper,Sefwi Wiawso,94.4,10.09,0,7,30
2021-08-02,pepper,Sefwi Wiawso,133.6,10.59,1,8,31
2021-08-09,pepper,Sefwi Wiawso,137.7,11.26,1,8,32
2021-08-16,pepper,Sefwi Wiawso,127.9,10.74,1,8,33
2021-08-23,pepper,Sefwi Wiawso,128.5,11.3,1,8,34
2021-08-30,pepper,Sefwi Wiawso,124.4,10.35,1,8,35
2021-09-06,pepper,Sefwi Wiawso,100.2,9.99,0,9,36
2021-09-13,pepper,Sefwi Wiawso,109.5,9.33,0,9,37
2021-09-20,pepper,Sefwi Wiawso,104.6,9.67,0,9,38
2021-09-27,pepper,Sefwi Wiawso,104.0,9.67,0,9,39
2021-10-04,pepper,Sefwi Wiawso,104.7,8.42,0,10,40
2021-10-11,pepper,Sefwi Wiawso,105.2,8.28,0,10,41
2021-10-18,pepper,Sefwi Wiawso,107.8,7.96,0,10,42
2021-10-25,pepper,Sefwi Wiawso,103.1,8.49,0,10,43
2021-11-01,pepper,Sefwi Wiawso,93.1,8.82,0,11,44
2021-11-08,pepper,Sefwi Wiawso,102.4,8.06,0,11,45
2021-11-15,pepper,Sefwi Wiawso,108.3,7.65,0,11,46
2021-11-22,pepper,Sefwi Wiawso,98.3,8.42,0,11,47
2021-11-29,pepper,Sefwi Wiawso,93.2,8.14,0,11,48
2021-12-06,pepper,Sefwi Wiawso,94.8,8.26,0,12,49
2021-12-13,pepper,Sefwi Wiawso,101.7,8.49,0,12,50
2021-12-20,pepper,Sefwi Wiawso,181.2,8.15,1,12,51
2021-12-27,pepper,Sefwi Wiawso,170.9,8.22,1,12,52
2022-01-03,pepper,Sefwi Wiawso,110.9,10.58,0,1,1
2022-01-10,pepper,Sefwi Wiawso,85.9,11.24,0,1,2
2022-01-17,pepper,Sefwi Wiawso,97.3,10.63,0,1,3
2022-01-24,pepper,Sefwi Wiawso,106.2,10.09,0,1,4
2022-01-31,pepper,Sefwi Wiawso,104.7,10.11,0,1,5
2022-02-07,pepper,Sefwi Wiawso,98.3,10.75,0,2,6
2022-02-14,pepper,Sefwi Wiawso,104.7,10.2,0,2,7
2022-02-21,pepper,Sefwi Wiawso,100.1,10.02,0,2,8
2022-02-28,pepper,Sefwi Wiawso,102.6,10.96,0,2,9
2022-03-07,pepper,Sefwi Wiawso,107.7,9.41,0,3,10
2022-03-14,pepper,Sefwi Wiawso,97.8,9.03,0,3,11
2022-03-21,pepper,Sefwi Wiawso,103.1,9.27,0,3,12
2022-03-28,pepper,Sefwi Wiawso,92.0,9.23,0,3,13
2022-04-04,pepper,Sefwi Wiawso,172.4,9.44,1,4,14
2022-04-11,pepper,Sefwi Wiawso,160.1,9.44,1,4,15
2022-04-18,pepper,Sefwi Wiawso,119.9,8.26,0,4,16
2022-04-25,pepper,Sefwi Wiawso,102.2,9.13,0,4,17
2022-05-02,pepper,Sefwi Wiawso,89.6,9.47,0,5,18
2022-05-09,pepper,Sefwi Wiawso,120.0,9.13,0,5,19
2022-05-16,pepper,Sefwi Wiawso,103.1,9.29,0,5,20
2022-05-23,pepper,Sefwi Wiawso,94.1,9.56,0,5,21
2022-05-30,pepper,Sefwi Wiawso,109.1,9.31,0,5,22
2022-06-06,pepper,Sefwi Wiawso,108.8,10.77,0,6,23
2022-06-13,pepper,Sefwi Wiawso,96.9,10.61,0,6,24
2022-06-20,pepper,Sefwi Wiawso,101.1,10.1,0,6,25
2022-06-27,pepper,Sefwi Wiawso,103.4,10.07,0,6,26
2022-07-04,pepper,Sefwi Wiawso,95.3,10.14,0,7,27
2022-07-11,pepper,Sefwi Wiawso,90.2,11.3,0,7,28
2022-07-18,pepper,Sefwi Wiawso,107.6,10.83,0,7,29
2022-07-25,pepper,Sefwi Wiawso,91.9,11.55,0,7,30
2022-08-01,pepper,Sefwi Wiawso,132.0,11.59,1,8,31
2022-08-08,pepper,Sefwi Wiawso,133.1,11.84,1,8,32
2022-08-15,pepper,Sefwi Wiawso,142.7,12.16,1,8,33
2022-08-22,pepper,Sefwi Wiawso,123.1,11.51,1,8,34
2022-08-29,pepper,Sefwi Wiawso,132.8,12.57,1,8,35
2022-09-05,pepper,Sefwi Wiawso,116.1,10.45,0,9,36
2022-09-12,pepper,Sefwi Wiawso,119.0,9.81,0,9,37
2022-09-19,pepper,Sefwi Wiawso,107.1,10.12,0,9,38
2022-09-26,pepper,Sefwi Wiawso,111.1,10.2,0,9,39
2022-10-03,pepper,Sefwi Wiawso,109.9,9.06,0,10,40
2022-10-10,pepper,Sefwi Wiawso,106.0,8.52,0,10,41
2022-10-17,pepper,Sefwi Wiawso,110.5,8.75,0,10,42
2022-10-24,pepper,Sefwi Wiawso,115.4,8.8,0,10,43
2022-10-31,pepper,Sefwi Wiawso,97.1,8.7,0,10,44
2022-11-07,pepper,Sefwi Wiawso,104.9,9.2,0,11,45
2022-11-14,pepper,Sefwi Wiawso,104.1,9.14,0,11,46
2022-11-21,pepper,Sefwi Wiawso,101.0,9.33,0,11,47
2022-11-28,pepper,Sefwi Wiawso,105.1,8.79,0,11,48
2022-12-05,pepper,Sefwi Wiawso,101.9,9.4,0,12,49
2022-12-12,pepper,Sefwi Wiawso,110.6,8.48,0,12,50
2022-12-19,pepper,Sefwi Wiawso,115.9,8.47,0,12,51
2022-12-26,pepper,Sefwi Wiawso,184.6,8.53,1,12,52
2023-01-02,pepper,Sefwi Wiawso,95.7,11.47,0,1,1
2023-01-09,pepper,Sefwi Wiawso,88.7,12.02,0,1,2
2023-01-16,pepper,Sefwi Wiawso,95.8,11.19,0,1,3
2023-01-23,pepper,Sefwi Wiawso,99.7,11.25,0,1,4
2023-01-30,pepper,Sefwi Wiawso,93.3,11.37,0,1,5
2023-02-06,pepper,Sefwi Wiawso,100.7,11.81,0,2,6
2023-02-13,pepper,Sefwi Wiawso,100.9,11.32,0,2,7
2023-02-20,pepper,Sefwi Wiawso,105.2,11.3,0,2,8
2023-02-27,pepper,Sefwi Wiawso,97.2,10.92,0,2,9
2023-03-06,pepper,Sefwi Wiawso,100.6,9.67,0,3,10
2023-03-13,pepper,Sefwi Wiawso,107.4,10.36,0,3,11
2023-03-20,pepper,Sefwi Wiawso,104.6,9.93,0,3,12
2023-03-27,pepper,Sefwi Wiawso,105.1,9.6,0,3,13
2023-04-03,pepper,Sefwi Wiawso,164.8,10.45,1,4,14
2023-04-10,pepper,Sefwi Wiawso,173.5,9.73,1,4,15
2023-04-17,pepper,Sefwi Wiawso,92.4,10.53,0,4,16
2023-04-24,pepper,Sefwi Wiawso,108.3,10.52,0,4,17
2023-05-01,pepper,Sefwi Wiawso,101.6,10.05,0,5,18
2023-05-08,pepper,Sefwi Wiawso,120.5,9.42,0,5,19
2023-05-15,pepper,Sefwi Wiawso,89.9,10.94,0,5,20
2023-05-22,pepper,Sefwi Wiawso,105.1,10.18,0,5,21
2023-05-29,pepper,Sefwi Wiawso,104.3,9.89,0,5,22
2023-06-05,pepper,Sefwi Wiawso,88.6,11.38,0,6,23
2023-06-12,pepper,Sefwi Wiawso,105.3,11.27,0,6,24
2023-06-19,pepper,Sefwi Wiawso,88.0,11.54,0,6,25
2023-06-26,pepper,Sefwi Wiawso,103.7,10.67,0,6,26
2023-07-03,pepper,Sefwi Wiawso,100.4,12.52,0,7,27
2023-07-10,pepper,Sefwi Wiawso,95.5,11.77,0,7,28
2023-07-17,pepper,Sefwi Wiawso,88.2,12.69,0,7,29
2023-07-24,pepper,Sefwi Wiawso,99.7,12.35,0,7,30
2023-07-31,pepper,Sefwi Wiawso,92.9,12.5,0,7,31
2023-08-07,pepper,Sefwi Wiawso,139.5,12.37,1,8,32
2023-08-14,pepper,Sefwi Wiawso,154.5,12.31,1,8,33
2023-08-21,pepper,Sefwi Wiawso,136.0,12.01,1,8,34
2023-08-28,pepper,Sefwi Wiawso,135.3,12.83,1,8,35
2023-09-04,pepper,Sefwi Wiawso,104.7,11.84,0,9,36
2023-09-11,pepper,Sefwi Wiawso,97.8,10.93,0,9,37
2023-09-18,pepper,Sefwi Wiawso,113.1,11.43,0,9,38
2023-09-25,pepper,Sefwi Wiawso,101.2,11.37,0,9,39
2023-10-02,pepper,Sefwi Wiawso,111.3,9.57,0,10,40
2023-10-09,pepper,Sefwi Wiawso,116.7,8.98,0,10,41
2023-10-16,pepper,Sefwi Wiawso,109.2,9.06,0,10,42
2023-10-23,pepper,Sefwi Wiawso,105.3,9.26,0,10,43
2023-10-30,pepper,Sefwi Wiawso,112.9,8.74,0,10,44
2023-11-06,pepper,Sefwi Wiawso,106.0,10.17,0,11,45
2023-11-13,pepper,Sefwi Wiawso,98.6,9.77,0,11,46
2023-11-20,pepper,Sefwi Wiawso,98.4,9.61,0,11,47
2023-11-27,pepper,Sefwi Wiawso,123.6,8.78,0,11,48
2023-12-04,pepper,Sefwi Wiawso,107.4,8.98,0,12,49
2023-12-11,pepper,Sefwi Wiawso,108.4,9.69,0,12,50
2023-12-18,pepper,Sefwi Wiawso,99.1,10.45,0,12,51
2023-12-25,pepper,Sefwi Wiawso,178.3,9.42,1,12,52
2024-01-01,pepper,Sefwi Wiawso,104.5,12.81,0,1,1
2024-01-08,pepper,Sefwi Wiawso,99.6,12.15,0,1,2
2024-01-15,pepper,Sefwi Wiawso,96.5,12.41,0,1,3
2024-01-22,pepper,Sefwi Wiawso,93.7,12.99,0,1,4
2024-01-29,pepper,Sefwi Wiawso,96.8,12.21,0,1,5
2024-02-05,pepper,Sefwi Wiawso,96.9,12.12,0,2,6
2024-02-12,pepper,Sefwi Wiawso,92.0,13.17,0,2,7
2024-02-19,pepper,Sefwi Wiawso,108.6,12.49,0,2,8
2024-02-26,pepper,Sefwi Wiawso,99.8,13.01,0,2,9
2024-03-04,pepper,Sefwi Wiawso,106.1,10.39,0,3,10
2024-03-11,pepper,Sefwi Wiawso,107.8,11.29,0,3,11
2024-03-18,pepper,Sefwi Wiawso,95.3,10.8,0,3,12
2024-03-25,pepper,Sefwi Wiawso,113.4,10.87,0,3,13
2024-04-01,pepper,Sefwi Wiawso,179.6,10.81,1,4,14
2024-04-08,pepper,Sefwi Wiawso,192.6,10.54,1,4,15
2024-04-15,pepper,Sefwi Wiawso,112.7,10.76,0,4,16
2024-04-22,pepper,Sefwi Wiawso,110.5,10.57,0,4,17
2024-04-29,pepper,Sefwi Wiawso,111.3,11.17,0,4,18
2024-05-06,pepper,Sefwi Wiawso,103.1,10.74,0,5,19
2024-05-13,pepper,Sefwi Wiawso,108.8,10.18,0,5,20
2024-05-20,pepper,Sefwi Wiawso,111.7,10.1,0,5,21
2024-05-27,pepper,Sefwi Wiawso,121.5,10.08,0,5,22
2024-06-03,pepper,Sefwi Wiawso,98.2,12.14,0,6,23
2024-06-10,pepper,Sefwi Wiawso,102.9,11.3,0,6,24
2024-06-17,pepper,Sefwi Wiawso,106.0,11.98,0,6,25
2024-06-24,pepper,Sefwi Wiawso,109.5,11.91,0,6,26
2024-07-01,pepper,Sefwi Wiawso,93.1,13.31,0,7,27
2024-07-08,pepper,Sefwi Wiawso,99.6,13.58,0,7,28
2024-07-15,pepper,Sefwi Wiawso,104.5,13.43,0,7,29
2024-07-22,pepper,Sefwi Wiawso,113.4,11.9,0,7,30
2024-07-29,pepper,Sefwi Wiawso,100.0,13.18,0,7,31
2024-08-05,pepper,Sefwi Wiawso,142.7,13.66,1,8,32
2024-08-12,pepper,Sefwi Wiawso,152.9,14.32,1,8,33
2024-08-19,pepper,Sefwi Wiawso,138.5,14.34,1,8,34
2024-08-26,pepper,Sefwi Wiawso,160.1,12.7,1,8,35
2024-09-02,pepper,Sefwi Wiawso,119.7,11.9,0,9,36
2024-09-09,pepper,Sefwi Wiawso,116.8,11.32,0,9,37
2024-09-16,pepper,Sefwi Wiawso,95.3,12.81,0,9,38
2024-09-23,pepper,Sefwi Wiawso,95.2,12.56,0,9,39
2024-09-30,pepper,Sefwi Wiawso,103.0,12.24,0,9,40
2024-10-07,pepper,Sefwi Wiawso,111.9,10.4,0,10,41
2024-10-14,pepper,Sefwi Wiawso,106.4,10.9,0,10,42
2024-10-21,pepper,Sefwi Wiawso,117.9,10.83,0,10,43
2024-10-28,pepper,Sefwi Wiawso,107.0,10.81,0,10,44
2024-11-04,pepper,Sefwi Wiawso,104.6,10.58,0,11,45
2024-11-11,pepper,Sefwi Wiawso,101.8,10.25,0,11,46
2024-11-18,pepper,Sefwi Wiawso,113.2,10.71,0,11,47
2024-11-25,pepper,Sefwi Wiawso,105.5,10.73,0,11,48
2024-12-02,pepper,Sefwi Wiawso,99.1,10.38,0,12,49
2024-12-09,pepper,Sefwi Wiawso,109.6,10.31,0,12,50
2024-12-16,pepper,Sefwi Wiawso,98.4,10.94,0,12,51
2024-12-23,pepper,Sefwi Wiawso,167.0,11.16,1,12,52
2024-12-30,pepper,Sefwi Wiawso,184.0,10.15,1,12,1
2018-01-01,pepper,Wasa Amenfi,80.5,7.6,0,1,1
2018-01-08,pepper,Wasa Amenfi,82.3,7.64,0,1,2
2018-01-15,pepper,Wasa Amenfi,83.5,7.34,0,1,3
2018-01-22,pepper,Wasa Amenfi,78.0,8.06,0,1,4
2018-01-29,pepper,Wasa Amenfi,79.9,7.62,0,1,5
2018-02-05,pepper,Wasa Amenfi,82.4,7.7,0,2,6
2018-02-12,pepper,Wasa Amenfi,77.5,8.07,0,2,7
2018-02-19,pepper,Wasa Amenfi,90.4,7.41,0,2,8
2018-02-26,pepper,Wasa Amenfi,87.4,7.52,0,2,9
2018-03-05,pepper,Wasa Amenfi,103.1,6.14,0,3,10
2018-03-12,pepper,Wasa Amenfi,103.5,6.42,0,3,11
2018-03-19,pepper,Wasa Amenfi,100.8,6.08,0,3,12
2018-03-26,pepper,Wasa Amenfi,92.9,6.66,0,3,13
2018-04-02,pepper,Wasa Amenfi,150.4,6.62,1,4,14
2018-04-09,pepper,Wasa Amenfi,151.1,6.44,1,4,15
2018-04-16,pepper,Wasa Amenfi,93.2,6.48,0,4,16
2018-04-23,pepper,Wasa Amenfi,90.4,6.71,0,4,17
2018-04-30,pepper,Wasa Amenfi,90.1,6.21,0,4,18
2018-05-07,pepper,Wasa Amenfi,96.9,6.6,0,5,19
2018-05-14,pepper,Wasa Amenfi,90.8,6.73,0,5,20
2018-05-21,pepper,Wasa Amenfi,106.7,6.08,0,5,21
2018-05-28,pepper,Wasa Amenfi,95.9,6.73,0,5,22
2018-06-04,pepper,Wasa Amenfi,93.3,6.68,0,6,23
2018-06-11,pepper,Wasa Amenfi,99.2,7.13,0,6,24
2018-06-18,pepper,Wasa Amenfi,80.7,6.83,0,6,25
2018-06-25,pepper,Wasa Amenfi,98.4,7.57,0,6,26
2018-07-02,pepper,Wasa Amenfi,80.6,7.7,0,7,27
2018-07-09,pepper,Wasa Amenfi,91.7,7.54,0,7,28
2018-07-16,pepper,Wasa Amenfi,86.4,8.12,0,7,29
2018-07-23,pepper,Wasa Amenfi,91.4,7.94,0,7,30
2018-07-30,pepper,Wasa Amenfi,86.9,7.59,0,7,31
2018-08-06,pepper,Wasa Amenfi,108.6,8.3,1,8,32
2018-08-13,pepper,Wasa Amenfi,132.2,7.48,1,8,33
2018-08-20,pepper,Wasa Amenfi,129.0,7.79,1,8,34
2018-08-27,pepper,Wasa Amenfi,113.1,7.94,1,8,35
2018-09-03,pepper,Wasa Amenfi,90.5,7.54,0,9,36
2018-09-10,pepper,Wasa Amenfi,83.2,7.68,0,9,37
2018-09-17,pepper,Wasa Amenfi,92.9,7.63,0,9,38
2018-09-24,pepper,Wasa Amenfi,91.4,7.26,0,9,39
2018-10-01,pepper,Wasa Amenfi,113.6,5.64,0,10,40
2018-10-08,pepper,Wasa Amenfi,91.5,6.35,0,10,41
2018-10-15,pepper,Wasa Amenfi,92.4,6.62,0,10,42
2018-10-22,pepper,Wasa Amenfi,89.6,6.56,0,10,43
2018-10-29,pepper,Wasa Amenfi,83.8,6.36,0,10,44
2018-11-05,pepper,Wasa Amenfi,96.5,5.99,0,11,45
2018-11-12,pepper,Wasa Amenfi,100.0,6.16,0,11,46
2018-11-19,pepper,Wasa Amenfi,92.4,6.77,0,11,47
2018-11-26,pepper,Wasa Amenfi,96.8,5.93,0,11,48
2018-12-03,pepper,Wasa Amenfi,89.2,6.04,0,12,49
2018-12-10,pepper,Wasa Amenfi,95.3,6.57,0,12,50
2018-12-17,pepper,Wasa Amenfi,98.0,6.22,0,12,51
2018-12-24,pepper,Wasa Amenfi,170.8,6.03,1,12,52
2018-12-31,pepper,Wasa Amenfi,147.5,6.72,1,12,1
2019-01-07,pepper,Wasa Amenfi,77.9,8.24,0,1,2
2019-01-14,pepper,Wasa Amenfi,91.7,7.97,0,1,3
2019-01-21,pepper,Wasa Amenfi,90.9,7.72,0,1,4
2019-01-28,pepper,Wasa Amenfi,89.6,8.76,0,1,5
2019-02-04,pepper,Wasa Amenfi,88.1,8.14,0,2,6
2019-02-11,pepper,Wasa Amenfi,84.2,8.6,0,2,7
2019-02-18,pepper,Wasa Amenfi,87.8,8.44,0,2,8
2019-02-25,pepper,Wasa Amenfi,86.1,7.98,0,2,9
2019-03-04,pepper,Wasa Amenfi,92.1,6.84,0,3,10
2019-03-11,pepper,Wasa Amenfi,89.9,7.39,0,3,11
2019-03-18,pepper,Wasa Amenfi,85.5,7.39,0,3,12
2019-03-25,pepper,Wasa Amenfi,98.7,6.46,0,3,13
2019-04-01,pepper,Wasa Amenfi,163.4,7.18,1,4,14
2019-04-08,pepper,Wasa Amenfi,158.7,6.99,1,4,15
2019-04-15,pepper,Wasa Amenfi,99.3,6.74,0,4,16
2019-04-22,pepper,Wasa Amenfi,102.5,7.1,0,4,17
2019-04-29,pepper,Wasa Amenfi,93.7,6.65,0,4,18
2019-05-06,pepper,Wasa Amenfi,110.4,6.94,0,5,19
2019-05-13,pepper,Wasa Amenfi,94.3,6.85,0,5,20
2019-05-20,pepper,Wasa Amenfi,107.7,6.93,0,5,21
2019-05-27,pepper,Wasa Amenfi,106.3,7.05,0,5,22
2019-06-03,pepper,Wasa Amenfi,86.6,7.42,0,6,23
2019-06-10,pepper,Wasa Amenfi,97.5,8.22,0,6,24
2019-06-17,pepper,Wasa Amenfi,90.8,7.89,0,6,25
2019-06-24,pepper,Wasa Amenfi,86.0,8.29,0,6,26
2019-07-01,pepper,Wasa Amenfi,89.4,8.67,0,7,27
2019-07-08,pepper,Wasa Amenfi,82.4,8.53,0,7,28
2019-07-15,pepper,Wasa Amenfi,84.4,9.34,0,7,29
2019-07-22,pepper,Wasa Amenfi,82.9,8.52,0,7,30
2019-07-29,pepper,Wasa Amenfi,87.7,8.66,0,7,31
2019-08-05,pepper,Wasa Amenfi,136.6,9.03,1,8,32
2019-08-12,pepper,Wasa Amenfi,137.4,8.34,1,8,33
2019-08-19,pepper,Wasa Amenfi,123.8,9.03,1,8,34
2019-08-26,pepper,Wasa Amenfi,131.1,8.98,1,8,35
2019-09-02,pepper,Wasa Amenfi,83.1,8.29,0,9,36
2019-09-09,pepper,Wasa Amenfi,87.2,8.17,0,9,37
2019-09-16,pepper,Wasa Amenfi,88.4,8.3,0,9,38
2019-09-23,pepper,Wasa Amenfi,99.1,7.85,0,9,39
2019-09-30,pepper,Wasa Amenfi,99.1,7.62,0,9,40
2019-10-07,pepper,Wasa Amenfi,93.2,7.32,0,10,41
2019-10-14,pepper,Wasa Amenfi,100.4,6.34,0,10,42
2019-10-21,pepper,Wasa Amenfi,95.6,6.36,0,10,43
2019-10-28,pepper,Wasa Amenfi,102.8,6.9,0,10,44
2019-11-04,pepper,Wasa Amenfi,87.9,7.23,0,11,45
2019-11-11,pepper,Wasa Amenfi,98.0,6.84,0,11,46
2019-11-18,pepper,Wasa Amenfi,92.7,7.06,0,11,47
2019-11-25,pepper,Wasa Amenfi,105.8,6.25,0,11,48
2019-12-02,pepper,Wasa Amenfi,94.2,6.7,0,12,49
2019-12-09,pepper,Wasa Amenfi,108.6,6.32,0,12,50
2019-12-16,pepper,Wasa Amenfi,101.9,7.05,0,12,51
2019-12-23,pepper,Wasa Amenfi,177.8,6.41,1,12,52
2019-12-30,pepper,Wasa Amenfi,167.9,6.49,1,12,1
2020-01-06,pepper,Wasa Amenfi,85.9,8.92,0,1,2
2020-01-13,pepper,Wasa Amenfi,101.5,9.11,0,1,3
2020-01-20,pepper,Wasa Amenfi,84.7,8.68,0,1,4
2020-01-27,pepper,Wasa Amenfi,92.7,8.94,0,1,5
2020-02-03,pepper,Wasa Amenfi,90.0,8.99,0,2,6
2020-02-10,pepper,Wasa Amenfi,89.9,8.72,0,2,7
2020-02-17,pepper,Wasa Amenfi,93.8,8.41,0,2,8
2020-02-24,pepper,Wasa Amenfi,85.5,9.0,0,2,9
2020-03-02,pepper,Wasa Amenfi,96.9,7.73,0,3,10
2020-03-09,pepper,Wasa Amenfi,95.6,7.81,0,3,11
2020-03-16,pepper,Wasa Amenfi,110.6,7.64,0,3,12
2020-03-23,pepper,Wasa Amenfi,106.2,7.19,0,3,13
2020-03-30,pepper,Wasa Amenfi,97.2,7.75,0,3,14
2020-04-06,pepper,Wasa Amenfi,157.0,7.59,1,4,15
2020-04-13,pepper,Wasa Amenfi,171.0,7.44,1,4,16
2020-04-20,pepper,Wasa Amenfi,91.6,7.5,0,4,17
2020-04-27,pepper,Wasa Amenfi,97.4,7.38,0,4,18
2020-05-04,pepper,Wasa Amenfi,83.3,7.91,0,5,19
2020-05-11,pepper,Wasa Amenfi,104.2,7.21,0,5,20
2020-05-18,pepper,Wasa Amenfi,104.6,7.34,0,5,21
2020-05-25,pepper,Wasa Amenfi,91.7,7.54,0,5,22
2020-06-01,pepper,Wasa Amenfi,99.1,8.9,0,6,23
2020-06-08,pepper,Wasa Amenfi,88.7,8.71,0,6,24
2020-06-15,pepper,Wasa Amenfi,98.6,7.81,0,6,25
2020-06-22,pepper,Wasa Amenfi,92.6,8.81,0,6,26
2020-06-29,pepper,Wasa Amenfi,100.7,8.81,0,6,27
2020-07-06,pepper,Wasa Amenfi,86.5,8.98,0,7,28
2020-07-13,pepper,Wasa Amenfi,97.0,8.47,0,7,29
2020-07-20,pepper,Wasa Amenfi,92.3,9.39,0,7,30
2020-07-27,pepper,Wasa Amenfi,88.1,9.84,0,7,31
2020-08-03,pepper,Wasa Amenfi,130.4,10.08,1,8,32
2020-08-10,pepper,Wasa Amenfi,141.5,9.15,1,8,33
2020-08-17,pepper,Wasa Amenfi,121.1,10.14,1,8,34
2020-08-24,pepper,Wasa Amenfi,155.6,8.64,1,8,35
2020-08-31,pepper,Wasa Amenfi,132.4,9.34,1,8,36
2020-09-07,pepper,Wasa Amenfi,95.9,8.38,0,9,37
2020-09-14,pepper,Wasa Amenfi,100.5,8.91,0,9,38
2020-09-21,pepper,Wasa Amenfi,89.1,8.96,0,9,39
2020-09-28,pepper,Wasa Amenfi,95.3,8.84,0,9,40
2020-10-05,pepper,Wasa Amenfi,97.7,6.89,0,10,41
2020-10-12,pepper,Wasa Amenfi,109.9,7.54,0,10,42
2020-10-19,pepper,Wasa Amenfi,109.7,7.44,0,10,43
2020-10-26,pepper,Wasa Amenfi,102.4,6.8,0,10,44
2020-11-02,pepper,Wasa Amenfi,107.9,6.73,0,11,45
2020-11-09,pepper,Wasa Amenfi,95.1,7.64,0,11,46
2020-11-16,pepper,Wasa Amenfi,96.5,7.28,0,11,47
2020-11-23,pepper,Wasa Amenfi,102.7,6.96,0,11,48
2020-11-30,pepper,Wasa Amenfi,98.5,7.27,0,11,49
2020-12-07,pepper,Wasa Amenfi,88.3,7.49,0,12,50
2020-12-14,pepper,Wasa Amenfi,100.0,7.36,0,12,51
2020-12-21,pepper,Wasa Amenfi,170.8,6.92,1,12,52
2020-12-28,pepper,Wasa Amenfi,157.4,7.94,1,12,53
2021-01-04,pepper,Wasa Amenfi,88.3,9.82,0,1,1
2021-01-11,pepper,Wasa Amenfi,90.3,9.31,0,1,2
2021-01-18,pepper,Wasa Amenfi,97.0,9.33,0,1,3
2021-01-25,pepper,Wasa Amenfi,93.2,9.58,0,1,4
2021-02-01,pepper,Wasa Amenfi,102.7,9.07,0,2,5
2021-02-08,pepper,Wasa Amenfi,93.3,9.62,0,2,6
2021-02-15,pepper,Wasa Amenfi,94.2,8.99,0,2,7
2021-02-22,pepper,Wasa Amenfi,95.1,9.47,0,2,8
2021-03-01,pepper,Wasa Amenfi,89.7,7.76,0,3,9
2021-03-08,pepper,Wasa Amenfi,114.4,7.78,0,3,10
2021-03-15,pepper,Wasa Amenfi,95.2,8.68,0,3,11
2021-03-22,pepper,Wasa Amenfi,110.9,8.16,0,3,12
2021-03-29,pepper,Wasa Amenfi,92.5,8.21,0,3,13
2021-04-05,pepper,Wasa Amenfi,153.7,7.54,1,4,14
2021-04-12,pepper,Wasa Amenfi,161.1,8.0,1,4,15
2021-04-19,pepper,Wasa Amenfi,99.1,8.35,0,4,16
2021-04-26,pepper,Wasa Amenfi,99.8,8.26,0,4,17
2021-05-03,pepper,Wasa Amenfi,106.6,7.54,0,5,18
2021-05-10,pepper,Wasa Amenfi,94.2,8.32,0,5,19
2021-05-17,pepper,Wasa Amenfi,88.8,8.37,0,5,20
2021-05-24,pepper,Wasa Amenfi,96.5,8.67,0,5,21
2021-05-31,pepper,Wasa Amenfi,92.8,8.03,0,5,22
2021-06-07,pepper,Wasa Amenfi,96.0,8.22,0,6,23
2021-06-14,pepper,Wasa Amenfi,98.3,8.67,0,6,24
2021-06-21,pepper,Wasa Amenfi,103.5,8.63,0,6,25
2021-06-28,pepper,Wasa Amenfi,106.9,9.29,0,6,26
2021-07-05,pepper,Wasa Amenfi,103.6,9.07,0,7,27
2021-07-12,pepper,Wasa Amenfi,98.8,9.99,0,7,28
2021-07-19,pepper,Wasa Amenfi,89.5,10.75,0,7,29
2021-07-26,pepper,Wasa Amenfi,91.7,10.18,0,7,30
2021-08-02,pepper,Wasa Amenfi,150.6,10.61,1,8,31
2021-08-09,pepper,Wasa Amenfi,130.2,9.57,1,8,32
2021-08-16,pepper,Wasa Amenfi,137.8,9.58,1,8,33
2021-08-23,pepper,Wasa Amenfi,126.3,10.83,1,8,34
2021-08-30,pepper,Wasa Amenfi,141.2,10.28,1,8,35
2021-09-06,pepper,Wasa Amenfi,92.0,9.24,0,9,36
2021-09-13,pepper,Wasa Amenfi,106.1,8.79,0,9,37
2021-09-20,pepper,Wasa Amenfi,101.1,9.24,0,9,38
2021-09-27,pepper,Wasa Amenfi,106.5,8.78,0,9,39
2021-10-04,pepper,Wasa Amenfi,101.1,8.24,0,10,40
2021-10-11,pepper,Wasa Amenfi,100.9,8.73,0,10,41
2021-10-18,pepper,Wasa Amenfi,98.2,8.02,0,10,42
2021-10-25,pepper,Wasa Amenfi,105.0,7.67,0,10,43
2021-11-01,pepper,Wasa Amenfi,103.6,7.12,0,11,44
2021-11-08,pepper,Wasa Amenfi,99.3,7.39,0,11,45
2021-11-15,pepper,Wasa Amenfi,105.8,8.41,0,11,46
2021-11-22,pepper,Wasa Amenfi,98.1,7.6,0,11,47
2021-11-29,pepper,Wasa Amenfi,105.1,7.8,0,11,48
2021-12-06,pepper,Wasa Amenfi,101.4,8.18,0,12,49
2021-12-13,pepper,Wasa Amenfi,102.7,8.45,0,12,50
2021-12-20,pepper,Wasa Amenfi,150.7,7.91,1,12,51
2021-12-27,pepper,Wasa Amenfi,177.5,7.84,1,12,52
2022-01-03,pepper,Wasa Amenfi,92.7,10.22,0,1,1
2022-01-10,pepper,Wasa Amenfi,91.5,9.94,0,1,2
2022-01-17,pepper,Wasa Amenfi,93.4,9.96,0,1,3
2022-01-24,pepper,Wasa Amenfi,97.8,10.36,0,1,4
2022-01-31,pepper,Wasa Amenfi,96.7,10.27,0,1,5
2022-02-07,pepper,Wasa Amenfi,87.1,11.14,0,2,6
2022-02-14,pepper,Wasa Amenfi,85.8,10.44,0,2,7
2022-02-21,pepper,Wasa Amenfi,84.5,10.73,0,2,8
2022-02-28,pepper,Wasa Amenfi,100.8,9.82,0,2,9
2022-03-07,pepper,Wasa Amenfi,91.1,8.98,0,3,10
2022-03-14,pepper,Wasa Amenfi,101.7,8.54,0,3,11
2022-03-21,pepper,Wasa Amenfi,114.9,8.94,0,3,12
2022-03-28,pepper,Wasa Amenfi,100.8,9.04,0,3,13
2022-04-04,pepper,Wasa Amenfi,164.7,8.87,1,4,14
2022-04-11,pepper,Wasa Amenfi,137.9,9.71,1,4,15
2022-04-18,pepper,Wasa Amenfi,89.1,9.36,0,4,16
2022-04-25,pepper,Wasa Amenfi,101.5,9.27,0,4,17
2022-05-02,pepper,Wasa Amenfi,96.6,9.18,0,5,18
2022-05-09,pepper,Wasa Amenfi,102.2,9.54,0,5,19
2022-05-16,pepper,Wasa Amenfi,105.9,8.4,0,5,20
2022-05-23,pepper,Wasa Amenfi,117.1,9.4,0,5,21
2022-05-30,pepper,Wasa Amenfi,100.6,8.56,0,5,22
2022-06-06,pepper,Wasa Amenfi,103.6,9.53,0,6,23
2022-06-13,pepper,Wasa Amenfi,93.2,9.97,0,6,24
2022-06-20,pepper,Wasa Amenfi,102.5,10.23,0,6,25
2022-06-27,pepper,Wasa Amenfi,106.4,9.3,0,6,26
2022-07-04,pepper,Wasa Amenfi,88.2,10.76,0,7,27
2022-07-11,pepper,Wasa Amenfi,90.1,11.03,0,7,28
2022-07-18,pepper,Wasa Amenfi,100.2,10.91,0,7,29
2022-07-25,pepper,Wasa Amenfi,96.5,11.36,0,7,30
2022-08-01,pepper,Wasa Amenfi,114.7,12.58,1,8,31
2022-08-08,pepper,Wasa Amenfi,132.5,11.24,1,8,32
2022-08-15,pepper,Wasa Amenfi,156.4,10.73,1,8,33
2022-08-22,pepper,Wasa Amenfi,142.2,10.48,1,8,34
2022-08-29,pepper,Wasa Amenfi,140.9,10.91,1,8,35
2022-09-05,pepper,Wasa Amenfi,109.9,9.56,0,9,36
2022-09-12,pepper,Wasa Amenfi,91.4,10.12,0,9,37
2022-09-19,pepper,Wasa Amenfi,93.7,10.12,0,9,38
2022-09-26,pepper,Wasa Amenfi,100.1,9.75,0,9,39
2022-10-03,pepper,Wasa Amenfi,103.7,9.18,0,10,40
2022-10-10,pepper,Wasa Amenfi,111.2,8.25,0,10,41
2022-10-17,pepper,Wasa Amenfi,107.2,8.46,0,10,42
2022-10-24,pepper,Wasa Amenfi,99.7,8.72,0,10,43
2022-10-31,pepper,Wasa Amenfi,106.6,8.8,0,10,44
2022-11-07,pepper,Wasa Amenfi,98.0,8.99,0,11,45
2022-11-14,pepper,Wasa Amenfi,104.8,8.7,0,11,46
2022-11-21,pepper,Wasa Amenfi,105.0,8.91,0,11,47
2022-11-28,pepper,Wasa Amenfi,115.3,8.33,0,11,48
2022-12-05,pepper,Wasa Amenfi,99.7,8.93,0,12,49
2022-12-12,pepper,Wasa Amenfi,97.9,8.92,0,12,50
2022-12-19,pepper,Wasa Amenfi,106.0,9.13,0,12,51
2022-12-26,pepper,Wasa Amenfi,194.5,8.04,1,12,52
2023-01-02,pepper,Wasa Amenfi,95.1,10.61,0,1,1
2023-01-09,pepper,Wasa Amenfi,87.2,11.37,0,1,2
2023-01-16,pepper,Wasa Amenfi,111.6,9.84,0,1,3
2023-01-23,pepper,Wasa Amenfi,85.0,11.23,0,1,4
2023-01-30,pepper,Wasa Amenfi,83.3,11.48,0,1,5
2023-02-06,pepper,Wasa Amenfi,95.9,10.83,0,2,6
2023-02-13,pepper,Wasa Amenfi,97.0,10.89,0,2,7
2023-02-20,pepper,Wasa Amenfi,92.1,10.61,0,2,8
2023-02-27,pepper,Wasa Amenfi,98.0,10.85,0,2,9
2023-03-06,pepper,Wasa Amenfi,105.4,9.31,0,3,10
2023-03-13,pepper,Wasa Amenfi,101.3,9.24,0,3,11
2023-03-20,pepper,Wasa Amenfi,117.2,9.22,0,3,12
2023-03-27,pepper,Wasa Amenfi,105.6,9.4,0,3,13
2023-04-03,pepper,Wasa Amenfi,173.4,9.45,1,4,14
2023-04-10,pepper,Wasa Amenfi,139.2,10.28,1,4,15
2023-04-17,pepper,Wasa Amenfi,94.5,9.41,0,4,16
2023-04-24,pepper,Wasa Amenfi,104.1,9.69,0,4,17
2023-05-01,pepper,Wasa Amenfi,115.9,9.4,0,5,18
2023-05-08,pepper,Wasa Amenfi,98.0,9.4,0,5,19
2023-05-15,pepper,Wasa Amenfi,109.0,8.97,0,5,20
2023-05-22,pepper,Wasa Amenfi,99.6,9.02,0,5,21
2023-05-29,pepper,Wasa Amenfi,101.8,9.16,0,5,22
2023-06-05,pepper,Wasa Amenfi,102.2,10.6,0,6,23
2023-06-12,pepper,Wasa Amenfi,95.4,10.98,0,6,24
2023-06-19,pepper,Wasa Amenfi,98.9,9.77,0,6,25
2023-06-26,pepper,Wasa Amenfi,95.0,10.3,0,6,26
2023-07-03,pepper,Wasa Amenfi,86.4,11.22,0,7,27
2023-07-10,pepper,Wasa Amenfi,96.8,11.74,0,7,28
2023-07-17,pepper,Wasa Amenfi,93.7,12.38,0,7,29
2023-07-24,pepper,Wasa Amenfi,98.1,11.65,0,7,30
2023-07-31,pepper,Wasa Amenfi,88.4,11.84,0,7,31
2023-08-07,pepper,Wasa Amenfi,142.1,12.64,1,8,32
2023-08-14,pepper,Wasa Amenfi,143.8,12.16,1,8,33
2023-08-21,pepper,Wasa Amenfi,143.2,11.58,1,8,34
2023-08-28,pepper,Wasa Amenfi,137.9,12.02,1,8,35
2023-09-04,pepper,Wasa Amenfi,100.5,10.38,0,9,36
2023-09-11,pepper,Wasa Amenfi,101.9,10.91,0,9,37
2023-09-18,pepper,Wasa Amenfi,110.2,10.95,0,9,38
2023-09-25,pepper,Wasa Amenfi,113.7,10.14,0,9,39
2023-10-02,pepper,Wasa Amenfi,101.8,9.24,0,10,40
2023-10-09,pepper,Wasa Amenfi,107.6,9.14,0,10,41
2023-10-16,pepper,Wasa Amenfi,95.5,9.38,0,10,42
2023-10-23,pepper,Wasa Amenfi,105.8,9.49,0,10,43
2023-10-30,pepper,Wasa Amenfi,97.3,9.36,0,10,44
2023-11-06,pepper,Wasa Amenfi,109.3,9.13,0,11,45
2023-11-13,pepper,Wasa Amenfi,119.3,9.58,0,11,46
2023-11-20,pepper,Wasa Amenfi,103.2,8.92,0,11,47
2023-11-27,pepper,Wasa Amenfi,127.4,8.75,0,11,48
2023-12-04,pepper,Wasa Amenfi,118.9,8.11,0,12,49
2023-12-11,pepper,Wasa Amenfi,99.8,9.27,0,12,50
2023-12-18,pepper,Wasa Amenfi,101.8,8.99,0,12,51
2023-12-25,pepper,Wasa Amenfi,195.3,9.45,1,12,52
2024-01-01,pepper,Wasa Amenfi,106.2,10.95,0,1,1
2024-01-08,pepper,Wasa Amenfi,95.5,11.58,0,1,2
2024-01-15,pepper,Wasa Amenfi,94.4,12.11,0,1,3
2024-01-22,pepper,Wasa Amenfi,102.6,11.4,0,1,4
2024-01-29,pepper,Wasa Amenfi,95.7,12.09,0,1,5
2024-02-05,pepper,Wasa Amenfi,100.8,11.7,0,2,6
2024-02-12,pepper,Wasa Amenfi,107.5,11.95,0,2,7
2024-02-19,pepper,Wasa Amenfi,89.0,12.25,0,2,8
2024-02-26,pepper,Wasa Amenfi,98.1,12.42,0,2,9
2024-03-04,pepper,Wasa Amenfi,103.4,10.3,0,3,10
2024-03-11,pepper,Wasa Amenfi,103.6,9.93,0,3,11
2024-03-18,pepper,Wasa Amenfi,112.5,10.07,0,3,12
2024-03-25,pepper,Wasa Amenfi,93.3,10.52,0,3,13
2024-04-01,pepper,Wasa Amenfi,145.4,9.9,1,4,14
2024-04-08,pepper,Wasa Amenfi,167.4,10.25,1,4,15
2024-04-15,pepper,Wasa Amenfi,104.7,10.17,0,4,16
2024-04-22,pepper,Wasa Amenfi,96.2,10.28,0,4,17
2024-04-29,pepper,Wasa Amenfi,96.6,9.91,0,4,18
2024-05-06,pepper,Wasa Amenfi,123.6,9.62,0,5,19
2024-05-13,pepper,Wasa Amenfi,105.8,10.61,0,5,20
2024-05-20,pepper,Wasa Amenfi,101.8,10.79,0,5,21
2024-05-27,pepper,Wasa Amenfi,125.1,9.65,0,5,22
2024-06-03,pepper,Wasa Amenfi,108.7,11.54,0,6,23
2024-06-10,pepper,Wasa Amenfi,111.0,11.86,0,6,24
2024-06-17,pepper,Wasa Amenfi,94.5,11.64,0,6,25
2024-06-24,pepper,Wasa Amenfi,97.2,11.18,0,6,26
2024-07-01,pepper,Wasa Amenfi,101.7,12.33,0,7,27
2024-07-08,pepper,Wasa Amenfi,97.4,12.86,0,7,28
2024-07-15,pepper,Wasa Amenfi,101.7,12.94,0,7,29
2024-07-22,pepper,Wasa Amenfi,85.7,12.86,0,7,30
2024-07-29,pepper,Wasa Amenfi,99.8,12.72,0,7,31
2024-08-05,pepper,Wasa Amenfi,156.2,12.34,1,8,32
2024-08-12,pepper,Wasa Amenfi,148.7,13.12,1,8,33
2024-08-19,pepper,Wasa Amenfi,137.2,13.14,1,8,34
2024-08-26,pepper,Wasa Amenfi,146.2,13.0,1,8,35
2024-09-02,pepper,Wasa Amenfi,98.9,11.64,0,9,36
2024-09-09,pepper,Wasa Amenfi,97.4,12.37,0,9,37
2024-09-16,pepper,Wasa Amenfi,99.4,11.3,0,9,38
2024-09-23,pepper,Wasa Amenfi,95.7,12.18,0,9,39
2024-09-30,pepper,Wasa Amenfi,104.9,11.25,0,9,40
2024-10-07,pepper,Wasa Amenfi,99.6,10.35,0,10,41
2024-10-14,pepper,Wasa Amenfi,97.6,10.4,0,10,42
2024-10-21,pepper,Wasa Amenfi,98.6,9.8,0,10,43
2024-10-28,pepper,Wasa Amenfi,112.9,10.57,0,10,44
2024-11-04,pepper,Wasa Amenfi,101.5,10.17,0,11,45
2024-11-11,pepper,Wasa Amenfi,111.2,9.63,0,11,46
2024-11-18,pepper,Wasa Amenfi,96.0,9.83,0,11,47
2024-11-25,pepper,Wasa Amenfi,111.0,10.43,0,11,48
2024-12-02,pepper,Wasa Amenfi,104.5,10.41,0,12,49
2024-12-09,pepper,Wasa Amenfi,106.9,9.62,0,12,50
2024-12-16,pepper,Wasa Amenfi,103.9,9.99,0,12,51
2024-12-23,pepper,Wasa Amenfi,184.7,10.12,1,12,52
2024-12-30,pepper,Wasa Amenfi,147.5,9.84,1,12,1
2018-01-01,rice,Aowin,173.4,2.96,0,1,1
2018-01-08,rice,Aowin,182.5,2.93,0,1,2
2018-01-15,rice,Aowin,176.1,3.07,0,1,3
2018-01-22,rice,Aowin,213.7,2.89,0,1,4
2018-01-29,rice,Aowin,174.8,3.05,0,1,5
2018-02-05,rice,Aowin,205.6,2.75,0,2,6
2018-02-12,rice,Aowin,206.8,2.9,0,2,7
2018-02-19,rice,Aowin,185.4,3.08,0,2,8
2018-02-26,rice,Aowin,168.6,3.14,0,2,9
2018-03-05,rice,Aowin,186.8,2.45,0,3,10
2018-03-12,rice,Aowin,212.0,2.44,0,3,11
2018-03-19,rice,Aowin,213.2,2.59,0,3,12
2018-03-26,rice,Aowin,207.7,2.47,0,3,13
2018-04-02,rice,Aowin,337.0,2.52,1,4,14
2018-04-09,rice,Aowin,350.2,2.64,1,4,15
2018-04-16,rice,Aowin,211.3,2.49,0,4,16
2018-04-23,rice,Aowin,196.2,2.35,0,4,17
2018-04-30,rice,Aowin,206.8,2.41,0,4,18
2018-05-07,rice,Aowin,214.6,2.56,0,5,19
2018-05-14,rice,Aowin,207.0,2.37,0,5,20
2018-05-21,rice,Aowin,218.2,2.53,0,5,21
2018-05-28,rice,Aowin,206.1,2.42,0,5,22
2018-06-04,rice,Aowin,190.8,2.99,0,6,23
2018-06-11,rice,Aowin,180.4,3.05,0,6,24
2018-06-18,rice,Aowin,204.4,2.69,0,6,25
2018-06-25,rice,Aowin,197.4,2.83,0,6,26
2018-07-02,rice,Aowin,168.0,3.04,0,7,27
2018-07-09,rice,Aowin,177.5,3.12,0,7,28
2018-07-16,rice,Aowin,158.6,3.39,0,7,29
2018-07-23,rice,Aowin,178.7,3.1,0,7,30
2018-07-30,rice,Aowin,173.6,3.12,0,7,31
2018-08-06,rice,Aowin,295.3,3.06,1,8,32
2018-08-13,rice,Aowin,277.3,3.33,1,8,33
2018-08-20,rice,Aowin,310.0,2.77,1,8,34
2018-08-27,rice,Aowin,253.5,3.12,1,8,35
2018-09-03,rice,Aowin,196.5,2.85,0,9,36
2018-09-10,rice,Aowin,185.1,2.78,0,9,37
2018-09-17,rice,Aowin,190.4,2.96,0,9,38
2018-09-24,rice,Aowin,197.6,3.0,0,9,39
2018-10-01,rice,Aowin,222.1,2.31,0,10,40
2018-10-08,rice,Aowin,194.5,2.65,0,10,41
2018-10-15,rice,Aowin,225.4,2.31,0,10,42
2018-10-22,rice,Aowin,196.5,2.57,0,10,43
2018-10-29,rice,Aowin,197.2,2.46,0,10,44
2018-11-05,rice,Aowin,215.1,2.41,0,11,45
2018-11-12,rice,Aowin,214.8,2.42,0,11,46
2018-11-19,rice,Aowin,194.9,2.46,0,11,47
2018-11-26,rice,Aowin,204.6,2.48,0,11,48
2018-12-03,rice,Aowin,203.3,2.39,0,12,49
2018-12-10,rice,Aowin,178.7,2.45,0,12,50
2018-12-17,rice,Aowin,211.8,2.4,0,12,51
2018-12-24,rice,Aowin,320.1,2.36,1,12,52
2018-12-31,rice,Aowin,349.5,2.4,1,12,1
2019-01-07,rice,Aowin,176.3,3.02,0,1,2
2019-01-14,rice,Aowin,181.8,3.11,0,1,3
2019-01-21,rice,Aowin,180.3,3.22,0,1,4
2019-01-28,rice,Aowin,200.3,3.18,0,1,5
2019-02-04,rice,Aowin,171.6,3.44,0,2,6
2019-02-11,rice,Aowin,188.0,2.91,0,2,7
2019-02-18,rice,Aowin,189.1,3.25,0,2,8
2019-02-25,rice,Aowin,185.2,3.19,0,2,9
2019-03-04,rice,Aowin,206.1,2.82,0,3,10
2019-03-11,rice,Aowin,185.3,2.81,0,3,11
2019-03-18,rice,Aowin,205.3,2.71,0,3,12
2019-03-25,rice,Aowin,230.2,2.75,0,3,13
2019-04-01,rice,Aowin,320.0,2.67,1,4,14
2019-04-08,rice,Aowin,315.1,2.82,1,4,15
2019-04-15,rice,Aowin,192.9,2.54,0,4,16
2019-04-22,rice,Aowin,186.9,2.84,0,4,17
2019-04-29,rice,Aowin,207.4,2.75,0,4,18
2019-05-06,rice,Aowin,201.3,2.71,0,5,19
2019-05-13,rice,Aowin,211.2,2.74,0,5,20
2019-05-20,rice,Aowin,208.3,2.75,0,5,21
2019-05-27,rice,Aowin,179.3,2.91,0,5,22
2019-06-03,rice,Aowin,193.9,3.42,0,6,23
2019-06-10,rice,Aowin,178.6,3.18,0,6,24
2019-06-17,rice,Aowin,194.3,2.96,0,6,25
2019-06-24,rice,Aowin,199.4,3.1,0,6,26
2019-07-01,rice,Aowin,197.3,3.51,0,7,27
2019-07-08,rice,Aowin,177.9,3.29,0,7,28
2019-07-15,rice,Aowin,193.2,3.24,0,7,29
2019-07-22,rice,Aowin,186.5,3.4,0,7,30
2019-07-29,rice,Aowin,187.1,3.52,0,7,31
2019-08-05,rice,Aowin,310.8,3.21,1,8,32
2019-08-12,rice,Aowin,274.9,3.34,1,8,33
2019-08-19,rice,Aowin,287.9,3.51,1,8,34
2019-08-26,rice,Aowin,297.5,3.44,1,8,35
2019-09-02,rice,Aowin,213.8,3.26,0,9,36
2019-09-09,rice,Aowin,216.6,2.91,0,9,37
2019-09-16,rice,Aowin,189.7,3.38,0,9,38
2019-09-23,rice,Aowin,204.8,2.9,0,9,39
2019-09-30,rice,Aowin,195.4,2.84,0,9,40
2019-10-07,rice,Aowin,202.1,2.63,0,10,41
2019-10-14,rice,Aowin,213.6,2.52,0,10,42
2019-10-21,rice,Aowin,203.6,2.64,0,10,43
2019-10-28,rice,Aowin,212.9,2.63,0,10,44
2019-11-04,rice,Aowin,188.3,2.64,0,11,45
2019-11-11,rice,Aowin,208.2,2.57,0,11,46
2019-11-18,rice,Aowin,227.1,2.7,0,11,47
2019-11-25,rice,Aowin,219.8,2.62,0,11,48
2019-12-02,rice,Aowin,206.5,2.79,0,12,49
2019-12-09,rice,Aowin,211.3,2.66,0,12,50
2019-12-16,rice,Aowin,207.2,2.57,0,12,51
2019-12-23,rice,Aowin,322.4,2.49,1,12,52
2019-12-30,rice,Aowin,352.3,2.66,1,12,1
2020-01-06,rice,Aowin,169.5,3.25,0,1,2
2020-01-13,rice,Aowin,195.2,3.24,0,1,3
2020-01-20,rice,Aowin,188.3,3.49,0,1,4
2020-01-27,rice,Aowin,196.5,3.18,0,1,5
2020-02-03,rice,Aowin,207.6,3.64,0,2,6
2020-02-10,rice,Aowin,211.6,3.46,0,2,7
2020-02-17,rice,Aowin,203.5,3.44,0,2,8
2020-02-24,rice,Aowin,186.7,3.3,0,2,9
2020-03-02,rice,Aowin,224.1,3.04,0,3,10
2020-03-09,rice,Aowin,213.2,2.95,0,3,11
2020-03-16,rice,Aowin,198.0,2.87,0,3,12
2020-03-23,rice,Aowin,204.9,2.97,0,3,13
2020-03-30,rice,Aowin,229.1,2.75,0,3,14
2020-04-06,rice,Aowin,328.2,2.78,1,4,15
2020-04-13,rice,Aowin,337.8,2.84,1,4,16
2020-04-20,rice,Aowin,207.7,3.01,0,4,17
2020-04-27,rice,Aowin,192.3,2.97,0,4,18
2020-05-04,rice,Aowin,196.9,3.11,0,5,19
2020-05-11,rice,Aowin,199.0,2.88,0,5,20
2020-05-18,rice,Aowin,213.2,3.06,0,5,21
2020-05-25,rice,Aowin,195.4,2.98,0,5,22
2020-06-01,rice,Aowin,213.7,3.15,0,6,23
2020-06-08,rice,Aowin,185.1,3.32,0,6,24
2020-06-15,rice,Aowin,190.8,3.26,0,6,25
2020-06-22,rice,Aowin,193.3,3.19,0,6,26
2020-06-29,rice,Aowin,200.2,3.28,0,6,27
2020-07-06,rice,Aowin,190.5,3.67,0,7,28
2020-07-13,rice,Aowin,193.0,3.66,0,7,29
2020-07-20,rice,Aowin,169.8,3.63,0,7,30
2020-07-27,rice,Aowin,193.8,3.49,0,7,31
2020-08-03,rice,Aowin,268.1,3.72,1,8,32
2020-08-10,rice,Aowin,297.6,3.59,1,8,33
2020-08-17,rice,Aowin,285.5,3.56,1,8,34
2020-08-24,rice,Aowin,282.3,3.67,1,8,35
2020-08-31,rice,Aowin,262.9,3.82,1,8,36
2020-09-07,rice,Aowin,225.1,3.36,0,9,37
2020-09-14,rice,Aowin,192.6,3.26,0,9,38
2020-09-21,rice,Aowin,203.7,3.26,0,9,39
2020-09-28,rice,Aowin,202.6,3.42,0,9,40
2020-10-05,rice,Aowin,221.9,2.58,0,10,41
2020-10-12,rice,Aowin,194.9,2.94,0,10,42
2020-10-19,rice,Aowin,197.4,2.64,0,10,43
2020-10-26,rice,Aowin,209.3,2.69,0,10,44
2020-11-02,rice,Aowin,200.4,2.81,0,11,45
2020-11-09,rice,Aowin,216.4,3.12,0,11,46
2020-11-16,rice,Aowin,226.6,3.06,0,11,47
2020-11-23,rice,Aowin,204.4,2.95,0,11,48
2020-11-30,rice,Aowin,189.7,2.91,0,11,49
2020-12-07,rice,Aowin,232.3,2.67,0,12,50
2020-12-14,rice,Aowin,196.2,2.91,0,12,51
2020-12-21,rice,Aowin,342.0,2.83,1,12,52
2020-12-28,rice,Aowin,344.0,2.79,1,12,53
2021-01-04,rice,Aowin,188.1,3.72,0,1,1
2021-01-11,rice,Aowin,193.8,3.62,0,1,2
2021-01-18,rice,Aowin,175.2,3.82,0,1,3
2021-01-25,rice,Aowin,198.3,3.41,0,1,4
2021-02-01,rice,Aowin,206.8,3.73,0,2,5
2021-02-08,rice,Aowin,200.1,3.59,0,2,6
2021-02-15,rice,Aowin,199.1,3.66,0,2,7
2021-02-22,rice,Aowin,167.7,3.76,0,2,8
2021-03-01,rice,Aowin,229.0,3.05,0,3,9
2021-03-08,rice,Aowin,199.9,3.21,0,3,10
2021-03-15,rice,Aowin,225.2,3.16,0,3,11
2021-03-22,rice,Aowin,216.0,3.1,0,3,12
2021-03-29,rice,Aowin,205.3,3.13,0,3,13
2021-04-05,rice,Aowin,298.4,3.19,1,4,14
2021-04-12,rice,Aowin,382.3,3.11,1,4,15
2021-04-19,rice,Aowin,220.0,3.21,0,4,16
2021-04-26,rice,Aowin,222.8,3.17,0,4,17
2021-05-03,rice,Aowin,237.6,3.15,0,5,18
2021-05-10,rice,Aowin,203.7,3.43,0,5,19
2021-05-17,rice,Aowin,224.7,3.28,0,5,20
2021-05-24,rice,Aowin,206.6,3.18,0,5,21
2021-05-31,rice,Aowin,218.5,3.25,0,5,22
2021-06-07,rice,Aowin,206.7,3.39,0,6,23
2021-06-14,rice,Aowin,204.7,3.47,0,6,24
2021-06-21,rice,Aowin,211.4,3.49,0,6,25
2021-06-28,rice,Aowin,199.8,3.36,0,6,26
2021-07-05,rice,Aowin,193.3,4.04,0,7,27
2021-07-12,rice,Aowin,191.0,3.9,0,7,28
2021-07-19,rice,Aowin,170.7,3.92,0,7,29
2021-07-26,rice,Aowin,189.6,3.89,0,7,30
2021-08-02,rice,Aowin,258.5,4.48,1,8,31
2021-08-09,rice,Aowin,307.8,3.9,1,8,32
2021-08-16,rice,Aowin,311.1,3.68,1,8,33
2021-08-23,rice,Aowin,327.8,3.75,1,8,34
2021-08-30,rice,Aowin,289.3,4.13,1,8,35
2021-09-06,rice,Aowin,194.7,3.79,0,9,36
2021-09-13,rice,Aowin,213.1,3.5,0,9,37
2021-09-20,rice,Aowin,197.6,3.78,0,9,38
2021-09-27,rice,Aowin,210.7,3.71,0,9,39
2021-10-04,rice,Aowin,215.0,3.06,0,10,40
2021-10-11,rice,Aowin,206.6,3.05,0,10,41
2021-10-18,rice,Aowin,212.2,3.1,0,10,42
2021-10-25,rice,Aowin,213.4,3.19,0,10,43
2021-11-01,rice,Aowin,198.2,3.15,0,11,44
2021-11-08,rice,Aowin,221.9,3.02,0,11,45
2021-11-15,rice,Aowin,194.2,3.08,0,11,46
2021-11-22,rice,Aowin,214.8,3.35,0,11,47
2021-11-29,rice,Aowin,218.7,3.13,0,11,48
2021-12-06,rice,Aowin,228.7,3.23,0,12,49
2021-12-13,rice,Aowin,196.2,3.19,0,12,50
2021-12-20,rice,Aowin,376.7,3.15,1,12,51
2021-12-27,rice,Aowin,374.3,3.13,1,12,52
2022-01-03,rice,Aowin,191.7,4.13,0,1,1
2022-01-10,rice,Aowin,190.5,4.1,0,1,2
2022-01-17,rice,Aowin,184.5,4.03,0,1,3
2022-01-24,rice,Aowin,186.7,3.88,0,1,4
2022-01-31,rice,Aowin,187.8,4.05,0,1,5
2022-02-07,rice,Aowin,184.7,4.0,0,2,6
2022-02-14,rice,Aowin,220.2,3.97,0,2,7
2022-02-21,rice,Aowin,167.8,4.45,0,2,8
2022-02-28,rice,Aowin,210.7,3.77,0,2,9
2022-03-07,rice,Aowin,213.5,3.57,0,3,10
2022-03-14,rice,Aowin,224.4,3.32,0,3,11
2022-03-21,rice,Aowin,218.7,3.46,0,3,12
2022-03-28,rice,Aowin,209.8,3.8,0,3,13
2022-04-04,rice,Aowin,337.9,3.33,1,4,14
2022-04-11,rice,Aowin,346.6,3.36,1,4,15
2022-04-18,rice,Aowin,210.6,3.46,0,4,16
2022-04-25,rice,Aowin,236.8,3.35,0,4,17
2022-05-02,rice,Aowin,235.3,3.61,0,5,18
2022-05-09,rice,Aowin,202.5,3.41,0,5,19
2022-05-16,rice,Aowin,184.7,3.58,0,5,20
2022-05-23,rice,Aowin,231.2,3.3,0,5,21
2022-05-30,rice,Aowin,241.8,3.23,0,5,22
2022-06-06,rice,Aowin,239.0,3.78,0,6,23
2022-06-13,rice,Aowin,232.7,3.58,0,6,24
2022-06-20,rice,Aowin,220.1,4.05,0,6,25
2022-06-27,rice,Aowin,245.0,3.58,0,6,26
2022-07-04,rice,Aowin,219.6,4.12,0,7,27
2022-07-11,rice,Aowin,203.3,4.37,0,7,28
2022-07-18,rice,Aowin,183.6,4.2,0,7,29
2022-07-25,rice,Aowin,204.7,4.04,0,7,30
2022-08-01,rice,Aowin,281.0,4.68,1,8,31
2022-08-08,rice,Aowin,300.2,4.15,1,8,32
2022-08-15,rice,Aowin,293.9,4.29,1,8,33
2022-08-22,rice,Aowin,322.3,4.29,1,8,34
2022-08-29,rice,Aowin,273.6,4.45,1,8,35
2022-09-05,rice,Aowin,220.7,3.96,0,9,36
2022-09-12,rice,Aowin,223.1,3.76,0,9,37
2022-09-19,rice,Aowin,204.4,3.84,0,9,38
2022-09-26,rice,Aowin,201.2,3.85,0,9,39
2022-10-03,rice,Aowin,190.8,3.43,0,10,40
2022-10-10,rice,Aowin,232.0,3.17,0,10,41
2022-10-17,rice,Aowin,204.1,3.6,0,10,42
2022-10-24,rice,Aowin,211.3,3.23,0,10,43
2022-10-31,rice,Aowin,192.8,3.33,0,10,44
2022-11-07,rice,Aowin,231.7,3.19,0,11,45
2022-11-14,rice,Aowin,224.5,3.17,0,11,46
2022-11-21,rice,Aowin,214.1,3.23,0,11,47
2022-11-28,rice,Aowin,211.3,3.22,0,11,48
2022-12-05,rice,Aowin,217.9,3.31,0,12,49
2022-12-12,rice,Aowin,231.0,3.24,0,12,50
2022-12-19,rice,Aowin,209.6,3.46,0,12,51
2022-12-26,rice,Aowin,345.0,3.26,1,12,52
2023-01-02,rice,Aowin,207.9,4.15,0,1,1
2023-01-09,rice,Aowin,218.2,4.24,0,1,2
2023-01-16,rice,Aowin,197.5,4.48,0,1,3
2023-01-23,rice,Aowin,202.2,4.35,0,1,4
2023-01-30,rice,Aowin,199.6,4.29,0,1,5
2023-02-06,rice,Aowin,201.0,4.09,0,2,6
2023-02-13,rice,Aowin,198.7,4.14,0,2,7
2023-02-20,rice,Aowin,190.5,4.11,0,2,8
2023-02-27,rice,Aowin,209.6,4.56,0,2,9
2023-03-06,rice,Aowin,220.5,3.8,0,3,10
2023-03-13,rice,Aowin,225.0,3.59,0,3,11
2023-03-20,rice,Aowin,226.0,3.63,0,3,12
2023-03-27,rice,Aowin,228.0,3.6,0,3,13
2023-04-03,rice,Aowin,337.5,3.61,1,4,14
2023-04-10,rice,Aowin,332.5,3.81,1,4,15
2023-04-17,rice,Aowin,214.0,3.7,0,4,16
2023-04-24,rice,Aowin,236.9,4.05,0,4,17
2023-05-01,rice,Aowin,224.0,3.95,0,5,18
2023-05-08,rice,Aowin,212.8,3.96,0,5,19
2023-05-15,rice,Aowin,231.9,3.87,0,5,20
2023-05-22,rice,Aowin,238.2,3.7,0,5,21
2023-05-29,rice,Aowin,197.0,3.86,0,5,22
2023-06-05,rice,Aowin,216.2,4.06,0,6,23
2023-06-12,rice,Aowin,206.4,4.39,0,6,24
2023-06-19,rice,Aowin,221.8,4.19,0,6,25
2023-06-26,rice,Aowin,212.2,4.16,0,6,26
2023-07-03,rice,Aowin,197.4,4.67,0,7,27
2023-07-10,rice,Aowin,184.2,4.97,0,7,28
2023-07-17,rice,Aowin,221.4,4.38,0,7,29
2023-07-24,rice,Aowin,172.5,4.99,0,7,30
2023-07-31,rice,Aowin,195.3,4.61,0,7,31
2023-08-07,rice,Aowin,277.3,4.41,1,8,32
2023-08-14,rice,Aowin,286.7,4.53,1,8,33
2023-08-21,rice,Aowin,320.0,4.37,1,8,34
2023-08-28,rice,Aowin,298.5,4.8,1,8,35
2023-09-04,rice,Aowin,220.4,4.03,0,9,36
2023-09-11,rice,Aowin,231.2,4.23,0,9,37
2023-09-18,rice,Aowin,227.8,4.39,0,9,38
2023-09-25,rice,Aowin,221.2,4.09,0,9,39
2023-10-02,rice,Aowin,227.1,3.55,0,10,40
2023-10-09,rice,Aowin,224.4,3.41,0,10,41
2023-10-16,rice,Aowin,232.7,3.54,0,10,42
2023-10-23,rice,Aowin,191.4,3.96,0,10,43
2023-10-30,rice,Aowin,240.3,3.7,0,10,44
2023-11-06,rice,Aowin,239.1,3.58,0,11,45
2023-11-13,rice,Aowin,209.9,3.53,0,11,46
2023-11-20,rice,Aowin,211.9,3.61,0,11,47
2023-11-27,rice,Aowin,227.1,3.63,0,11,48
2023-12-04,rice,Aowin,220.7,3.58,0,12,49
2023-12-11,rice,Aowin,226.0,3.72,0,12,50
2023-12-18,rice,Aowin,224.2,3.5,0,12,51
2023-12-25,rice,Aowin,415.4,3.5,1,12,52
2024-01-01,rice,Aowin,204.8,4.72,0,1,1
2024-01-08,rice,Aowin,245.5,4.44,0,1,2
2024-01-15,rice,Aowin,209.8,4.79,0,1,3
2024-01-22,rice,Aowin,190.3,4.65,0,1,4
2024-01-29,rice,Aowin,246.6,4.31,0,1,5
2024-02-05,rice,Aowin,220.3,4.7,0,2,6
2024-02-12,rice,Aowin,223.3,4.37,0,2,7
2024-02-19,rice,Aowin,211.0,4.81,0,2,8
2024-02-26,rice,Aowin,193.8,4.64,0,2,9
2024-03-04,rice,Aowin,188.1,4.31,0,3,10
2024-03-11,rice,Aowin,214.9,4.19,0,3,11
2024-03-18,rice,Aowin,249.0,3.84,0,3,12
2024-03-25,rice,Aowin,242.6,3.69,0,3,13
2024-04-01,rice,Aowin,395.5,3.92,1,4,14
2024-04-08,rice,Aowin,393.2,3.84,1,4,15
2024-04-15,rice,Aowin,211.4,4.34,0,4,16
2024-04-22,rice,Aowin,238.7,4.04,0,4,17
2024-04-29,rice,Aowin,236.6,4.19,0,4,18
2024-05-06,rice,Aowin,224.0,4.02,0,5,19
2024-05-13,rice,Aowin,221.4,4.04,0,5,20
2024-05-20,rice,Aowin,225.3,4.06,0,5,21
2024-05-27,rice,Aowin,184.7,4.25,0,5,22
2024-06-03,rice,Aowin,222.8,4.5,0,6,23
2024-06-10,rice,Aowin,238.2,4.26,0,6,24
2024-06-17,rice,Aowin,212.6,4.74,0,6,25
2024-06-24,rice,Aowin,227.5,4.4,0,6,26
2024-07-01,rice,Aowin,205.8,4.92,0,7,27
2024-07-08,rice,Aowin,195.8,4.45,0,7,28
2024-07-15,rice,Aowin,219.6,5.14,0,7,29
2024-07-22,rice,Aowin,198.1,5.04,0,7,30
2024-07-29,rice,Aowin,195.1,5.04,0,7,31
2024-08-05,rice,Aowin,333.2,4.97,1,8,32
2024-08-12,rice,Aowin,328.1,4.93,1,8,33
2024-08-19,rice,Aowin,313.1,4.97,1,8,34
2024-08-26,rice,Aowin,314.3,5.14,1,8,35
2024-09-02,rice,Aowin,202.9,4.65,0,9,36
2024-09-09,rice,Aowin,222.7,4.49,0,9,37
2024-09-16,rice,Aowin,232.7,4.71,0,9,38
2024-09-23,rice,Aowin,213.7,4.52,0,9,39
2024-09-30,rice,Aowin,212.2,4.44,0,9,40
2024-10-07,rice,Aowin,226.0,3.91,0,10,41
2024-10-14,rice,Aowin,237.3,3.67,0,10,42
2024-10-21,rice,Aowin,233.2,3.92,0,10,43
2024-10-28,rice,Aowin,217.7,3.64,0,10,44
2024-11-04,rice,Aowin,198.2,3.74,0,11,45
2024-11-11,rice,Aowin,254.7,3.59,0,11,46
2024-11-18,rice,Aowin,212.9,3.88,0,11,47
2024-11-25,rice,Aowin,208.2,4.16,0,11,48
2024-12-02,rice,Aowin,198.0,3.91,0,12,49
2024-12-09,rice,Aowin,236.4,4.03,0,12,50
2024-12-16,rice,Aowin,216.6,4.3,0,12,51
2024-12-23,rice,Aowin,379.7,3.99,1,12,52
2024-12-30,rice,Aowin,392.9,3.81,1,12,1
2018-01-01,rice,Bibiani,190.6,3.06,0,1,1
2018-01-08,rice,Bibiani,208.8,2.98,0,1,2
2018-01-15,rice,Bibiani,215.3,2.99,0,1,3
2018-01-22,rice,Bibiani,201.8,3.18,0,1,4
2018-01-29,rice,Bibiani,207.9,3.18,0,1,5
2018-02-05,rice,Bibiani,233.1,2.87,0,2,6
2018-02-12,rice,Bibiani,236.8,2.98,0,2,7
2018-02-19,rice,Bibiani,201.5,3.02,0,2,8
2018-02-26,rice,Bibiani,214.1,3.15,0,2,9
2018-03-05,rice,Bibiani,235.8,2.76,0,3,10
2018-03-12,rice,Bibiani,204.8,2.92,0,3,11
2018-03-19,rice,Bibiani,234.5,2.59,0,3,12
2018-03-26,rice,Bibiani,243.9,2.59,0,3,13
2018-04-02,rice,Bibiani,362.4,2.72,1,4,14
2018-04-09,rice,Bibiani,392.1,2.58,1,4,15
2018-04-16,rice,Bibiani,236.7,2.64,0,4,16
2018-04-23,rice,Bibiani,232.9,2.61,0,4,17
2018-04-30,rice,Bibiani,236.5,2.38,0,4,18
2018-05-07,rice,Bibiani,237.7,2.68,0,5,19
2018-05-14,rice,Bibiani,237.6,2.65,0,5,20
2018-05-21,rice,Bibiani,212.6,2.81,0,5,21
2018-05-28,rice,Bibiani,243.1,2.67,0,5,22
2018-06-04,rice,Bibiani,259.8,2.78,0,6,23
2018-06-11,rice,Bibiani,225.2,2.89,0,6,24
2018-06-18,rice,Bibiani,237.3,2.68,0,6,25
2018-06-25,rice,Bibiani,230.4,2.78,0,6,26
2018-07-02,rice,Bibiani,188.7,3.38,0,7,27
2018-07-09,rice,Bibiani,241.6,3.26,0,7,28
2018-07-16,rice,Bibiani,202.4,3.42,0,7,29
2018-07-23,rice,Bibiani,215.5,3.04,0,7,30
2018-07-30,rice,Bibiani,201.1,3.26,0,7,31
2018-08-06,rice,Bibiani,317.6,3.25,1,8,32
2018-08-13,rice,Bibiani,298.6,3.44,1,8,33
2018-08-20,rice,Bibiani,341.5,3.4,1,8,34
2018-08-27,rice,Bibiani,290.8,3.4,1,8,35
2018-09-03,rice,Bibiani,203.0,3.16,0,9,36
2018-09-10,rice,Bibiani,243.8,2.94,0,9,37
2018-09-17,rice,Bibiani,223.2,3.14,0,9,38
2018-09-24,rice,Bibiani,238.4,2.85,0,9,39
2018-10-01,rice,Bibiani,254.1,2.44,0,10,40
2018-10-08,rice,Bibiani,234.3,2.63,0,10,41
2018-10-15,rice,Bibiani,248.3,2.4,0,10,42
2018-10-22,rice,Bibiani,214.1,2.61,0,10,43
2018-10-29,rice,Bibiani,213.5,2.56,0,10,44
2018-11-05,rice,Bibiani,221.0,2.68,0,11,45
2018-11-12,rice,Bibiani,223.2,2.56,0,11,46
2018-11-19,rice,Bibiani,241.9,2.57,0,11,47
2018-11-26,rice,Bibiani,209.3,2.62,0,11,48
2018-12-03,rice,Bibiani,237.3,2.51,0,12,49
2018-12-10,rice,Bibiani,241.3,2.51,0,12,50
2018-12-17,rice,Bibiani,234.9,2.63,0,12,51
2018-12-24,rice,Bibiani,406.3,2.58,1,12,52
2018-12-31,rice,Bibiani,393.6,2.54,1,12,1
2019-01-07,rice,Bibiani,213.7,3.29,0,1,2
2019-01-14,rice,Bibiani,227.9,3.51,0,1,3
2019-01-21,rice,Bibiani,220.9,3.24,0,1,4
2019-01-28,rice,Bibiani,244.4,3.24,0,1,5
2019-02-04,rice,Bibiani,229.7,3.1,0,2,6
2019-02-11,rice,Bibiani,222.3,3.32,0,2,7
2019-02-18,rice,Bibiani,216.3,3.41,0,2,8
2019-02-25,rice,Bibiani,220.2,3.43,0,2,9
2019-03-04,rice,Bibiani,232.0,2.86,0,3,10
2019-03-11,rice,Bibiani,233.2,2.96,0,3,11
2019-03-18,rice,Bibiani,255.2,2.93,0,3,12
2019-03-25,rice,Bibiani,245.3,2.98,0,3,13
2019-04-01,rice,Bibiani,388.6,2.98,1,4,14
2019-04-08,rice,Bibiani,330.2,3.05,1,4,15
2019-04-15,rice,Bibiani,223.1,2.85,0,4,16
2019-04-22,rice,Bibiani,252.6,2.71,0,4,17
2019-04-29,rice,Bibiani,245.5,2.94,0,4,18
2019-05-06,rice,Bibiani,226.5,2.98,0,5,19
2019-05-13,rice,Bibiani,219.0,3.07,0,5,20
2019-05-20,rice,Bibiani,250.1,3.03,0,5,21
2019-05-27,rice,Bibiani,235.7,3.11,0,5,22
2019-06-03,rice,Bibiani,247.9,3.23,0,6,23
2019-06-10,rice,Bibiani,229.1,3.19,0,6,24
2019-06-17,rice,Bibiani,239.9,2.98,0,6,25
2019-06-24,rice,Bibiani,248.1,3.2,0,6,26
2019-07-01,rice,Bibiani,218.4,3.48,0,7,27
2019-07-08,rice,Bibiani,208.8,3.59,0,7,28
2019-07-15,rice,Bibiani,205.7,3.57,0,7,29
2019-07-22,rice,Bibiani,208.8,3.62,0,7,30
2019-07-29,rice,Bibiani,230.5,3.54,0,7,31
2019-08-05,rice,Bibiani,289.4,3.71,1,8,32
2019-08-12,rice,Bibiani,369.8,3.19,1,8,33
2019-08-19,rice,Bibiani,311.0,3.61,1,8,34
2019-08-26,rice,Bibiani,311.7,3.75,1,8,35
2019-09-02,rice,Bibiani,223.8,3.46,0,9,36
2019-09-09,rice,Bibiani,230.3,3.31,0,9,37
2019-09-16,rice,Bibiani,223.3,3.43,0,9,38
2019-09-23,rice,Bibiani,230.8,3.24,0,9,39
2019-09-30,rice,Bibiani,230.1,3.22,0,9,40
2019-10-07,rice,Bibiani,257.9,2.81,0,10,41
2019-10-14,rice,Bibiani,243.3,2.75,0,10,42
2019-10-21,rice,Bibiani,246.5,2.67,0,10,43
2019-10-28,rice,Bibiani,236.8,2.7,0,10,44
2019-11-04,rice,Bibiani,245.2,2.65,0,11,45
2019-11-11,rice,Bibiani,230.1,2.83,0,11,46
2019-11-18,rice,Bibiani,254.3,2.77,0,11,47
2019-11-25,rice,Bibiani,234.7,2.73,0,11,48
2019-12-02,rice,Bibiani,214.7,2.72,0,12,49
2019-12-09,rice,Bibiani,241.0,2.84,0,12,50
2019-12-16,rice,Bibiani,233.7,2.88,0,12,51
2019-12-23,rice,Bibiani,404.4,2.66,1,12,52
2019-12-30,rice,Bibiani,444.5,2.64,1,12,1
2020-01-06,rice,Bibiani,184.1,3.7,0,1,2
2020-01-13,rice,Bibiani,258.6,3.37,0,1,3
2020-01-20,rice,Bibiani,237.1,3.64,0,1,4
2020-01-27,rice,Bibiani,207.8,3.8,0,1,5
2020-02-03,rice,Bibiani,210.6,3.82,0,2,6
2020-02-10,rice,Bibiani,228.9,3.69,0,2,7
2020-02-17,rice,Bibiani,229.2,3.69,0,2,8
2020-02-24,rice,Bibiani,204.6,3.91,0,2,9
2020-03-02,rice,Bibiani,236.6,2.79,0,3,10
2020-03-09,rice,Bibiani,278.2,3.02,0,3,11
2020-03-16,rice,Bibiani,251.1,3.18,0,3,12
2020-03-23,rice,Bibiani,248.6,3.03,0,3,13
2020-03-30,rice,Bibiani,237.2,3.23,0,3,14
2020-04-06,rice,Bibiani,398.7,3.09,1,4,15
2020-04-13,rice,Bibiani,399.5,3.11,1,4,16
2020-04-20,rice,Bibiani,215.2,3.06,0,4,17
2020-04-27,rice,Bibiani,242.6,3.03,0,4,18
2020-05-04,rice,Bibiani,241.4,3.05,0,5,19
2020-05-11,rice,Bibiani,239.9,3.15,0,5,20
2020-05-18,rice,Bibiani,261.6,3.02,0,5,21
2020-05-25,rice,Bibiani,212.2,3.23,0,5,22
2020-06-01,rice,Bibiani,218.0,3.5,0,6,23
2020-06-08,rice,Bibiani,224.6,3.56,0,6,24
2020-06-15,rice,Bibiani,253.1,3.25,0,6,25
2020-06-22,rice,Bibiani,267.6,3.18,0,6,26
2020-06-29,rice,Bibiani,265.5,3.41,0,6,27
2020-07-06,rice,Bibiani,201.4,4.29,0,7,28
2020-07-13,rice,Bibiani,225.1,4.04,0,7,29
2020-07-20,rice,Bibiani,235.9,3.76,0,7,30
2020-07-27,rice,Bibiani,226.8,3.91,0,7,31
2020-08-03,rice,Bibiani,325.7,3.98,1,8,32
2020-08-10,rice,Bibiani,339.0,3.66,1,8,33
2020-08-17,rice,Bibiani,299.7,4.08,1,8,34
2020-08-24,rice,Bibiani,312.3,3.84,1,8,35
2020-08-31,rice,Bibiani,341.4,3.85,1,8,36
2020-09-07,rice,Bibiani,242.1,3.48,0,9,37
2020-09-14,rice,Bibiani,229.4,3.63,0,9,38
2020-09-21,rice,Bibiani,258.7,3.37,0,9,39
2020-09-28,rice,Bibiani,253.2,3.24,0,9,40
2020-10-05,rice,Bibiani,231.9,3.01,0,10,41
2020-10-12,rice,Bibiani,259.7,2.73,0,10,42
2020-10-19,rice,Bibiani,262.0,2.94,0,10,43
2020-10-26,rice,Bibiani,224.7,3.11,0,10,44
2020-11-02,rice,Bibiani,246.9,3.06,0,11,45
2020-11-09,rice,Bibiani,239.5,3.12,0,11,46
2020-11-16,rice,Bibiani,232.2,3.07,0,11,47
2020-11-23,rice,Bibiani,227.4,3.28,0,11,48
2020-11-30,rice,Bibiani,228.8,2.92,0,11,49
2020-12-07,rice,Bibiani,247.0,3.06,0,12,50
2020-12-14,rice,Bibiani,231.0,2.96,0,12,51
2020-12-21,rice,Bibiani,426.6,3.13,1,12,52
2020-12-28,rice,Bibiani,411.5,3.0,1,12,53
2021-01-04,rice,Bibiani,212.1,4.12,0,1,1
2021-01-11,rice,Bibiani,251.1,3.77,0,1,2
2021-01-18,rice,Bibiani,207.9,4.07,0,1,3
2021-01-25,rice,Bibiani,216.9,3.94,0,1,4
2021-02-01,rice,Bibiani,206.2,3.87,0,2,5
2021-02-08,rice,Bibiani,245.6,3.96,0,2,6
2021-02-15,rice,Bibiani,255.2,3.92,0,2,7
2021-02-22,rice,Bibiani,206.0,3.93,0,2,8
2021-03-01,rice,Bibiani,237.9,3.29,0,3,9
2021-03-08,rice,Bibiani,254.7,3.23,0,3,10
2021-03-15,rice,Bibiani,243.0,3.28,0,3,11
2021-03-22,rice,Bibiani,261.1,3.1,0,3,12
2021-03-29,rice,Bibiani,240.8,3.43,0,3,13
2021-04-05,rice,Bibiani,416.4,3.18,1,4,14
2021-04-12,rice,Bibiani,371.7,3.31,1,4,15
2021-04-19,rice,Bibiani,246.9,3.43,0,4,16
2021-04-26,rice,Bibiani,226.2,3.46,0,4,17
2021-05-03,rice,Bibiani,256.6,3.13,0,5,18
2021-05-10,rice,Bibiani,224.0,3.35,0,5,19
2021-05-17,rice,Bibiani,239.7,3.43,0,5,20
2021-05-24,rice,Bibiani,240.3,3.37,0,5,21
2021-05-31,rice,Bibiani,252.9,3.55,0,5,22
2021-06-07,rice,Bibiani,252.2,3.56,0,6,23
2021-06-14,rice,Bibiani,265.0,3.38,0,6,24
2021-06-21,rice,Bibiani,240.7,3.8,0,6,25
2021-06-28,rice,Bibiani,218.9,3.6,0,6,26
2021-07-05,rice,Bibiani,211.0,3.86,0,7,27
2021-07-12,rice,Bibiani,223.9,4.12,0,7,28
2021-07-19,rice,Bibiani,222.8,4.35,0,7,29
2021-07-26,rice,Bibiani,232.7,3.94,0,7,30
2021-08-02,rice,Bibiani,301.3,4.57,1,8,31
2021-08-09,rice,Bibiani,343.5,4.04,1,8,32
2021-08-16,rice,Bibiani,332.5,4.19,1,8,33
2021-08-23,rice,Bibiani,369.7,3.97,1,8,34
2021-08-30,rice,Bibiani,354.5,4.18,1,8,35
2021-09-06,rice,Bibiani,240.9,3.73,0,9,36
2021-09-13,rice,Bibiani,258.9,3.53,0,9,37
2021-09-20,rice,Bibiani,232.5,4.18,0,9,38
2021-09-27,rice,Bibiani,258.1,3.68,0,9,39
2021-10-04,rice,Bibiani,281.6,3.15,0,10,40
2021-10-11,rice,Bibiani,244.8,3.34,0,10,41
2021-10-18,rice,Bibiani,256.6,3.44,0,10,42
2021-10-25,rice,Bibiani,227.1,3.36,0,10,43
2021-11-01,rice,Bibiani,252.2,3.08,0,11,44
2021-11-08,rice,Bibiani,219.1,3.26,0,11,45
2021-11-15,rice,Bibiani,270.6,2.99,0,11,46
2021-11-22,rice,Bibiani,255.8,3.35,0,11,47
2021-11-29,rice,Bibiani,225.3,3.02,0,11,48
2021-12-06,rice,Bibiani,262.4,3.15,0,12,49
2021-12-13,rice,Bibiani,262.7,3.25,0,12,50
2021-12-20,rice,Bibiani,429.0,3.31,1,12,51
2021-12-27,rice,Bibiani,393.6,3.22,1,12,52
2022-01-03,rice,Bibiani,236.0,4.41,0,1,1
2022-01-10,rice,Bibiani,230.7,4.28,0,1,2
2022-01-17,rice,Bibiani,239.2,4.27,0,1,3
2022-01-24,rice,Bibiani,243.1,3.95,0,1,4
2022-01-31,rice,Bibiani,229.5,4.44,0,1,5
2022-02-07,rice,Bibiani,258.0,4.05,0,2,6
2022-02-14,rice,Bibiani,221.5,4.48,0,2,7
2022-02-21,rice,Bibiani,226.6,4.52,0,2,8
2022-02-28,rice,Bibiani,249.9,4.27,0,2,9
2022-03-07,rice,Bibiani,243.6,3.74,0,3,10
2022-03-14,rice,Bibiani,260.4,3.15,0,3,11
2022-03-21,rice,Bibiani,265.1,3.56,0,3,12
2022-03-28,rice,Bibiani,266.2,3.75,0,3,13
2022-04-04,rice,Bibiani,419.0,3.74,1,4,14
2022-04-11,rice,Bibiani,431.9,3.44,1,4,15
2022-04-18,rice,Bibiani,219.9,3.57,0,4,16
2022-04-25,rice,Bibiani,264.7,3.24,0,4,17
2022-05-02,rice,Bibiani,242.5,3.69,0,5,18
2022-05-09,rice,Bibiani,270.3,3.36,0,5,19
2022-05-16,rice,Bibiani,270.7,3.8,0,5,20
2022-05-23,rice,Bibiani,229.4,3.81,0,5,21
2022-05-30,rice,Bibiani,292.2,3.57,0,5,22
2022-06-06,rice,Bibiani,242.1,4.06,0,6,23
2022-06-13,rice,Bibiani,241.8,3.94,0,6,24
2022-06-20,rice,Bibiani,262.8,4.01,0,6,25
2022-06-27,rice,Bibiani,275.4,3.79,0,6,26
2022-07-04,rice,Bibiani,236.3,4.59,0,7,27
2022-07-11,rice,Bibiani,232.3,4.19,0,7,28
2022-07-18,rice,Bibiani,252.7,4.15,0,7,29
2022-07-25,rice,Bibiani,218.0,4.46,0,7,30
2022-08-01,rice,Bibiani,332.4,4.47,1,8,31
2022-08-08,rice,Bibiani,342.0,4.56,1,8,32
2022-08-15,rice,Bibiani,336.5,4.39,1,8,33
2022-08-22,rice,Bibiani,349.2,4.85,1,8,34
2022-08-29,rice,Bibiani,333.1,4.54,1,8,35
2022-09-05,rice,Bibiani,247.9,4.09,0,9,36
2022-09-12,rice,Bibiani,238.0,4.09,0,9,37
2022-09-19,rice,Bibiani,260.7,4.22,0,9,38
2022-09-26,rice,Bibiani,238.6,4.15,0,9,39
2022-10-03,rice,Bibiani,271.6,3.53,0,10,40
2022-10-10,rice,Bibiani,268.2,3.57,0,10,41
2022-10-17,rice,Bibiani,265.6,3.21,0,10,42
2022-10-24,rice,Bibiani,272.8,3.22,0,10,43
2022-10-31,rice,Bibiani,250.7,3.46,0,10,44
2022-11-07,rice,Bibiani,268.2,3.46,0,11,45
2022-11-14,rice,Bibiani,250.7,3.57,0,11,46
2022-11-21,rice,Bibiani,251.5,3.49,0,11,47
2022-11-28,rice,Bibiani,254.4,3.57,0,11,48
2022-12-05,rice,Bibiani,242.9,3.34,0,12,49
2022-12-12,rice,Bibiani,257.4,3.51,0,12,50
2022-12-19,rice,Bibiani,280.1,3.32,0,12,51
2022-12-26,rice,Bibiani,427.6,3.57,1,12,52
2023-01-02,rice,Bibiani,269.6,4.15,0,1,1
2023-01-09,rice,Bibiani,232.6,4.55,0,1,2
2023-01-16,rice,Bibiani,244.5,4.23,0,1,3
2023-01-23,rice,Bibiani,226.9,4.42,0,1,4
2023-01-30,rice,Bibiani,228.5,4.65,0,1,5
2023-02-06,rice,Bibiani,267.4,4.56,0,2,6
2023-02-13,rice,Bibiani,257.7,4.22,0,2,7
2023-02-20,rice,Bibiani,237.0,4.4,0,2,8
2023-02-27,rice,Bibiani,236.9,4.25,0,2,9
2023-03-06,rice,Bibiani,246.3,3.61,0,3,10
2023-03-13,rice,Bibiani,244.8,3.89,0,3,11
2023-03-20,rice,Bibiani,265.8,3.96,0,3,12
2023-03-27,rice,Bibiani,248.6,3.94,0,3,13
2023-04-03,rice,Bibiani,377.3,3.99,1,4,14
2023-04-10,rice,Bibiani,386.5,3.9,1,4,15
2023-04-17,rice,Bibiani,271.0,3.86,0,4,16
2023-04-24,rice,Bibiani,266.3,3.73,0,4,17
2023-05-01,rice,Bibiani,252.6,3.86,0,5,18
2023-05-08,rice,Bibiani,264.9,3.72,0,5,19
2023-05-15,rice,Bibiani,301.4,3.79,0,5,20
2023-05-22,rice,Bibiani,277.4,3.94,0,5,21
2023-05-29,rice,Bibiani,282.9,3.91,0,5,22
2023-06-05,rice,Bibiani,210.7,4.82,0,6,23
2023-06-12,rice,Bibiani,265.3,4.06,0,6,24
2023-06-19,rice,Bibiani,247.9,4.27,0,6,25
2023-06-26,rice,Bibiani,277.0,4.05,0,6,26
2023-07-03,rice,Bibiani,254.0,4.77,0,7,27
2023-07-10,rice,Bibiani,243.5,4.77,0,7,28
2023-07-17,rice,Bibiani,218.5,5.0,0,7,29
2023-07-24,rice,Bibiani,230.1,4.75,0,7,30
2023-07-31,rice,Bibiani,246.6,4.8,0,7,31
2023-08-07,rice,Bibiani,373.7,4.79,1,8,32
2023-08-14,rice,Bibiani,372.4,4.6,1,8,33
2023-08-21,rice,Bibiani,363.9,4.74,1,8,34
2023-08-28,rice,Bibiani,358.7,4.8,1,8,35
2023-09-04,rice,Bibiani,261.6,4.39,0,9,36
2023-09-11,rice,Bibiani,264.5,4.48,0,9,37
2023-09-18,rice,Bibiani,269.5,4.34,0,9,38
2023-09-25,rice,Bibiani,260.5,4.33,0,9,39
2023-10-02,rice,Bibiani,276.2,3.49,0,10,40
2023-10-09,rice,Bibiani,257.0,3.83,0,10,41
2023-10-16,rice,Bibiani,255.8,3.64,0,10,42
2023-10-23,rice,Bibiani,244.6,3.86,0,10,43
2023-10-30,rice,Bibiani,261.2,3.94,0,10,44
2023-11-06,rice,Bibiani,253.4,3.74,0,11,45
2023-11-13,rice,Bibiani,285.1,3.61,0,11,46
2023-11-20,rice,Bibiani,262.3,3.77,0,11,47
2023-11-27,rice,Bibiani,273.4,3.82,0,11,48
2023-12-04,rice,Bibiani,276.1,3.75,0,12,49
2023-12-11,rice,Bibiani,281.6,3.71,0,12,50
2023-12-18,rice,Bibiani,251.8,3.88,0,12,51
2023-12-25,rice,Bibiani,441.9,3.87,1,12,52
2024-01-01,rice,Bibiani,258.8,4.78,0,1,1
2024-01-08,rice,Bibiani,234.0,4.53,0,1,2
2024-01-15,rice,Bibiani,266.5,4.94,0,1,3
2024-01-22,rice,Bibiani,285.2,4.7,0,1,4
2024-01-29,rice,Bibiani,257.5,4.89,0,1,5
2024-02-05,rice,Bibiani,256.3,4.91,0,2,6
2024-02-12,rice,Bibiani,269.8,4.51,0,2,7
2024-02-19,rice,Bibiani,240.1,4.9,0,2,8
2024-02-26,rice,Bibiani,240.3,4.98,0,2,9
2024-03-04,rice,Bibiani,273.7,4.29,0,3,10
2024-03-11,rice,Bibiani,247.5,4.2,0,3,11
2024-03-18,rice,Bibiani,262.7,3.85,0,3,12
2024-03-25,rice,Bibiani,247.8,4.4,0,3,13
2024-04-01,rice,Bibiani,426.6,4.28,1,4,14
2024-04-08,rice,Bibiani,408.6,4.01,1,4,15
2024-04-15,rice,Bibiani,266.7,4.08,0,4,16
2024-04-22,rice,Bibiani,260.5,4.25,0,4,17
2024-04-29,rice,Bibiani,242.9,4.33,0,4,18
2024-05-06,rice,Bibiani,228.9,4.16,0,5,19
2024-05-13,rice,Bibiani,242.1,4.38,0,5,20
2024-05-20,rice,Bibiani,283.7,3.94,0,5,21
2024-05-27,rice,Bibiani,281.1,4.06,0,5,22
2024-06-03,rice,Bibiani,287.9,4.25,0,6,23
2024-06-10,rice,Bibiani,279.1,4.47,0,6,24
2024-06-17,rice,Bibiani,241.1,4.92,0,6,25
2024-06-24,rice,Bibiani,234.3,5.02,0,6,26
2024-07-01,rice,Bibiani,244.5,5.28,0,7,27
2024-07-08,rice,Bibiani,242.7,5.09,0,7,28
2024-07-15,rice,Bibiani,255.8,5.18,0,7,29
2024-07-22,rice,Bibiani,242.9,5.33,0,7,30
2024-07-29,rice,Bibiani,272.4,4.9,0,7,31
2024-08-05,rice,Bibiani,356.9,5.14,1,8,32
2024-08-12,rice,Bibiani,368.3,5.56,1,8,33
2024-08-19,rice,Bibiani,418.1,5.04,1,8,34
2024-08-26,rice,Bibiani,370.5,5.1,1,8,35
2024-09-02,rice,Bibiani,271.0,4.73,0,9,36
2024-09-09,rice,Bibiani,246.4,4.78,0,9,37
2024-09-16,rice,Bibiani,282.6,4.61,0,9,38
2024-09-23,rice,Bibiani,280.5,4.74,0,9,39
2024-09-30,rice,Bibiani,250.9,4.84,0,9,40
2024-10-07,rice,Bibiani,262.2,4.36,0,10,41
2024-10-14,rice,Bibiani,273.8,4.02,0,10,42
2024-10-21,rice,Bibiani,274.5,4.04,0,10,43
2024-10-28,rice,Bibiani,268.9,4.29,0,10,44
2024-11-04,rice,Bibiani,281.5,3.98,0,11,45
2024-11-11,rice,Bibiani,277.6,3.85,0,11,46
2024-11-18,rice,Bibiani,279.8,4.11,0,11,47
2024-11-25,rice,Bibiani,277.2,4.25,0,11,48
2024-12-02,rice,Bibiani,257.0,4.16,0,12,49
2024-12-09,rice,Bibiani,269.7,4.08,0,12,50
2024-12-16,rice,Bibiani,251.3,3.86,0,12,51
2024-12-23,rice,Bibiani,462.9,4.09,1,12,52
2024-12-30,rice,Bibiani,462.3,4.3,1,12,1
2018-01-01,rice,Juaboso,170.5,2.94,0,1,1
2018-01-08,rice,Juaboso,175.5,2.92,0,1,2
2018-01-15,rice,Juaboso,173.6,2.88,0,1,3
2018-01-22,rice,Juaboso,166.7,3.0,0,1,4
2018-01-29,rice,Juaboso,172.1,3.02,0,1,5
2018-02-05,rice,Juaboso,162.0,3.04,0,2,6
2018-02-12,rice,Juaboso,175.0,2.87,0,2,7
2018-02-19,rice,Juaboso,171.5,2.79,0,2,8
2018-02-26,rice,Juaboso,176.9,3.02,0,2,9
2018-03-05,rice,Juaboso,190.4,2.51,0,3,10
2018-03-12,rice,Juaboso,170.7,2.75,0,3,11
2018-03-19,rice,Juaboso,175.6,2.75,0,3,12
2018-03-26,rice,Juaboso,172.5,2.76,0,3,13
2018-04-02,rice,Juaboso,320.5,2.48,1,4,14
2018-04-09,rice,Juaboso,278.6,2.64,1,4,15
2018-04-16,rice,Juaboso,187.2,2.67,0,4,16
2018-04-23,rice,Juaboso,173.2,2.66,0,4,17
2018-04-30,rice,Juaboso,196.4,2.54,0,4,18
2018-05-07,rice,Juaboso,189.6,2.73,0,5,19
2018-05-14,rice,Juaboso,197.8,2.59,0,5,20
2018-05-21,rice,Juaboso,200.9,2.61,0,5,21
2018-05-28,rice,Juaboso,198.2,2.43,0,5,22
2018-06-04,rice,Juaboso,193.7,2.91,0,6,23
2018-06-11,rice,Juaboso,203.1,2.81,0,6,24
2018-06-18,rice,Juaboso,169.0,2.89,0,6,25
2018-06-25,rice,Juaboso,176.0,2.86,0,6,26
2018-07-02,rice,Juaboso,153.1,3.22,0,7,27
2018-07-09,rice,Juaboso,180.1,3.19,0,7,28
2018-07-16,rice,Juaboso,150.2,3.3,0,7,29
2018-07-23,rice,Juaboso,152.0,3.17,0,7,30
2018-07-30,rice,Juaboso,165.2,3.01,0,7,31
2018-08-06,rice,Juaboso,223.0,3.29,1,8,32
2018-08-13,rice,Juaboso,264.0,3.11,1,8,33
2018-08-20,rice,Juaboso,246.4,3.05,1,8,34
2018-08-27,rice,Juaboso,234.5,3.09,1,8,35
2018-09-03,rice,Juaboso,182.4,2.93,0,9,36
2018-09-10,rice,Juaboso,185.4,2.88,0,9,37
2018-09-17,rice,Juaboso,175.0,2.65,0,9,38
2018-09-24,rice,Juaboso,178.7,2.85,0,9,39
2018-10-01,rice,Juaboso,180.9,2.59,0,10,40
2018-10-08,rice,Juaboso,186.5,2.43,0,10,41
2018-10-15,rice,Juaboso,185.1,2.46,0,10,42
2018-10-22,rice,Juaboso,195.1,2.58,0,10,43
2018-10-29,rice,Juaboso,207.5,2.55,0,10,44
2018-11-05,rice,Juaboso,179.4,2.59,0,11,45
2018-11-12,rice,Juaboso,189.6,2.21,0,11,46
2018-11-19,rice,Juaboso,176.7,2.66,0,11,47
2018-11-26,rice,Juaboso,187.2,2.55,0,11,48
2018-12-03,rice,Juaboso,175.4,2.75,0,12,49
2018-12-10,rice,Juaboso,200.1,2.43,0,12,50
2018-12-17,rice,Juaboso,225.7,2.33,0,12,51
2018-12-24,rice,Juaboso,280.8,2.51,1,12,52
2018-12-31,rice,Juaboso,306.2,2.48,1,12,1
2019-01-07,rice,Juaboso,187.9,3.29,0,1,2
2019-01-14,rice,Juaboso,164.8,3.34,0,1,3
2019-01-21,rice,Juaboso,184.4,3.19,0,1,4
2019-01-28,rice,Juaboso,183.6,3.17,0,1,5
2019-02-04,rice,Juaboso,186.0,3.29,0,2,6
2019-02-11,rice,Juaboso,197.5,3.19,0,2,7
2019-02-18,rice,Juaboso,181.2,3.18,0,2,8
2019-02-25,rice,Juaboso,152.6,3.36,0,2,9
2019-03-04,rice,Juaboso,174.3,2.9,0,3,10
2019-03-11,rice,Juaboso,206.4,2.89,0,3,11
2019-03-18,rice,Juaboso,173.3,2.75,0,3,12
2019-03-25,rice,Juaboso,207.6,2.53,0,3,13
2019-04-01,rice,Juaboso,253.3,2.77,1,4,14
2019-04-08,rice,Juaboso,279.4,2.7,1,4,15
2019-04-15,rice,Juaboso,199.7,2.77,0,4,16
2019-04-22,rice,Juaboso,193.1,2.71,0,4,17
2019-04-29,rice,Juaboso,184.8,2.78,0,4,18
2019-05-06,rice,Juaboso,186.0,2.68,0,5,19
2019-05-13,rice,Juaboso,173.1,2.66,0,5,20
2019-05-20,rice,Juaboso,190.1,2.94,0,5,21
2019-05-27,rice,Juaboso,191.7,2.69,0,5,22
2019-06-03,rice,Juaboso,170.5,3.06,0,6,23
2019-06-10,rice,Juaboso,182.6,3.18,0,6,24
2019-06-17,rice,Juaboso,188.6,3.18,0,6,25
2019-06-24,rice,Juaboso,180.9,3.16,0,6,26
2019-07-01,rice,Juaboso,171.9,3.5,0,7,27
2019-07-08,rice,Juaboso,169.3,3.55,0,7,28
2019-07-15,rice,Juaboso,158.7,3.64,0,7,29
2019-07-22,rice,Juaboso,170.9,3.51,0,7,30
2019-07-29,rice,Juaboso,190.6,3.2,0,7,31
2019-08-05,rice,Juaboso,278.8,3.4,1,8,32
2019-08-12,rice,Juaboso,265.1,3.57,1,8,33
2019-08-19,rice,Juaboso,252.4,3.39,1,8,34
2019-08-26,rice,Juaboso,255.8,3.7,1,8,35
2019-09-02,rice,Juaboso,193.8,3.12,0,9,36
2019-09-09,rice,Juaboso,180.0,3.13,0,9,37
2019-09-16,rice,Juaboso,177.3,3.26,0,9,38
2019-09-23,rice,Juaboso,197.1,3.1,0,9,39
2019-09-30,rice,Juaboso,202.6,3.15,0,9,40
2019-10-07,rice,Juaboso,166.4,2.77,0,10,41
2019-10-14,rice,Juaboso,220.8,2.51,0,10,42
2019-10-21,rice,Juaboso,207.1,2.64,0,10,43
2019-10-28,rice,Juaboso,189.4,2.76,0,10,44
2019-11-04,rice,Juaboso,188.8,2.7,0,11,45
2019-11-11,rice,Juaboso,188.2,2.85,0,11,46
2019-11-18,rice,Juaboso,194.0,2.52,0,11,47
2019-11-25,rice,Juaboso,200.2,2.51,0,11,48
2019-12-02,rice,Juaboso,171.5,2.79,0,12,49
2019-12-09,rice,Juaboso,168.0,2.8,0,12,50
2019-12-16,rice,Juaboso,220.4,2.69,0,12,51
2019-12-23,rice,Juaboso,317.0,2.75,1,12,52
2019-12-30,rice,Juaboso,316.3,2.79,1,12,1
2020-01-06,rice,Juaboso,183.0,3.35,0,1,2
2020-01-13,rice,Juaboso,173.9,3.36,0,1,3
2020-01-20,rice,Juaboso,174.6,3.49,0,1,4
2020-01-27,rice,Juaboso,175.1,3.59,0,1,5
2020-02-03,rice,Juaboso,183.6,3.32,0,2,6
2020-02-10,rice,Juaboso,172.0,3.46,0,2,7
2020-02-17,rice,Juaboso,185.7,3.45,0,2,8
2020-02-24,rice,Juaboso,179.1,3.54,0,2,9
2020-03-02,rice,Juaboso,196.7,2.99,0,3,10
2020-03-09,rice,Juaboso,203.9,2.92,0,3,11
2020-03-16,rice,Juaboso,183.4,3.14,0,3,12
2020-03-23,rice,Juaboso,193.7,2.92,0,3,13
2020-03-30,rice,Juaboso,211.4,2.95,0,3,14
2020-04-06,rice,Juaboso,300.9,2.81,1,4,15
2020-04-13,rice,Juaboso,275.0,2.92,1,4,16
2020-04-20,rice,Juaboso,196.0,3.07,0,4,17
2020-04-27,rice,Juaboso,183.8,3.04,0,4,18
2020-05-04,rice,Juaboso,177.2,3.1,0,5,19
2020-05-11,rice,Juaboso,200.0,3.09,0,5,20
2020-05-18,rice,Juaboso,180.1,3.28,0,5,21
2020-05-25,rice,Juaboso,182.7,2.93,0,5,22
2020-06-01,rice,Juaboso,224.6,3.09,0,6,23
2020-06-08,rice,Juaboso,178.3,3.17,0,6,24
2020-06-15,rice,Juaboso,194.1,3.22,0,6,25
2020-06-22,rice,Juaboso,174.6,3.18,0,6,26
2020-06-29,rice,Juaboso,193.8,3.32,0,6,27
2020-07-06,rice,Juaboso,162.9,3.92,0,7,28
2020-07-13,rice,Juaboso,176.4,3.96,0,7,29
2020-07-20,rice,Juaboso,172.9,3.81,0,7,30
2020-07-27,rice,Juaboso,178.7,4.05,0,7,31
2020-08-03,rice,Juaboso,259.4,3.7,1,8,32
2020-08-10,rice,Juaboso,250.3,3.51,1,8,33
2020-08-17,rice,Juaboso,259.1,3.91,1,8,34
2020-08-24,rice,Juaboso,274.5,3.48,1,8,35
2020-08-31,rice,Juaboso,240.1,3.64,1,8,36
2020-09-07,rice,Juaboso,177.3,3.44,0,9,37
2020-09-14,rice,Juaboso,184.2,3.36,0,9,38
2020-09-21,rice,Juaboso,211.1,3.35,0,9,39
2020-09-28,rice,Juaboso,207.9,3.21,0,9,40
2020-10-05,rice,Juaboso,191.8,2.88,0,10,41
2020-10-12,rice,Juaboso,195.4,3.0,0,10,42
2020-10-19,rice,Juaboso,171.5,2.89,0,10,43
2020-10-26,rice,Juaboso,193.8,2.79,0,10,44
2020-11-02,rice,Juaboso,208.5,2.76,0,11,45
2020-11-09,rice,Juaboso,202.9,2.81,0,11,46
2020-11-16,rice,Juaboso,187.4,2.95,0,11,47
2020-11-23,rice,Juaboso,193.7,2.94,0,11,48
2020-11-30,rice,Juaboso,204.9,2.81,0,11,49
2020-12-07,rice,Juaboso,210.5,2.66,0,12,50
2020-12-14,rice,Juaboso,204.0,2.97,0,12,51
2020-12-21,rice,Juaboso,341.3,2.82,1,12,52
2020-12-28,rice,Juaboso,329.6,3.0,1,12,53
2021-01-04,rice,Juaboso,205.8,3.63,0,1,1
2021-01-11,rice,Juaboso,197.5,3.59,0,1,2
2021-01-18,rice,Juaboso,200.7,3.76,0,1,3
2021-01-25,rice,Juaboso,163.7,4.09,0,1,4
2021-02-01,rice,Juaboso,161.9,3.87,0,2,5
2021-02-08,rice,Juaboso,180.6,3.78,0,2,6
2021-02-15,rice,Juaboso,178.3,3.82,0,2,7
2021-02-22,rice,Juaboso,209.9,3.5,0,2,8
2021-03-01,rice,Juaboso,189.3,3.08,0,3,9
2021-03-08,rice,Juaboso,211.5,2.9,0,3,10
2021-03-15,rice,Juaboso,191.1,3.45,0,3,11
2021-03-22,rice,Juaboso,188.9,3.42,0,3,12
2021-03-29,rice,Juaboso,191.8,3.28,0,3,13
2021-04-05,rice,Juaboso,314.9,3.26,1,4,14
2021-04-12,rice,Juaboso,345.9,3.04,1,4,15
2021-04-19,rice,Juaboso,215.9,3.22,0,4,16
2021-04-26,rice,Juaboso,186.9,3.48,0,4,17
2021-05-03,rice,Juaboso,186.7,3.28,0,5,18
2021-05-10,rice,Juaboso,218.9,3.19,0,5,19
2021-05-17,rice,Juaboso,194.3,3.04,0,5,20
2021-05-24,rice,Juaboso,209.3,3.45,0,5,21
2021-05-31,rice,Juaboso,213.1,3.26,0,5,22
2021-06-07,rice,Juaboso,224.5,3.32,0,6,23
2021-06-14,rice,Juaboso,208.9,3.44,0,6,24
2021-06-21,rice,Juaboso,177.1,3.39,0,6,25
2021-06-28,rice,Juaboso,183.4,3.56,0,6,26
2021-07-05,rice,Juaboso,181.6,4.06,0,7,27
2021-07-12,rice,Juaboso,174.7,3.95,0,7,28
2021-07-19,rice,Juaboso,172.1,4.15,0,7,29
2021-07-26,rice,Juaboso,185.6,4.04,0,7,30
2021-08-02,rice,Juaboso,257.6,4.23,1,8,31
2021-08-09,rice,Juaboso,251.5,4.0,1,8,32
2021-08-16,rice,Juaboso,259.5,4.55,1,8,33
2021-08-23,rice,Juaboso,281.9,3.96,1,8,34
2021-08-30,rice,Juaboso,271.9,3.91,1,8,35
2021-09-06,rice,Juaboso,211.0,3.49,0,9,36
2021-09-13,rice,Juaboso,198.4,3.61,0,9,37
2021-09-20,rice,Juaboso,223.4,3.39,0,9,38
2021-09-27,rice,Juaboso,195.8,3.69,0,9,39
2021-10-04,rice,Juaboso,228.5,2.88,0,10,40
2021-10-11,rice,Juaboso,176.1,3.14,0,10,41
2021-10-18,rice,Juaboso,213.7,2.95,0,10,42
2021-10-25,rice,Juaboso,197.0,3.07,0,10,43
2021-11-01,rice,Juaboso,186.3,3.21,0,11,44
2021-11-08,rice,Juaboso,199.9,3.43,0,11,45
2021-11-15,rice,Juaboso,217.7,3.0,0,11,46
2021-11-22,rice,Juaboso,176.5,3.12,0,11,47
2021-11-29,rice,Juaboso,212.9,3.05,0,11,48
2021-12-06,rice,Juaboso,212.8,3.05,0,12,49
2021-12-13,rice,Juaboso,195.6,3.07,0,12,50
2021-12-20,rice,Juaboso,308.4,3.26,1,12,51
2021-12-27,rice,Juaboso,305.0,3.1,1,12,52
2022-01-03,rice,Juaboso,171.0,4.4,0,1,1
2022-01-10,rice,Juaboso,182.1,4.1,0,1,2
2022-01-17,rice,Juaboso,201.4,3.87,0,1,3
2022-01-24,rice,Juaboso,191.2,3.98,0,1,4
2022-01-31,rice,Juaboso,178.6,3.91,0,1,5
2022-02-07,rice,Juaboso,184.8,4.19,0,2,6
2022-02-14,rice,Juaboso,193.1,3.8,0,2,7
2022-02-21,rice,Juaboso,183.3,3.85,0,2,8
2022-02-28,rice,Juaboso,171.7,3.97,0,2,9
2022-03-07,rice,Juaboso,203.4,3.58,0,3,10
2022-03-14,rice,Juaboso,198.0,3.66,0,3,11
2022-03-21,rice,Juaboso,198.5,3.68,0,3,12
2022-03-28,rice,Juaboso,188.3,3.56,0,3,13
2022-04-04,rice,Juaboso,319.8,3.49,1,4,14
2022-04-11,rice,Juaboso,282.6,3.62,1,4,15
2022-04-18,rice,Juaboso,195.1,3.35,0,4,16
2022-04-25,rice,Juaboso,212.6,3.25,0,4,17
2022-05-02,rice,Juaboso,201.3,3.59,0,5,18
2022-05-09,rice,Juaboso,186.7,3.39,0,5,19
2022-05-16,rice,Juaboso,188.4,3.52,0,5,20
2022-05-23,rice,Juaboso,195.5,3.55,0,5,21
2022-05-30,rice,Juaboso,210.9,3.56,0,5,22
2022-06-06,rice,Juaboso,184.2,4.0,0,6,23
2022-06-13,rice,Juaboso,195.6,3.99,0,6,24
2022-06-20,rice,Juaboso,200.6,3.89,0,6,25
2022-06-27,rice,Juaboso,198.6,3.79,0,6,26
2022-07-04,rice,Juaboso,185.3,4.37,0,7,27
2022-07-11,rice,Juaboso,171.2,4.25,0,7,28
2022-07-18,rice,Juaboso,176.7,4.32,0,7,29
2022-07-25,rice,Juaboso,184.3,4.81,0,7,30
2022-08-01,rice,Juaboso,297.2,4.41,1,8,31
2022-08-08,rice,Juaboso,283.9,4.46,1,8,32
2022-08-15,rice,Juaboso,298.2,4.26,1,8,33
2022-08-22,rice,Juaboso,236.7,4.56,1,8,34
2022-08-29,rice,Juaboso,252.7,4.51,1,8,35
2022-09-05,rice,Juaboso,191.6,4.06,0,9,36
2022-09-12,rice,Juaboso,227.3,3.97,0,9,37
2022-09-19,rice,Juaboso,190.2,4.1,0,9,38
2022-09-26,rice,Juaboso,201.0,4.14,0,9,39
2022-10-03,rice,Juaboso,206.6,3.4,0,10,40
2022-10-10,rice,Juaboso,208.6,3.35,0,10,41
2022-10-17,rice,Juaboso,197.8,3.49,0,10,42
2022-10-24,rice,Juaboso,194.4,3.24,0,10,43
2022-10-31,rice,Juaboso,174.3,3.27,0,10,44
2022-11-07,rice,Juaboso,219.9,3.38,0,11,45
2022-11-14,rice,Juaboso,207.3,3.15,0,11,46
2022-11-21,rice,Juaboso,176.7,3.5,0,11,47
2022-11-28,rice,Juaboso,215.3,3.26,0,11,48
2022-12-05,rice,Juaboso,212.1,3.35,0,12,49
2022-12-12,rice,Juaboso,215.0,3.38,0,12,50
2022-12-19,rice,Juaboso,217.9,3.41,0,12,51
2022-12-26,rice,Juaboso,324.0,3.36,1,12,52
2023-01-02,rice,Juaboso,180.2,4.35,0,1,1
2023-01-09,rice,Juaboso,186.6,4.35,0,1,2
2023-01-16,rice,Juaboso,202.1,4.28,0,1,3
2023-01-23,rice,Juaboso,169.8,4.23,0,1,4
2023-01-30,rice,Juaboso,185.3,4.55,0,1,5
2023-02-06,rice,Juaboso,214.5,4.02,0,2,6
2023-02-13,rice,Juaboso,201.7,4.35,0,2,7
2023-02-20,rice,Juaboso,201.0,4.31,0,2,8
2023-02-27,rice,Juaboso,199.9,4.46,0,2,9
2023-03-06,rice,Juaboso,178.4,3.54,0,3,10
2023-03-13,rice,Juaboso,227.2,3.69,0,3,11
2023-03-20,rice,Juaboso,208.7,3.75,0,3,12
2023-03-27,rice,Juaboso,213.8,3.92,0,3,13
2023-04-03,rice,Juaboso,296.0,3.84,1,4,14
2023-04-10,rice,Juaboso,298.4,3.61,1,4,15
2023-04-17,rice,Juaboso,229.9,3.71,0,4,16
2023-04-24,rice,Juaboso,188.1,3.92,0,4,17
2023-05-01,rice,Juaboso,208.4,3.63,0,5,18
2023-05-08,rice,Juaboso,211.7,3.8,0,5,19
2023-05-15,rice,Juaboso,214.3,3.81,0,5,20
2023-05-22,rice,Juaboso,220.7,3.75,0,5,21
2023-05-29,rice,Juaboso,192.3,4.22,0,5,22
2023-06-05,rice,Juaboso,192.4,4.1,0,6,23
2023-06-12,rice,Juaboso,208.8,4.24,0,6,24
2023-06-19,rice,Juaboso,216.7,4.04,0,6,25
2023-06-26,rice,Juaboso,177.8,4.26,0,6,26
2023-07-03,rice,Juaboso,197.5,4.86,0,7,27
2023-07-10,rice,Juaboso,161.6,4.59,0,7,28
2023-07-17,rice,Juaboso,198.5,4.69,0,7,29
2023-07-24,rice,Juaboso,184.5,4.53,0,7,30
2023-07-31,rice,Juaboso,201.6,4.48,0,7,31
2023-08-07,rice,Juaboso,279.2,4.93,1,8,32
2023-08-14,rice,Juaboso,283.8,4.62,1,8,33
2023-08-21,rice,Juaboso,309.9,4.27,1,8,34
2023-08-28,rice,Juaboso,264.3,5.06,1,8,35
2023-09-04,rice,Juaboso,218.0,4.11,0,9,36
2023-09-11,rice,Juaboso,232.2,4.21,0,9,37
2023-09-18,rice,Juaboso,178.7,4.53,0,9,38
2023-09-25,rice,Juaboso,165.4,4.23,0,9,39
2023-10-02,rice,Juaboso,203.5,3.61,0,10,40
2023-10-09,rice,Juaboso,209.2,3.46,0,10,41
2023-10-16,rice,Juaboso,213.3,3.4,0,10,42
2023-10-23,rice,Juaboso,197.1,3.61,0,10,43
2023-10-30,rice,Juaboso,216.0,3.69,0,10,44
2023-11-06,rice,Juaboso,189.1,3.7,0,11,45
2023-11-13,rice,Juaboso,216.6,3.59,0,11,46
2023-11-20,rice,Juaboso,215.9,3.66,0,11,47
2023-11-27,rice,Juaboso,224.4,3.39,0,11,48
2023-12-04,rice,Juaboso,211.5,3.75,0,12,49
2023-12-11,rice,Juaboso,218.9,3.71,0,12,50
2023-12-18,rice,Juaboso,197.5,3.97,0,12,51
2023-12-25,rice,Juaboso,339.0,3.68,1,12,52
2024-01-01,rice,Juaboso,205.2,4.53,0,1,1
2024-01-08,rice,Juaboso,201.0,4.7,0,1,2
2024-01-15,rice,Juaboso,206.0,4.65,0,1,3
2024-01-22,rice,Juaboso,171.6,4.79,0,1,4
2024-01-29,rice,Juaboso,191.5,4.71,0,1,5
2024-02-05,rice,Juaboso,188.8,4.5,0,2,6
2024-02-12,rice,Juaboso,211.0,4.43,0,2,7
2024-02-19,rice,Juaboso,200.9,4.79,0,2,8
2024-02-26,rice,Juaboso,183.3,5.0,0,2,9
2024-03-04,rice,Juaboso,198.5,4.08,0,3,10
2024-03-11,rice,Juaboso,210.4,4.2,0,3,11
2024-03-18,rice,Juaboso,200.4,4.23,0,3,12
2024-03-25,rice,Juaboso,224.1,4.11,0,3,13
2024-04-01,rice,Juaboso,372.0,3.96,1,4,14
2024-04-08,rice,Juaboso,346.0,4.12,1,4,15
2024-04-15,rice,Juaboso,204.0,4.29,0,4,16
2024-04-22,rice,Juaboso,227.6,4.18,0,4,17
2024-04-29,rice,Juaboso,207.0,4.21,0,4,18
2024-05-06,rice,Juaboso,205.7,4.04,0,5,19
2024-05-13,rice,Juaboso,201.7,4.08,0,5,20
2024-05-20,rice,Juaboso,200.7,4.1,0,5,21
2024-05-27,rice,Juaboso,209.0,4.11,0,5,22
2024-06-03,rice,Juaboso,205.6,4.71,0,6,23
2024-06-10,rice,Juaboso,203.9,4.08,0,6,24
2024-06-17,rice,Juaboso,201.1,4.51,0,6,25
2024-06-24,rice,Juaboso,210.0,4.49,0,6,26
2024-07-01,rice,Juaboso,206.1,4.8,0,7,27
2024-07-08,rice,Juaboso,186.4,5.21,0,7,28
2024-07-15,rice,Juaboso,197.4,4.93,0,7,29
2024-07-22,rice,Juaboso,178.2,5.0,0,7,30
2024-07-29,rice,Juaboso,170.6,5.45,0,7,31
2024-08-05,rice,Juaboso,275.9,5.31,1,8,32
2024-08-12,rice,Juaboso,289.0,5.22,1,8,33
2024-08-19,rice,Juaboso,285.6,5.19,1,8,34
2024-08-26,rice,Juaboso,272.0,5.07,1,8,35
2024-09-02,rice,Juaboso,193.4,4.96,0,9,36
2024-09-09,rice,Juaboso,221.4,4.74,0,9,37
2024-09-16,rice,Juaboso,219.8,4.45,0,9,38
2024-09-23,rice,Juaboso,215.1,4.33,0,9,39
2024-09-30,rice,Juaboso,192.0,4.69,0,9,40
2024-10-07,rice,Juaboso,202.9,3.92,0,10,41
2024-10-14,rice,Juaboso,221.5,3.7,0,10,42
2024-10-21,rice,Juaboso,212.7,3.99,0,10,43
2024-10-28,rice,Juaboso,220.9,3.88,0,10,44
2024-11-04,rice,Juaboso,213.5,4.04,0,11,45
2024-11-11,rice,Juaboso,204.7,4.02,0,11,46
2024-11-18,rice,Juaboso,209.2,3.86,0,11,47
2024-11-25,rice,Juaboso,233.8,4.05,0,11,48
2024-12-02,rice,Juaboso,208.4,3.9,0,12,49
2024-12-09,rice,Juaboso,198.5,3.91,0,12,50
2024-12-16,rice,Juaboso,194.8,3.89,0,12,51
2024-12-23,rice,Juaboso,334.0,4.16,1,12,52
2024-12-30,rice,Juaboso,376.1,3.93,1,12,1
2018-01-01,rice,Sefwi Wiawso,189.4,3.3,0,1,1
2018-01-08,rice,Sefwi Wiawso,230.0,2.99,0,1,2
2018-01-15,rice,Sefwi Wiawso,226.7,2.72,0,1,3
2018-01-22,rice,Sefwi Wiawso,213.6,3.21,0,1,4
2018-01-29,rice,Sefwi Wiawso,199.2,3.04,0,1,5
2018-02-05,rice,Sefwi Wiawso,202.7,3.0,0,2,6
2018-02-12,rice,Sefwi Wiawso,211.7,3.03,0,2,7
2018-02-19,rice,Sefwi Wiawso,215.6,3.05,0,2,8
2018-02-26,rice,Sefwi Wiawso,197.1,3.26,0,2,9
2018-03-05,rice,Sefwi Wiawso,224.6,2.68,0,3,10
2018-03-12,rice,Sefwi Wiawso,221.1,2.8,0,3,11
2018-03-19,rice,Sefwi Wiawso,200.2,2.71,0,3,12
2018-03-26,rice,Sefwi Wiawso,219.3,2.63,0,3,13
2018-04-02,rice,Sefwi Wiawso,342.5,2.64,1,4,14
2018-04-09,rice,Sefwi Wiawso,334.1,2.74,1,4,15
2018-04-16,rice,Sefwi Wiawso,222.0,2.77,0,4,16
2018-04-23,rice,Sefwi Wiawso,209.6,2.78,0,4,17
2018-04-30,rice,Sefwi Wiawso,197.1,2.65,0,4,18
2018-05-07,rice,Sefwi Wiawso,218.6,2.71,0,5,19
2018-05-14,rice,Sefwi Wiawso,204.7,2.76,0,5,20
2018-05-21,rice,Sefwi Wiawso,232.2,2.65,0,5,21
2018-05-28,rice,Sefwi Wiawso,241.9,2.57,0,5,22
2018-06-04,rice,Sefwi Wiawso,196.7,2.85,0,6,23
2018-06-11,rice,Sefwi Wiawso,211.8,2.92,0,6,24
2018-06-18,rice,Sefwi Wiawso,220.6,3.03,0,6,25
2018-06-25,rice,Sefwi Wiawso,194.4,3.1,0,6,26
2018-07-02,rice,Sefwi Wiawso,221.6,3.14,0,7,27
2018-07-09,rice,Sefwi Wiawso,219.8,3.24,0,7,28
2018-07-16,rice,Sefwi Wiawso,202.9,3.28,0,7,29
2018-07-23,rice,Sefwi Wiawso,188.9,3.43,0,7,30
2018-07-30,rice,Sefwi Wiawso,177.7,3.25,0,7,31
2018-08-06,rice,Sefwi Wiawso,322.6,3.29,1,8,32
2018-08-13,rice,Sefwi Wiawso,355.1,3.16,1,8,33
2018-08-20,rice,Sefwi Wiawso,331.7,3.41,1,8,34
2018-08-27,rice,Sefwi Wiawso,301.9,3.32,1,8,35
2018-09-03,rice,Sefwi Wiawso,211.1,2.93,0,9,36
2018-09-10,rice,Sefwi Wiawso,234.8,2.97,0,9,37
2018-09-17,rice,Sefwi Wiawso,212.8,3.14,0,9,38
2018-09-24,rice,Sefwi Wiawso,235.4,2.88,0,9,39
2018-10-01,rice,Sefwi Wiawso,236.1,2.48,0,10,40
2018-10-08,rice,Sefwi Wiawso,218.8,2.7,0,10,41
2018-10-15,rice,Sefwi Wiawso,239.0,2.58,0,10,42
2018-10-22,rice,Sefwi Wiawso,235.4,2.64,0,10,43
2018-10-29,rice,Sefwi Wiawso,216.2,2.61,0,10,44
2018-11-05,rice,Sefwi Wiawso,214.0,2.58,0,11,45
2018-11-12,rice,Sefwi Wiawso,194.3,2.55,0,11,46
2018-11-19,rice,Sefwi Wiawso,216.2,2.67,0,11,47
2018-11-26,rice,Sefwi Wiawso,204.0,2.71,0,11,48
2018-12-03,rice,Sefwi Wiawso,224.7,2.72,0,12,49
2018-12-10,rice,Sefwi Wiawso,230.1,2.48,0,12,50
2018-12-17,rice,Sefwi Wiawso,215.0,2.74,0,12,51
2018-12-24,rice,Sefwi Wiawso,398.4,2.57,1,12,52
2018-12-31,rice,Sefwi Wiawso,393.5,2.53,1,12,1
2019-01-07,rice,Sefwi Wiawso,210.1,3.31,0,1,2
2019-01-14,rice,Sefwi Wiawso,226.3,3.44,0,1,3
2019-01-21,rice,Sefwi Wiawso,216.5,3.4,0,1,4
2019-01-28,rice,Sefwi Wiawso,206.7,3.3,0,1,5
2019-02-04,rice,Sefwi Wiawso,201.4,3.46,0,2,6
2019-02-11,rice,Sefwi Wiawso,220.0,3.37,0,2,7
2019-02-18,rice,Sefwi Wiawso,217.0,3.28,0,2,8
2019-02-25,rice,Sefwi Wiawso,200.9,3.26,0,2,9
2019-03-04,rice,Sefwi Wiawso,235.6,2.92,0,3,10
2019-03-11,rice,Sefwi Wiawso,244.3,2.86,0,3,11
2019-03-18,rice,Sefwi Wiawso,252.6,2.72,0,3,12
2019-03-25,rice,Sefwi Wiawso,241.2,2.97,0,3,13
2019-04-01,rice,Sefwi Wiawso,406.6,2.84,1,4,14
2019-04-08,rice,Sefwi Wiawso,375.7,3.08,1,4,15
2019-04-15,rice,Sefwi Wiawso,241.6,2.73,0,4,16
2019-04-22,rice,Sefwi Wiawso,225.2,2.87,0,4,17
2019-04-29,rice,Sefwi Wiawso,206.2,2.81,0,4,18
2019-05-06,rice,Sefwi Wiawso,233.9,2.8,0,5,19
2019-05-13,rice,Sefwi Wiawso,237.9,2.85,0,5,20
2019-05-20,rice,Sefwi Wiawso,216.1,3.12,0,5,21
2019-05-27,rice,Sefwi Wiawso,200.4,2.93,0,5,22
2019-06-03,rice,Sefwi Wiawso,226.6,3.08,0,6,23
2019-06-10,rice,Sefwi Wiawso,247.4,2.95,0,6,24
2019-06-17,rice,Sefwi Wiawso,223.0,2.96,0,6,25
2019-06-24,rice,Sefwi Wiawso,230.7,3.12,0,6,26
2019-07-01,rice,Sefwi Wiawso,216.3,3.5,0,7,27
2019-07-08,rice,Sefwi Wiawso,222.2,3.56,0,7,28
2019-07-15,rice,Sefwi Wiawso,245.3,3.26,0,7,29
2019-07-22,rice,Sefwi Wiawso,202.6,3.58,0,7,30
2019-07-29,rice,Sefwi Wiawso,202.9,3.74,0,7,31
2019-08-05,rice,Sefwi Wiawso,299.2,3.85,1,8,32
2019-08-12,rice,Sefwi Wiawso,341.4,3.34,1,8,33
2019-08-19,rice,Sefwi Wiawso,327.5,3.5,1,8,34
2019-08-26,rice,Sefwi Wiawso,345.2,3.49,1,8,35
2019-09-02,rice,Sefwi Wiawso,193.4,3.27,0,9,36
2019-09-09,rice,Sefwi Wiawso,240.4,3.09,0,9,37
2019-09-16,rice,Sefwi Wiawso,221.8,3.46,0,9,38
2019-09-23,rice,Sefwi Wiawso,222.6,3.25,0,9,39
2019-09-30,rice,Sefwi Wiawso,196.1,3.23,0,9,40
2019-10-07,rice,Sefwi Wiawso,219.2,2.95,0,10,41
2019-10-14,rice,Sefwi Wiawso,220.2,2.78,0,10,42
2019-10-21,rice,Sefwi Wiawso,250.4,2.82,0,10,43
2019-10-28,rice,Sefwi Wiawso,241.0,2.69,0,10,44
2019-11-04,rice,Sefwi Wiawso,229.1,2.64,0,11,45
2019-11-11,rice,Sefwi Wiawso,205.8,2.73,0,11,46
2019-11-18,rice,Sefwi Wiawso,224.1,3.04,0,11,47
2019-11-25,rice,Sefwi Wiawso,235.5,2.87,0,11,48
2019-12-02,rice,Sefwi Wiawso,226.3,2.84,0,12,49
2019-12-09,rice,Sefwi Wiawso,246.8,2.7,0,12,50
2019-12-16,rice,Sefwi Wiawso,219.9,2.92,0,12,51
2019-12-23,rice,Sefwi Wiawso,425.6,2.66,1,12,52
2019-12-30,rice,Sefwi Wiawso,426.3,2.64,1,12,1
2020-01-06,rice,Sefwi Wiawso,196.8,3.52,0,1,2
2020-01-13,rice,Sefwi Wiawso,185.9,3.88,0,1,3
2020-01-20,rice,Sefwi Wiawso,228.1,3.87,0,1,4
2020-01-27,rice,Sefwi Wiawso,230.0,3.53,0,1,5
2020-02-03,rice,Sefwi Wiawso,203.1,3.52,0,2,6
2020-02-10,rice,Sefwi Wiawso,205.1,3.38,0,2,7
2020-02-17,rice,Sefwi Wiawso,217.4,3.63,0,2,8
2020-02-24,rice,Sefwi Wiawso,199.6,3.64,0,2,9
2020-03-02,rice,Sefwi Wiawso,221.3,3.2,0,3,10
2020-03-09,rice,Sefwi Wiawso,223.9,3.22,0,3,11
2020-03-16,rice,Sefwi Wiawso,230.9,3.08,0,3,12
2020-03-23,rice,Sefwi Wiawso,242.6,3.17,0,3,13
2020-03-30,rice,Sefwi Wiawso,261.6,3.02,0,3,14
2020-04-06,rice,Sefwi Wiawso,347.9,3.19,1,4,15
2020-04-13,rice,Sefwi Wiawso,344.5,3.06,1,4,16
2020-04-20,rice,Sefwi Wiawso,233.5,3.18,0,4,17
2020-04-27,rice,Sefwi Wiawso,251.1,3.17,0,4,18
2020-05-04,rice,Sefwi Wiawso,225.7,3.15,0,5,19
2020-05-11,rice,Sefwi Wiawso,238.0,3.24,0,5,20
2020-05-18,rice,Sefwi Wiawso,230.7,2.95,0,5,21
2020-05-25,rice,Sefwi Wiawso,239.6,3.01,0,5,22
2020-06-01,rice,Sefwi Wiawso,215.3,3.4,0,6,23
2020-06-08,rice,Sefwi Wiawso,240.1,3.24,0,6,24
2020-06-15,rice,Sefwi Wiawso,230.8,3.38,0,6,25
2020-06-22,rice,Sefwi Wiawso,240.4,3.39,0,6,26
2020-06-29,rice,Sefwi Wiawso,244.3,3.62,0,6,27
2020-07-06,rice,Sefwi Wiawso,205.2,3.9,0,7,28
2020-07-13,rice,Sefwi Wiawso,180.1,4.04,0,7,29
2020-07-20,rice,Sefwi Wiawso,206.8,3.92,0,7,30
2020-07-27,rice,Sefwi Wiawso,218.5,3.79,0,7,31
2020-08-03,rice,Sefwi Wiawso,318.8,3.92,1,8,32
2020-08-10,rice,Sefwi Wiawso,306.1,4.02,1,8,33
2020-08-17,rice,Sefwi Wiawso,332.3,4.09,1,8,34
2020-08-24,rice,Sefwi Wiawso,320.0,3.88,1,8,35
2020-08-31,rice,Sefwi Wiawso,330.9,3.64,1,8,36
2020-09-07,rice,Sefwi Wiawso,232.1,3.26,0,9,37
2020-09-14,rice,Sefwi Wiawso,208.4,3.46,0,9,38
2020-09-21,rice,Sefwi Wiawso,253.0,3.18,0,9,39
2020-09-28,rice,Sefwi Wiawso,222.0,3.76,0,9,40
2020-10-05,rice,Sefwi Wiawso,216.0,3.07,0,10,41
2020-10-12,rice,Sefwi Wiawso,238.9,2.92,0,10,42
2020-10-19,rice,Sefwi Wiawso,240.6,2.87,0,10,43
2020-10-26,rice,Sefwi Wiawso,219.4,3.12,0,10,44
2020-11-02,rice,Sefwi Wiawso,232.0,2.88,0,11,45
2020-11-09,rice,Sefwi Wiawso,248.2,2.9,0,11,46
2020-11-16,rice,Sefwi Wiawso,237.2,2.93,0,11,47
2020-11-23,rice,Sefwi Wiawso,226.2,3.03,0,11,48
2020-11-30,rice,Sefwi Wiawso,219.1,3.09,0,11,49
2020-12-07,rice,Sefwi Wiawso,225.8,3.18,0,12,50
2020-12-14,rice,Sefwi Wiawso,241.4,3.16,0,12,51
2020-12-21,rice,Sefwi Wiawso,395.9,3.04,1,12,52
2020-12-28,rice,Sefwi Wiawso,374.5,3.16,1,12,53
2021-01-04,rice,Sefwi Wiawso,227.7,3.78,0,1,1
2021-01-11,rice,Sefwi Wiawso,250.9,3.6,0,1,2
2021-01-18,rice,Sefwi Wiawso,230.2,3.78,0,1,3
2021-01-25,rice,Sefwi Wiawso,228.0,3.76,0,1,4
2021-02-01,rice,Sefwi Wiawso,232.3,3.81,0,2,5
2021-02-08,rice,Sefwi Wiawso,223.8,3.76,0,2,6
2021-02-15,rice,Sefwi Wiawso,224.9,3.84,0,2,7
2021-02-22,rice,Sefwi Wiawso,209.0,4.01,0,2,8
2021-03-01,rice,Sefwi Wiawso,203.3,3.58,0,3,9
2021-03-08,rice,Sefwi Wiawso,253.6,3.12,0,3,10
2021-03-15,rice,Sefwi Wiawso,250.1,3.18,0,3,11
2021-03-22,rice,Sefwi Wiawso,236.8,3.25,0,3,12
2021-03-29,rice,Sefwi Wiawso,244.8,3.45,0,3,13
2021-04-05,rice,Sefwi Wiawso,357.0,3.35,1,4,14
2021-04-12,rice,Sefwi Wiawso,338.8,3.28,1,4,15
2021-04-19,rice,Sefwi Wiawso,221.3,3.47,0,4,16
2021-04-26,rice,Sefwi Wiawso,208.2,3.5,0,4,17
2021-05-03,rice,Sefwi Wiawso,241.3,3.39,0,5,18
2021-05-10,rice,Sefwi Wiawso,231.5,3.28,0,5,19
2021-05-17,rice,Sefwi Wiawso,248.3,3.43,0,5,20
2021-05-24,rice,Sefwi Wiawso,251.9,3.36,0,5,21
2021-05-31,rice,Sefwi Wiawso,224.9,3.36,0,5,22
2021-06-07,rice,Sefwi Wiawso,226.0,3.64,0,6,23
2021-06-14,rice,Sefwi Wiawso,235.1,3.85,0,6,24
2021-06-21,rice,Sefwi Wiawso,246.0,3.75,0,6,25
2021-06-28,rice,Sefwi Wiawso,199.5,3.87,0,6,26
2021-07-05,rice,Sefwi Wiawso,210.6,4.41,0,7,27
2021-07-12,rice,Sefwi Wiawso,184.5,4.26,0,7,28
2021-07-19,rice,Sefwi Wiawso,211.5,4.1,0,7,29
2021-07-26,rice,Sefwi Wiawso,222.5,4.36,0,7,30
2021-08-02,rice,Sefwi Wiawso,375.5,4.29,1,8,31
2021-08-09,rice,Sefwi Wiawso,295.1,4.65,1,8,32
2021-08-16,rice,Sefwi Wiawso,295.3,4.27,1,8,33
2021-08-23,rice,Sefwi Wiawso,306.1,4.33,1,8,34
2021-08-30,rice,Sefwi Wiawso,321.0,4.26,1,8,35
2021-09-06,rice,Sefwi Wiawso,226.4,3.77,0,9,36
2021-09-13,rice,Sefwi Wiawso,223.7,3.75,0,9,37
2021-09-20,rice,Sefwi Wiawso,227.2,3.83,0,9,38
2021-09-27,rice,Sefwi Wiawso,236.8,3.87,0,9,39
2021-10-04,rice,Sefwi Wiawso,229.1,3.39,0,10,40
2021-10-11,rice,Sefwi Wiawso,224.7,3.28,0,10,41
2021-10-18,rice,Sefwi Wiawso,233.0,3.18,0,10,42
2021-10-25,rice,Sefwi Wiawso,235.7,3.2,0,10,43
2021-11-01,rice,Sefwi Wiawso,234.7,3.09,0,11,44
2021-11-08,rice,Sefwi Wiawso,218.7,3.48,0,11,45
2021-11-15,rice,Sefwi Wiawso,253.2,3.19,0,11,46
2021-11-22,rice,Sefwi Wiawso,229.7,3.39,0,11,47
2021-11-29,rice,Sefwi Wiawso,212.7,3.3,0,11,48
2021-12-06,rice,Sefwi Wiawso,252.8,3.32,0,12,49
2021-12-13,rice,Sefwi Wiawso,246.9,3.27,0,12,50
2021-12-20,rice,Sefwi Wiawso,374.7,3.18,1,12,51
2021-12-27,rice,Sefwi Wiawso,402.5,3.15,1,12,52
2022-01-03,rice,Sefwi Wiawso,202.3,4.49,0,1,1
2022-01-10,rice,Sefwi Wiawso,231.9,4.21,0,1,2
2022-01-17,rice,Sefwi Wiawso,211.5,4.38,0,1,3
2022-01-24,rice,Sefwi Wiawso,213.6,4.43,0,1,4
2022-01-31,rice,Sefwi Wiawso,223.5,4.13,0,1,5
2022-02-07,rice,Sefwi Wiawso,201.5,4.29,0,2,6
2022-02-14,rice,Sefwi Wiawso,242.4,4.23,0,2,7
2022-02-21,rice,Sefwi Wiawso,241.0,4.03,0,2,8
2022-02-28,rice,Sefwi Wiawso,215.0,4.19,0,2,9
2022-03-07,rice,Sefwi Wiawso,238.5,3.71,0,3,10
2022-03-14,rice,Sefwi Wiawso,258.0,3.55,0,3,11
2022-03-21,rice,Sefwi Wiawso,243.5,3.57,0,3,12
2022-03-28,rice,Sefwi Wiawso,264.3,3.59,0,3,13
2022-04-04,rice,Sefwi Wiawso,418.7,3.95,1,4,14
2022-04-11,rice,Sefwi Wiawso,397.5,3.38,1,4,15
2022-04-18,rice,Sefwi Wiawso,228.6,3.72,0,4,16
2022-04-25,rice,Sefwi Wiawso,227.9,3.61,0,4,17
2022-05-02,rice,Sefwi Wiawso,213.2,3.57,0,5,18
2022-05-09,rice,Sefwi Wiawso,261.0,3.63,0,5,19
2022-05-16,rice,Sefwi Wiawso,231.5,3.76,0,5,20
2022-05-23,rice,Sefwi Wiawso,248.4,3.77,0,5,21
2022-05-30,rice,Sefwi Wiawso,255.3,3.69,0,5,22
2022-06-06,rice,Sefwi Wiawso,216.0,4.19,0,6,23
2022-06-13,rice,Sefwi Wiawso,217.3,4.21,0,6,24
2022-06-20,rice,Sefwi Wiawso,257.5,4.14,0,6,25
2022-06-27,rice,Sefwi Wiawso,241.8,3.92,0,6,26
2022-07-04,rice,Sefwi Wiawso,207.9,4.61,0,7,27
2022-07-11,rice,Sefwi Wiawso,202.9,4.61,0,7,28
2022-07-18,rice,Sefwi Wiawso,223.4,4.37,0,7,29
2022-07-25,rice,Sefwi Wiawso,251.3,4.24,0,7,30
2022-08-01,rice,Sefwi Wiawso,364.9,4.18,1,8,31
2022-08-08,rice,Sefwi Wiawso,331.9,4.56,1,8,32
2022-08-15,rice,Sefwi Wiawso,357.3,4.6,1,8,33
2022-08-22,rice,Sefwi Wiawso,369.3,4.34,1,8,34
2022-08-29,rice,Sefwi Wiawso,325.3,4.74,1,8,35
2022-09-05,rice,Sefwi Wiawso,278.8,4.11,0,9,36
2022-09-12,rice,Sefwi Wiawso,227.2,4.31,0,9,37
2022-09-19,rice,Sefwi Wiawso,252.9,4.15,0,9,38
2022-09-26,rice,Sefwi Wiawso,242.2,3.91,0,9,39
2022-10-03,rice,Sefwi Wiawso,254.1,3.56,0,10,40
2022-10-10,rice,Sefwi Wiawso,236.0,3.59,0,10,41
2022-10-17,rice,Sefwi Wiawso,255.3,3.42,0,10,42
2022-10-24,rice,Sefwi Wiawso,291.8,3.3,0,10,43
2022-10-31,rice,Sefwi Wiawso,257.6,3.51,0,10,44
2022-11-07,rice,Sefwi Wiawso,259.5,3.38,0,11,45
2022-11-14,rice,Sefwi Wiawso,225.7,3.68,0,11,46
2022-11-21,rice,Sefwi Wiawso,250.7,3.46,0,11,47
2022-11-28,rice,Sefwi Wiawso,218.8,3.76,0,11,48
2022-12-05,rice,Sefwi Wiawso,276.0,3.24,0,12,49
2022-12-12,rice,Sefwi Wiawso,256.8,3.56,0,12,50
2022-12-19,rice,Sefwi Wiawso,232.3,3.75,0,12,51
2022-12-26,rice,Sefwi Wiawso,459.8,3.42,1,12,52
2023-01-02,rice,Sefwi Wiawso,250.0,4.5,0,1,1
2023-01-09,rice,Sefwi Wiawso,232.7,4.46,0,1,2
2023-01-16,rice,Sefwi Wiawso,240.5,4.41,0,1,3
2023-01-23,rice,Sefwi Wiawso,218.1,4.58,0,1,4
2023-01-30,rice,Sefwi Wiawso,233.2,4.3,0,1,5
2023-02-06,rice,Sefwi Wiawso,214.2,4.54,0,2,6
2023-02-13,rice,Sefwi Wiawso,218.5,4.65,0,2,7
2023-02-20,rice,Sefwi Wiawso,228.4,4.52,0,2,8
2023-02-27,rice,Sefwi Wiawso,211.9,4.38,0,2,9
2023-03-06,rice,Sefwi Wiawso,245.9,4.07,0,3,10
2023-03-13,rice,Sefwi Wiawso,254.6,4.02,0,3,11
2023-03-20,rice,Sefwi Wiawso,252.7,3.75,0,3,12
2023-03-27,rice,Sefwi Wiawso,213.6,3.71,0,3,13
2023-04-03,rice,Sefwi Wiawso,391.9,3.78,1,4,14
2023-04-10,rice,Sefwi Wiawso,348.3,4.02,1,4,15
2023-04-17,rice,Sefwi Wiawso,234.4,3.98,0,4,16
2023-04-24,rice,Sefwi Wiawso,260.6,4.06,0,4,17
2023-05-01,rice,Sefwi Wiawso,211.9,3.91,0,5,18
2023-05-08,rice,Sefwi Wiawso,240.6,3.81,0,5,19
2023-05-15,rice,Sefwi Wiawso,250.9,4.11,0,5,20
2023-05-22,rice,Sefwi Wiawso,239.6,3.87,0,5,21
2023-05-29,rice,Sefwi Wiawso,233.0,3.99,0,5,22
2023-06-05,rice,Sefwi Wiawso,286.8,4.06,0,6,23
2023-06-12,rice,Sefwi Wiawso,253.5,4.23,0,6,24
2023-06-19,rice,Sefwi Wiawso,249.5,4.51,0,6,25
2023-06-26,rice,Sefwi Wiawso,256.1,4.21,0,6,26
2023-07-03,rice,Sefwi Wiawso,220.9,5.04,0,7,27
2023-07-10,rice,Sefwi Wiawso,259.2,4.43,0,7,28
2023-07-17,rice,Sefwi Wiawso,254.0,4.77,0,7,29
2023-07-24,rice,Sefwi Wiawso,202.4,4.85,0,7,30
2023-07-31,rice,Sefwi Wiawso,212.6,5.22,0,7,31
2023-08-07,rice,Sefwi Wiawso,347.1,4.68,1,8,32
2023-08-14,rice,Sefwi Wiawso,320.2,5.05,1,8,33
2023-08-21,rice,Sefwi Wiawso,344.4,5.12,1,8,34
2023-08-28,rice,Sefwi Wiawso,348.3,4.77,1,8,35
2023-09-04,rice,Sefwi Wiawso,276.0,4.35,0,9,36
2023-09-11,rice,Sefwi Wiawso,259.8,4.44,0,9,37
2023-09-18,rice,Sefwi Wiawso,277.3,4.15,0,9,38
2023-09-25,rice,Sefwi Wiawso,230.0,4.34,0,9,39
2023-10-02,rice,Sefwi Wiawso,228.5,3.97,0,10,40
2023-10-09,rice,Sefwi Wiawso,234.5,3.86,0,10,41
2023-10-16,rice,Sefwi Wiawso,270.4,3.75,0,10,42
2023-10-23,rice,Sefwi Wiawso,233.7,3.8,0,10,43
2023-10-30,rice,Sefwi Wiawso,230.9,3.87,0,10,44
2023-11-06,rice,Sefwi Wiawso,227.5,3.92,0,11,45
2023-11-13,rice,Sefwi Wiawso,295.6,3.72,0,11,46
2023-11-20,rice,Sefwi Wiawso,236.4,4.04,0,11,47
2023-11-27,rice,Sefwi Wiawso,247.9,4.0,0,11,48
2023-12-04,rice,Sefwi Wiawso,228.3,3.93,0,12,49
2023-12-11,rice,Sefwi Wiawso,271.1,3.7,0,12,50
2023-12-18,rice,Sefwi Wiawso,230.5,3.67,0,12,51
2023-12-25,rice,Sefwi Wiawso,394.5,3.78,1,12,52
2024-01-01,rice,Sefwi Wiawso,221.7,4.91,0,1,1
2024-01-08,rice,Sefwi Wiawso,248.7,4.55,0,1,2
2024-01-15,rice,Sefwi Wiawso,218.2,4.99,0,1,3
2024-01-22,rice,Sefwi Wiawso,244.2,5.15,0,1,4
2024-01-29,rice,Sefwi Wiawso,235.3,5.01,0,1,5
2024-02-05,rice,Sefwi Wiawso,227.9,4.79,0,2,6
2024-02-12,rice,Sefwi Wiawso,252.8,4.77,0,2,7
2024-02-19,rice,Sefwi Wiawso,225.5,4.98,0,2,8
2024-02-26,rice,Sefwi Wiawso,225.8,4.89,0,2,9
2024-03-04,rice,Sefwi Wiawso,259.8,4.3,0,3,10
2024-03-11,rice,Sefwi Wiawso,209.5,4.32,0,3,11
2024-03-18,rice,Sefwi Wiawso,252.5,4.41,0,3,12
2024-03-25,rice,Sefwi Wiawso,247.7,4.03,0,3,13
2024-04-01,rice,Sefwi Wiawso,374.3,4.29,1,4,14
2024-04-08,rice,Sefwi Wiawso,444.9,4.19,1,4,15
2024-04-15,rice,Sefwi Wiawso,243.2,4.23,0,4,16
2024-04-22,rice,Sefwi Wiawso,257.8,4.4,0,4,17
2024-04-29,rice,Sefwi Wiawso,247.5,4.41,0,4,18
2024-05-06,rice,Sefwi Wiawso,246.1,4.52,0,5,19
2024-05-13,rice,Sefwi Wiawso,243.8,4.35,0,5,20
2024-05-20,rice,Sefwi Wiawso,246.9,4.26,0,5,21
2024-05-27,rice,Sefwi Wiawso,276.0,4.23,0,5,22
2024-06-03,rice,Sefwi Wiawso,276.9,4.35,0,6,23
2024-06-10,rice,Sefwi Wiawso,231.6,4.93,0,6,24
2024-06-17,rice,Sefwi Wiawso,235.0,4.62,0,6,25
2024-06-24,rice,Sefwi Wiawso,236.2,4.77,0,6,26
2024-07-01,rice,Sefwi Wiawso,237.0,5.42,0,7,27
2024-07-08,rice,Sefwi Wiawso,254.2,5.01,0,7,28
2024-07-15,rice,Sefwi Wiawso,242.8,5.08,0,7,29
2024-07-22,rice,Sefwi Wiawso,197.2,5.6,0,7,30
2024-07-29,rice,Sefwi Wiawso,236.6,5.34,0,7,31
2024-08-05,rice,Sefwi Wiawso,375.7,5.18,1,8,32
2024-08-12,rice,Sefwi Wiawso,347.1,5.28,1,8,33
2024-08-19,rice,Sefwi Wiawso,370.7,5.54,1,8,34
2024-08-26,rice,Sefwi Wiawso,306.3,5.51,1,8,35
2024-09-02,rice,Sefwi Wiawso,271.9,4.49,0,9,36
2024-09-09,rice,Sefwi Wiawso,223.5,5.08,0,9,37
2024-09-16,rice,Sefwi Wiawso,258.1,4.95,0,9,38
2024-09-23,rice,Sefwi Wiawso,259.9,4.74,0,9,39
2024-09-30,rice,Sefwi Wiawso,287.0,4.54,0,9,40
2024-10-07,rice,Sefwi Wiawso,253.9,4.25,0,10,41
2024-10-14,rice,Sefwi Wiawso,244.4,4.16,0,10,42
2024-10-21,rice,Sefwi Wiawso,258.1,3.84,0,10,43
2024-10-28,rice,Sefwi Wiawso,252.2,4.04,0,10,44
2024-11-04,rice,Sefwi Wiawso,225.9,4.62,0,11,45
2024-11-11,rice,Sefwi Wiawso,275.0,4.11,0,11,46
2024-11-18,rice,Sefwi Wiawso,280.5,3.98,0,11,47
2024-11-25,rice,Sefwi Wiawso,239.0,3.94,0,11,48
2024-12-02,rice,Sefwi Wiawso,242.6,4.43,0,12,49
2024-12-09,rice,Sefwi Wiawso,249.7,4.27,0,12,50
2024-12-16,rice,Sefwi Wiawso,233.1,4.37,0,12,51
2024-12-23,rice,Sefwi Wiawso,431.8,4.17,1,12,52
2024-12-30,rice,Sefwi Wiawso,444.1,4.34,1,12,1
2018-01-01,rice,Wasa Amenfi,212.5,2.98,0,1,1
2018-01-08,rice,Wasa Amenfi,217.5,2.99,0,1,2
2018-01-15,rice,Wasa Amenfi,186.5,3.12,0,1,3
2018-01-22,rice,Wasa Amenfi,201.1,3.0,0,1,4
2018-01-29,rice,Wasa Amenfi,197.4,2.88,0,1,5
2018-02-05,rice,Wasa Amenfi,205.9,2.98,0,2,6
2018-02-12,rice,Wasa Amenfi,218.1,2.78,0,2,7
2018-02-19,rice,Wasa Amenfi,231.2,2.7,0,2,8
2018-02-26,rice,Wasa Amenfi,213.7,3.08,0,2,9
2018-03-05,rice,Wasa Amenfi,229.9,2.51,0,3,10
2018-03-12,rice,Wasa Amenfi,208.1,2.53,0,3,11
2018-03-19,rice,Wasa Amenfi,195.3,2.64,0,3,12
2018-03-26,rice,Wasa Amenfi,216.2,2.69,0,3,13
2018-04-02,rice,Wasa Amenfi,369.1,2.62,1,4,14
2018-04-09,rice,Wasa Amenfi,324.3,2.77,1,4,15
2018-04-16,rice,Wasa Amenfi,195.5,2.62,0,4,16
2018-04-23,rice,Wasa Amenfi,243.5,2.6,0,4,17
2018-04-30,rice,Wasa Amenfi,223.4,2.59,0,4,18
2018-05-07,rice,Wasa Amenfi,230.1,2.45,0,5,19
2018-05-14,rice,Wasa Amenfi,198.0,2.68,0,5,20
2018-05-21,rice,Wasa Amenfi,236.7,2.33,0,5,21
2018-05-28,rice,Wasa Amenfi,232.2,2.52,0,5,22
2018-06-04,rice,Wasa Amenfi,223.1,2.83,0,6,23
2018-06-11,rice,Wasa Amenfi,212.8,2.74,0,6,24
2018-06-18,rice,Wasa Amenfi,218.7,2.78,0,6,25
2018-06-25,rice,Wasa Amenfi,197.7,3.04,0,6,26
2018-07-02,rice,Wasa Amenfi,212.2,3.33,0,7,27
2018-07-09,rice,Wasa Amenfi,214.5,3.1,0,7,28
2018-07-16,rice,Wasa Amenfi,195.7,3.13,0,7,29
2018-07-23,rice,Wasa Amenfi,193.0,3.02,0,7,30
2018-07-30,rice,Wasa Amenfi,198.4,3.28,0,7,31
2018-08-06,rice,Wasa Amenfi,291.6,3.18,1,8,32
2018-08-13,rice,Wasa Amenfi,309.1,2.96,1,8,33
2018-08-20,rice,Wasa Amenfi,277.4,3.22,1,8,34
2018-08-27,rice,Wasa Amenfi,277.1,3.26,1,8,35
2018-09-03,rice,Wasa Amenfi,213.9,2.99,0,9,36
2018-09-10,rice,Wasa Amenfi,215.0,2.87,0,9,37
2018-09-17,rice,Wasa Amenfi,253.2,2.84,0,9,38
2018-09-24,rice,Wasa Amenfi,213.1,3.11,0,9,39
2018-10-01,rice,Wasa Amenfi,206.2,2.47,0,10,40
2018-10-08,rice,Wasa Amenfi,196.9,2.54,0,10,41
2018-10-15,rice,Wasa Amenfi,231.0,2.41,0,10,42
2018-10-22,rice,Wasa Amenfi,212.4,2.53,0,10,43
2018-10-29,rice,Wasa Amenfi,250.7,2.32,0,10,44
2018-11-05,rice,Wasa Amenfi,228.8,2.44,0,11,45
2018-11-12,rice,Wasa Amenfi,203.2,2.36,0,11,46
2018-11-19,rice,Wasa Amenfi,212.5,2.42,0,11,47
2018-11-26,rice,Wasa Amenfi,205.2,2.61,0,11,48
2018-12-03,rice,Wasa Amenfi,232.4,2.44,0,12,49
2018-12-10,rice,Wasa Amenfi,204.0,2.57,0,12,50
2018-12-17,rice,Wasa Amenfi,214.8,2.65,0,12,51
2018-12-24,rice,Wasa Amenfi,339.7,2.5,1,12,52
2018-12-31,rice,Wasa Amenfi,358.8,2.6,1,12,1
2019-01-07,rice,Wasa Amenfi,208.3,3.26,0,1,2
2019-01-14,rice,Wasa Amenfi,224.2,3.21,0,1,3
2019-01-21,rice,Wasa Amenfi,205.4,3.29,0,1,4
2019-01-28,rice,Wasa Amenfi,186.5,3.43,0,1,5
2019-02-04,rice,Wasa Amenfi,230.4,3.13,0,2,6
2019-02-11,rice,Wasa Amenfi,211.2,3.09,0,2,7
2019-02-18,rice,Wasa Amenfi,224.0,3.08,0,2,8
2019-02-25,rice,Wasa Amenfi,194.0,3.34,0,2,9
2019-03-04,rice,Wasa Amenfi,216.4,2.88,0,3,10
2019-03-11,rice,Wasa Amenfi,215.0,2.7,0,3,11
2019-03-18,rice,Wasa Amenfi,242.5,2.52,0,3,12
2019-03-25,rice,Wasa Amenfi,238.1,2.68,0,3,13
2019-04-01,rice,Wasa Amenfi,335.1,2.83,1,4,14
2019-04-08,rice,Wasa Amenfi,339.4,2.77,1,4,15
2019-04-15,rice,Wasa Amenfi,226.6,2.79,0,4,16
2019-04-22,rice,Wasa Amenfi,214.9,2.72,0,4,17
2019-04-29,rice,Wasa Amenfi,196.4,2.89,0,4,18
2019-05-06,rice,Wasa Amenfi,225.6,2.83,0,5,19
2019-05-13,rice,Wasa Amenfi,217.7,2.86,0,5,20
2019-05-20,rice,Wasa Amenfi,220.3,2.81,0,5,21
2019-05-27,rice,Wasa Amenfi,226.6,2.85,0,5,22
2019-06-03,rice,Wasa Amenfi,226.7,3.11,0,6,23
2019-06-10,rice,Wasa Amenfi,225.2,2.94,0,6,24
2019-06-17,rice,Wasa Amenfi,203.8,3.1,0,6,25
2019-06-24,rice,Wasa Amenfi,207.7,3.15,0,6,26
2019-07-01,rice,Wasa Amenfi,203.5,3.6,0,7,27
2019-07-08,rice,Wasa Amenfi,202.5,3.5,0,7,28
2019-07-15,rice,Wasa Amenfi,202.5,3.31,0,7,29
2019-07-22,rice,Wasa Amenfi,198.7,3.33,0,7,30
2019-07-29,rice,Wasa Amenfi,213.8,3.38,0,7,31
2019-08-05,rice,Wasa Amenfi,298.8,3.49,1,8,32
2019-08-12,rice,Wasa Amenfi,319.3,3.45,1,8,33
2019-08-19,rice,Wasa Amenfi,331.7,3.31,1,8,34
2019-08-26,rice,Wasa Amenfi,309.2,3.31,1,8,35
2019-09-02,rice,Wasa Amenfi,250.9,2.85,0,9,36
2019-09-09,rice,Wasa Amenfi,247.2,2.73,0,9,37
2019-09-16,rice,Wasa Amenfi,226.4,3.1,0,9,38
2019-09-23,rice,Wasa Amenfi,180.6,3.4,0,9,39
2019-09-30,rice,Wasa Amenfi,198.4,3.34,0,9,40
2019-10-07,rice,Wasa Amenfi,220.2,2.56,0,10,41
2019-10-14,rice,Wasa Amenfi,220.8,2.68,0,10,42
2019-10-21,rice,Wasa Amenfi,238.1,2.51,0,10,43
2019-10-28,rice,Wasa Amenfi,238.0,2.52,0,10,44
2019-11-04,rice,Wasa Amenfi,239.2,2.55,0,11,45
2019-11-11,rice,Wasa Amenfi,218.5,2.66,0,11,46
2019-11-18,rice,Wasa Amenfi,237.3,2.66,0,11,47
2019-11-25,rice,Wasa Amenfi,249.1,2.71,0,11,48
2019-12-02,rice,Wasa Amenfi,217.8,2.77,0,12,49
2019-12-09,rice,Wasa Amenfi,220.2,2.66,0,12,50
2019-12-16,rice,Wasa Amenfi,217.5,2.7,0,12,51
2019-12-23,rice,Wasa Amenfi,391.8,2.58,1,12,52
2019-12-30,rice,Wasa Amenfi,380.8,2.55,1,12,1
2020-01-06,rice,Wasa Amenfi,198.3,3.24,0,1,2
2020-01-13,rice,Wasa Amenfi,188.9,3.54,0,1,3
2020-01-20,rice,Wasa Amenfi,226.4,3.4,0,1,4
2020-01-27,rice,Wasa Amenfi,241.0,3.19,0,1,5
2020-02-03,rice,Wasa Amenfi,232.3,3.46,0,2,6
2020-02-10,rice,Wasa Amenfi,222.6,3.3,0,2,7
2020-02-17,rice,Wasa Amenfi,189.6,3.7,0,2,8
2020-02-24,rice,Wasa Amenfi,209.6,3.39,0,2,9
2020-03-02,rice,Wasa Amenfi,202.3,3.06,0,3,10
2020-03-09,rice,Wasa Amenfi,199.4,3.11,0,3,11
2020-03-16,rice,Wasa Amenfi,237.4,2.86,0,3,12
2020-03-23,rice,Wasa Amenfi,233.4,2.99,0,3,13
2020-03-30,rice,Wasa Amenfi,249.6,3.04,0,3,14
2020-04-06,rice,Wasa Amenfi,354.6,3.01,1,4,15
2020-04-13,rice,Wasa Amenfi,324.9,3.04,1,4,16
2020-04-20,rice,Wasa Amenfi,234.8,2.84,0,4,17
2020-04-27,rice,Wasa Amenfi,219.9,3.06,0,4,18
2020-05-04,rice,Wasa Amenfi,224.0,2.96,0,5,19
2020-05-11,rice,Wasa Amenfi,229.7,3.06,0,5,20
2020-05-18,rice,Wasa Amenfi,205.2,3.13,0,5,21
2020-05-25,rice,Wasa Amenfi,224.7,3.1,0,5,22
2020-06-01,rice,Wasa Amenfi,232.1,3.34,0,6,23
2020-06-08,rice,Wasa Amenfi,240.2,3.38,0,6,24
2020-06-15,rice,Wasa Amenfi,225.0,3.39,0,6,25
2020-06-22,rice,Wasa Amenfi,229.1,3.5,0,6,26
2020-06-29,rice,Wasa Amenfi,219.9,3.29,0,6,27
2020-07-06,rice,Wasa Amenfi,202.7,3.74,0,7,28
2020-07-13,rice,Wasa Amenfi,218.0,3.86,0,7,29
2020-07-20,rice,Wasa Amenfi,193.0,3.65,0,7,30
2020-07-27,rice,Wasa Amenfi,210.9,3.52,0,7,31
2020-08-03,rice,Wasa Amenfi,326.5,3.82,1,8,32
2020-08-10,rice,Wasa Amenfi,308.6,3.71,1,8,33
2020-08-17,rice,Wasa Amenfi,316.9,3.56,1,8,34
2020-08-24,rice,Wasa Amenfi,300.9,3.82,1,8,35
2020-08-31,rice,Wasa Amenfi,299.8,3.96,1,8,36
2020-09-07,rice,Wasa Amenfi,254.0,3.14,0,9,37
2020-09-14,rice,Wasa Amenfi,232.0,3.5,0,9,38
2020-09-21,rice,Wasa Amenfi,245.7,3.02,0,9,39
2020-09-28,rice,Wasa Amenfi,244.3,3.31,0,9,40
2020-10-05,rice,Wasa Amenfi,223.1,3.09,0,10,41
2020-10-12,rice,Wasa Amenfi,244.9,2.84,0,10,42
2020-10-19,rice,Wasa Amenfi,215.7,2.89,0,10,43
2020-10-26,rice,Wasa Amenfi,249.4,2.96,0,10,44
2020-11-02,rice,Wasa Amenfi,246.7,2.7,0,11,45
2020-11-09,rice,Wasa Amenfi,192.7,2.9,0,11,46
2020-11-16,rice,Wasa Amenfi,253.8,2.9,0,11,47
2020-11-23,rice,Wasa Amenfi,219.1,3.11,0,11,48
2020-11-30,rice,Wasa Amenfi,234.5,2.75,0,11,49
2020-12-07,rice,Wasa Amenfi,225.6,2.87,0,12,50
2020-12-14,rice,Wasa Amenfi,244.1,2.81,0,12,51
2020-12-21,rice,Wasa Amenfi,376.0,2.79,1,12,52
2020-12-28,rice,Wasa Amenfi,358.7,3.05,1,12,53
2021-01-04,rice,Wasa Amenfi,208.0,3.73,0,1,1
2021-01-11,rice,Wasa Amenfi,215.2,3.64,0,1,2
2021-01-18,rice,Wasa Amenfi,211.9,3.65,0,1,3
2021-01-25,rice,Wasa Amenfi,230.3,3.64,0,1,4
2021-02-01,rice,Wasa Amenfi,222.2,3.68,0,2,5
2021-02-08,rice,Wasa Amenfi,229.5,3.56,0,2,6
2021-02-15,rice,Wasa Amenfi,225.3,3.71,0,2,7
2021-02-22,rice,Wasa Amenfi,216.6,3.7,0,2,8
2021-03-01,rice,Wasa Amenfi,222.2,3.12,0,3,9
2021-03-08,rice,Wasa Amenfi,255.6,3.23,0,3,10
2021-03-15,rice,Wasa Amenfi,242.3,3.25,0,3,11
2021-03-22,rice,Wasa Amenfi,258.3,3.14,0,3,12
2021-03-29,rice,Wasa Amenfi,246.6,3.2,0,3,13
2021-04-05,rice,Wasa Amenfi,333.0,3.52,1,4,14
2021-04-12,rice,Wasa Amenfi,294.8,3.51,1,4,15
2021-04-19,rice,Wasa Amenfi,221.7,3.1,0,4,16
2021-04-26,rice,Wasa Amenfi,247.3,3.12,0,4,17
2021-05-03,rice,Wasa Amenfi,238.3,3.12,0,5,18
2021-05-10,rice,Wasa Amenfi,219.6,3.39,0,5,19
2021-05-17,rice,Wasa Amenfi,200.0,3.2,0,5,20
2021-05-24,rice,Wasa Amenfi,230.2,3.29,0,5,21
2021-05-31,rice,Wasa Amenfi,204.8,3.52,0,5,22
2021-06-07,rice,Wasa Amenfi,220.1,3.56,0,6,23
2021-06-14,rice,Wasa Amenfi,236.8,3.66,0,6,24
2021-06-21,rice,Wasa Amenfi,212.3,3.64,0,6,25
2021-06-28,rice,Wasa Amenfi,220.9,3.48,0,6,26
2021-07-05,rice,Wasa Amenfi,207.2,4.19,0,7,27
2021-07-12,rice,Wasa Amenfi,228.4,3.88,0,7,28
2021-07-19,rice,Wasa Amenfi,198.5,4.23,0,7,29
2021-07-26,rice,Wasa Amenfi,234.4,3.92,0,7,30
2021-08-02,rice,Wasa Amenfi,297.0,3.96,1,8,31
2021-08-09,rice,Wasa Amenfi,298.7,3.87,1,8,32
2021-08-16,rice,Wasa Amenfi,295.9,3.89,1,8,33
2021-08-23,rice,Wasa Amenfi,289.2,3.97,1,8,34
2021-08-30,rice,Wasa Amenfi,348.9,3.65,1,8,35
2021-09-06,rice,Wasa Amenfi,219.0,3.6,0,9,36
2021-09-13,rice,Wasa Amenfi,214.7,3.56,0,9,37
2021-09-20,rice,Wasa Amenfi,230.7,3.75,0,9,38
2021-09-27,rice,Wasa Amenfi,239.6,3.69,0,9,39
2021-10-04,rice,Wasa Amenfi,255.5,3.02,0,10,40
2021-10-11,rice,Wasa Amenfi,251.1,3.05,0,10,41
2021-10-18,rice,Wasa Amenfi,223.8,3.08,0,10,42
2021-10-25,rice,Wasa Amenfi,229.2,3.29,0,10,43
2021-11-01,rice,Wasa Amenfi,249.1,3.02,0,11,44
2021-11-08,rice,Wasa Amenfi,233.9,3.04,0,11,45
2021-11-15,rice,Wasa Amenfi,246.2,2.99,0,11,46
2021-11-22,rice,Wasa Amenfi,228.3,2.94,0,11,47
2021-11-29,rice,Wasa Amenfi,224.5,3.17,0,11,48
2021-12-06,rice,Wasa Amenfi,240.0,3.17,0,12,49
2021-12-13,rice,Wasa Amenfi,247.9,3.31,0,12,50
2021-12-20,rice,Wasa Amenfi,406.5,3.28,1,12,51
2021-12-27,rice,Wasa Amenfi,380.6,3.45,1,12,52
2022-01-03,rice,Wasa Amenfi,221.2,4.01,0,1,1
2022-01-10,rice,Wasa Amenfi,220.4,3.98,0,1,2
2022-01-17,rice,Wasa Amenfi,208.9,3.81,0,1,3
2022-01-24,rice,Wasa Amenfi,204.2,4.14,0,1,4
2022-01-31,rice,Wasa Amenfi,208.4,4.04,0,1,5
2022-02-07,rice,Wasa Amenfi,223.0,4.16,0,2,6
2022-02-14,rice,Wasa Amenfi,240.5,3.87,0,2,7
2022-02-21,rice,Wasa Amenfi,227.1,4.11,0,2,8
2022-02-28,rice,Wasa Amenfi,234.2,4.08,0,2,9
2022-03-07,rice,Wasa Amenfi,236.1,3.49,0,3,10
2022-03-14,rice,Wasa Amenfi,226.6,3.38,0,3,11
2022-03-21,rice,Wasa Amenfi,227.1,3.64,0,3,12
2022-03-28,rice,Wasa Amenfi,212.7,3.76,0,3,13
2022-04-04,rice,Wasa Amenfi,400.1,3.34,1,4,14
2022-04-11,rice,Wasa Amenfi,356.0,3.6,1,4,15
2022-04-18,rice,Wasa Amenfi,257.7,3.09,0,4,16
2022-04-25,rice,Wasa Amenfi,241.3,3.59,0,4,17
2022-05-02,rice,Wasa Amenfi,240.1,3.25,0,5,18
2022-05-09,rice,Wasa Amenfi,254.7,3.44,0,5,19
2022-05-16,rice,Wasa Amenfi,226.8,3.33,0,5,20
2022-05-23,rice,Wasa Amenfi,242.6,3.49,0,5,21
2022-05-30,rice,Wasa Amenfi,229.5,3.64,0,5,22
2022-06-06,rice,Wasa Amenfi,260.9,3.56,0,6,23
2022-06-13,rice,Wasa Amenfi,217.6,3.79,0,6,24
2022-06-20,rice,Wasa Amenfi,216.3,3.77,0,6,25
2022-06-27,rice,Wasa Amenfi,234.1,4.09,0,6,26
2022-07-04,rice,Wasa Amenfi,208.1,4.41,0,7,27
2022-07-11,rice,Wasa Amenfi,222.6,4.13,0,7,28
2022-07-18,rice,Wasa Amenfi,210.0,4.26,0,7,29
2022-07-25,rice,Wasa Amenfi,217.4,4.61,0,7,30
2022-08-01,rice,Wasa Amenfi,322.0,4.49,1,8,31
2022-08-08,rice,Wasa Amenfi,337.4,4.2,1,8,32
2022-08-15,rice,Wasa Amenfi,302.8,4.32,1,8,33
2022-08-22,rice,Wasa Amenfi,335.4,4.32,1,8,34
2022-08-29,rice,Wasa Amenfi,308.9,4.27,1,8,35
2022-09-05,rice,Wasa Amenfi,238.9,3.65,0,9,36
2022-09-12,rice,Wasa Amenfi,220.7,3.82,0,9,37
2022-09-19,rice,Wasa Amenfi,224.2,4.14,0,9,38
2022-09-26,rice,Wasa Amenfi,253.8,3.86,0,9,39
2022-10-03,rice,Wasa Amenfi,244.1,3.34,0,10,40
2022-10-10,rice,Wasa Amenfi,232.9,3.37,0,10,41
2022-10-17,rice,Wasa Amenfi,226.8,3.65,0,10,42
2022-10-24,rice,Wasa Amenfi,241.3,3.36,0,10,43
2022-10-31,rice,Wasa Amenfi,233.5,3.5,0,10,44
2022-11-07,rice,Wasa Amenfi,247.2,3.3,0,11,45
2022-11-14,rice,Wasa Amenfi,227.3,3.34,0,11,46
2022-11-21,rice,Wasa Amenfi,241.8,3.38,0,11,47
2022-11-28,rice,Wasa Amenfi,220.4,3.27,0,11,48
2022-12-05,rice,Wasa Amenfi,250.7,3.37,0,12,49
2022-12-12,rice,Wasa Amenfi,219.0,3.52,0,12,50
2022-12-19,rice,Wasa Amenfi,264.2,3.29,0,12,51
2022-12-26,rice,Wasa Amenfi,341.2,3.4,1,12,52
2023-01-02,rice,Wasa Amenfi,241.3,4.47,0,1,1
2023-01-09,rice,Wasa Amenfi,207.2,4.2,0,1,2
2023-01-16,rice,Wasa Amenfi,201.1,4.54,0,1,3
2023-01-23,rice,Wasa Amenfi,227.4,4.36,0,1,4
2023-01-30,rice,Wasa Amenfi,233.3,4.32,0,1,5
2023-02-06,rice,Wasa Amenfi,234.9,4.02,0,2,6
2023-02-13,rice,Wasa Amenfi,239.0,4.31,0,2,7
2023-02-20,rice,Wasa Amenfi,211.2,4.44,0,2,8
2023-02-27,rice,Wasa Amenfi,208.1,4.68,0,2,9
2023-03-06,rice,Wasa Amenfi,232.2,3.84,0,3,10
2023-03-13,rice,Wasa Amenfi,225.3,3.92,0,3,11
2023-03-20,rice,Wasa Amenfi,220.8,3.57,0,3,12
2023-03-27,rice,Wasa Amenfi,241.3,3.73,0,3,13
2023-04-03,rice,Wasa Amenfi,363.5,3.96,1,4,14
2023-04-10,rice,Wasa Amenfi,415.1,3.64,1,4,15
2023-04-17,rice,Wasa Amenfi,216.3,3.92,0,4,16
2023-04-24,rice,Wasa Amenfi,227.1,3.88,0,4,17
2023-05-01,rice,Wasa Amenfi,256.9,3.84,0,5,18
2023-05-08,rice,Wasa Amenfi,248.2,3.75,0,5,19
2023-05-15,rice,Wasa Amenfi,257.1,3.65,0,5,20
2023-05-22,rice,Wasa Amenfi,235.6,4.07,0,5,21
2023-05-29,rice,Wasa Amenfi,243.8,3.89,0,5,22
2023-06-05,rice,Wasa Amenfi,262.8,4.21,0,6,23
2023-06-12,rice,Wasa Amenfi,243.4,4.09,0,6,24
2023-06-19,rice,Wasa Amenfi,224.5,4.16,0,6,25
2023-06-26,rice,Wasa Amenfi,247.3,4.18,0,6,26
2023-07-03,rice,Wasa Amenfi,210.1,4.76,0,7,27
2023-07-10,rice,Wasa Amenfi,214.0,4.82,0,7,28
2023-07-17,rice,Wasa Amenfi,230.3,4.54,0,7,29
2023-07-24,rice,Wasa Amenfi,218.9,4.41,0,7,30
2023-07-31,rice,Wasa Amenfi,212.8,4.7,0,7,31
2023-08-07,rice,Wasa Amenfi,358.2,4.38,1,8,32
2023-08-14,rice,Wasa Amenfi,322.0,4.65,1,8,33
2023-08-21,rice,Wasa Amenfi,354.1,4.62,1,8,34
2023-08-28,rice,Wasa Amenfi,305.4,4.81,1,8,35
2023-09-04,rice,Wasa Amenfi,213.6,4.57,0,9,36
2023-09-11,rice,Wasa Amenfi,284.5,3.91,0,9,37
2023-09-18,rice,Wasa Amenfi,204.6,4.62,0,9,38
2023-09-25,rice,Wasa Amenfi,241.6,4.2,0,9,39
2023-10-02,rice,Wasa Amenfi,269.4,3.67,0,10,40
2023-10-09,rice,Wasa Amenfi,255.2,3.42,0,10,41
2023-10-16,rice,Wasa Amenfi,256.9,3.77,0,10,42
2023-10-23,rice,Wasa Amenfi,254.1,3.63,0,10,43
2023-10-30,rice,Wasa Amenfi,245.4,3.61,0,10,44
2023-11-06,rice,Wasa Amenfi,258.7,3.36,0,11,45
2023-11-13,rice,Wasa Amenfi,213.5,3.66,0,11,46
2023-11-20,rice,Wasa Amenfi,234.6,3.77,0,11,47
2023-11-27,rice,Wasa Amenfi,250.6,3.61,0,11,48
2023-12-04,rice,Wasa Amenfi,240.8,3.84,0,12,49
2023-12-11,rice,Wasa Amenfi,272.6,3.84,0,12,50
2023-12-18,rice,Wasa Amenfi,254.5,3.58,0,12,51
2023-12-25,rice,Wasa Amenfi,404.6,3.9,1,12,52
2024-01-01,rice,Wasa Amenfi,244.2,4.7,0,1,1
2024-01-08,rice,Wasa Amenfi,235.6,4.7,0,1,2
2024-01-15,rice,Wasa Amenfi,226.7,4.71,0,1,3
2024-01-22,rice,Wasa Amenfi,226.7,4.71,0,1,4
2024-01-29,rice,Wasa Amenfi,243.1,4.2,0,1,5
2024-02-05,rice,Wasa Amenfi,236.2,4.69,0,2,6
2024-02-12,rice,Wasa Amenfi,236.1,4.47,0,2,7
2024-02-19,rice,Wasa Amenfi,226.5,5.03,0,2,8
2024-02-26,rice,Wasa Amenfi,205.4,5.02,0,2,9
2024-03-04,rice,Wasa Amenfi,241.5,4.19,0,3,10
2024-03-11,rice,Wasa Amenfi,270.4,4.01,0,3,11
2024-03-18,rice,Wasa Amenfi,249.7,3.89,0,3,12
2024-03-25,rice,Wasa Amenfi,278.4,3.94,0,3,13
2024-04-01,rice,Wasa Amenfi,369.7,4.39,1,4,14
2024-04-08,rice,Wasa Amenfi,394.2,3.96,1,4,15
2024-04-15,rice,Wasa Amenfi,266.9,3.69,0,4,16
2024-04-22,rice,Wasa Amenfi,234.3,4.24,0,4,17
2024-04-29,rice,Wasa Amenfi,207.5,4.32,0,4,18
2024-05-06,rice,Wasa Amenfi,247.4,4.37,0,5,19
2024-05-13,rice,Wasa Amenfi,270.5,4.27,0,5,20
2024-05-20,rice,Wasa Amenfi,244.7,4.3,0,5,21
2024-05-27,rice,Wasa Amenfi,254.0,4.11,0,5,22
2024-06-03,rice,Wasa Amenfi,257.3,4.12,0,6,23
2024-06-10,rice,Wasa Amenfi,260.9,4.49,0,6,24
2024-06-17,rice,Wasa Amenfi,239.0,4.6,0,6,25
2024-06-24,rice,Wasa Amenfi,249.1,4.46,0,6,26
2024-07-01,rice,Wasa Amenfi,204.6,5.02,0,7,27
2024-07-08,rice,Wasa Amenfi,224.0,4.86,0,7,28
2024-07-15,rice,Wasa Amenfi,236.4,4.86,0,7,29
2024-07-22,rice,Wasa Amenfi,224.5,5.43,0,7,30
2024-07-29,rice,Wasa Amenfi,224.5,5.44,0,7,31
2024-08-05,rice,Wasa Amenfi,304.4,5.09,1,8,32
2024-08-12,rice,Wasa Amenfi,303.7,5.15,1,8,33
2024-08-19,rice,Wasa Amenfi,358.6,4.89,1,8,34
2024-08-26,rice,Wasa Amenfi,315.2,5.22,1,8,35
2024-09-02,rice,Wasa Amenfi,245.4,4.9,0,9,36
2024-09-09,rice,Wasa Amenfi,231.8,4.3,0,9,37
2024-09-16,rice,Wasa Amenfi,240.4,4.66,0,9,38
2024-09-23,rice,Wasa Amenfi,241.0,4.67,0,9,39
2024-09-30,rice,Wasa Amenfi,248.4,4.67,0,9,40
2024-10-07,rice,Wasa Amenfi,223.4,4.17,0,10,41
2024-10-14,rice,Wasa Amenfi,207.8,4.23,0,10,42
2024-10-21,rice,Wasa Amenfi,253.9,3.88,0,10,43
2024-10-28,rice,Wasa Amenfi,252.5,4.02,0,10,44
2024-11-04,rice,Wasa Amenfi,264.7,3.95,0,11,45
2024-11-11,rice,Wasa Amenfi,249.5,3.84,0,11,46
2024-11-18,rice,Wasa Amenfi,259.7,3.98,0,11,47
2024-11-25,rice,Wasa Amenfi,252.6,4.04,0,11,48
2024-12-02,rice,Wasa Amenfi,268.6,4.0,0,12,49
2024-12-09,rice,Wasa Amenfi,256.8,3.82,0,12,50
2024-12-16,rice,Wasa Amenfi,227.7,3.89,0,12,51
2024-12-23,rice,Wasa Amenfi,420.4,3.89,1,12,52
2024-12-30,rice,Wasa Amenfi,429.3,3.83,1,12,1
