date,crop_type,region,market_name,price_per_kg,currency,source
2018-01-01,maize,Aowin,Enchi Market (Aowin),1.73,GHS,WFP-GIEWS-Ghana
2018-01-08,maize,Aowin,Enchi Market (Aowin),1.86,GHS,WFP-GIEWS-Ghana
2018-01-15,maize,Aowin,Enchi Market (Aowin),1.87,GHS,WFP-GIEWS-Ghana
2018-01-22,maize,Aowin,Enchi Market (Aowin),1.66,GHS,WFP-GIEWS-Ghana
2018-01-29,maize,Aowin,Enchi Market (Aowin),1.71,GHS,WFP-GIEWS-Ghana
2018-02-05,maize,Aowin,Enchi Market (Aowin),1.83,GHS,WFP-GIEWS-Ghana
2018-02-12,maize,Aowin,Enchi Market (Aowin),1.79,GHS,WFP-GIEWS-Ghana
2018-02-19,maize,Aowin,Enchi Market (Aowin),1.82,GHS,WFP-GIEWS-Ghana
2018-02-26,maize,Aowin,Enchi Market (Aowin),1.76,GHS,WFP-GIEWS-Ghana
2018-03-05,maize,Aowin,Enchi Market (Aowin),1.61,GHS,WFP-GIEWS-Ghana
2018-03-12,maize,Aowin,Enchi Market (Aowin),1.61,GHS,WFP-GIEWS-Ghana
2018-03-19,maize,Aowin,Enchi Market (Aowin),1.56,GHS,WFP-GIEWS-Ghana
2018-03-26,maize,Aowin,Enchi Market (Aowin),1.63,GHS,WFP-GIEWS-Ghana
2018-04-02,maize,Aowin,Enchi Market (Aowin),1.6,GHS,WFP-GIEWS-Ghana
2018-04-09,maize,Aowin,Enchi Market (Aowin),1.51,GHS,WFP-GIEWS-Ghana
2018-04-16,maize,Aowin,Enchi Market (Aowin),1.59,GHS,WFP-GIEWS-Ghana
2018-04-23,maize,Aowin,Enchi Market (Aowin),1.51,GHS,WFP-GIEWS-Ghana
2018-04-30,maize,Aowin,Enchi Market (Aowin),1.62,GHS,WFP-GIEWS-Ghana
2018-05-07,maize,Aowin,Enchi Market (Aowin),1.58,GHS,WFP-GIEWS-Ghana
2018-05-14,maize,Aowin,Enchi Market (Aowin),1.57,GHS,WFP-GIEWS-Ghana
2018-05-21,maize,Aowin,Enchi Market (Aowin),1.54,GHS,WFP-GIEWS-Ghana
2018-05-28,maize,Aowin,Enchi Market (Aowin),1.66,GHS,WFP-GIEWS-Ghana
2018-06-04,maize,Aowin,Enchi Market (Aowin),1.72,GHS,WFP-GIEWS-Ghana
2018-06-11,maize,Aowin,Enchi Market (Aowin),1.7,GHS,WFP-GIEWS-Ghana
2018-06-18,maize,Aowin,Enchi Market (Aowin),1.7,GHS,WFP-GIEWS-Ghana
2018-06-25,maize,Aowin,Enchi Market (Aowin),1.76,GHS,WFP-GIEWS-Ghana
2018-07-02,maize,Aowin,Enchi Market (Aowin),1.97,GHS,WFP-GIEWS-Ghana
2018-07-09,maize,Aowin,Enchi Market (Aowin),1.98,GHS,WFP-GIEWS-Ghana
2018-07-16,maize,Aowin,Enchi Market (Aowin),1.98,GHS,WFP-GIEWS-Ghana
2018-07-23,maize,Aowin,Enchi Market (Aowin),2.11,GHS,WFP-GIEWS-Ghana
2018-07-30,maize,Aowin,Enchi Market (Aowin),1.91,GHS,WFP-GIEWS-Ghana
2018-08-06,maize,Aowin,Enchi Market (Aowin),1.92,GHS,WFP-GIEWS-Ghana
2018-08-13,maize,Aowin,Enchi Market (Aowin),1.89,GHS,WFP-GIEWS-Ghana
2018-08-20,maize,Aowin,Enchi Market (Aowin),2.01,GHS,WFP-GIEWS-Ghana
2018-08-27,maize,Aowin,Enchi Market (Aowin),2.05,GHS,WFP-GIEWS-Ghana
2018-09-03,maize,Aowin,Enchi Market (Aowin),1.75,GHS,WFP-GIEWS-Ghana
2018-09-10,maize,Aowin,Enchi Market (Aowin),1.7,GHS,WFP-GIEWS-Ghana
2018-09-17,maize,Aowin,Enchi Market (Aowin),1.7,GHS,WFP-GIEWS-Ghana
2018-09-24,maize,Aowin,Enchi Market (Aowin),1.81,GHS,WFP-GIEWS-Ghana
2018-10-01,maize,Aowin,Enchi Market (Aowin),1.55,GHS,WFP-GIEWS-Ghana
2018-10-08,maize,Aowin,Enchi Market (Aowin),1.54,GHS,WFP-GIEWS-Ghana
2018-10-15,maize,Aowin,Enchi Market (Aowin),1.47,GHS,WFP-GIEWS-Ghana
2018-10-22,maize,Aowin,Enchi Market (Aowin),1.52,GHS,WFP-GIEWS-Ghana
2018-10-29,maize,Aowin,Enchi Market (Aowin),1.51,GHS,WFP-GIEWS-Ghana
2018-11-05,maize,Aowin,Enchi Market (Aowin),1.53,GHS,WFP-GIEWS-Ghana
2018-11-12,maize,Aowin,Enchi Market (Aowin),1.57,GHS,WFP-GIEWS-Ghana
2018-11-19,maize,Aowin,Enchi Market (Aowin),1.53,GHS,WFP-GIEWS-Ghana
2018-11-26,maize,Aowin,Enchi Market (Aowin),1.56,GHS,WFP-GIEWS-Ghana
2018-12-03,maize,Aowin,Enchi Market (Aowin),1.53,GHS,WFP-GIEWS-Ghana
2018-12-10,maize,Aowin,Enchi Market (Aowin),1.54,GHS,WFP-GIEWS-Ghana
2018-12-17,maize,Aowin,Enchi Market (Aowin),1.56,GHS,WFP-GIEWS-Ghana
2018-12-24,maize,Aowin,Enchi Market (Aowin),1.44,GHS,WFP-GIEWS-Ghana
2018-12-31,maize,Aowin,Enchi Market (Aowin),1.51,GHS,WFP-GIEWS-Ghana
2019-01-07,maize,Aowin,Enchi Market (Aowin),1.91,GHS,WFP-GIEWS-Ghana
2019-01-14,maize,Aowin,Enchi Market (Aowin),1.9,GHS,WFP-GIEWS-Ghana
2019-01-21,maize,Aowin,Enchi Market (Aowin),1.93,GHS,WFP-GIEWS-Ghana
2019-01-28,maize,Aowin,Enchi Market (Aowin),2.07,GHS,WFP-GIEWS-Ghana
2019-02-04,maize,Aowin,Enchi Market (Aowin),1.89,GHS,WFP-GIEWS-Ghana
2019-02-11,maize,Aowin,Enchi Market (Aowin),2.04,GHS,WFP-GIEWS-Ghana
2019-02-18,maize,Aowin,Enchi Market (Aowin),1.83,GHS,WFP-GIEWS-Ghana
2019-02-25,maize,Aowin,Enchi Market (Aowin),1.94,GHS,WFP-GIEWS-Ghana
2019-03-04,maize,Aowin,Enchi Market (Aowin),1.69,GHS,WFP-GIEWS-Ghana
2019-03-11,maize,Aowin,Enchi Market (Aowin),1.72,GHS,WFP-GIEWS-Ghana
2019-03-18,maize,Aowin,Enchi Market (Aowin),1.73,GHS,WFP-GIEWS-Ghana
2019-03-25,maize,Aowin,Enchi Market (Aowin),1.74,GHS,WFP-GIEWS-Ghana
2019-04-01,maize,Aowin,Enchi Market (Aowin),1.67,GHS,WFP-GIEWS-Ghana
2019-04-08,maize,Aowin,Enchi Market (Aowin),1.66,GHS,WFP-GIEWS-Ghana
2019-04-15,maize,Aowin,Enchi Market (Aowin),1.75,GHS,WFP-GIEWS-Ghana
2019-04-22,maize,Aowin,Enchi Market (Aowin),1.68,GHS,WFP-GIEWS-Ghana
2019-04-29,maize,Aowin,Enchi Market (Aowin),1.61,GHS,WFP-GIEWS-Ghana
2019-05-06,maize,Aowin,Enchi Market (Aowin),1.63,GHS,WFP-GIEWS-Ghana
2019-05-13,maize,Aowin,Enchi Market (Aowin),1.64,GHS,WFP-GIEWS-Ghana
2019-05-20,maize,Aowin,Enchi Market (Aowin),1.74,GHS,WFP-GIEWS-Ghana
2019-05-27,maize,Aowin,Enchi Market (Aowin),1.71,GHS,WFP-GIEWS-Ghana
2019-06-03,maize,Aowin,Enchi Market (Aowin),1.92,GHS,WFP-GIEWS-Ghana
2019-06-10,maize,Aowin,Enchi Market (Aowin),1.83,GHS,WFP-GIEWS-Ghana
2019-06-17,maize,Aowin,Enchi Market (Aowin),1.88,GHS,WFP-GIEWS-Ghana
2019-06-24,maize,Aowin,Enchi Market (Aowin),1.91,GHS,WFP-GIEWS-Ghana
2019-07-01,maize,Aowin,Enchi Market (Aowin),2.08,GHS,WFP-GIEWS-Ghana
2019-07-08,maize,Aowin,Enchi Market (Aowin),2.14,GHS,WFP-GIEWS-Ghana
2019-07-15,maize,Aowin,Enchi Market (Aowin),2.05,GHS,WFP-GIEWS-Ghana
2019-07-22,maize,Aowin,Enchi Market (Aowin),2.07,GHS,WFP-GIEWS-Ghana
2019-07-29,maize,Aowin,Enchi Market (Aowin),2.07,GHS,WFP-GIEWS-Ghana
2019-08-05,maize,Aowin,Enchi Market (Aowin),2.01,GHS,WFP-GIEWS-Ghana
2019-08-12,maize,Aowin,Enchi Market (Aowin),2.16,GHS,WFP-GIEWS-Ghana
2019-08-19,maize,Aowin,Enchi Market (Aowin),2.08,GHS,WFP-GIEWS-Ghana
2019-08-26,maize,Aowin,Enchi Market (Aowin),2.12,GHS,WFP-GIEWS-Ghana
2019-09-02,maize,Aowin,Enchi Market (Aowin),1.94,GHS,WFP-GIEWS-Ghana
2019-09-09,maize,Aowin,Enchi Market (Aowin),1.93,GHS,WFP-GIEWS-Ghana
2019-09-16,maize,Aowin,Enchi Market (Aowin),1.95,GHS,WFP-GIEWS-Ghana
2019-09-23,maize,Aowin,Enchi Market (Aowin),1.89,GHS,WFP-GIEWS-Ghana
2019-09-30,maize,Aowin,Enchi Market (Aowin),1.87,GHS,WFP-GIEWS-Ghana
2019-10-07,maize,Aowin,Enchi Market (Aowin),1.62,GHS,WFP-GIEWS-Ghana
2019-10-14,maize,Aowin,Enchi Market (Aowin),1.52,GHS,WFP-GIEWS-Ghana
2019-10-21,maize,Aowin,Enchi Market (Aowin),1.53,GHS,WFP-GIEWS-Ghana
2019-10-28,maize,Aowin,Enchi Market (Aowin),1.54,GHS,WFP-GIEWS-Ghana
2019-11-04,maize,Aowin,Enchi Market (Aowin),1.57,GHS,WFP-GIEWS-Ghana
2019-11-11,maize,Aowin,Enchi Market (Aowin),1.66,GHS,WFP-GIEWS-Ghana
2019-11-18,maize,Aowin,Enchi Market (Aowin),1.58,GHS,WFP-GIEWS-Ghana
2019-11-25,maize,Aowin,Enchi Market (Aowin),1.61,GHS,WFP-GIEWS-Ghana
2019-12-02,maize,Aowin,Enchi Market (Aowin),1.73,GHS,WFP-GIEWS-Ghana
2019-12-09,maize,Aowin,Enchi Market (Aowin),1.62,GHS,WFP-GIEWS-Ghana
2019-12-16,maize,Aowin,Enchi Market (Aowin),1.7,GHS,WFP-GIEWS-Ghana
2019-12-23,maize,Aowin,Enchi Market (Aowin),1.59,GHS,WFP-GIEWS-Ghana
2019-12-30,maize,Aowin,Enchi Market (Aowin),1.63,GHS,WFP-GIEWS-Ghana
2020-01-06,maize,Aowin,Enchi Market (Aowin),2.03,GHS,WFP-GIEWS-Ghana
2020-01-13,maize,Aowin,Enchi Market (Aowin),2.08,GHS,WFP-GIEWS-Ghana
2020-01-20,maize,Aowin,Enchi Market (Aowin),2.18,GHS,WFP-GIEWS-Ghana
2020-01-27,maize,Aowin,Enchi Market (Aowin),1.96,GHS,WFP-GIEWS-Ghana
2020-02-03,maize,Aowin,Enchi Market (Aowin),2.16,GHS,WFP-GIEWS-Ghana
2020-02-10,maize,Aowin,Enchi Market (Aowin),2.14,GHS,WFP-GIEWS-Ghana
2020-02-17,maize,Aowin,Enchi Market (Aowin),2.07,GHS,WFP-GIEWS-Ghana
2020-02-24,maize,Aowin,Enchi Market (Aowin),2.0,GHS,WFP-GIEWS-Ghana
2020-03-02,maize,Aowin,Enchi Market (Aowin),1.82,GHS,WFP-GIEWS-Ghana
2020-03-09,maize,Aowin,Enchi Market (Aowin),1.78,GHS,WFP-GIEWS-Ghana
2020-03-16,maize,Aowin,Enchi Market (Aowin),1.83,GHS,WFP-GIEWS-Ghana
2020-03-23,maize,Aowin,Enchi Market (Aowin),1.82,GHS,WFP-GIEWS-Ghana
2020-03-30,maize,Aowin,Enchi Market (Aowin),1.93,GHS,WFP-GIEWS-Ghana
2020-04-06,maize,Aowin,Enchi Market (Aowin),1.81,GHS,WFP-GIEWS-Ghana
2020-04-13,maize,Aowin,Enchi Market (Aowin),1.75,GHS,WFP-GIEWS-Ghana
2020-04-20,maize,Aowin,Enchi Market (Aowin),1.84,GHS,WFP-GIEWS-Ghana
2020-04-27,maize,Aowin,Enchi Market (Aowin),1.85,GHS,WFP-GIEWS-Ghana
2020-05-04,maize,Aowin,Enchi Market (Aowin),1.94,GHS,WFP-GIEWS-Ghana
2020-05-11,maize,Aowin,Enchi Market (Aowin),1.9,GHS,WFP-GIEWS-Ghana
2020-05-18,maize,Aowin,Enchi Market (Aowin),1.87,GHS,WFP-GIEWS-Ghana
2020-05-25,maize,Aowin,Enchi Market (Aowin),1.95,GHS,WFP-GIEWS-Ghana
2020-06-01,maize,Aowin,Enchi Market (Aowin),1.92,GHS,WFP-GIEWS-Ghana
2020-06-08,maize,Aowin,Enchi Market (Aowin),1.96,GHS,WFP-GIEWS-Ghana
2020-06-15,maize,Aowin,Enchi Market (Aowin),1.94,GHS,WFP-GIEWS-Ghana
2020-06-22,maize,Aowin,Enchi Market (Aowin),1.98,GHS,WFP-GIEWS-Ghana
2020-06-29,maize,Aowin,Enchi Market (Aowin),1.9,GHS,WFP-GIEWS-Ghana
2020-07-06,maize,Aowin,Enchi Market (Aowin),2.33,GHS,WFP-GIEWS-Ghana
2020-07-13,maize,Aowin,Enchi Market (Aowin),2.25,GHS,WFP-GIEWS-Ghana
2020-07-20,maize,Aowin,Enchi Market (Aowin),2.14,GHS,WFP-GIEWS-Ghana
2020-07-27,maize,Aowin,Enchi Market (Aowin),2.18,GHS,WFP-GIEWS-Ghana
2020-08-03,maize,Aowin,Enchi Market (Aowin),2.31,GHS,WFP-GIEWS-Ghana
2020-08-10,maize,Aowin,Enchi Market (Aowin),2.36,GHS,WFP-GIEWS-Ghana
2020-08-17,maize,Aowin,Enchi Market (Aowin),2.47,GHS,WFP-GIEWS-Ghana
2020-08-24,maize,Aowin,Enchi Market (Aowin),2.55,GHS,WFP-GIEWS-Ghana
2020-08-31,maize,Aowin,Enchi Market (Aowin),2.32,GHS,WFP-GIEWS-Ghana
2020-09-07,maize,Aowin,Enchi Market (Aowin),1.97,GHS,WFP-GIEWS-Ghana
2020-09-14,maize,Aowin,Enchi Market (Aowin),1.88,GHS,WFP-GIEWS-Ghana
2020-09-21,maize,Aowin,Enchi Market (Aowin),2.07,GHS,WFP-GIEWS-Ghana
2020-09-28,maize,Aowin,Enchi Market (Aowin),1.99,GHS,WFP-GIEWS-Ghana
2020-10-05,maize,Aowin,Enchi Market (Aowin),1.73,GHS,WFP-GIEWS-Ghana
2020-10-12,maize,Aowin,Enchi Market (Aowin),1.71,GHS,WFP-GIEWS-Ghana
2020-10-19,maize,Aowin,Enchi Market (Aowin),1.75,GHS,WFP-GIEWS-Ghana
2020-10-26,maize,Aowin,Enchi Market (Aowin),1.83,GHS,WFP-GIEWS-Ghana
2020-11-02,maize,Aowin,Enchi Market (Aowin),1.78,GHS,WFP-GIEWS-Ghana
2020-11-09,maize,Aowin,Enchi Market (Aowin),1.76,GHS,WFP-GIEWS-Ghana
2020-11-16,maize,Aowin,Enchi Market (Aowin),1.69,GHS,WFP-GIEWS-Ghana
2020-11-23,maize,Aowin,Enchi Market (Aowin),1.65,GHS,WFP-GIEWS-Ghana
2020-11-30,maize,Aowin,Enchi Market (Aowin),1.73,GHS,WFP-GIEWS-Ghana
2020-12-07,maize,Aowin,Enchi Market (Aowin),1.78,GHS,WFP-GIEWS-Ghana
2020-12-14,maize,Aowin,Enchi Market (Aowin),1.9,GHS,WFP-GIEWS-Ghana
2020-12-21,maize,Aowin,Enchi Market (Aowin),1.79,GHS,WFP-GIEWS-Ghana
2020-12-28,maize,Aowin,Enchi Market (Aowin),1.85,GHS,WFP-GIEWS-Ghana
2021-01-04,maize,Aowin,Enchi Market (Aowin),2.23,GHS,WFP-GIEWS-Ghana
2021-01-11,maize,Aowin,Enchi Market (Aowin),2.17,GHS,WFP-GIEWS-Ghana
2021-01-18,maize,Aowin,Enchi Market (Aowin),2.19,GHS,WFP-GIEWS-Ghana
2021-01-25,maize,Aowin,Enchi Market (Aowin),2.21,GHS,WFP-GIEWS-Ghana
2021-02-01,maize,Aowin,Enchi Market (Aowin),2.48,GHS,WFP-GIEWS-Ghana
2021-02-08,maize,Aowin,Enchi Market (Aowin),2.21,GHS,WFP-GIEWS-Ghana
2021-02-15,maize,Aowin,Enchi Market (Aowin),2.37,GHS,WFP-GIEWS-Ghana
2021-02-22,maize,Aowin,Enchi Market (Aowin),2.21,GHS,WFP-GIEWS-Ghana
2021-03-01,maize,Aowin,Enchi Market (Aowin),2.04,GHS,WFP-GIEWS-Ghana
2021-03-08,maize,Aowin,Enchi Market (Aowin),1.99,GHS,WFP-GIEWS-Ghana
2021-03-15,maize,Aowin,Enchi Market (Aowin),1.95,GHS,WFP-GIEWS-Ghana
2021-03-22,maize,Aowin,Enchi Market (Aowin),1.96,GHS,WFP-GIEWS-Ghana
2021-03-29,maize,Aowin,Enchi Market (Aowin),1.91,GHS,WFP-GIEWS-Ghana
2021-04-05,maize,Aowin,Enchi Market (Aowin),2.01,GHS,WFP-GIEWS-Ghana
2021-04-12,maize,Aowin,Enchi Market (Aowin),1.94,GHS,WFP-GIEWS-Ghana
2021-04-19,maize,Aowin,Enchi Market (Aowin),1.88,GHS,WFP-GIEWS-Ghana
2021-04-26,maize,Aowin,Enchi Market (Aowin),1.87,GHS,WFP-GIEWS-Ghana
2021-05-03,maize,Aowin,Enchi Market (Aowin),2.0,GHS,WFP-GIEWS-Ghana
2021-05-10,maize,Aowin,Enchi Market (Aowin),2.11,GHS,WFP-GIEWS-Ghana
2021-05-17,maize,Aowin,Enchi Market (Aowin),2.0,GHS,WFP-GIEWS-Ghana
2021-05-24,maize,Aowin,Enchi Market (Aowin),1.98,GHS,WFP-GIEWS-Ghana
2021-05-31,maize,Aowin,Enchi Market (Aowin),2.01,GHS,WFP-GIEWS-Ghana
2021-06-07,maize,Aowin,Enchi Market (Aowin),2.29,GHS,WFP-GIEWS-Ghana
2021-06-14,maize,Aowin,Enchi Market (Aowin),2.19,GHS,WFP-GIEWS-Ghana
2021-06-21,maize,Aowin,Enchi Market (Aowin),2.14,GHS,WFP-GIEWS-Ghana
2021-06-28,maize,Aowin,Enchi Market (Aowin),2.27,GHS,WFP-GIEWS-Ghana
2021-07-05,maize,Aowin,Enchi Market (Aowin),2.49,GHS,WFP-GIEWS-Ghana
2021-07-12,maize,Aowin,Enchi Market (Aowin),2.6,GHS,WFP-GIEWS-Ghana
2021-07-19,maize,Aowin,Enchi Market (Aowin),2.47,GHS,WFP-GIEWS-Ghana
2021-07-26,maize,Aowin,Enchi Market (Aowin),2.33,GHS,WFP-GIEWS-Ghana
2021-08-02,maize,Aowin,Enchi Market (Aowin),2.33,GHS,WFP-GIEWS-Ghana
2021-08-09,maize,Aowin,Enchi Market (Aowin),2.63,GHS,WFP-GIEWS-Ghana
2021-08-16,maize,Aowin,Enchi Market (Aowin),2.64,GHS,WFP-GIEWS-Ghana
2021-08-23,maize,Aowin,Enchi Market (Aowin),2.45,GHS,WFP-GIEWS-Ghana
2021-08-30,maize,Aowin,Enchi Market (Aowin),2.43,GHS,WFP-GIEWS-Ghana
2021-09-06,maize,Aowin,Enchi Market (Aowin),2.35,GHS,WFP-GIEWS-Ghana
2021-09-13,maize,Aowin,Enchi Market (Aowin),2.12,GHS,WFP-GIEWS-Ghana
2021-09-20,maize,Aowin,Enchi Market (Aowin),2.14,GHS,WFP-GIEWS-Ghana
2021-09-27,maize,Aowin,Enchi Market (Aowin),2.27,GHS,WFP-GIEWS-Ghana
2021-10-04,maize,Aowin,Enchi Market (Aowin),1.87,GHS,WFP-GIEWS-Ghana
2021-10-11,maize,Aowin,Enchi Market (Aowin),1.9,GHS,WFP-GIEWS-Ghana
2021-10-18,maize,Aowin,Enchi Market (Aowin),1.88,GHS,WFP-GIEWS-Ghana
2021-10-25,maize,Aowin,Enchi Market (Aowin),1.92,GHS,WFP-GIEWS-Ghana
2021-11-01,maize,Aowin,Enchi Market (Aowin),2.02,GHS,WFP-GIEWS-Ghana
2021-11-08,maize,Aowin,Enchi Market (Aowin),1.92,GHS,WFP-GIEWS-Ghana
2021-11-15,maize,Aowin,Enchi Market (Aowin),1.96,GHS,WFP-GIEWS-Ghana
2021-11-22,maize,Aowin,Enchi Market (Aowin),1.75,GHS,WFP-GIEWS-Ghana
2021-11-29,maize,Aowin,Enchi Market (Aowin),1.91,GHS,WFP-GIEWS-Ghana
2021-12-06,maize,Aowin,Enchi Market (Aowin),1.86,GHS,WFP-GIEWS-Ghana
2021-12-13,maize,Aowin,Enchi Market (Aowin),1.83,GHS,WFP-GIEWS-Ghana
2021-12-20,maize,Aowin,Enchi Market (Aowin),1.85,GHS,WFP-GIEWS-Ghana
2021-12-27,maize,Aowin,Enchi Market (Aowin),1.9,GHS,WFP-GIEWS-Ghana
2022-01-03,maize,Aowin,Enchi Market (Aowin),2.55,GHS,WFP-GIEWS-Ghana
2022-01-10,maize,Aowin,Enchi Market (Aowin),2.33,GHS,WFP-GIEWS-Ghana
2022-01-17,maize,Aowin,Enchi Market (Aowin),2.46,GHS,WFP-GIEWS-Ghana
2022-01-24,maize,Aowin,Enchi Market (Aowin),2.41,GHS,WFP-GIEWS-Ghana
2022-01-31,maize,Aowin,Enchi Market (Aowin),2.42,GHS,WFP-GIEWS-Ghana
2022-02-07,maize,Aowin,Enchi Market (Aowin),2.57,GHS,WFP-GIEWS-Ghana
2022-02-14,maize,Aowin,Enchi Market (Aowin),2.53,GHS,WFP-GIEWS-Ghana
2022-02-21,maize,Aowin,Enchi Market (Aowin),2.6,GHS,WFP-GIEWS-Ghana
2022-02-28,maize,Aowin,Enchi Market (Aowin),2.46,GHS,WFP-GIEWS-Ghana
2022-03-07,maize,Aowin,Enchi Market (Aowin),2.06,GHS,WFP-GIEWS-Ghana
2022-03-14,maize,Aowin,Enchi Market (Aowin),2.1,GHS,WFP-GIEWS-Ghana
2022-03-21,maize,Aowin,Enchi Market (Aowin),2.14,GHS,WFP-GIEWS-Ghana
2022-03-28,maize,Aowin,Enchi Market (Aowin),2.13,GHS,WFP-GIEWS-Ghana
2022-04-04,maize,Aowin,Enchi Market (Aowin),2.04,GHS,WFP-GIEWS-Ghana
2022-04-11,maize,Aowin,Enchi Market (Aowin),2.14,GHS,WFP-GIEWS-Ghana
2022-04-18,maize,Aowin,Enchi Market (Aowin),2.15,GHS,WFP-GIEWS-Ghana
2022-04-25,maize,Aowin,Enchi Market (Aowin),2.35,GHS,WFP-GIEWS-Ghana
2022-05-02,maize,Aowin,Enchi Market (Aowin),2.31,GHS,WFP-GIEWS-Ghana
2022-05-09,maize,Aowin,Enchi Market (Aowin),2.07,GHS,WFP-GIEWS-Ghana
2022-05-16,maize,Aowin,Enchi Market (Aowin),2.12,GHS,WFP-GIEWS-Ghana
2022-05-23,maize,Aowin,Enchi Market (Aowin),2.02,GHS,WFP-GIEWS-Ghana
2022-05-30,maize,Aowin,Enchi Market (Aowin),2.1,GHS,WFP-GIEWS-Ghana
2022-06-06,maize,Aowin,Enchi Market (Aowin),2.38,GHS,WFP-GIEWS-Ghana
2022-06-13,maize,Aowin,Enchi Market (Aowin),2.46,GHS,WFP-GIEWS-Ghana
2022-06-20,maize,Aowin,Enchi Market (Aowin),2.28,GHS,WFP-GIEWS-Ghana
2022-06-27,maize,Aowin,Enchi Market (Aowin),2.29,GHS,WFP-GIEWS-Ghana
2022-07-04,maize,Aowin,Enchi Market (Aowin),2.42,GHS,WFP-GIEWS-Ghana
2022-07-11,maize,Aowin,Enchi Market (Aowin),2.63,GHS,WFP-GIEWS-Ghana
2022-07-18,maize,Aowin,Enchi Market (Aowin),2.54,GHS,WFP-GIEWS-Ghana
2022-07-25,maize,Aowin,Enchi Market (Aowin),2.59,GHS,WFP-GIEWS-Ghana
2022-08-01,maize,Aowin,Enchi Market (Aowin),2.57,GHS,WFP-GIEWS-Ghana
2022-08-08,maize,Aowin,Enchi Market (Aowin),2.65,GHS,WFP-GIEWS-Ghana
2022-08-15,maize,Aowin,Enchi Market (Aowin),2.48,GHS,WFP-GIEWS-Ghana
2022-08-22,maize,Aowin,Enchi Market (Aowin),2.51,GHS,WFP-GIEWS-Ghana
2022-08-29,maize,Aowin,Enchi Market (Aowin),2.89,GHS,WFP-GIEWS-Ghana
2022-09-05,maize,Aowin,Enchi Market (Aowin),2.27,GHS,WFP-GIEWS-Ghana
2022-09-12,maize,Aowin,Enchi Market (Aowin),2.29,GHS,WFP-GIEWS-Ghana
2022-09-19,maize,Aowin,Enchi Market (Aowin),2.57,GHS,WFP-GIEWS-Ghana
2022-09-26,maize,Aowin,Enchi Market (Aowin),2.67,GHS,WFP-GIEWS-Ghana
2022-10-03,maize,Aowin,Enchi Market (Aowin),1.95,GHS,WFP-GIEWS-Ghana
2022-10-10,maize,Aowin,Enchi Market (Aowin),2.02,GHS,WFP-GIEWS-Ghana
2022-10-17,maize,Aowin,Enchi Market (Aowin),2.08,GHS,WFP-GIEWS-Ghana
2022-10-24,maize,Aowin,Enchi Market (Aowin),2.19,GHS,WFP-GIEWS-Ghana
2022-10-31,maize,Aowin,Enchi Market (Aowin),1.97,GHS,WFP-GIEWS-Ghana
2022-11-07,maize,Aowin,Enchi Market (Aowin),2.04,GHS,WFP-GIEWS-Ghana
2022-11-14,maize,Aowin,Enchi Market (Aowin),2.13,GHS,WFP-GIEWS-Ghana
2022-11-21,maize,Aowin,Enchi Market (Aowin),2.1,GHS,WFP-GIEWS-Ghana
2022-11-28,maize,Aowin,Enchi Market (Aowin),2.03,GHS,WFP-GIEWS-Ghana
2022-12-05,maize,Aowin,Enchi Market (Aowin),2.06,GHS,WFP-GIEWS-Ghana
2022-12-12,maize,Aowin,Enchi Market (Aowin),1.96,GHS,WFP-GIEWS-Ghana
2022-12-19,maize,Aowin,Enchi Market (Aowin),2.06,GHS,WFP-GIEWS-Ghana
2022-12-26,maize,Aowin,Enchi Market (Aowin),2.05,GHS,WFP-GIEWS-Ghana
2023-01-02,maize,Aowin,Enchi Market (Aowin),2.68,GHS,WFP-GIEWS-Ghana
2023-01-09,maize,Aowin,Enchi Market (Aowin),2.59,GHS,WFP-GIEWS-Ghana
2023-01-16,maize,Aowin,Enchi Market (Aowin),2.7,GHS,WFP-GIEWS-Ghana
2023-01-23,maize,Aowin,Enchi Market (Aowin),2.76,GHS,WFP-GIEWS-Ghana
2023-01-30,maize,Aowin,Enchi Market (Aowin),2.67,GHS,WFP-GIEWS-Ghana
2023-02-06,maize,Aowin,Enchi Market (Aowin),2.71,GHS,WFP-GIEWS-Ghana
2023-02-13,maize,Aowin,Enchi Market (Aowin),2.68,GHS,WFP-GIEWS-Ghana
2023-02-20,maize,Aowin,Enchi Market (Aowin),2.67,GHS,WFP-GIEWS-Ghana
2023-02-27,maize,Aowin,Enchi Market (Aowin),2.59,GHS,WFP-GIEWS-Ghana
2023-03-06,maize,Aowin,Enchi Market (Aowin),2.32,GHS,WFP-GIEWS-Ghana
2023-03-13,maize,Aowin,Enchi Market (Aowin),2.28,GHS,WFP-GIEWS-Ghana
2023-03-20,maize,Aowin,Enchi Market (Aowin),2.48,GHS,WFP-GIEWS-Ghana
2023-03-27,maize,Aowin,Enchi Market (Aowin),2.43,GHS,WFP-GIEWS-Ghana
2023-04-03,maize,Aowin,Enchi Market (Aowin),2.34,GHS,WFP-GIEWS-Ghana
2023-04-10,maize,Aowin,Enchi Market (Aowin),2.23,GHS,WFP-GIEWS-Ghana
2023-04-17,maize,Aowin,Enchi Market (Aowin),2.2,GHS,WFP-GIEWS-Ghana
2023-04-24,maize,Aowin,Enchi Market (Aowin),2.41,GHS,WFP-GIEWS-Ghana
2023-05-01,maize,Aowin,Enchi Market (Aowin),2.34,GHS,WFP-GIEWS-Ghana
2023-05-08,maize,Aowin,Enchi Market (Aowin),2.36,GHS,WFP-GIEWS-Ghana
2023-05-15,maize,Aowin,Enchi Market (Aowin),2.16,GHS,WFP-GIEWS-Ghana
2023-05-22,maize,Aowin,Enchi Market (Aowin),2.41,GHS,WFP-GIEWS-Ghana
2023-05-29,maize,Aowin,Enchi Market (Aowin),2.36,GHS,WFP-GIEWS-Ghana
2023-06-05,maize,Aowin,Enchi Market (Aowin),2.42,GHS,WFP-GIEWS-Ghana
2023-06-12,maize,Aowin,Enchi Market (Aowin),2.49,GHS,WFP-GIEWS-Ghana
2023-06-19,maize,Aowin,Enchi Market (Aowin),2.56,GHS,WFP-GIEWS-Ghana
2023-06-26,maize,Aowin,Enchi Market (Aowin),2.54,GHS,WFP-GIEWS-Ghana
2023-07-03,maize,Aowin,Enchi Market (Aowin),2.83,GHS,WFP-GIEWS-Ghana
2023-07-10,maize,Aowin,Enchi Market (Aowin),2.85,GHS,WFP-GIEWS-Ghana
2023-07-17,maize,Aowin,Enchi Market (Aowin),2.83,GHS,WFP-GIEWS-Ghana
2023-07-24,maize,Aowin,Enchi Market (Aowin),2.88,GHS,WFP-GIEWS-Ghana
2023-07-31,maize,Aowin,Enchi Market (Aowin),3.03,GHS,WFP-GIEWS-Ghana
2023-08-07,maize,Aowin,Enchi Market (Aowin),2.58,GHS,WFP-GIEWS-Ghana
2023-08-14,maize,Aowin,Enchi Market (Aowin),2.85,GHS,WFP-GIEWS-Ghana
2023-08-21,maize,Aowin,Enchi Market (Aowin),2.9,GHS,WFP-GIEWS-Ghana
2023-08-28,maize,Aowin,Enchi Market (Aowin),2.91,GHS,WFP-GIEWS-Ghana
2023-09-04,maize,Aowin,Enchi Market (Aowin),2.55,GHS,WFP-GIEWS-Ghana
2023-09-11,maize,Aowin,Enchi Market (Aowin),2.4,GHS,WFP-GIEWS-Ghana
2023-09-18,maize,Aowin,Enchi Market (Aowin),2.62,GHS,WFP-GIEWS-Ghana
2023-09-25,maize,Aowin,Enchi Market (Aowin),2.76,GHS,WFP-GIEWS-Ghana
2023-10-02,maize,Aowin,Enchi Market (Aowin),2.08,GHS,WFP-GIEWS-Ghana
2023-10-09,maize,Aowin,Enchi Market (Aowin),2.29,GHS,WFP-GIEWS-Ghana
2023-10-16,maize,Aowin,Enchi Market (Aowin),2.18,GHS,WFP-GIEWS-Ghana
2023-10-23,maize,Aowin,Enchi Market (Aowin),2.21,GHS,WFP-GIEWS-Ghana
2023-10-30,maize,Aowin,Enchi Market (Aowin),2.12,GHS,WFP-GIEWS-Ghana
2023-11-06,maize,Aowin,Enchi Market (Aowin),2.2,GHS,WFP-GIEWS-Ghana
2023-11-13,maize,Aowin,Enchi Market (Aowin),2.34,GHS,WFP-GIEWS-Ghana
2023-11-20,maize,Aowin,Enchi Market (Aowin),2.28,GHS,WFP-GIEWS-Ghana
2023-11-27,maize,Aowin,Enchi Market (Aowin),2.38,GHS,WFP-GIEWS-Ghana
2023-12-04,maize,Aowin,Enchi Market (Aowin),2.35,GHS,WFP-GIEWS-Ghana
2023-12-11,maize,Aowin,Enchi Market (Aowin),2.28,GHS,WFP-GIEWS-Ghana
2023-12-18,maize,Aowin,Enchi Market (Aowin),2.4,GHS,WFP-GIEWS-Ghana
2023-12-25,maize,Aowin,Enchi Market (Aowin),2.28,GHS,WFP-GIEWS-Ghana
2024-01-01,maize,Aowin,Enchi Market (Aowin),2.96,GHS,WFP-GIEWS-Ghana
2024-01-08,maize,Aowin,Enchi Market (Aowin),2.83,GHS,WFP-GIEWS-Ghana
2024-01-15,maize,Aowin,Enchi Market (Aowin),2.87,GHS,WFP-GIEWS-Ghana
2024-01-22,maize,Aowin,Enchi Market (Aowin),2.79,GHS,WFP-GIEWS-Ghana
2024-01-29,maize,Aowin,Enchi Market (Aowin),2.98,GHS,WFP-GIEWS-Ghana
2024-02-05,maize,Aowin,Enchi Market (Aowin),2.75,GHS,WFP-GIEWS-Ghana
2024-02-12,maize,Aowin,Enchi Market (Aowin),2.97,GHS,WFP-GIEWS-Ghana
2024-02-19,maize,Aowin,Enchi Market (Aowin),2.86,GHS,WFP-GIEWS-Ghana
2024-02-26,maize,Aowin,Enchi Market (Aowin),3.02,GHS,WFP-GIEWS-Ghana
2024-03-04,maize,Aowin,Enchi Market (Aowin),2.55,GHS,WFP-GIEWS-Ghana
2024-03-11,maize,Aowin,Enchi Market (Aowin),2.65,GHS,WFP-GIEWS-Ghana
2024-03-18,maize,Aowin,Enchi Market (Aowin),2.54,GHS,WFP-GIEWS-Ghana
2024-03-25,maize,Aowin,Enchi Market (Aowin),2.32,GHS,WFP-GIEWS-Ghana
2024-04-01,maize,Aowin,Enchi Market (Aowin),2.48,GHS,WFP-GIEWS-Ghana
2024-04-08,maize,Aowin,Enchi Market (Aowin),2.37,GHS,WFP-GIEWS-Ghana
2024-04-15,maize,Aowin,Enchi Market (Aowin),2.44,GHS,WFP-GIEWS-Ghana
2024-04-22,maize,Aowin,Enchi Market (Aowin),2.64,GHS,WFP-GIEWS-Ghana
2024-04-29,maize,Aowin,Enchi Market (Aowin),2.55,GHS,WFP-GIEWS-Ghana
2024-05-06,maize,Aowin,Enchi Market (Aowin),2.43,GHS,WFP-GIEWS-Ghana
2024-05-13,maize,Aowin,Enchi Market (Aowin),2.4,GHS,WFP-GIEWS-Ghana
2024-05-20,maize,Aowin,Enchi Market (Aowin),2.51,GHS,WFP-GIEWS-Ghana
2024-05-27,maize,Aowin,Enchi Market (Aowin),2.38,GHS,WFP-GIEWS-Ghana
2024-06-03,maize,Aowin,Enchi Market (Aowin),2.67,GHS,WFP-GIEWS-Ghana
2024-06-10,maize,Aowin,Enchi Market (Aowin),2.77,GHS,WFP-GIEWS-Ghana
2024-06-17,maize,Aowin,Enchi Market (Aowin),2.87,GHS,WFP-GIEWS-Ghana
2024-06-24,maize,Aowin,Enchi Market (Aowin),2.81,GHS,WFP-GIEWS-Ghana
2024-07-01,maize,Aowin,Enchi Market (Aowin),2.81,GHS,WFP-GIEWS-Ghana
2024-07-08,maize,Aowin,Enchi Market (Aowin),3.13,GHS,WFP-GIEWS-Ghana
2024-07-15,maize,Aowin,Enchi Market (Aowin),3.1,GHS,WFP-GIEWS-Ghana
2024-07-22,maize,Aowin,Enchi Market (Aowin),3.14,GHS,WFP-GIEWS-Ghana
2024-07-29,maize,Aowin,Enchi Market (Aowin),3.29,GHS,WFP-GIEWS-Ghana
2024-08-05,maize,Aowin,Enchi Market (Aowin),2.85,GHS,WFP-GIEWS-Ghana
2024-08-12,maize,Aowin,Enchi Market (Aowin),3.03,GHS,WFP-GIEWS-Ghana
2024-08-19,maize,Aowin,Enchi Market (Aowin),3.18,GHS,WFP-GIEWS-Ghana
2024-08-26,maize,Aowin,Enchi Market (Aowin),2.91,GHS,WFP-GIEWS-Ghana
2024-09-02,maize,Aowin,Enchi Market (Aowin),2.96,GHS,WFP-GIEWS-Ghana
2024-09-09,maize,Aowin,Enchi Market (Aowin),2.83,GHS,WFP-GIEWS-Ghana
2024-09-16,maize,Aowin,Enchi Market (Aowin),2.89,GHS,WFP-GIEWS-Ghana
2024-09-23,maize,Aowin,Enchi Market (Aowin),2.73,GHS,WFP-GIEWS-Ghana
2024-09-30,maize,Aowin,Enchi Market (Aowin),2.88,GHS,WFP-GIEWS-Ghana
2024-10-07,maize,Aowin,Enchi Market (Aowin),2.49,GHS,WFP-GIEWS-Ghana
2024-10-14,maize,Aowin,Enchi Market (Aowin),2.41,GHS,WFP-GIEWS-Ghana
2024-10-21,maize,Aowin,Enchi Market (Aowin),2.41,GHS,WFP-GIEWS-Ghana
2024-10-28,maize,Aowin,Enchi Market (Aowin),2.42,GHS,WFP-GIEWS-Ghana
2024-11-04,maize,Aowin,Enchi Market (Aowin),2.32,GHS,WFP-GIEWS-Ghana
2024-11-11,maize,Aowin,Enchi Market (Aowin),2.39,GHS,WFP-GIEWS-Ghana
2024-11-18,maize,Aowin,Enchi Market (Aowin),2.39,GHS,WFP-GIEWS-Ghana
2024-11-25,maize,Aowin,Enchi Market (Aowin),2.44,GHS,WFP-GIEWS-Ghana
2024-12-02,maize,Aowin,Enchi Market (Aowin),2.52,GHS,WFP-GIEWS-Ghana
2024-12-09,maize,Aowin,Enchi Market (Aowin),2.32,GHS,WFP-GIEWS-Ghana
2024-12-16,maize,Aowin,Enchi Market (Aowin),2.41,GHS,WFP-GIEWS-Ghana
2024-12-23,maize,Aowin,Enchi Market (Aowin),2.56,GHS,WFP-GIEWS-Ghana
2024-12-30,maize,Aowin,Enchi Market (Aowin),2.35,GHS,WFP-GIEWS-Ghana
2018-01-01,maize,Bibiani,Bibiani Central Market,1.86,GHS,WFP-GIEWS-Ghana
2018-01-08,maize,Bibiani,Bibiani Central Market,1.91,GHS,WFP-GIEWS-Ghana
2018-01-15,maize,Bibiani,Bibiani Central Market,1.85,GHS,WFP-GIEWS-Ghana
2018-01-22,maize,Bibiani,Bibiani Central Market,1.94,GHS,WFP-GIEWS-Ghana
2018-01-29,maize,Bibiani,Bibiani Central Market,1.91,GHS,WFP-GIEWS-Ghana
2018-02-05,maize,Bibiani,Bibiani Central Market,1.92,GHS,WFP-GIEWS-Ghana
2018-02-12,maize,Bibiani,Bibiani Central Market,1.9,GHS,WFP-GIEWS-Ghana
2018-02-19,maize,Bibiani,Bibiani Central Market,2.03,GHS,WFP-GIEWS-Ghana
2018-02-26,maize,Bibiani,Bibiani Central Market,1.84,GHS,WFP-GIEWS-Ghana
2018-03-05,maize,Bibiani,Bibiani Central Market,1.46,GHS,WFP-GIEWS-Ghana
2018-03-12,maize,Bibiani,Bibiani Central Market,1.69,GHS,WFP-GIEWS-Ghana
2018-03-19,maize,Bibiani,Bibiani Central Market,1.56,GHS,WFP-GIEWS-Ghana
2018-03-26,maize,Bibiani,Bibiani Central Market,1.6,GHS,WFP-GIEWS-Ghana
2018-04-02,maize,Bibiani,Bibiani Central Market,1.69,GHS,WFP-GIEWS-Ghana
2018-04-09,maize,Bibiani,Bibiani Central Market,1.5,GHS,WFP-GIEWS-Ghana
2018-04-16,maize,Bibiani,Bibiani Central Market,1.52,GHS,WFP-GIEWS-Ghana
2018-04-23,maize,Bibiani,Bibiani Central Market,1.5,GHS,WFP-GIEWS-Ghana
2018-04-30,maize,Bibiani,Bibiani Central Market,1.55,GHS,WFP-GIEWS-Ghana
2018-05-07,maize,Bibiani,Bibiani Central Market,1.64,GHS,WFP-GIEWS-Ghana
2018-05-14,maize,Bibiani,Bibiani Central Market,1.65,GHS,WFP-GIEWS-Ghana
2018-05-21,maize,Bibiani,Bibiani Central Market,1.63,GHS,WFP-GIEWS-Ghana
2018-05-28,maize,Bibiani,Bibiani Central Market,1.52,GHS,WFP-GIEWS-Ghana
2018-06-04,maize,Bibiani,Bibiani Central Market,1.6,GHS,WFP-GIEWS-Ghana
2018-06-11,maize,Bibiani,Bibiani Central Market,1.77,GHS,WFP-GIEWS-Ghana
2018-06-18,maize,Bibiani,Bibiani Central Market,1.73,GHS,WFP-GIEWS-Ghana
2018-06-25,maize,Bibiani,Bibiani Central Market,1.8,GHS,WFP-GIEWS-Ghana
2018-07-02,maize,Bibiani,Bibiani Central Market,2.04,GHS,WFP-GIEWS-Ghana
2018-07-09,maize,Bibiani,Bibiani Central Market,2.0,GHS,WFP-GIEWS-Ghana
2018-07-16,maize,Bibiani,Bibiani Central Market,2.05,GHS,WFP-GIEWS-Ghana
2018-07-23,maize,Bibiani,Bibiani Central Market,2.01,GHS,WFP-GIEWS-Ghana
2018-07-30,maize,Bibiani,Bibiani Central Market,2.03,GHS,WFP-GIEWS-Ghana
2018-08-06,maize,Bibiani,Bibiani Central Market,1.95,GHS,WFP-GIEWS-Ghana
2018-08-13,maize,Bibiani,Bibiani Central Market,1.99,GHS,WFP-GIEWS-Ghana
2018-08-20,maize,Bibiani,Bibiani Central Market,2.02,GHS,WFP-GIEWS-Ghana
2018-08-27,maize,Bibiani,Bibiani Central Market,2.07,GHS,WFP-GIEWS-Ghana
2018-09-03,maize,Bibiani,Bibiani Central Market,1.77,GHS,WFP-GIEWS-Ghana
2018-09-10,maize,Bibiani,Bibiani Central Market,1.84,GHS,WFP-GIEWS-Ghana
2018-09-17,maize,Bibiani,Bibiani Central Market,1.78,GHS,WFP-GIEWS-Ghana
2018-09-24,maize,Bibiani,Bibiani Central Market,1.79,GHS,WFP-GIEWS-Ghana
2018-10-01,maize,Bibiani,Bibiani Central Market,1.59,GHS,WFP-GIEWS-Ghana
2018-10-08,maize,Bibiani,Bibiani Central Market,1.42,GHS,WFP-GIEWS-Ghana
2018-10-15,maize,Bibiani,Bibiani Central Market,1.46,GHS,WFP-GIEWS-Ghana
2018-10-22,maize,Bibiani,Bibiani Central Market,1.45,GHS,WFP-GIEWS-Ghana
2018-10-29,maize,Bibiani,Bibiani Central Market,1.39,GHS,WFP-GIEWS-Ghana
2018-11-05,maize,Bibiani,Bibiani Central Market,1.51,GHS,WFP-GIEWS-Ghana
2018-11-12,maize,Bibiani,Bibiani Central Market,1.59,GHS,WFP-GIEWS-Ghana
2018-11-19,maize,Bibiani,Bibiani Central Market,1.53,GHS,WFP-GIEWS-Ghana
2018-11-26,maize,Bibiani,Bibiani Central Market,1.56,GHS,WFP-GIEWS-Ghana
2018-12-03,maize,Bibiani,Bibiani Central Market,1.63,GHS,WFP-GIEWS-Ghana
2018-12-10,maize,Bibiani,Bibiani Central Market,1.64,GHS,WFP-GIEWS-Ghana
2018-12-17,maize,Bibiani,Bibiani Central Market,1.55,GHS,WFP-GIEWS-Ghana
2018-12-24,maize,Bibiani,Bibiani Central Market,1.64,GHS,WFP-GIEWS-Ghana
2018-12-31,maize,Bibiani,Bibiani Central Market,1.56,GHS,WFP-GIEWS-Ghana
2019-01-07,maize,Bibiani,Bibiani Central Market,1.93,GHS,WFP-GIEWS-Ghana
2019-01-14,maize,Bibiani,Bibiani Central Market,1.95,GHS,WFP-GIEWS-Ghana
2019-01-21,maize,Bibiani,Bibiani Central Market,1.87,GHS,WFP-GIEWS-Ghana
2019-01-28,maize,Bibiani,Bibiani Central Market,1.92,GHS,WFP-GIEWS-Ghana
2019-02-04,maize,Bibiani,Bibiani Central Market,1.98,GHS,WFP-GIEWS-Ghana
2019-02-11,maize,Bibiani,Bibiani Central Market,2.07,GHS,WFP-GIEWS-Ghana
2019-02-18,maize,Bibiani,Bibiani Central Market,2.14,GHS,WFP-GIEWS-Ghana
2019-02-25,maize,Bibiani,Bibiani Central Market,1.89,GHS,WFP-GIEWS-Ghana
2019-03-04,maize,Bibiani,Bibiani Central Market,1.75,GHS,WFP-GIEWS-Ghana
2019-03-11,maize,Bibiani,Bibiani Central Market,1.65,GHS,WFP-GIEWS-Ghana
2019-03-18,maize,Bibiani,Bibiani Central Market,1.75,GHS,WFP-GIEWS-Ghana
2019-03-25,maize,Bibiani,Bibiani Central Market,1.71,GHS,WFP-GIEWS-Ghana
2019-04-01,maize,Bibiani,Bibiani Central Market,1.6,GHS,WFP-GIEWS-Ghana
2019-04-08,maize,Bibiani,Bibiani Central Market,1.79,GHS,WFP-GIEWS-Ghana
2019-04-15,maize,Bibiani,Bibiani Central Market,1.69,GHS,WFP-GIEWS-Ghana
2019-04-22,maize,Bibiani,Bibiani Central Market,1.69,GHS,WFP-GIEWS-Ghana
2019-04-29,maize,Bibiani,Bibiani Central Market,1.66,GHS,WFP-GIEWS-Ghana
2019-05-06,maize,Bibiani,Bibiani Central Market,1.7,GHS,WFP-GIEWS-Ghana
2019-05-13,maize,Bibiani,Bibiani Central Market,1.77,GHS,WFP-GIEWS-Ghana
2019-05-20,maize,Bibiani,Bibiani Central Market,1.73,GHS,WFP-GIEWS-Ghana
2019-05-27,maize,Bibiani,Bibiani Central Market,1.76,GHS,WFP-GIEWS-Ghana
2019-06-03,maize,Bibiani,Bibiani Central Market,1.93,GHS,WFP-GIEWS-Ghana
2019-06-10,maize,Bibiani,Bibiani Central Market,2.01,GHS,WFP-GIEWS-Ghana
2019-06-17,maize,Bibiani,Bibiani Central Market,1.88,GHS,WFP-GIEWS-Ghana
2019-06-24,maize,Bibiani,Bibiani Central Market,1.79,GHS,WFP-GIEWS-Ghana
2019-07-01,maize,Bibiani,Bibiani Central Market,2.24,GHS,WFP-GIEWS-Ghana
2019-07-08,maize,Bibiani,Bibiani Central Market,2.12,GHS,WFP-GIEWS-Ghana
2019-07-15,maize,Bibiani,Bibiani Central Market,2.24,GHS,WFP-GIEWS-Ghana
2019-07-22,maize,Bibiani,Bibiani Central Market,2.18,GHS,WFP-GIEWS-Ghana
2019-07-29,maize,Bibiani,Bibiani Central Market,2.14,GHS,WFP-GIEWS-Ghana
2019-08-05,maize,Bibiani,Bibiani Central Market,2.19,GHS,WFP-GIEWS-Ghana
2019-08-12,maize,Bibiani,Bibiani Central Market,2.33,GHS,WFP-GIEWS-Ghana
2019-08-19,maize,Bibiani,Bibiani Central Market,2.34,GHS,WFP-GIEWS-Ghana
2019-08-26,maize,Bibiani,Bibiani Central Market,2.17,GHS,WFP-GIEWS-Ghana
2019-09-02,maize,Bibiani,Bibiani Central Market,1.95,GHS,WFP-GIEWS-Ghana
2019-09-09,maize,Bibiani,Bibiani Central Market,2.03,GHS,WFP-GIEWS-Ghana
2019-09-16,maize,Bibiani,Bibiani Central Market,1.88,GHS,WFP-GIEWS-Ghana
2019-09-23,maize,Bibiani,Bibiani Central Market,1.97,GHS,WFP-GIEWS-Ghana
2019-09-30,maize,Bibiani,Bibiani Central Market,1.94,GHS,WFP-GIEWS-Ghana
2019-10-07,maize,Bibiani,Bibiani Central Market,1.68,GHS,WFP-GIEWS-Ghana
2019-10-14,maize,Bibiani,Bibiani Central Market,1.61,GHS,WFP-GIEWS-Ghana
2019-10-21,maize,Bibiani,Bibiani Central Market,1.56,GHS,WFP-GIEWS-Ghana
2019-10-28,maize,Bibiani,Bibiani Central Market,1.52,GHS,WFP-GIEWS-Ghana
2019-11-04,maize,Bibiani,Bibiani Central Market,1.6,GHS,WFP-GIEWS-Ghana
2019-11-11,maize,Bibiani,Bibiani Central Market,1.64,GHS,WFP-GIEWS-Ghana
2019-11-18,maize,Bibiani,Bibiani Central Market,1.65,GHS,WFP-GIEWS-Ghana
2019-11-25,maize,Bibiani,Bibiani Central Market,1.8,GHS,WFP-GIEWS-Ghana
2019-12-02,maize,Bibiani,Bibiani Central Market,1.76,GHS,WFP-GIEWS-Ghana
2019-12-09,maize,Bibiani,Bibiani Central Market,1.62,GHS,WFP-GIEWS-Ghana
2019-12-16,maize,Bibiani,Bibiani Central Market,1.71,GHS,WFP-GIEWS-Ghana
2019-12-23,maize,Bibiani,Bibiani Central Market,1.66,GHS,WFP-GIEWS-Ghana
2019-12-30,maize,Bibiani,Bibiani Central Market,1.66,GHS,WFP-GIEWS-Ghana
2020-01-06,maize,Bibiani,Bibiani Central Market,2.17,GHS,WFP-GIEWS-Ghana
2020-01-13,maize,Bibiani,Bibiani Central Market,2.21,GHS,WFP-GIEWS-Ghana
2020-01-20,maize,Bibiani,Bibiani Central Market,2.12,GHS,WFP-GIEWS-Ghana
2020-01-27,maize,Bibiani,Bibiani Central Market,2.24,GHS,WFP-GIEWS-Ghana
2020-02-03,maize,Bibiani,Bibiani Central Market,2.07,GHS,WFP-GIEWS-Ghana
2020-02-10,maize,Bibiani,Bibiani Central Market,2.17,GHS,WFP-GIEWS-Ghana
2020-02-17,maize,Bibiani,Bibiani Central Market,2.39,GHS,WFP-GIEWS-Ghana
2020-02-24,maize,Bibiani,Bibiani Central Market,2.19,GHS,WFP-GIEWS-Ghana
2020-03-02,maize,Bibiani,Bibiani Central Market,1.96,GHS,WFP-GIEWS-Ghana
2020-03-09,maize,Bibiani,Bibiani Central Market,1.86,GHS,WFP-GIEWS-Ghana
2020-03-16,maize,Bibiani,Bibiani Central Market,1.9,GHS,WFP-GIEWS-Ghana
2020-03-23,maize,Bibiani,Bibiani Central Market,1.85,GHS,WFP-GIEWS-Ghana
2020-03-30,maize,Bibiani,Bibiani Central Market,1.84,GHS,WFP-GIEWS-Ghana
2020-04-06,maize,Bibiani,Bibiani Central Market,1.81,GHS,WFP-GIEWS-Ghana
2020-04-13,maize,Bibiani,Bibiani Central Market,1.9,GHS,WFP-GIEWS-Ghana
2020-04-20,maize,Bibiani,Bibiani Central Market,1.81,GHS,WFP-GIEWS-Ghana
2020-04-27,maize,Bibiani,Bibiani Central Market,1.92,GHS,WFP-GIEWS-Ghana
2020-05-04,maize,Bibiani,Bibiani Central Market,1.96,GHS,WFP-GIEWS-Ghana
2020-05-11,maize,Bibiani,Bibiani Central Market,1.91,GHS,WFP-GIEWS-Ghana
2020-05-18,maize,Bibiani,Bibiani Central Market,1.86,GHS,WFP-GIEWS-Ghana
2020-05-25,maize,Bibiani,Bibiani Central Market,1.92,GHS,WFP-GIEWS-Ghana
2020-06-01,maize,Bibiani,Bibiani Central Market,2.03,GHS,WFP-GIEWS-Ghana
2020-06-08,maize,Bibiani,Bibiani Central Market,2.13,GHS,WFP-GIEWS-Ghana
2020-06-15,maize,Bibiani,Bibiani Central Market,1.91,GHS,WFP-GIEWS-Ghana
2020-06-22,maize,Bibiani,Bibiani Central Market,2.03,GHS,WFP-GIEWS-Ghana
2020-06-29,maize,Bibiani,Bibiani Central Market,1.89,GHS,WFP-GIEWS-Ghana
2020-07-06,maize,Bibiani,Bibiani Central Market,2.18,GHS,WFP-GIEWS-Ghana
2020-07-13,maize,Bibiani,Bibiani Central Market,2.45,GHS,WFP-GIEWS-Ghana
2020-07-20,maize,Bibiani,Bibiani Central Market,2.4,GHS,WFP-GIEWS-Ghana
2020-07-27,maize,Bibiani,Bibiani Central Market,2.25,GHS,WFP-GIEWS-Ghana
2020-08-03,maize,Bibiani,Bibiani Central Market,2.19,GHS,WFP-GIEWS-Ghana
2020-08-10,maize,Bibiani,Bibiani Central Market,2.06,GHS,WFP-GIEWS-Ghana
2020-08-17,maize,Bibiani,Bibiani Central Market,2.28,GHS,WFP-GIEWS-Ghana
2020-08-24,maize,Bibiani,Bibiani Central Market,2.56,GHS,WFP-GIEWS-Ghana
2020-08-31,maize,Bibiani,Bibiani Central Market,2.38,GHS,WFP-GIEWS-Ghana
2020-09-07,maize,Bibiani,Bibiani Central Market,2.05,GHS,WFP-GIEWS-Ghana
2020-09-14,maize,Bibiani,Bibiani Central Market,2.14,GHS,WFP-GIEWS-Ghana
2020-09-21,maize,Bibiani,Bibiani Central Market,1.97,GHS,WFP-GIEWS-Ghana
2020-09-28,maize,Bibiani,Bibiani Central Market,2.07,GHS,WFP-GIEWS-Ghana
2020-10-05,maize,Bibiani,Bibiani Central Market,1.8,GHS,WFP-GIEWS-Ghana
2020-10-12,maize,Bibiani,Bibiani Central Market,1.79,GHS,WFP-GIEWS-Ghana
2020-10-19,maize,Bibiani,Bibiani Central Market,1.85,GHS,WFP-GIEWS-Ghana
2020-10-26,maize,Bibiani,Bibiani Central Market,1.82,GHS,WFP-GIEWS-Ghana
2020-11-02,maize,Bibiani,Bibiani Central Market,1.85,GHS,WFP-GIEWS-Ghana
2020-11-09,maize,Bibiani,Bibiani Central Market,1.76,GHS,WFP-GIEWS-Ghana
2020-11-16,maize,Bibiani,Bibiani Central Market,1.87,GHS,WFP-GIEWS-Ghana
2020-11-23,maize,Bibiani,Bibiani Central Market,1.92,GHS,WFP-GIEWS-Ghana
2020-11-30,maize,Bibiani,Bibiani Central Market,1.74,GHS,WFP-GIEWS-Ghana
2020-12-07,maize,Bibiani,Bibiani Central Market,1.75,GHS,WFP-GIEWS-Ghana
2020-12-14,maize,Bibiani,Bibiani Central Market,1.91,GHS,WFP-GIEWS-Ghana
2020-12-21,maize,Bibiani,Bibiani Central Market,1.8,GHS,WFP-GIEWS-Ghana
2020-12-28,maize,Bibiani,Bibiani Central Market,1.92,GHS,WFP-GIEWS-Ghana
2021-01-04,maize,Bibiani,Bibiani Central Market,2.28,GHS,WFP-GIEWS-Ghana
2021-01-11,maize,Bibiani,Bibiani Central Market,2.46,GHS,WFP-GIEWS-Ghana
2021-01-18,maize,Bibiani,Bibiani Central Market,2.34,GHS,WFP-GIEWS-Ghana
2021-01-25,maize,Bibiani,Bibiani Central Market,2.35,GHS,WFP-GIEWS-Ghana
2021-02-01,maize,Bibiani,Bibiani Central Market,2.49,GHS,WFP-GIEWS-Ghana
2021-02-08,maize,Bibiani,Bibiani Central Market,2.31,GHS,WFP-GIEWS-Ghana
2021-02-15,maize,Bibiani,Bibiani Central Market,2.25,GHS,WFP-GIEWS-Ghana
2021-02-22,maize,Bibiani,Bibiani Central Market,2.3,GHS,WFP-GIEWS-Ghana
2021-03-01,maize,Bibiani,Bibiani Central Market,2.04,GHS,WFP-GIEWS-Ghana
2021-03-08,maize,Bibiani,Bibiani Central Market,1.88,GHS,WFP-GIEWS-Ghana
2021-03-15,maize,Bibiani,Bibiani Central Market,2.06,GHS,WFP-GIEWS-Ghana
2021-03-22,maize,Bibiani,Bibiani Central Market,1.96,GHS,WFP-GIEWS-Ghana
2021-03-29,maize,Bibiani,Bibiani Central Market,2.1,GHS,WFP-GIEWS-Ghana
2021-04-05,maize,Bibiani,Bibiani Central Market,1.83,GHS,WFP-GIEWS-Ghana
2021-04-12,maize,Bibiani,Bibiani Central Market,1.96,GHS,WFP-GIEWS-Ghana
2021-04-19,maize,Bibiani,Bibiani Central Market,1.88,GHS,WFP-GIEWS-Ghana
2021-04-26,maize,Bibiani,Bibiani Central Market,1.95,GHS,WFP-GIEWS-Ghana
2021-05-03,maize,Bibiani,Bibiani Central Market,2.05,GHS,WFP-GIEWS-Ghana
2021-05-10,maize,Bibiani,Bibiani Central Market,2.02,GHS,WFP-GIEWS-Ghana
2021-05-17,maize,Bibiani,Bibiani Central Market,2.01,GHS,WFP-GIEWS-Ghana
2021-05-24,maize,Bibiani,Bibiani Central Market,2.02,GHS,WFP-GIEWS-Ghana
2021-05-31,maize,Bibiani,Bibiani Central Market,2.05,GHS,WFP-GIEWS-Ghana
2021-06-07,maize,Bibiani,Bibiani Central Market,2.13,GHS,WFP-GIEWS-Ghana
2021-06-14,maize,Bibiani,Bibiani Central Market,2.29,GHS,WFP-GIEWS-Ghana
2021-06-21,maize,Bibiani,Bibiani Central Market,2.28,GHS,WFP-GIEWS-Ghana
2021-06-28,maize,Bibiani,Bibiani Central Market,2.26,GHS,WFP-GIEWS-Ghana
2021-07-05,maize,Bibiani,Bibiani Central Market,2.56,GHS,WFP-GIEWS-Ghana
2021-07-12,maize,Bibiani,Bibiani Central Market,2.53,GHS,WFP-GIEWS-Ghana
2021-07-19,maize,Bibiani,Bibiani Central Market,2.71,GHS,WFP-GIEWS-Ghana
2021-07-26,maize,Bibiani,Bibiani Central Market,2.5,GHS,WFP-GIEWS-Ghana
2021-08-02,maize,Bibiani,Bibiani Central Market,2.49,GHS,WFP-GIEWS-Ghana
2021-08-09,maize,Bibiani,Bibiani Central Market,2.45,GHS,WFP-GIEWS-Ghana
2021-08-16,maize,Bibiani,Bibiani Central Market,2.42,GHS,WFP-GIEWS-Ghana
2021-08-23,maize,Bibiani,Bibiani Central Market,2.4,GHS,WFP-GIEWS-Ghana
2021-08-30,maize,Bibiani,Bibiani Central Market,2.43,GHS,WFP-GIEWS-Ghana
2021-09-06,maize,Bibiani,Bibiani Central Market,2.26,GHS,WFP-GIEWS-Ghana
2021-09-13,maize,Bibiani,Bibiani Central Market,2.3,GHS,WFP-GIEWS-Ghana
2021-09-20,maize,Bibiani,Bibiani Central Market,2.27,GHS,WFP-GIEWS-Ghana
2021-09-27,maize,Bibiani,Bibiani Central Market,2.2,GHS,WFP-GIEWS-Ghana
2021-10-04,maize,Bibiani,Bibiani Central Market,2.01,GHS,WFP-GIEWS-Ghana
2021-10-11,maize,Bibiani,Bibiani Central Market,2.0,GHS,WFP-GIEWS-Ghana
2021-10-18,maize,Bibiani,Bibiani Central Market,1.93,GHS,WFP-GIEWS-Ghana
2021-10-25,maize,Bibiani,Bibiani Central Market,1.89,GHS,WFP-GIEWS-Ghana
2021-11-01,maize,Bibiani,Bibiani Central Market,1.99,GHS,WFP-GIEWS-Ghana
2021-11-08,maize,Bibiani,Bibiani Central Market,1.97,GHS,WFP-GIEWS-Ghana
2021-11-15,maize,Bibiani,Bibiani Central Market,1.84,GHS,WFP-GIEWS-Ghana
2021-11-22,maize,Bibiani,Bibiani Central Market,1.95,GHS,WFP-GIEWS-Ghana
2021-11-29,maize,Bibiani,Bibiani Central Market,1.97,GHS,WFP-GIEWS-Ghana
2021-12-06,maize,Bibiani,Bibiani Central Market,1.89,GHS,WFP-GIEWS-Ghana
2021-12-13,maize,Bibiani,Bibiani Central Market,1.98,GHS,WFP-GIEWS-Ghana
2021-12-20,maize,Bibiani,Bibiani Central Market,1.85,GHS,WFP-GIEWS-Ghana
2021-12-27,maize,Bibiani,Bibiani Central Market,2.07,GHS,WFP-GIEWS-Ghana
2022-01-03,maize,Bibiani,Bibiani Central Market,2.64,GHS,WFP-GIEWS-Ghana
2022-01-10,maize,Bibiani,Bibiani Central Market,2.49,GHS,WFP-GIEWS-Ghana
2022-01-17,maize,Bibiani,Bibiani Central Market,2.55,GHS,WFP-GIEWS-Ghana
2022-01-24,maize,Bibiani,Bibiani Central Market,2.27,GHS,WFP-GIEWS-Ghana
2022-01-31,maize,Bibiani,Bibiani Central Market,2.39,GHS,WFP-GIEWS-Ghana
2022-02-07,maize,Bibiani,Bibiani Central Market,2.5,GHS,WFP-GIEWS-Ghana
2022-02-14,maize,Bibiani,Bibiani Central Market,2.42,GHS,WFP-GIEWS-Ghana
2022-02-21,maize,Bibiani,Bibiani Central Market,2.6,GHS,WFP-GIEWS-Ghana
2022-02-28,maize,Bibiani,Bibiani Central Market,2.73,GHS,WFP-GIEWS-Ghana
2022-03-07,maize,Bibiani,Bibiani Central Market,2.06,GHS,WFP-GIEWS-Ghana
2022-03-14,maize,Bibiani,Bibiani Central Market,2.09,GHS,WFP-GIEWS-Ghana
2022-03-21,maize,Bibiani,Bibiani Central Market,2.19,GHS,WFP-GIEWS-Ghana
2022-03-28,maize,Bibiani,Bibiani Central Market,2.31,GHS,WFP-GIEWS-Ghana
2022-04-04,maize,Bibiani,Bibiani Central Market,2.07,GHS,WFP-GIEWS-Ghana
2022-04-11,maize,Bibiani,Bibiani Central Market,2.2,GHS,WFP-GIEWS-Ghana
2022-04-18,maize,Bibiani,Bibiani Central Market,2.34,GHS,WFP-GIEWS-Ghana
2022-04-25,maize,Bibiani,Bibiani Central Market,2.04,GHS,WFP-GIEWS-Ghana
2022-05-02,maize,Bibiani,Bibiani Central Market,2.08,GHS,WFP-GIEWS-Ghana
2022-05-09,maize,Bibiani,Bibiani Central Market,2.16,GHS,WFP-GIEWS-Ghana
2022-05-16,maize,Bibiani,Bibiani Central Market,2.15,GHS,WFP-GIEWS-Ghana
2022-05-23,maize,Bibiani,Bibiani Central Market,2.27,GHS,WFP-GIEWS-Ghana
2022-05-30,maize,Bibiani,Bibiani Central Market,2.22,GHS,WFP-GIEWS-Ghana
2022-06-06,maize,Bibiani,Bibiani Central Market,2.23,GHS,WFP-GIEWS-Ghana
2022-06-13,maize,Bibiani,Bibiani Central Market,2.45,GHS,WFP-GIEWS-Ghana
2022-06-20,maize,Bibiani,Bibiani Central Market,2.34,GHS,WFP-GIEWS-Ghana
2022-06-27,maize,Bibiani,Bibiani Central Market,2.52,GHS,WFP-GIEWS-Ghana
2022-07-04,maize,Bibiani,Bibiani Central Market,2.64,GHS,WFP-GIEWS-Ghana
2022-07-11,maize,Bibiani,Bibiani Central Market,2.64,GHS,WFP-GIEWS-Ghana
2022-07-18,maize,Bibiani,Bibiani Central Market,2.76,GHS,WFP-GIEWS-Ghana
2022-07-25,maize,Bibiani,Bibiani Central Market,2.79,GHS,WFP-GIEWS-Ghana
2022-08-01,maize,Bibiani,Bibiani Central Market,2.77,GHS,WFP-GIEWS-Ghana
2022-08-08,maize,Bibiani,Bibiani Central Market,2.54,GHS,WFP-GIEWS-Ghana
2022-08-15,maize,Bibiani,Bibiani Central Market,2.78,GHS,WFP-GIEWS-Ghana
2022-08-22,maize,Bibiani,Bibiani Central Market,2.61,GHS,WFP-GIEWS-Ghana
2022-08-29,maize,Bibiani,Bibiani Central Market,2.75,GHS,WFP-GIEWS-Ghana
2022-09-05,maize,Bibiani,Bibiani Central Market,2.31,GHS,WFP-GIEWS-Ghana
2022-09-12,maize,Bibiani,Bibiani Central Market,2.49,GHS,WFP-GIEWS-Ghana
2022-09-19,maize,Bibiani,Bibiani Central Market,2.37,GHS,WFP-GIEWS-Ghana
2022-09-26,maize,Bibiani,Bibiani Central Market,2.32,GHS,WFP-GIEWS-Ghana
2022-10-03,maize,Bibiani,Bibiani Central Market,2.15,GHS,WFP-GIEWS-Ghana
2022-10-10,maize,Bibiani,Bibiani Central Market,2.11,GHS,WFP-GIEWS-Ghana
2022-10-17,maize,Bibiani,Bibiani Central Market,2.04,GHS,WFP-GIEWS-Ghana
2022-10-24,maize,Bibiani,Bibiani Central Market,2.21,GHS,WFP-GIEWS-Ghana
2022-10-31,maize,Bibiani,Bibiani Central Market,2.06,GHS,WFP-GIEWS-Ghana
2022-11-07,maize,Bibiani,Bibiani Central Market,2.11,GHS,WFP-GIEWS-Ghana
2022-11-14,maize,Bibiani,Bibiani Central Market,2.13,GHS,WFP-GIEWS-Ghana
2022-11-21,maize,Bibiani,Bibiani Central Market,2.05,GHS,WFP-GIEWS-Ghana
2022-11-28,maize,Bibiani,Bibiani Central Market,2.15,GHS,WFP-GIEWS-Ghana
2022-12-05,maize,Bibiani,Bibiani Central Market,2.08,GHS,WFP-GIEWS-Ghana
2022-12-12,maize,Bibiani,Bibiani Central Market,2.09,GHS,WFP-GIEWS-Ghana
2022-12-19,maize,Bibiani,Bibiani Central Market,2.24,GHS,WFP-GIEWS-Ghana
2022-12-26,maize,Bibiani,Bibiani Central Market,2.03,GHS,WFP-GIEWS-Ghana
2023-01-02,maize,Bibiani,Bibiani Central Market,2.45,GHS,WFP-GIEWS-Ghana
2023-01-09,maize,Bibiani,Bibiani Central Market,2.89,GHS,WFP-GIEWS-Ghana
2023-01-16,maize,Bibiani,Bibiani Central Market,2.99,GHS,WFP-GIEWS-Ghana
2023-01-23,maize,Bibiani,Bibiani Central Market,2.67,GHS,WFP-GIEWS-Ghana
2023-01-30,maize,Bibiani,Bibiani Central Market,2.5,GHS,WFP-GIEWS-Ghana
2023-02-06,maize,Bibiani,Bibiani Central Market,2.69,GHS,WFP-GIEWS-Ghana
2023-02-13,maize,Bibiani,Bibiani Central Market,2.7,GHS,WFP-GIEWS-Ghana
2023-02-20,maize,Bibiani,Bibiani Central Market,2.71,GHS,WFP-GIEWS-Ghana
2023-02-27,maize,Bibiani,Bibiani Central Market,2.61,GHS,WFP-GIEWS-Ghana
2023-03-06,maize,Bibiani,Bibiani Central Market,2.39,GHS,WFP-GIEWS-Ghana
2023-03-13,maize,Bibiani,Bibiani Central Market,2.39,GHS,WFP-GIEWS-Ghana
2023-03-20,maize,Bibiani,Bibiani Central Market,2.2,GHS,WFP-GIEWS-Ghana
2023-03-27,maize,Bibiani,Bibiani Central Market,2.4,GHS,WFP-GIEWS-Ghana
2023-04-03,maize,Bibiani,Bibiani Central Market,2.55,GHS,WFP-GIEWS-Ghana
2023-04-10,maize,Bibiani,Bibiani Central Market,2.37,GHS,WFP-GIEWS-Ghana
2023-04-17,maize,Bibiani,Bibiani Central Market,2.32,GHS,WFP-GIEWS-Ghana
2023-04-24,maize,Bibiani,Bibiani Central Market,2.34,GHS,WFP-GIEWS-Ghana
2023-05-01,maize,Bibiani,Bibiani Central Market,2.43,GHS,WFP-GIEWS-Ghana
2023-05-08,maize,Bibiani,Bibiani Central Market,2.21,GHS,WFP-GIEWS-Ghana
2023-05-15,maize,Bibiani,Bibiani Central Market,2.39,GHS,WFP-GIEWS-Ghana
2023-05-22,maize,Bibiani,Bibiani Central Market,2.33,GHS,WFP-GIEWS-Ghana
2023-05-29,maize,Bibiani,Bibiani Central Market,2.54,GHS,WFP-GIEWS-Ghana
2023-06-05,maize,Bibiani,Bibiani Central Market,2.57,GHS,WFP-GIEWS-Ghana
2023-06-12,maize,Bibiani,Bibiani Central Market,2.77,GHS,WFP-GIEWS-Ghana
2023-06-19,maize,Bibiani,Bibiani Central Market,2.48,GHS,WFP-GIEWS-Ghana
2023-06-26,maize,Bibiani,Bibiani Central Market,2.65,GHS,WFP-GIEWS-Ghana
2023-07-03,maize,Bibiani,Bibiani Central Market,2.96,GHS,WFP-GIEWS-Ghana
2023-07-10,maize,Bibiani,Bibiani Central Market,2.82,GHS,WFP-GIEWS-Ghana
2023-07-17,maize,Bibiani,Bibiani Central Market,2.94,GHS,WFP-GIEWS-Ghana
2023-07-24,maize,Bibiani,Bibiani Central Market,3.06,GHS,WFP-GIEWS-Ghana
2023-07-31,maize,Bibiani,Bibiani Central Market,2.88,GHS,WFP-GIEWS-Ghana
2023-08-07,maize,Bibiani,Bibiani Central Market,2.74,GHS,WFP-GIEWS-Ghana
2023-08-14,maize,Bibiani,Bibiani Central Market,2.94,GHS,WFP-GIEWS-Ghana
2023-08-21,maize,Bibiani,Bibiani Central Market,2.83,GHS,WFP-GIEWS-Ghana
2023-08-28,maize,Bibiani,Bibiani Central Market,2.9,GHS,WFP-GIEWS-Ghana
2023-09-04,maize,Bibiani,Bibiani Central Market,2.63,GHS,WFP-GIEWS-Ghana
2023-09-11,maize,Bibiani,Bibiani Central Market,2.46,GHS,WFP-GIEWS-Ghana
2023-09-18,maize,Bibiani,Bibiani Central Market,2.47,GHS,WFP-GIEWS-Ghana
2023-09-25,maize,Bibiani,Bibiani Central Market,2.69,GHS,WFP-GIEWS-Ghana
2023-10-02,maize,Bibiani,Bibiani Central Market,2.21,GHS,WFP-GIEWS-Ghana
2023-10-09,maize,Bibiani,Bibiani Central Market,2.03,GHS,WFP-GIEWS-Ghana
2023-10-16,maize,Bibiani,Bibiani Central Market,2.33,GHS,WFP-GIEWS-Ghana
2023-10-23,maize,Bibiani,Bibiani Central Market,2.29,GHS,WFP-GIEWS-Ghana
2023-10-30,maize,Bibiani,Bibiani Central Market,2.2,GHS,WFP-GIEWS-Ghana
2023-11-06,maize,Bibiani,Bibiani Central Market,2.16,GHS,WFP-GIEWS-Ghana
2023-11-13,maize,Bibiani,Bibiani Central Market,2.35,GHS,WFP-GIEWS-Ghana
2023-11-20,maize,Bibiani,Bibiani Central Market,2.31,GHS,WFP-GIEWS-Ghana
2023-11-27,maize,Bibiani,Bibiani Central Market,2.49,GHS,WFP-GIEWS-Ghana
2023-12-04,maize,Bibiani,Bibiani Central Market,2.33,GHS,WFP-GIEWS-Ghana
2023-12-11,maize,Bibiani,Bibiani Central Market,2.33,GHS,WFP-GIEWS-Ghana
2023-12-18,maize,Bibiani,Bibiani Central Market,2.27,GHS,WFP-GIEWS-Ghana
2023-12-25,maize,Bibiani,Bibiani Central Market,2.36,GHS,WFP-GIEWS-Ghana
2024-01-01,maize,Bibiani,Bibiani Central Market,3.0,GHS,WFP-GIEWS-Ghana
2024-01-08,maize,Bibiani,Bibiani Central Market,3.07,GHS,WFP-GIEWS-Ghana
2024-01-15,maize,Bibiani,Bibiani Central Market,2.87,GHS,WFP-GIEWS-Ghana
2024-01-22,maize,Bibiani,Bibiani Central Market,2.88,GHS,WFP-GIEWS-Ghana
2024-01-29,maize,Bibiani,Bibiani Central Market,2.87,GHS,WFP-GIEWS-Ghana
2024-02-05,maize,Bibiani,Bibiani Central Market,3.04,GHS,WFP-GIEWS-Ghana
2024-02-12,maize,Bibiani,Bibiani Central Market,3.12,GHS,WFP-GIEWS-Ghana
2024-02-19,maize,Bibiani,Bibiani Central Market,2.89,GHS,WFP-GIEWS-Ghana
2024-02-26,maize,Bibiani,Bibiani Central Market,2.9,GHS,WFP-GIEWS-Ghana
2024-03-04,maize,Bibiani,Bibiani Central Market,2.56,GHS,WFP-GIEWS-Ghana
2024-03-11,maize,Bibiani,Bibiani Central Market,2.5,GHS,WFP-GIEWS-Ghana
2024-03-18,maize,Bibiani,Bibiani Central Market,2.62,GHS,WFP-GIEWS-Ghana
2024-03-25,maize,Bibiani,Bibiani Central Market,2.3,GHS,WFP-GIEWS-Ghana
2024-04-01,maize,Bibiani,Bibiani Central Market,2.46,GHS,WFP-GIEWS-Ghana
2024-04-08,maize,Bibiani,Bibiani Central Market,2.46,GHS,WFP-GIEWS-Ghana
2024-04-15,maize,Bibiani,Bibiani Central Market,2.31,GHS,WFP-GIEWS-Ghana
2024-04-22,maize,Bibiani,Bibiani Central Market,2.44,GHS,WFP-GIEWS-Ghana
2024-04-29,maize,Bibiani,Bibiani Central Market,2.45,GHS,WFP-GIEWS-Ghana
2024-05-06,maize,Bibiani,Bibiani Central Market,2.54,GHS,WFP-GIEWS-Ghana
2024-05-13,maize,Bibiani,Bibiani Central Market,2.67,GHS,WFP-GIEWS-Ghana
2024-05-20,maize,Bibiani,Bibiani Central Market,2.53,GHS,WFP-GIEWS-Ghana
2024-05-27,maize,Bibiani,Bibiani Central Market,2.45,GHS,WFP-GIEWS-Ghana
2024-06-03,maize,Bibiani,Bibiani Central Market,2.79,GHS,WFP-GIEWS-Ghana
2024-06-10,maize,Bibiani,Bibiani Central Market,2.92,GHS,WFP-GIEWS-Ghana
2024-06-17,maize,Bibiani,Bibiani Central Market,2.69,GHS,WFP-GIEWS-Ghana
2024-06-24,maize,Bibiani,Bibiani Central Market,2.7,GHS,WFP-GIEWS-Ghana
2024-07-01,maize,Bibiani,Bibiani Central Market,3.23,GHS,WFP-GIEWS-Ghana
2024-07-08,maize,Bibiani,Bibiani Central Market,3.13,GHS,WFP-GIEWS-Ghana
2024-07-15,maize,Bibiani,Bibiani Central Market,3.24,GHS,WFP-GIEWS-Ghana
2024-07-22,maize,Bibiani,Bibiani Central Market,3.15,GHS,WFP-GIEWS-Ghana
2024-07-29,maize,Bibiani,Bibiani Central Market,3.24,GHS,WFP-GIEWS-Ghana
2024-08-05,maize,Bibiani,Bibiani Central Market,3.04,GHS,WFP-GIEWS-Ghana
2024-08-12,maize,Bibiani,Bibiani Central Market,3.17,GHS,WFP-GIEWS-Ghana
2024-08-19,maize,Bibiani,Bibiani Central Market,3.15,GHS,WFP-GIEWS-Ghana
2024-08-26,maize,Bibiani,Bibiani Central Market,3.02,GHS,WFP-GIEWS-Ghana
2024-09-02,maize,Bibiani,Bibiani Central Market,2.68,GHS,WFP-GIEWS-Ghana
2024-09-09,maize,Bibiani,Bibiani Central Market,2.93,GHS,WFP-GIEWS-Ghana
2024-09-16,maize,Bibiani,Bibiani Central Market,2.81,GHS,WFP-GIEWS-Ghana
2024-09-23,maize,Bibiani,Bibiani Central Market,2.74,GHS,WFP-GIEWS-Ghana
2024-09-30,maize,Bibiani,Bibiani Central Market,2.84,GHS,WFP-GIEWS-Ghana
2024-10-07,maize,Bibiani,Bibiani Central Market,2.55,GHS,WFP-GIEWS-Ghana
2024-10-14,maize,Bibiani,Bibiani Central Market,2.22,GHS,WFP-GIEWS-Ghana
2024-10-21,maize,Bibiani,Bibiani Central Market,2.3,GHS,WFP-GIEWS-Ghana
2024-10-28,maize,Bibiani,Bibiani Central Market,2.35,GHS,WFP-GIEWS-Ghana
2024-11-04,maize,Bibiani,Bibiani Central Market,2.6,GHS,WFP-GIEWS-Ghana
2024-11-11,maize,Bibiani,Bibiani Central Market,2.49,GHS,WFP-GIEWS-Ghana
2024-11-18,maize,Bibiani,Bibiani Central Market,2.53,GHS,WFP-GIEWS-Ghana
2024-11-25,maize,Bibiani,Bibiani Central Market,2.35,GHS,WFP-GIEWS-Ghana
2024-12-02,maize,Bibiani,Bibiani Central Market,2.36,GHS,WFP-GIEWS-Ghana
2024-12-09,maize,Bibiani,Bibiani Central Market,2.52,GHS,WFP-GIEWS-Ghana
2024-12-16,maize,Bibiani,Bibiani Central Market,2.48,GHS,WFP-GIEWS-Ghana
2024-12-23,maize,Bibiani,Bibiani Central Market,2.53,GHS,WFP-GIEWS-Ghana
2024-12-30,maize,Bibiani,Bibiani Central Market,2.45,GHS,WFP-GIEWS-Ghana
2018-01-01,maize,Juaboso,Juaboso Weekly Market,1.85,GHS,WFP-GIEWS-Ghana
2018-01-08,maize,Juaboso,Juaboso Weekly Market,1.9,GHS,WFP-GIEWS-Ghana
2018-01-15,maize,Juaboso,Juaboso Weekly Market,1.9,GHS,WFP-GIEWS-Ghana
2018-01-22,maize,Juaboso,Juaboso Weekly Market,1.72,GHS,WFP-GIEWS-Ghana
2018-01-29,maize,Juaboso,Juaboso Weekly Market,1.68,GHS,WFP-GIEWS-Ghana
2018-02-05,maize,Juaboso,Juaboso Weekly Market,1.93,GHS,WFP-GIEWS-Ghana
2018-02-12,maize,Juaboso,Juaboso Weekly Market,1.94,GHS,WFP-GIEWS-Ghana
2018-02-19,maize,Juaboso,Juaboso Weekly Market,1.78,GHS,WFP-GIEWS-Ghana
2018-02-26,maize,Juaboso,Juaboso Weekly Market,1.72,GHS,WFP-GIEWS-Ghana
2018-03-05,maize,Juaboso,Juaboso Weekly Market,1.59,GHS,WFP-GIEWS-Ghana
2018-03-12,maize,Juaboso,Juaboso Weekly Market,1.65,GHS,WFP-GIEWS-Ghana
2018-03-19,maize,Juaboso,Juaboso Weekly Market,1.7,GHS,WFP-GIEWS-Ghana
2018-03-26,maize,Juaboso,Juaboso Weekly Market,1.62,GHS,WFP-GIEWS-Ghana
2018-04-02,maize,Juaboso,Juaboso Weekly Market,1.58,GHS,WFP-GIEWS-Ghana
2018-04-09,maize,Juaboso,Juaboso Weekly Market,1.54,GHS,WFP-GIEWS-Ghana
2018-04-16,maize,Juaboso,Juaboso Weekly Market,1.6,GHS,WFP-GIEWS-Ghana
2018-04-23,maize,Juaboso,Juaboso Weekly Market,1.58,GHS,WFP-GIEWS-Ghana
2018-04-30,maize,Juaboso,Juaboso Weekly Market,1.53,GHS,WFP-GIEWS-Ghana
2018-05-07,maize,Juaboso,Juaboso Weekly Market,1.74,GHS,WFP-GIEWS-Ghana
2018-05-14,maize,Juaboso,Juaboso Weekly Market,1.72,GHS,WFP-GIEWS-Ghana
2018-05-21,maize,Juaboso,Juaboso Weekly Market,1.68,GHS,WFP-GIEWS-Ghana
2018-05-28,maize,Juaboso,Juaboso Weekly Market,1.55,GHS,WFP-GIEWS-Ghana
2018-06-04,maize,Juaboso,Juaboso Weekly Market,1.82,GHS,WFP-GIEWS-Ghana
2018-06-11,maize,Juaboso,Juaboso Weekly Market,1.81,GHS,WFP-GIEWS-Ghana
2018-06-18,maize,Juaboso,Juaboso Weekly Market,1.79,GHS,WFP-GIEWS-Ghana
2018-06-25,maize,Juaboso,Juaboso Weekly Market,1.85,GHS,WFP-GIEWS-Ghana
2018-07-02,maize,Juaboso,Juaboso Weekly Market,2.03,GHS,WFP-GIEWS-Ghana
2018-07-09,maize,Juaboso,Juaboso Weekly Market,2.04,GHS,WFP-GIEWS-Ghana
2018-07-16,maize,Juaboso,Juaboso Weekly Market,2.03,GHS,WFP-GIEWS-Ghana
2018-07-23,maize,Juaboso,Juaboso Weekly Market,2.01,GHS,WFP-GIEWS-Ghana
2018-07-30,maize,Juaboso,Juaboso Weekly Market,1.84,GHS,WFP-GIEWS-Ghana
2018-08-06,maize,Juaboso,Juaboso Weekly Market,2.0,GHS,WFP-GIEWS-Ghana
2018-08-13,maize,Juaboso,Juaboso Weekly Market,1.95,GHS,WFP-GIEWS-Ghana
2018-08-20,maize,Juaboso,Juaboso Weekly Market,1.89,GHS,WFP-GIEWS-Ghana
2018-08-27,maize,Juaboso,Juaboso Weekly Market,2.13,GHS,WFP-GIEWS-Ghana
2018-09-03,maize,Juaboso,Juaboso Weekly Market,1.92,GHS,WFP-GIEWS-Ghana
2018-09-10,maize,Juaboso,Juaboso Weekly Market,1.89,GHS,WFP-GIEWS-Ghana
2018-09-17,maize,Juaboso,Juaboso Weekly Market,1.81,GHS,WFP-GIEWS-Ghana
2018-09-24,maize,Juaboso,Juaboso Weekly Market,1.89,GHS,WFP-GIEWS-Ghana
2018-10-01,maize,Juaboso,Juaboso Weekly Market,1.54,GHS,WFP-GIEWS-Ghana
2018-10-08,maize,Juaboso,Juaboso Weekly Market,1.55,GHS,WFP-GIEWS-Ghana
2018-10-15,maize,Juaboso,Juaboso Weekly Market,1.47,GHS,WFP-GIEWS-Ghana
2018-10-22,maize,Juaboso,Juaboso Weekly Market,1.56,GHS,WFP-GIEWS-Ghana
2018-10-29,maize,Juaboso,Juaboso Weekly Market,1.54,GHS,WFP-GIEWS-Ghana
2018-11-05,maize,Juaboso,Juaboso Weekly Market,1.46,GHS,WFP-GIEWS-Ghana
2018-11-12,maize,Juaboso,Juaboso Weekly Market,1.54,GHS,WFP-GIEWS-Ghana
2018-11-19,maize,Juaboso,Juaboso Weekly Market,1.54,GHS,WFP-GIEWS-Ghana
2018-11-26,maize,Juaboso,Juaboso Weekly Market,1.66,GHS,WFP-GIEWS-Ghana
2018-12-03,maize,Juaboso,Juaboso Weekly Market,1.61,GHS,WFP-GIEWS-Ghana
2018-12-10,maize,Juaboso,Juaboso Weekly Market,1.56,GHS,WFP-GIEWS-Ghana
2018-12-17,maize,Juaboso,Juaboso Weekly Market,1.57,GHS,WFP-GIEWS-Ghana
2018-12-24,maize,Juaboso,Juaboso Weekly Market,1.56,GHS,WFP-GIEWS-Ghana
2018-12-31,maize,Juaboso,Juaboso Weekly Market,1.54,GHS,WFP-GIEWS-Ghana
2019-01-07,maize,Juaboso,Juaboso Weekly Market,1.9,GHS,WFP-GIEWS-Ghana
2019-01-14,maize,Juaboso,Juaboso Weekly Market,1.98,GHS,WFP-GIEWS-Ghana
2019-01-21,maize,Juaboso,Juaboso Weekly Market,1.93,GHS,WFP-GIEWS-Ghana
2019-01-28,maize,Juaboso,Juaboso Weekly Market,1.89,GHS,WFP-GIEWS-Ghana
2019-02-04,maize,Juaboso,Juaboso Weekly Market,2.04,GHS,WFP-GIEWS-Ghana
2019-02-11,maize,Juaboso,Juaboso Weekly Market,2.03,GHS,WFP-GIEWS-Ghana
2019-02-18,maize,Juaboso,Juaboso Weekly Market,1.86,GHS,WFP-GIEWS-Ghana
2019-02-25,maize,Juaboso,Juaboso Weekly Market,1.99,GHS,WFP-GIEWS-Ghana
2019-03-04,maize,Juaboso,Juaboso Weekly Market,1.78,GHS,WFP-GIEWS-Ghana
2019-03-11,maize,Juaboso,Juaboso Weekly Market,1.79,GHS,WFP-GIEWS-Ghana
2019-03-18,maize,Juaboso,Juaboso Weekly Market,1.79,GHS,WFP-GIEWS-Ghana
2019-03-25,maize,Juaboso,Juaboso Weekly Market,1.72,GHS,WFP-GIEWS-Ghana
2019-04-01,maize,Juaboso,Juaboso Weekly Market,1.67,GHS,WFP-GIEWS-Ghana
2019-04-08,maize,Juaboso,Juaboso Weekly Market,1.65,GHS,WFP-GIEWS-Ghana
2019-04-15,maize,Juaboso,Juaboso Weekly Market,1.75,GHS,WFP-GIEWS-Ghana
2019-04-22,maize,Juaboso,Juaboso Weekly Market,1.75,GHS,WFP-GIEWS-Ghana
2019-04-29,maize,Juaboso,Juaboso Weekly Market,1.82,GHS,WFP-GIEWS-Ghana
2019-05-06,maize,Juaboso,Juaboso Weekly Market,1.81,GHS,WFP-GIEWS-Ghana
2019-05-13,maize,Juaboso,Juaboso Weekly Market,1.73,GHS,WFP-GIEWS-Ghana
2019-05-20,maize,Juaboso,Juaboso Weekly Market,1.65,GHS,WFP-GIEWS-Ghana
2019-05-27,maize,Juaboso,Juaboso Weekly Market,1.72,GHS,WFP-GIEWS-Ghana
2019-06-03,maize,Juaboso,Juaboso Weekly Market,1.92,GHS,WFP-GIEWS-Ghana
2019-06-10,maize,Juaboso,Juaboso Weekly Market,1.89,GHS,WFP-GIEWS-Ghana
2019-06-17,maize,Juaboso,Juaboso Weekly Market,1.86,GHS,WFP-GIEWS-Ghana
2019-06-24,maize,Juaboso,Juaboso Weekly Market,1.92,GHS,WFP-GIEWS-Ghana
2019-07-01,maize,Juaboso,Juaboso Weekly Market,2.1,GHS,WFP-GIEWS-Ghana
2019-07-08,maize,Juaboso,Juaboso Weekly Market,2.09,GHS,WFP-GIEWS-Ghana
2019-07-15,maize,Juaboso,Juaboso Weekly Market,2.17,GHS,WFP-GIEWS-Ghana
2019-07-22,maize,Juaboso,Juaboso Weekly Market,2.11,GHS,WFP-GIEWS-Ghana
2019-07-29,maize,Juaboso,Juaboso Weekly Market,2.16,GHS,WFP-GIEWS-Ghana
2019-08-05,maize,Juaboso,Juaboso Weekly Market,2.18,GHS,WFP-GIEWS-Ghana
2019-08-12,maize,Juaboso,Juaboso Weekly Market,2.06,GHS,WFP-GIEWS-Ghana
2019-08-19,maize,Juaboso,Juaboso Weekly Market,2.12,GHS,WFP-GIEWS-Ghana
2019-08-26,maize,Juaboso,Juaboso Weekly Market,2.28,GHS,WFP-GIEWS-Ghana
2019-09-02,maize,Juaboso,Juaboso Weekly Market,1.85,GHS,WFP-GIEWS-Ghana
2019-09-09,maize,Juaboso,Juaboso Weekly Market,1.77,GHS,WFP-GIEWS-Ghana
2019-09-16,maize,Juaboso,Juaboso Weekly Market,1.79,GHS,WFP-GIEWS-Ghana
2019-09-23,maize,Juaboso,Juaboso Weekly Market,1.94,GHS,WFP-GIEWS-Ghana
2019-09-30,maize,Juaboso,Juaboso Weekly Market,1.94,GHS,WFP-GIEWS-Ghana
2019-10-07,maize,Juaboso,Juaboso Weekly Market,1.65,GHS,WFP-GIEWS-Ghana
2019-10-14,maize,Juaboso,Juaboso Weekly Market,1.74,GHS,WFP-GIEWS-Ghana
2019-10-21,maize,Juaboso,Juaboso Weekly Market,1.48,GHS,WFP-GIEWS-Ghana
2019-10-28,maize,Juaboso,Juaboso Weekly Market,1.68,GHS,WFP-GIEWS-Ghana
2019-11-04,maize,Juaboso,Juaboso Weekly Market,1.77,GHS,WFP-GIEWS-Ghana
2019-11-11,maize,Juaboso,Juaboso Weekly Market,1.59,GHS,WFP-GIEWS-Ghana
2019-11-18,maize,Juaboso,Juaboso Weekly Market,1.64,GHS,WFP-GIEWS-Ghana
2019-11-25,maize,Juaboso,Juaboso Weekly Market,1.62,GHS,WFP-GIEWS-Ghana
2019-12-02,maize,Juaboso,Juaboso Weekly Market,1.62,GHS,WFP-GIEWS-Ghana
2019-12-09,maize,Juaboso,Juaboso Weekly Market,1.66,GHS,WFP-GIEWS-Ghana
2019-12-16,maize,Juaboso,Juaboso Weekly Market,1.78,GHS,WFP-GIEWS-Ghana
2019-12-23,maize,Juaboso,Juaboso Weekly Market,1.8,GHS,WFP-GIEWS-Ghana
2019-12-30,maize,Juaboso,Juaboso Weekly Market,1.66,GHS,WFP-GIEWS-Ghana
2020-01-06,maize,Juaboso,Juaboso Weekly Market,2.31,GHS,WFP-GIEWS-Ghana
2020-01-13,maize,Juaboso,Juaboso Weekly Market,2.15,GHS,WFP-GIEWS-Ghana
2020-01-20,maize,Juaboso,Juaboso Weekly Market,2.3,GHS,WFP-GIEWS-Ghana
2020-01-27,maize,Juaboso,Juaboso Weekly Market,2.14,GHS,WFP-GIEWS-Ghana
2020-02-03,maize,Juaboso,Juaboso Weekly Market,2.17,GHS,WFP-GIEWS-Ghana
2020-02-10,maize,Juaboso,Juaboso Weekly Market,2.19,GHS,WFP-GIEWS-Ghana
2020-02-17,maize,Juaboso,Juaboso Weekly Market,2.44,GHS,WFP-GIEWS-Ghana
2020-02-24,maize,Juaboso,Juaboso Weekly Market,2.23,GHS,WFP-GIEWS-Ghana
2020-03-02,maize,Juaboso,Juaboso Weekly Market,1.8,GHS,WFP-GIEWS-Ghana
2020-03-09,maize,Juaboso,Juaboso Weekly Market,1.92,GHS,WFP-GIEWS-Ghana
2020-03-16,maize,Juaboso,Juaboso Weekly Market,1.83,GHS,WFP-GIEWS-Ghana
2020-03-23,maize,Juaboso,Juaboso Weekly Market,1.82,GHS,WFP-GIEWS-Ghana
2020-03-30,maize,Juaboso,Juaboso Weekly Market,1.92,GHS,WFP-GIEWS-Ghana
2020-04-06,maize,Juaboso,Juaboso Weekly Market,1.87,GHS,WFP-GIEWS-Ghana
2020-04-13,maize,Juaboso,Juaboso Weekly Market,1.89,GHS,WFP-GIEWS-Ghana
2020-04-20,maize,Juaboso,Juaboso Weekly Market,1.87,GHS,WFP-GIEWS-Ghana
2020-04-27,maize,Juaboso,Juaboso Weekly Market,1.89,GHS,WFP-GIEWS-Ghana
2020-05-04,maize,Juaboso,Juaboso Weekly Market,1.91,GHS,WFP-GIEWS-Ghana
2020-05-11,maize,Juaboso,Juaboso Weekly Market,1.73,GHS,WFP-GIEWS-Ghana
2020-05-18,maize,Juaboso,Juaboso Weekly Market,1.93,GHS,WFP-GIEWS-Ghana
2020-05-25,maize,Juaboso,Juaboso Weekly Market,1.8,GHS,WFP-GIEWS-Ghana
2020-06-01,maize,Juaboso,Juaboso Weekly Market,1.93,GHS,WFP-GIEWS-Ghana
2020-06-08,maize,Juaboso,Juaboso Weekly Market,2.05,GHS,WFP-GIEWS-Ghana
2020-06-15,maize,Juaboso,Juaboso Weekly Market,2.06,GHS,WFP-GIEWS-Ghana
2020-06-22,maize,Juaboso,Juaboso Weekly Market,2.0,GHS,WFP-GIEWS-Ghana
2020-06-29,maize,Juaboso,Juaboso Weekly Market,2.12,GHS,WFP-GIEWS-Ghana
2020-07-06,maize,Juaboso,Juaboso Weekly Market,2.19,GHS,WFP-GIEWS-Ghana
2020-07-13,maize,Juaboso,Juaboso Weekly Market,2.28,GHS,WFP-GIEWS-Ghana
2020-07-20,maize,Juaboso,Juaboso Weekly Market,2.26,GHS,WFP-GIEWS-Ghana
2020-07-27,maize,Juaboso,Juaboso Weekly Market,2.31,GHS,WFP-GIEWS-Ghana
2020-08-03,maize,Juaboso,Juaboso Weekly Market,2.36,GHS,WFP-GIEWS-Ghana
2020-08-10,maize,Juaboso,Juaboso Weekly Market,2.24,GHS,WFP-GIEWS-Ghana
2020-08-17,maize,Juaboso,Juaboso Weekly Market,2.4,GHS,WFP-GIEWS-Ghana
2020-08-24,maize,Juaboso,Juaboso Weekly Market,2.34,GHS,WFP-GIEWS-Ghana
2020-08-31,maize,Juaboso,Juaboso Weekly Market,2.15,GHS,WFP-GIEWS-Ghana
2020-09-07,maize,Juaboso,Juaboso Weekly Market,1.93,GHS,WFP-GIEWS-Ghana
2020-09-14,maize,Juaboso,Juaboso Weekly Market,2.09,GHS,WFP-GIEWS-Ghana
2020-09-21,maize,Juaboso,Juaboso Weekly Market,2.07,GHS,WFP-GIEWS-Ghana
2020-09-28,maize,Juaboso,Juaboso Weekly Market,2.08,GHS,WFP-GIEWS-Ghana
2020-10-05,maize,Juaboso,Juaboso Weekly Market,1.79,GHS,WFP-GIEWS-Ghana
2020-10-12,maize,Juaboso,Juaboso Weekly Market,1.81,GHS,WFP-GIEWS-Ghana
2020-10-19,maize,Juaboso,Juaboso Weekly Market,1.86,GHS,WFP-GIEWS-Ghana
2020-10-26,maize,Juaboso,Juaboso Weekly Market,1.71,GHS,WFP-GIEWS-Ghana
2020-11-02,maize,Juaboso,Juaboso Weekly Market,1.72,GHS,WFP-GIEWS-Ghana
2020-11-09,maize,Juaboso,Juaboso Weekly Market,1.72,GHS,WFP-GIEWS-Ghana
2020-11-16,maize,Juaboso,Juaboso Weekly Market,1.82,GHS,WFP-GIEWS-Ghana
2020-11-23,maize,Juaboso,Juaboso Weekly Market,1.89,GHS,WFP-GIEWS-Ghana
2020-11-30,maize,Juaboso,Juaboso Weekly Market,1.77,GHS,WFP-GIEWS-Ghana
2020-12-07,maize,Juaboso,Juaboso Weekly Market,1.63,GHS,WFP-GIEWS-Ghana
2020-12-14,maize,Juaboso,Juaboso Weekly Market,1.69,GHS,WFP-GIEWS-Ghana
2020-12-21,maize,Juaboso,Juaboso Weekly Market,1.75,GHS,WFP-GIEWS-Ghana
2020-12-28,maize,Juaboso,Juaboso Weekly Market,1.77,GHS,WFP-GIEWS-Ghana
2021-01-04,maize,Juaboso,Juaboso Weekly Market,2.28,GHS,WFP-GIEWS-Ghana
2021-01-11,maize,Juaboso,Juaboso Weekly Market,2.32,GHS,WFP-GIEWS-Ghana
2021-01-18,maize,Juaboso,Juaboso Weekly Market,2.29,GHS,WFP-GIEWS-Ghana
2021-01-25,maize,Juaboso,Juaboso Weekly Market,2.42,GHS,WFP-GIEWS-Ghana
2021-02-01,maize,Juaboso,Juaboso Weekly Market,2.27,GHS,WFP-GIEWS-Ghana
2021-02-08,maize,Juaboso,Juaboso Weekly Market,2.25,GHS,WFP-GIEWS-Ghana
2021-02-15,maize,Juaboso,Juaboso Weekly Market,2.38,GHS,WFP-GIEWS-Ghana
2021-02-22,maize,Juaboso,Juaboso Weekly Market,2.19,GHS,WFP-GIEWS-Ghana
2021-03-01,maize,Juaboso,Juaboso Weekly Market,2.03,GHS,WFP-GIEWS-Ghana
2021-03-08,maize,Juaboso,Juaboso Weekly Market,2.01,GHS,WFP-GIEWS-Ghana
2021-03-15,maize,Juaboso,Juaboso Weekly Market,1.99,GHS,WFP-GIEWS-Ghana
2021-03-22,maize,Juaboso,Juaboso Weekly Market,2.13,GHS,WFP-GIEWS-Ghana
2021-03-29,maize,Juaboso,Juaboso Weekly Market,1.95,GHS,WFP-GIEWS-Ghana
2021-04-05,maize,Juaboso,Juaboso Weekly Market,2.18,GHS,WFP-GIEWS-Ghana
2021-04-12,maize,Juaboso,Juaboso Weekly Market,2.0,GHS,WFP-GIEWS-Ghana
2021-04-19,maize,Juaboso,Juaboso Weekly Market,1.91,GHS,WFP-GIEWS-Ghana
2021-04-26,maize,Juaboso,Juaboso Weekly Market,2.02,GHS,WFP-GIEWS-Ghana
2021-05-03,maize,Juaboso,Juaboso Weekly Market,1.94,GHS,WFP-GIEWS-Ghana
2021-05-10,maize,Juaboso,Juaboso Weekly Market,1.97,GHS,WFP-GIEWS-Ghana
2021-05-17,maize,Juaboso,Juaboso Weekly Market,2.06,GHS,WFP-GIEWS-Ghana
2021-05-24,maize,Juaboso,Juaboso Weekly Market,2.07,GHS,WFP-GIEWS-Ghana
2021-05-31,maize,Juaboso,Juaboso Weekly Market,1.98,GHS,WFP-GIEWS-Ghana
2021-06-07,maize,Juaboso,Juaboso Weekly Market,2.31,GHS,WFP-GIEWS-Ghana
2021-06-14,maize,Juaboso,Juaboso Weekly Market,2.32,GHS,WFP-GIEWS-Ghana
2021-06-21,maize,Juaboso,Juaboso Weekly Market,2.34,GHS,WFP-GIEWS-Ghana
2021-06-28,maize,Juaboso,Juaboso Weekly Market,2.26,GHS,WFP-GIEWS-Ghana
2021-07-05,maize,Juaboso,Juaboso Weekly Market,2.64,GHS,WFP-GIEWS-Ghana
2021-07-12,maize,Juaboso,Juaboso Weekly Market,2.31,GHS,WFP-GIEWS-Ghana
2021-07-19,maize,Juaboso,Juaboso Weekly Market,2.47,GHS,WFP-GIEWS-Ghana
2021-07-26,maize,Juaboso,Juaboso Weekly Market,2.41,GHS,WFP-GIEWS-Ghana
2021-08-02,maize,Juaboso,Juaboso Weekly Market,2.53,GHS,WFP-GIEWS-Ghana
2021-08-09,maize,Juaboso,Juaboso Weekly Market,2.46,GHS,WFP-GIEWS-Ghana
2021-08-16,maize,Juaboso,Juaboso Weekly Market,2.5,GHS,WFP-GIEWS-Ghana
2021-08-23,maize,Juaboso,Juaboso Weekly Market,2.7,GHS,WFP-GIEWS-Ghana
2021-08-30,maize,Juaboso,Juaboso Weekly Market,2.5,GHS,WFP-GIEWS-Ghana
2021-09-06,maize,Juaboso,Juaboso Weekly Market,2.3,GHS,WFP-GIEWS-Ghana
2021-09-13,maize,Juaboso,Juaboso Weekly Market,2.24,GHS,WFP-GIEWS-Ghana
2021-09-20,maize,Juaboso,Juaboso Weekly Market,2.27,GHS,WFP-GIEWS-Ghana
2021-09-27,maize,Juaboso,Juaboso Weekly Market,2.26,GHS,WFP-GIEWS-Ghana
2021-10-04,maize,Juaboso,Juaboso Weekly Market,1.97,GHS,WFP-GIEWS-Ghana
2021-10-11,maize,Juaboso,Juaboso Weekly Market,2.02,GHS,WFP-GIEWS-Ghana
2021-10-18,maize,Juaboso,Juaboso Weekly Market,2.06,GHS,WFP-GIEWS-Ghana
2021-10-25,maize,Juaboso,Juaboso Weekly Market,1.96,GHS,WFP-GIEWS-Ghana
2021-11-01,maize,Juaboso,Juaboso Weekly Market,1.99,GHS,WFP-GIEWS-Ghana
2021-11-08,maize,Juaboso,Juaboso Weekly Market,1.86,GHS,WFP-GIEWS-Ghana
2021-11-15,maize,Juaboso,Juaboso Weekly Market,1.94,GHS,WFP-GIEWS-Ghana
2021-11-22,maize,Juaboso,Juaboso Weekly Market,2.02,GHS,WFP-GIEWS-Ghana
2021-11-29,maize,Juaboso,Juaboso Weekly Market,2.01,GHS,WFP-GIEWS-Ghana
2021-12-06,maize,Juaboso,Juaboso Weekly Market,1.98,GHS,WFP-GIEWS-Ghana
2021-12-13,maize,Juaboso,Juaboso Weekly Market,2.03,GHS,WFP-GIEWS-Ghana
2021-12-20,maize,Juaboso,Juaboso Weekly Market,2.0,GHS,WFP-GIEWS-Ghana
2021-12-27,maize,Juaboso,Juaboso Weekly Market,2.05,GHS,WFP-GIEWS-Ghana
2022-01-03,maize,Juaboso,Juaboso Weekly Market,2.53,GHS,WFP-GIEWS-Ghana
2022-01-10,maize,Juaboso,Juaboso Weekly Market,2.47,GHS,WFP-GIEWS-Ghana
2022-01-17,maize,Juaboso,Juaboso Weekly Market,2.54,GHS,WFP-GIEWS-Ghana
2022-01-24,maize,Juaboso,Juaboso Weekly Market,2.21,GHS,WFP-GIEWS-Ghana
2022-01-31,maize,Juaboso,Juaboso Weekly Market,2.54,GHS,WFP-GIEWS-Ghana
2022-02-07,maize,Juaboso,Juaboso Weekly Market,2.15,GHS,WFP-GIEWS-Ghana
2022-02-14,maize,Juaboso,Juaboso Weekly Market,2.35,GHS,WFP-GIEWS-Ghana
2022-02-21,maize,Juaboso,Juaboso Weekly Market,2.57,GHS,WFP-GIEWS-Ghana
2022-02-28,maize,Juaboso,Juaboso Weekly Market,2.57,GHS,WFP-GIEWS-Ghana
2022-03-07,maize,Juaboso,Juaboso Weekly Market,2.06,GHS,WFP-GIEWS-Ghana
2022-03-14,maize,Juaboso,Juaboso Weekly Market,2.1,GHS,WFP-GIEWS-Ghana
2022-03-21,maize,Juaboso,Juaboso Weekly Market,2.28,GHS,WFP-GIEWS-Ghana
2022-03-28,maize,Juaboso,Juaboso Weekly Market,2.12,GHS,WFP-GIEWS-Ghana
2022-04-04,maize,Juaboso,Juaboso Weekly Market,2.37,GHS,WFP-GIEWS-Ghana
2022-04-11,maize,Juaboso,Juaboso Weekly Market,2.17,GHS,WFP-GIEWS-Ghana
2022-04-18,maize,Juaboso,Juaboso Weekly Market,2.21,GHS,WFP-GIEWS-Ghana
2022-04-25,maize,Juaboso,Juaboso Weekly Market,2.32,GHS,WFP-GIEWS-Ghana
2022-05-02,maize,Juaboso,Juaboso Weekly Market,2.2,GHS,WFP-GIEWS-Ghana
2022-05-09,maize,Juaboso,Juaboso Weekly Market,2.1,GHS,WFP-GIEWS-Ghana
2022-05-16,maize,Juaboso,Juaboso Weekly Market,2.18,GHS,WFP-GIEWS-Ghana
2022-05-23,maize,Juaboso,Juaboso Weekly Market,2.19,GHS,WFP-GIEWS-Ghana
2022-05-30,maize,Juaboso,Juaboso Weekly Market,2.07,GHS,WFP-GIEWS-Ghana
2022-06-06,maize,Juaboso,Juaboso Weekly Market,2.37,GHS,WFP-GIEWS-Ghana
2022-06-13,maize,Juaboso,Juaboso Weekly Market,2.32,GHS,WFP-GIEWS-Ghana
2022-06-20,maize,Juaboso,Juaboso Weekly Market,2.48,GHS,WFP-GIEWS-Ghana
2022-06-27,maize,Juaboso,Juaboso Weekly Market,2.4,GHS,WFP-GIEWS-Ghana
2022-07-04,maize,Juaboso,Juaboso Weekly Market,2.67,GHS,WFP-GIEWS-Ghana
2022-07-11,maize,Juaboso,Juaboso Weekly Market,2.69,GHS,WFP-GIEWS-Ghana
2022-07-18,maize,Juaboso,Juaboso Weekly Market,2.72,GHS,WFP-GIEWS-Ghana
2022-07-25,maize,Juaboso,Juaboso Weekly Market,2.77,GHS,WFP-GIEWS-Ghana
2022-08-01,maize,Juaboso,Juaboso Weekly Market,2.61,GHS,WFP-GIEWS-Ghana
2022-08-08,maize,Juaboso,Juaboso Weekly Market,2.6,GHS,WFP-GIEWS-Ghana
2022-08-15,maize,Juaboso,Juaboso Weekly Market,2.84,GHS,WFP-GIEWS-Ghana
2022-08-22,maize,Juaboso,Juaboso Weekly Market,2.67,GHS,WFP-GIEWS-Ghana
2022-08-29,maize,Juaboso,Juaboso Weekly Market,2.56,GHS,WFP-GIEWS-Ghana
2022-09-05,maize,Juaboso,Juaboso Weekly Market,2.48,GHS,WFP-GIEWS-Ghana
2022-09-12,maize,Juaboso,Juaboso Weekly Market,2.49,GHS,WFP-GIEWS-Ghana
2022-09-19,maize,Juaboso,Juaboso Weekly Market,2.29,GHS,WFP-GIEWS-Ghana
2022-09-26,maize,Juaboso,Juaboso Weekly Market,2.46,GHS,WFP-GIEWS-Ghana
2022-10-03,maize,Juaboso,Juaboso Weekly Market,2.15,GHS,WFP-GIEWS-Ghana
2022-10-10,maize,Juaboso,Juaboso Weekly Market,2.12,GHS,WFP-GIEWS-Ghana
2022-10-17,maize,Juaboso,Juaboso Weekly Market,2.14,GHS,WFP-GIEWS-Ghana
2022-10-24,maize,Juaboso,Juaboso Weekly Market,1.97,GHS,WFP-GIEWS-Ghana
2022-10-31,maize,Juaboso,Juaboso Weekly Market,2.12,GHS,WFP-GIEWS-Ghana
2022-11-07,maize,Juaboso,Juaboso Weekly Market,2.08,GHS,WFP-GIEWS-Ghana
2022-11-14,maize,Juaboso,Juaboso Weekly Market,2.06,GHS,WFP-GIEWS-Ghana
2022-11-21,maize,Juaboso,Juaboso Weekly Market,2.18,GHS,WFP-GIEWS-Ghana
2022-11-28,maize,Juaboso,Juaboso Weekly Market,2.23,GHS,WFP-GIEWS-Ghana
2022-12-05,maize,Juaboso,Juaboso Weekly Market,2.27,GHS,WFP-GIEWS-Ghana
2022-12-12,maize,Juaboso,Juaboso Weekly Market,2.23,GHS,WFP-GIEWS-Ghana
2022-12-19,maize,Juaboso,Juaboso Weekly Market,2.11,GHS,WFP-GIEWS-Ghana
2022-12-26,maize,Juaboso,Juaboso Weekly Market,2.15,GHS,WFP-GIEWS-Ghana
2023-01-02,maize,Juaboso,Juaboso Weekly Market,2.79,GHS,WFP-GIEWS-Ghana
2023-01-09,maize,Juaboso,Juaboso Weekly Market,2.72,GHS,WFP-GIEWS-Ghana
2023-01-16,maize,Juaboso,Juaboso Weekly Market,2.72,GHS,WFP-GIEWS-Ghana
2023-01-23,maize,Juaboso,Juaboso Weekly Market,2.79,GHS,WFP-GIEWS-Ghana
2023-01-30,maize,Juaboso,Juaboso Weekly Market,2.7,GHS,WFP-GIEWS-Ghana
2023-02-06,maize,Juaboso,Juaboso Weekly Market,2.64,GHS,WFP-GIEWS-Ghana
2023-02-13,maize,Juaboso,Juaboso Weekly Market,2.68,GHS,WFP-GIEWS-Ghana
2023-02-20,maize,Juaboso,Juaboso Weekly Market,2.79,GHS,WFP-GIEWS-Ghana
2023-02-27,maize,Juaboso,Juaboso Weekly Market,2.72,GHS,WFP-GIEWS-Ghana
2023-03-06,maize,Juaboso,Juaboso Weekly Market,2.37,GHS,WFP-GIEWS-Ghana
2023-03-13,maize,Juaboso,Juaboso Weekly Market,2.4,GHS,WFP-GIEWS-Ghana
2023-03-20,maize,Juaboso,Juaboso Weekly Market,2.3,GHS,WFP-GIEWS-Ghana
2023-03-27,maize,Juaboso,Juaboso Weekly Market,2.4,GHS,WFP-GIEWS-Ghana
2023-04-03,maize,Juaboso,Juaboso Weekly Market,2.38,GHS,WFP-GIEWS-Ghana
2023-04-10,maize,Juaboso,Juaboso Weekly Market,2.23,GHS,WFP-GIEWS-Ghana
2023-04-17,maize,Juaboso,Juaboso Weekly Market,2.48,GHS,WFP-GIEWS-Ghana
2023-04-24,maize,Juaboso,Juaboso Weekly Market,2.3,GHS,WFP-GIEWS-Ghana
2023-05-01,maize,Juaboso,Juaboso Weekly Market,2.21,GHS,WFP-GIEWS-Ghana
2023-05-08,maize,Juaboso,Juaboso Weekly Market,2.27,GHS,WFP-GIEWS-Ghana
2023-05-15,maize,Juaboso,Juaboso Weekly Market,2.27,GHS,WFP-GIEWS-Ghana
2023-05-22,maize,Juaboso,Juaboso Weekly Market,2.37,GHS,WFP-GIEWS-Ghana
2023-05-29,maize,Juaboso,Juaboso Weekly Market,2.34,GHS,WFP-GIEWS-Ghana
2023-06-05,maize,Juaboso,Juaboso Weekly Market,2.55,GHS,WFP-GIEWS-Ghana
2023-06-12,maize,Juaboso,Juaboso Weekly Market,2.65,GHS,WFP-GIEWS-Ghana
2023-06-19,maize,Juaboso,Juaboso Weekly Market,2.62,GHS,WFP-GIEWS-Ghana
2023-06-26,maize,Juaboso,Juaboso Weekly Market,2.62,GHS,WFP-GIEWS-Ghana
2023-07-03,maize,Juaboso,Juaboso Weekly Market,2.96,GHS,WFP-GIEWS-Ghana
2023-07-10,maize,Juaboso,Juaboso Weekly Market,2.99,GHS,WFP-GIEWS-Ghana
2023-07-17,maize,Juaboso,Juaboso Weekly Market,2.67,GHS,WFP-GIEWS-Ghana
2023-07-24,maize,Juaboso,Juaboso Weekly Market,2.87,GHS,WFP-GIEWS-Ghana
2023-07-31,maize,Juaboso,Juaboso Weekly Market,2.66,GHS,WFP-GIEWS-Ghana
2023-08-07,maize,Juaboso,Juaboso Weekly Market,2.94,GHS,WFP-GIEWS-Ghana
2023-08-14,maize,Juaboso,Juaboso Weekly Market,2.93,GHS,WFP-GIEWS-Ghana
2023-08-21,maize,Juaboso,Juaboso Weekly Market,3.06,GHS,WFP-GIEWS-Ghana
2023-08-28,maize,Juaboso,Juaboso Weekly Market,3.07,GHS,WFP-GIEWS-Ghana
2023-09-04,maize,Juaboso,Juaboso Weekly Market,2.66,GHS,WFP-GIEWS-Ghana
2023-09-11,maize,Juaboso,Juaboso Weekly Market,2.58,GHS,WFP-GIEWS-Ghana
2023-09-18,maize,Juaboso,Juaboso Weekly Market,2.69,GHS,WFP-GIEWS-Ghana
2023-09-25,maize,Juaboso,Juaboso Weekly Market,2.58,GHS,WFP-GIEWS-Ghana
2023-10-02,maize,Juaboso,Juaboso Weekly Market,2.26,GHS,WFP-GIEWS-Ghana
2023-10-09,maize,Juaboso,Juaboso Weekly Market,2.34,GHS,WFP-GIEWS-Ghana
2023-10-16,maize,Juaboso,Juaboso Weekly Market,2.21,GHS,WFP-GIEWS-Ghana
2023-10-23,maize,Juaboso,Juaboso Weekly Market,2.33,GHS,WFP-GIEWS-Ghana
2023-10-30,maize,Juaboso,Juaboso Weekly Market,2.32,GHS,WFP-GIEWS-Ghana
2023-11-06,maize,Juaboso,Juaboso Weekly Market,2.18,GHS,WFP-GIEWS-Ghana
2023-11-13,maize,Juaboso,Juaboso Weekly Market,2.36,GHS,WFP-GIEWS-Ghana
2023-11-20,maize,Juaboso,Juaboso Weekly Market,2.33,GHS,WFP-GIEWS-Ghana
2023-11-27,maize,Juaboso,Juaboso Weekly Market,2.28,GHS,WFP-GIEWS-Ghana
2023-12-04,maize,Juaboso,Juaboso Weekly Market,2.22,GHS,WFP-GIEWS-Ghana
2023-12-11,maize,Juaboso,Juaboso Weekly Market,2.21,GHS,WFP-GIEWS-Ghana
2023-12-18,maize,Juaboso,Juaboso Weekly Market,2.24,GHS,WFP-GIEWS-Ghana
2023-12-25,maize,Juaboso,Juaboso Weekly Market,2.33,GHS,WFP-GIEWS-Ghana
2024-01-01,maize,Juaboso,Juaboso Weekly Market,2.81,GHS,WFP-GIEWS-Ghana
2024-01-08,maize,Juaboso,Juaboso Weekly Market,2.97,GHS,WFP-GIEWS-Ghana
2024-01-15,maize,Juaboso,Juaboso Weekly Market,2.78,GHS,WFP-GIEWS-Ghana
2024-01-22,maize,Juaboso,Juaboso Weekly Market,2.9,GHS,WFP-GIEWS-Ghana
2024-01-29,maize,Juaboso,Juaboso Weekly Market,2.93,GHS,WFP-GIEWS-Ghana
2024-02-05,maize,Juaboso,Juaboso Weekly Market,3.23,GHS,WFP-GIEWS-Ghana
2024-02-12,maize,Juaboso,Juaboso Weekly Market,2.78,GHS,WFP-GIEWS-Ghana
2024-02-19,maize,Juaboso,Juaboso Weekly Market,3.11,GHS,WFP-GIEWS-Ghana
2024-02-26,maize,Juaboso,Juaboso Weekly Market,2.96,GHS,WFP-GIEWS-Ghana
2024-03-04,maize,Juaboso,Juaboso Weekly Market,2.56,GHS,WFP-GIEWS-Ghana
2024-03-11,maize,Juaboso,Juaboso Weekly Market,2.53,GHS,WFP-GIEWS-Ghana
2024-03-18,maize,Juaboso,Juaboso Weekly Market,2.57,GHS,WFP-GIEWS-Ghana
2024-03-25,maize,Juaboso,Juaboso Weekly Market,2.51,GHS,WFP-GIEWS-Ghana
2024-04-01,maize,Juaboso,Juaboso Weekly Market,2.68,GHS,WFP-GIEWS-Ghana
2024-04-08,maize,Juaboso,Juaboso Weekly Market,2.49,GHS,WFP-GIEWS-Ghana
2024-04-15,maize,Juaboso,Juaboso Weekly Market,2.65,GHS,WFP-GIEWS-Ghana
2024-04-22,maize,Juaboso,Juaboso Weekly Market,2.47,GHS,WFP-GIEWS-Ghana
2024-04-29,maize,Juaboso,Juaboso Weekly Market,2.53,GHS,WFP-GIEWS-Ghana
2024-05-06,maize,Juaboso,Juaboso Weekly Market,2.44,GHS,WFP-GIEWS-Ghana
2024-05-13,maize,Juaboso,Juaboso Weekly Market,2.6,GHS,WFP-GIEWS-Ghana
2024-05-20,maize,Juaboso,Juaboso Weekly Market,2.7,GHS,WFP-GIEWS-Ghana
2024-05-27,maize,Juaboso,Juaboso Weekly Market,2.55,GHS,WFP-GIEWS-Ghana
2024-06-03,maize,Juaboso,Juaboso Weekly Market,2.77,GHS,WFP-GIEWS-Ghana
2024-06-10,maize,Juaboso,Juaboso Weekly Market,2.67,GHS,WFP-GIEWS-Ghana
2024-06-17,maize,Juaboso,Juaboso Weekly Market,2.77,GHS,WFP-GIEWS-Ghana
2024-06-24,maize,Juaboso,Juaboso Weekly Market,2.62,GHS,WFP-GIEWS-Ghana
2024-07-01,maize,Juaboso,Juaboso Weekly Market,3.03,GHS,WFP-GIEWS-Ghana
2024-07-08,maize,Juaboso,Juaboso Weekly Market,3.18,GHS,WFP-GIEWS-Ghana
2024-07-15,maize,Juaboso,Juaboso Weekly Market,3.31,GHS,WFP-GIEWS-Ghana
2024-07-22,maize,Juaboso,Juaboso Weekly Market,3.5,GHS,WFP-GIEWS-Ghana
2024-07-29,maize,Juaboso,Juaboso Weekly Market,3.07,GHS,WFP-GIEWS-Ghana
2024-08-05,maize,Juaboso,Juaboso Weekly Market,3.35,GHS,WFP-GIEWS-Ghana
2024-08-12,maize,Juaboso,Juaboso Weekly Market,3.2,GHS,WFP-GIEWS-Ghana
2024-08-19,maize,Juaboso,Juaboso Weekly Market,3.15,GHS,WFP-GIEWS-Ghana
2024-08-26,maize,Juaboso,Juaboso Weekly Market,3.22,GHS,WFP-GIEWS-Ghana
2024-09-02,maize,Juaboso,Juaboso Weekly Market,2.85,GHS,WFP-GIEWS-Ghana
2024-09-09,maize,Juaboso,Juaboso Weekly Market,2.86,GHS,WFP-GIEWS-Ghana
2024-09-16,maize,Juaboso,Juaboso Weekly Market,2.8,GHS,WFP-GIEWS-Ghana
2024-09-23,maize,Juaboso,Juaboso Weekly Market,2.69,GHS,WFP-GIEWS-Ghana
2024-09-30,maize,Juaboso,Juaboso Weekly Market,2.67,GHS,WFP-GIEWS-Ghana
2024-10-07,maize,Juaboso,Juaboso Weekly Market,2.5,GHS,WFP-GIEWS-Ghana
2024-10-14,maize,Juaboso,Juaboso Weekly Market,2.41,GHS,WFP-GIEWS-Ghana
2024-10-21,maize,Juaboso,Juaboso Weekly Market,2.38,GHS,WFP-GIEWS-Ghana
2024-10-28,maize,Juaboso,Juaboso Weekly Market,2.44,GHS,WFP-GIEWS-Ghana
2024-11-04,maize,Juaboso,Juaboso Weekly Market,2.53,GHS,WFP-GIEWS-Ghana
2024-11-11,maize,Juaboso,Juaboso Weekly Market,2.47,GHS,WFP-GIEWS-Ghana
2024-11-18,maize,Juaboso,Juaboso Weekly Market,2.39,GHS,WFP-GIEWS-Ghana
2024-11-25,maize,Juaboso,Juaboso Weekly Market,2.57,GHS,WFP-GIEWS-Ghana
2024-12-02,maize,Juaboso,Juaboso Weekly Market,2.62,GHS,WFP-GIEWS-Ghana
2024-12-09,maize,Juaboso,Juaboso Weekly Market,2.52,GHS,WFP-GIEWS-Ghana
2024-12-16,maize,Juaboso,Juaboso Weekly Market,2.56,GHS,WFP-GIEWS-Ghana
2024-12-23,maize,Juaboso,Juaboso Weekly Market,2.59,GHS,WFP-GIEWS-Ghana
2024-12-30,maize,Juaboso,Juaboso Weekly Market,2.58,GHS,WFP-GIEWS-Ghana
2018-01-01,maize,Sefwi Wiawso,Sefwi Wiawso District Market,1.76,GHS,WFP-GIEWS-Ghana
2018-01-08,maize,Sefwi Wiawso,Sefwi Wiawso District Market,1.76,GHS,WFP-GIEWS-Ghana
2018-01-15,maize,Sefwi Wiawso,Sefwi Wiawso District Market,1.65,GHS,WFP-GIEWS-Ghana
2018-01-22,maize,Sefwi Wiawso,Sefwi Wiawso District Market,1.77,GHS,WFP-GIEWS-Ghana
2018-01-29,maize,Sefwi Wiawso,Sefwi Wiawso District Market,1.63,GHS,WFP-GIEWS-Ghana
2018-02-05,maize,Sefwi Wiawso,Sefwi Wiawso District Market,1.68,GHS,WFP-GIEWS-Ghana
2018-02-12,maize,Sefwi Wiawso,Sefwi Wiawso District Market,1.82,GHS,WFP-GIEWS-Ghana
2018-02-19,maize,Sefwi Wiawso,Sefwi Wiawso District Market,1.79,GHS,WFP-GIEWS-Ghana
2018-02-26,maize,Sefwi Wiawso,Sefwi Wiawso District Market,1.83,GHS,WFP-GIEWS-Ghana
2018-03-05,maize,Sefwi Wiawso,Sefwi Wiawso District Market,1.47,GHS,WFP-GIEWS-Ghana
2018-03-12,maize,Sefwi Wiawso,Sefwi Wiawso District Market,1.42,GHS,WFP-GIEWS-Ghana
2018-03-19,maize,Sefwi Wiawso,Sefwi Wiawso District Market,1.47,GHS,WFP-GIEWS-Ghana
2018-03-26,maize,Sefwi Wiawso,Sefwi Wiawso District Market,1.49,GHS,WFP-GIEWS-Ghana
2018-04-02,maize,Sefwi Wiawso,Sefwi Wiawso District Market,1.5,GHS,WFP-GIEWS-Ghana
2018-04-09,maize,Sefwi Wiawso,Sefwi Wiawso District Market,1.56,GHS,WFP-GIEWS-Ghana
2018-04-16,maize,Sefwi Wiawso,Sefwi Wiawso District Market,1.47,GHS,WFP-GIEWS-Ghana
2018-04-23,maize,Sefwi Wiawso,Sefwi Wiawso District Market,1.52,GHS,WFP-GIEWS-Ghana
2018-04-30,maize,Sefwi Wiawso,Sefwi Wiawso District Market,1.44,GHS,WFP-GIEWS-Ghana
2018-05-07,maize,Sefwi Wiawso,Sefwi Wiawso District Market,1.53,GHS,WFP-GIEWS-Ghana
2018-05-14,maize,Sefwi Wiawso,Sefwi Wiawso District Market,1.5,GHS,WFP-GIEWS-Ghana
2018-05-21,maize,Sefwi Wiawso,Sefwi Wiawso District Market,1.46,GHS,WFP-GIEWS-Ghana
2018-05-28,maize,Sefwi Wiawso,Sefwi Wiawso District Market,1.49,GHS,WFP-GIEWS-Ghana
2018-06-04,maize,Sefwi Wiawso,Sefwi Wiawso District Market,1.63,GHS,WFP-GIEWS-Ghana
2018-06-11,maize,Sefwi Wiawso,Sefwi Wiawso District Market,1.63,GHS,WFP-GIEWS-Ghana
2018-06-18,maize,Sefwi Wiawso,Sefwi Wiawso District Market,1.76,GHS,WFP-GIEWS-Ghana
2018-06-25,maize,Sefwi Wiawso,Sefwi Wiawso District Market,1.64,GHS,WFP-GIEWS-Ghana
2018-07-02,maize,Sefwi Wiawso,Sefwi Wiawso District Market,1.84,GHS,WFP-GIEWS-Ghana
2018-07-09,maize,Sefwi Wiawso,Sefwi Wiawso District Market,1.7,GHS,WFP-GIEWS-Ghana
2018-07-16,maize,Sefwi Wiawso,Sefwi Wiawso District Market,1.79,GHS,WFP-GIEWS-Ghana
2018-07-23,maize,Sefwi Wiawso,Sefwi Wiawso District Market,1.84,GHS,WFP-GIEWS-Ghana
2018-07-30,maize,Sefwi Wiawso,Sefwi Wiawso District Market,1.8,GHS,WFP-GIEWS-Ghana
2018-08-06,maize,Sefwi Wiawso,Sefwi Wiawso District Market,1.97,GHS,WFP-GIEWS-Ghana
2018-08-13,maize,Sefwi Wiawso,Sefwi Wiawso District Market,1.85,GHS,WFP-GIEWS-Ghana
2018-08-20,maize,Sefwi Wiawso,Sefwi Wiawso District Market,1.96,GHS,WFP-GIEWS-Ghana
2018-08-27,maize,Sefwi Wiawso,Sefwi Wiawso District Market,1.87,GHS,WFP-GIEWS-Ghana
2018-09-03,maize,Sefwi Wiawso,Sefwi Wiawso District Market,1.68,GHS,WFP-GIEWS-Ghana
2018-09-10,maize,Sefwi Wiawso,Sefwi Wiawso District Market,1.67,GHS,WFP-GIEWS-Ghana
2018-09-17,maize,Sefwi Wiawso,Sefwi Wiawso District Market,1.68,GHS,WFP-GIEWS-Ghana
2018-09-24,maize,Sefwi Wiawso,Sefwi Wiawso District Market,1.79,GHS,WFP-GIEWS-Ghana
2018-10-01,maize,Sefwi Wiawso,Sefwi Wiawso District Market,1.3,GHS,WFP-GIEWS-Ghana
2018-10-08,maize,Sefwi Wiawso,Sefwi Wiawso District Market,1.32,GHS,WFP-GIEWS-Ghana
2018-10-15,maize,Sefwi Wiawso,Sefwi Wiawso District Market,1.4,GHS,WFP-GIEWS-Ghana
2018-10-22,maize,Sefwi Wiawso,Sefwi Wiawso District Market,1.44,GHS,WFP-GIEWS-Ghana
2018-10-29,maize,Sefwi Wiawso,Sefwi Wiawso District Market,1.47,GHS,WFP-GIEWS-Ghana
2018-11-05,maize,Sefwi Wiawso,Sefwi Wiawso District Market,1.47,GHS,WFP-GIEWS-Ghana
2018-11-12,maize,Sefwi Wiawso,Sefwi Wiawso District Market,1.42,GHS,WFP-GIEWS-Ghana
2018-11-19,maize,Sefwi Wiawso,Sefwi Wiawso District Market,1.5,GHS,WFP-GIEWS-Ghana
2018-11-26,maize,Sefwi Wiawso,Sefwi Wiawso District Market,1.5,GHS,WFP-GIEWS-Ghana
2018-12-03,maize,Sefwi Wiawso,Sefwi Wiawso District Market,1.46,GHS,WFP-GIEWS-Ghana
2018-12-10,maize,Sefwi Wiawso,Sefwi Wiawso District Market,1.51,GHS,WFP-GIEWS-Ghana
2018-12-17,maize,Sefwi Wiawso,Sefwi Wiawso District Market,1.47,GHS,WFP-GIEWS-Ghana
2018-12-24,maize,Sefwi Wiawso,Sefwi Wiawso District Market,1.42,GHS,WFP-GIEWS-Ghana
2018-12-31,maize,Sefwi Wiawso,Sefwi Wiawso District Market,1.49,GHS,WFP-GIEWS-Ghana
2019-01-07,maize,Sefwi Wiawso,Sefwi Wiawso District Market,1.87,GHS,WFP-GIEWS-Ghana
2019-01-14,maize,Sefwi Wiawso,Sefwi Wiawso District Market,1.86,GHS,WFP-GIEWS-Ghana
2019-01-21,maize,Sefwi Wiawso,Sefwi Wiawso District Market,1.97,GHS,WFP-GIEWS-Ghana
2019-01-28,maize,Sefwi Wiawso,Sefwi Wiawso District Market,1.68,GHS,WFP-GIEWS-Ghana
2019-02-04,maize,Sefwi Wiawso,Sefwi Wiawso District Market,1.76,GHS,WFP-GIEWS-Ghana
2019-02-11,maize,Sefwi Wiawso,Sefwi Wiawso District Market,1.78,GHS,WFP-GIEWS-Ghana
2019-02-18,maize,Sefwi Wiawso,Sefwi Wiawso District Market,1.84,GHS,WFP-GIEWS-Ghana
2019-02-25,maize,Sefwi Wiawso,Sefwi Wiawso District Market,1.85,GHS,WFP-GIEWS-Ghana
2019-03-04,maize,Sefwi Wiawso,Sefwi Wiawso District Market,1.51,GHS,WFP-GIEWS-Ghana
2019-03-11,maize,Sefwi Wiawso,Sefwi Wiawso District Market,1.54,GHS,WFP-GIEWS-Ghana
2019-03-18,maize,Sefwi Wiawso,Sefwi Wiawso District Market,1.55,GHS,WFP-GIEWS-Ghana
2019-03-25,maize,Sefwi Wiawso,Sefwi Wiawso District Market,1.76,GHS,WFP-GIEWS-Ghana
2019-04-01,maize,Sefwi Wiawso,Sefwi Wiawso District Market,1.73,GHS,WFP-GIEWS-Ghana
2019-04-08,maize,Sefwi Wiawso,Sefwi Wiawso District Market,1.59,GHS,WFP-GIEWS-Ghana
2019-04-15,maize,Sefwi Wiawso,Sefwi Wiawso District Market,1.59,GHS,WFP-GIEWS-Ghana
2019-04-22,maize,Sefwi Wiawso,Sefwi Wiawso District Market,1.54,GHS,WFP-GIEWS-Ghana
2019-04-29,maize,Sefwi Wiawso,Sefwi Wiawso District Market,1.49,GHS,WFP-GIEWS-Ghana
2019-05-06,maize,Sefwi Wiawso,Sefwi Wiawso District Market,1.62,GHS,WFP-GIEWS-Ghana
2019-05-13,maize,Sefwi Wiawso,Sefwi Wiawso District Market,1.56,GHS,WFP-GIEWS-Ghana
2019-05-20,maize,Sefwi Wiawso,Sefwi Wiawso District Market,1.62,GHS,WFP-GIEWS-Ghana
2019-05-27,maize,Sefwi Wiawso,Sefwi Wiawso District Market,1.52,GHS,WFP-GIEWS-Ghana
2019-06-03,maize,Sefwi Wiawso,Sefwi Wiawso District Market,1.72,GHS,WFP-GIEWS-Ghana
2019-06-10,maize,Sefwi Wiawso,Sefwi Wiawso District Market,1.79,GHS,WFP-GIEWS-Ghana
2019-06-17,maize,Sefwi Wiawso,Sefwi Wiawso District Market,1.8,GHS,WFP-GIEWS-Ghana
2019-06-24,maize,Sefwi Wiawso,Sefwi Wiawso District Market,1.81,GHS,WFP-GIEWS-Ghana
2019-07-01,maize,Sefwi Wiawso,Sefwi Wiawso District Market,1.9,GHS,WFP-GIEWS-Ghana
2019-07-08,maize,Sefwi Wiawso,Sefwi Wiawso District Market,2.07,GHS,WFP-GIEWS-Ghana
2019-07-15,maize,Sefwi Wiawso,Sefwi Wiawso District Market,1.94,GHS,WFP-GIEWS-Ghana
2019-07-22,maize,Sefwi Wiawso,Sefwi Wiawso District Market,2.05,GHS,WFP-GIEWS-Ghana
2019-07-29,maize,Sefwi Wiawso,Sefwi Wiawso District Market,2.0,GHS,WFP-GIEWS-Ghana
2019-08-05,maize,Sefwi Wiawso,Sefwi Wiawso District Market,1.9,GHS,WFP-GIEWS-Ghana
2019-08-12,maize,Sefwi Wiawso,Sefwi Wiawso District Market,1.99,GHS,WFP-GIEWS-Ghana
2019-08-19,maize,Sefwi Wiawso,Sefwi Wiawso District Market,2.05,GHS,WFP-GIEWS-Ghana
2019-08-26,maize,Sefwi Wiawso,Sefwi Wiawso District Market,2.07,GHS,WFP-GIEWS-Ghana
2019-09-02,maize,Sefwi Wiawso,Sefwi Wiawso District Market,1.8,GHS,WFP-GIEWS-Ghana
2019-09-09,maize,Sefwi Wiawso,Sefwi Wiawso District Market,1.92,GHS,WFP-GIEWS-Ghana
2019-09-16,maize,Sefwi Wiawso,Sefwi Wiawso District Market,1.88,GHS,WFP-GIEWS-Ghana
2019-09-23,maize,Sefwi Wiawso,Sefwi Wiawso District Market,1.79,GHS,WFP-GIEWS-Ghana
2019-09-30,maize,Sefwi Wiawso,Sefwi Wiawso District Market,1.87,GHS,WFP-GIEWS-Ghana
2019-10-07,maize,Sefwi Wiawso,Sefwi Wiawso District Market,1.67,GHS,WFP-GIEWS-Ghana
2019-10-14,maize,Sefwi Wiawso,Sefwi Wiawso District Market,1.67,GHS,WFP-GIEWS-Ghana
2019-10-21,maize,Sefwi Wiawso,Sefwi Wiawso District Market,1.47,GHS,WFP-GIEWS-Ghana
2019-10-28,maize,Sefwi Wiawso,Sefwi Wiawso District Market,1.49,GHS,WFP-GIEWS-Ghana
2019-11-04,maize,Sefwi Wiawso,Sefwi Wiawso District Market,1.65,GHS,WFP-GIEWS-Ghana
2019-11-11,maize,Sefwi Wiawso,Sefwi Wiawso District Market,1.49,GHS,WFP-GIEWS-Ghana
2019-11-18,maize,Sefwi Wiawso,Sefwi Wiawso District Market,1.48,GHS,WFP-GIEWS-Ghana
2019-11-25,maize,Sefwi Wiawso,Sefwi Wiawso District Market,1.53,GHS,WFP-GIEWS-Ghana
2019-12-02,maize,Sefwi Wiawso,Sefwi Wiawso District Market,1.6,GHS,WFP-GIEWS-Ghana
2019-12-09,maize,Sefwi Wiawso,Sefwi Wiawso District Market,1.56,GHS,WFP-GIEWS-Ghana
2019-12-16,maize,Sefwi Wiawso,Sefwi Wiawso District Market,1.53,GHS,WFP-GIEWS-Ghana
2019-12-23,maize,Sefwi Wiawso,Sefwi Wiawso District Market,1.53,GHS,WFP-GIEWS-Ghana
2019-12-30,maize,Sefwi Wiawso,Sefwi Wiawso District Market,1.52,GHS,WFP-GIEWS-Ghana
2020-01-06,maize,Sefwi Wiawso,Sefwi Wiawso District Market,1.94,GHS,WFP-GIEWS-Ghana
2020-01-13,maize,Sefwi Wiawso,Sefwi Wiawso District Market,2.19,GHS,WFP-GIEWS-Ghana
2020-01-20,maize,Sefwi Wiawso,Sefwi Wiawso District Market,2.03,GHS,WFP-GIEWS-Ghana
2020-01-27,maize,Sefwi Wiawso,Sefwi Wiawso District Market,2.08,GHS,WFP-GIEWS-Ghana
2020-02-03,maize,Sefwi Wiawso,Sefwi Wiawso District Market,1.98,GHS,WFP-GIEWS-Ghana
2020-02-10,maize,Sefwi Wiawso,Sefwi Wiawso District Market,2.01,GHS,WFP-GIEWS-Ghana
2020-02-17,maize,Sefwi Wiawso,Sefwi Wiawso District Market,1.96,GHS,WFP-GIEWS-Ghana
2020-02-24,maize,Sefwi Wiawso,Sefwi Wiawso District Market,1.81,GHS,WFP-GIEWS-Ghana
2020-03-02,maize,Sefwi Wiawso,Sefwi Wiawso District Market,1.64,GHS,WFP-GIEWS-Ghana
2020-03-09,maize,Sefwi Wiawso,Sefwi Wiawso District Market,1.61,GHS,WFP-GIEWS-Ghana
2020-03-16,maize,Sefwi Wiawso,Sefwi Wiawso District Market,1.58,GHS,WFP-GIEWS-Ghana
2020-03-23,maize,Sefwi Wiawso,Sefwi Wiawso District Market,1.65,GHS,WFP-GIEWS-Ghana
2020-03-30,maize,Sefwi Wiawso,Sefwi Wiawso District Market,1.82,GHS,WFP-GIEWS-Ghana
2020-04-06,maize,Sefwi Wiawso,Sefwi Wiawso District Market,1.74,GHS,WFP-GIEWS-Ghana
2020-04-13,maize,Sefwi Wiawso,Sefwi Wiawso District Market,1.83,GHS,WFP-GIEWS-Ghana
2020-04-20,maize,Sefwi Wiawso,Sefwi Wiawso District Market,1.77,GHS,WFP-GIEWS-Ghana
2020-04-27,maize,Sefwi Wiawso,Sefwi Wiawso District Market,1.8,GHS,WFP-GIEWS-Ghana
2020-05-04,maize,Sefwi Wiawso,Sefwi Wiawso District Market,1.69,GHS,WFP-GIEWS-Ghana
2020-05-11,maize,Sefwi Wiawso,Sefwi Wiawso District Market,1.79,GHS,WFP-GIEWS-Ghana
2020-05-18,maize,Sefwi Wiawso,Sefwi Wiawso District Market,1.81,GHS,WFP-GIEWS-Ghana
2020-05-25,maize,Sefwi Wiawso,Sefwi Wiawso District Market,1.71,GHS,WFP-GIEWS-Ghana
2020-06-01,maize,Sefwi Wiawso,Sefwi Wiawso District Market,1.96,GHS,WFP-GIEWS-Ghana
2020-06-08,maize,Sefwi Wiawso,Sefwi Wiawso District Market,1.96,GHS,WFP-GIEWS-Ghana
2020-06-15,maize,Sefwi Wiawso,Sefwi Wiawso District Market,1.88,GHS,WFP-GIEWS-Ghana
2020-06-22,maize,Sefwi Wiawso,Sefwi Wiawso District Market,1.83,GHS,WFP-GIEWS-Ghana
2020-06-29,maize,Sefwi Wiawso,Sefwi Wiawso District Market,1.83,GHS,WFP-GIEWS-Ghana
2020-07-06,maize,Sefwi Wiawso,Sefwi Wiawso District Market,2.17,GHS,WFP-GIEWS-Ghana
2020-07-13,maize,Sefwi Wiawso,Sefwi Wiawso District Market,2.19,GHS,WFP-GIEWS-Ghana
2020-07-20,maize,Sefwi Wiawso,Sefwi Wiawso District Market,2.09,GHS,WFP-GIEWS-Ghana
2020-07-27,maize,Sefwi Wiawso,Sefwi Wiawso District Market,2.17,GHS,WFP-GIEWS-Ghana
2020-08-03,maize,Sefwi Wiawso,Sefwi Wiawso District Market,2.23,GHS,WFP-GIEWS-Ghana
2020-08-10,maize,Sefwi Wiawso,Sefwi Wiawso District Market,2.23,GHS,WFP-GIEWS-Ghana
2020-08-17,maize,Sefwi Wiawso,Sefwi Wiawso District Market,2.31,GHS,WFP-GIEWS-Ghana
2020-08-24,maize,Sefwi Wiawso,Sefwi Wiawso District Market,2.29,GHS,WFP-GIEWS-Ghana
2020-08-31,maize,Sefwi Wiawso,Sefwi Wiawso District Market,2.09,GHS,WFP-GIEWS-Ghana
2020-09-07,maize,Sefwi Wiawso,Sefwi Wiawso District Market,2.09,GHS,WFP-GIEWS-Ghana
2020-09-14,maize,Sefwi Wiawso,Sefwi Wiawso District Market,1.91,GHS,WFP-GIEWS-Ghana
2020-09-21,maize,Sefwi Wiawso,Sefwi Wiawso District Market,2.04,GHS,WFP-GIEWS-Ghana
2020-09-28,maize,Sefwi Wiawso,Sefwi Wiawso District Market,1.96,GHS,WFP-GIEWS-Ghana
2020-10-05,maize,Sefwi Wiawso,Sefwi Wiawso District Market,1.65,GHS,WFP-GIEWS-Ghana
2020-10-12,maize,Sefwi Wiawso,Sefwi Wiawso District Market,1.55,GHS,WFP-GIEWS-Ghana
2020-10-19,maize,Sefwi Wiawso,Sefwi Wiawso District Market,1.66,GHS,WFP-GIEWS-Ghana
2020-10-26,maize,Sefwi Wiawso,Sefwi Wiawso District Market,1.57,GHS,WFP-GIEWS-Ghana
2020-11-02,maize,Sefwi Wiawso,Sefwi Wiawso District Market,1.75,GHS,WFP-GIEWS-Ghana
2020-11-09,maize,Sefwi Wiawso,Sefwi Wiawso District Market,1.79,GHS,WFP-GIEWS-Ghana
2020-11-16,maize,Sefwi Wiawso,Sefwi Wiawso District Market,1.63,GHS,WFP-GIEWS-Ghana
2020-11-23,maize,Sefwi Wiawso,Sefwi Wiawso District Market,1.7,GHS,WFP-GIEWS-Ghana
2020-11-30,maize,Sefwi Wiawso,Sefwi Wiawso District Market,1.64,GHS,WFP-GIEWS-Ghana
2020-12-07,maize,Sefwi Wiawso,Sefwi Wiawso District Market,1.65,GHS,WFP-GIEWS-Ghana
2020-12-14,maize,Sefwi Wiawso,Sefwi Wiawso District Market,1.75,GHS,WFP-GIEWS-Ghana
2020-12-21,maize,Sefwi Wiawso,Sefwi Wiawso District Market,1.69,GHS,WFP-GIEWS-Ghana
2020-12-28,maize,Sefwi Wiawso,Sefwi Wiawso District Market,1.81,GHS,WFP-GIEWS-Ghana
2021-01-04,maize,Sefwi Wiawso,Sefwi Wiawso District Market,2.13,GHS,WFP-GIEWS-Ghana
2021-01-11,maize,Sefwi Wiawso,Sefwi Wiawso District Market,2.25,GHS,WFP-GIEWS-Ghana
2021-01-18,maize,Sefwi Wiawso,Sefwi Wiawso District Market,2.18,GHS,WFP-GIEWS-Ghana
2021-01-25,maize,Sefwi Wiawso,Sefwi Wiawso District Market,2.24,GHS,WFP-GIEWS-Ghana
2021-02-01,maize,Sefwi Wiawso,Sefwi Wiawso District Market,2.14,GHS,WFP-GIEWS-Ghana
2021-02-08,maize,Sefwi Wiawso,Sefwi Wiawso District Market,2.18,GHS,WFP-GIEWS-Ghana
2021-02-15,maize,Sefwi Wiawso,Sefwi Wiawso District Market,2.17,GHS,WFP-GIEWS-Ghana
2021-02-22,maize,Sefwi Wiawso,Sefwi Wiawso District Market,2.11,GHS,WFP-GIEWS-Ghana
2021-03-01,maize,Sefwi Wiawso,Sefwi Wiawso District Market,1.92,GHS,WFP-GIEWS-Ghana
2021-03-08,maize,Sefwi Wiawso,Sefwi Wiawso District Market,1.92,GHS,WFP-GIEWS-Ghana
2021-03-15,maize,Sefwi Wiawso,Sefwi Wiawso District Market,1.91,GHS,WFP-GIEWS-Ghana
2021-03-22,maize,Sefwi Wiawso,Sefwi Wiawso District Market,1.99,GHS,WFP-GIEWS-Ghana
2021-03-29,maize,Sefwi Wiawso,Sefwi Wiawso District Market,1.98,GHS,WFP-GIEWS-Ghana
2021-04-05,maize,Sefwi Wiawso,Sefwi Wiawso District Market,1.85,GHS,WFP-GIEWS-Ghana
2021-04-12,maize,Sefwi Wiawso,Sefwi Wiawso District Market,1.91,GHS,WFP-GIEWS-Ghana
2021-04-19,maize,Sefwi Wiawso,Sefwi Wiawso District Market,1.84,GHS,WFP-GIEWS-Ghana
2021-04-26,maize,Sefwi Wiawso,Sefwi Wiawso District Market,1.88,GHS,WFP-GIEWS-Ghana
2021-05-03,maize,Sefwi Wiawso,Sefwi Wiawso District Market,1.85,GHS,WFP-GIEWS-Ghana
2021-05-10,maize,Sefwi Wiawso,Sefwi Wiawso District Market,2.02,GHS,WFP-GIEWS-Ghana
2021-05-17,maize,Sefwi Wiawso,Sefwi Wiawso District Market,1.92,GHS,WFP-GIEWS-Ghana
2021-05-24,maize,Sefwi Wiawso,Sefwi Wiawso District Market,1.88,GHS,WFP-GIEWS-Ghana
2021-05-31,maize,Sefwi Wiawso,Sefwi Wiawso District Market,1.99,GHS,WFP-GIEWS-Ghana
2021-06-07,maize,Sefwi Wiawso,Sefwi Wiawso District Market,1.89,GHS,WFP-GIEWS-Ghana
2021-06-14,maize,Sefwi Wiawso,Sefwi Wiawso District Market,1.91,GHS,WFP-GIEWS-Ghana
2021-06-21,maize,Sefwi Wiawso,Sefwi Wiawso District Market,2.14,GHS,WFP-GIEWS-Ghana
2021-06-28,maize,Sefwi Wiawso,Sefwi Wiawso District Market,2.08,GHS,WFP-GIEWS-Ghana
2021-07-05,maize,Sefwi Wiawso,Sefwi Wiawso District Market,2.36,GHS,WFP-GIEWS-Ghana
2021-07-12,maize,Sefwi Wiawso,Sefwi Wiawso District Market,2.21,GHS,WFP-GIEWS-Ghana
2021-07-19,maize,Sefwi Wiawso,Sefwi Wiawso District Market,2.33,GHS,WFP-GIEWS-Ghana
2021-07-26,maize,Sefwi Wiawso,Sefwi Wiawso District Market,2.52,GHS,WFP-GIEWS-Ghana
2021-08-02,maize,Sefwi Wiawso,Sefwi Wiawso District Market,2.43,GHS,WFP-GIEWS-Ghana
2021-08-09,maize,Sefwi Wiawso,Sefwi Wiawso District Market,2.37,GHS,WFP-GIEWS-Ghana
2021-08-16,maize,Sefwi Wiawso,Sefwi Wiawso District Market,2.31,GHS,WFP-GIEWS-Ghana
2021-08-23,maize,Sefwi Wiawso,Sefwi Wiawso District Market,2.31,GHS,WFP-GIEWS-Ghana
2021-08-30,maize,Sefwi Wiawso,Sefwi Wiawso District Market,2.15,GHS,WFP-GIEWS-Ghana
2021-09-06,maize,Sefwi Wiawso,Sefwi Wiawso District Market,2.13,GHS,WFP-GIEWS-Ghana
2021-09-13,maize,Sefwi Wiawso,Sefwi Wiawso District Market,2.18,GHS,WFP-GIEWS-Ghana
2021-09-20,maize,Sefwi Wiawso,Sefwi Wiawso District Market,1.98,GHS,WFP-GIEWS-Ghana
2021-09-27,maize,Sefwi Wiawso,Sefwi Wiawso District Market,2.06,GHS,WFP-GIEWS-Ghana
2021-10-04,maize,Sefwi Wiawso,Sefwi Wiawso District Market,1.72,GHS,WFP-GIEWS-Ghana
2021-10-11,maize,Sefwi Wiawso,Sefwi Wiawso District Market,1.74,GHS,WFP-GIEWS-Ghana
2021-10-18,maize,Sefwi Wiawso,Sefwi Wiawso District Market,1.81,GHS,WFP-GIEWS-Ghana
2021-10-25,maize,Sefwi Wiawso,Sefwi Wiawso District Market,1.66,GHS,WFP-GIEWS-Ghana
2021-11-01,maize,Sefwi Wiawso,Sefwi Wiawso District Market,1.86,GHS,WFP-GIEWS-Ghana
2021-11-08,maize,Sefwi Wiawso,Sefwi Wiawso District Market,1.87,GHS,WFP-GIEWS-Ghana
2021-11-15,maize,Sefwi Wiawso,Sefwi Wiawso District Market,1.8,GHS,WFP-GIEWS-Ghana
2021-11-22,maize,Sefwi Wiawso,Sefwi Wiawso District Market,1.64,GHS,WFP-GIEWS-Ghana
2021-11-29,maize,Sefwi Wiawso,Sefwi Wiawso District Market,1.75,GHS,WFP-GIEWS-Ghana
2021-12-06,maize,Sefwi Wiawso,Sefwi Wiawso District Market,1.92,GHS,WFP-GIEWS-Ghana
2021-12-13,maize,Sefwi Wiawso,Sefwi Wiawso District Market,1.63,GHS,WFP-GIEWS-Ghana
2021-12-20,maize,Sefwi Wiawso,Sefwi Wiawso District Market,1.81,GHS,WFP-GIEWS-Ghana
2021-12-27,maize,Sefwi Wiawso,Sefwi Wiawso District Market,1.74,GHS,WFP-GIEWS-Ghana
2022-01-03,maize,Sefwi Wiawso,Sefwi Wiawso District Market,2.42,GHS,WFP-GIEWS-Ghana
2022-01-10,maize,Sefwi Wiawso,Sefwi Wiawso District Market,2.28,GHS,WFP-GIEWS-Ghana
2022-01-17,maize,Sefwi Wiawso,Sefwi Wiawso District Market,2.38,GHS,WFP-GIEWS-Ghana
2022-01-24,maize,Sefwi Wiawso,Sefwi Wiawso District Market,2.39,GHS,WFP-GIEWS-Ghana
2022-01-31,maize,Sefwi Wiawso,Sefwi Wiawso District Market,2.51,GHS,WFP-GIEWS-Ghana
2022-02-07,maize,Sefwi Wiawso,Sefwi Wiawso District Market,2.34,GHS,WFP-GIEWS-Ghana
2022-02-14,maize,Sefwi Wiawso,Sefwi Wiawso District Market,2.39,GHS,WFP-GIEWS-Ghana
2022-02-21,maize,Sefwi Wiawso,Sefwi Wiawso District Market,2.22,GHS,WFP-GIEWS-Ghana
2022-02-28,maize,Sefwi Wiawso,Sefwi Wiawso District Market,2.47,GHS,WFP-GIEWS-Ghana
2022-03-07,maize,Sefwi Wiawso,Sefwi Wiawso District Market,1.96,GHS,WFP-GIEWS-Ghana
2022-03-14,maize,Sefwi Wiawso,Sefwi Wiawso District Market,1.97,GHS,WFP-GIEWS-Ghana
2022-03-21,maize,Sefwi Wiawso,Sefwi Wiawso District Market,2.02,GHS,WFP-GIEWS-Ghana
2022-03-28,maize,Sefwi Wiawso,Sefwi Wiawso District Market,1.89,GHS,WFP-GIEWS-Ghana
2022-04-04,maize,Sefwi Wiawso,Sefwi Wiawso District Market,2.05,GHS,WFP-GIEWS-Ghana
2022-04-11,maize,Sefwi Wiawso,Sefwi Wiawso District Market,2.11,GHS,WFP-GIEWS-Ghana
2022-04-18,maize,Sefwi Wiawso,Sefwi Wiawso District Market,2.06,GHS,WFP-GIEWS-Ghana
2022-04-25,maize,Sefwi Wiawso,Sefwi Wiawso District Market,1.9,GHS,WFP-GIEWS-Ghana
2022-05-02,maize,Sefwi Wiawso,Sefwi Wiawso District Market,2.04,GHS,WFP-GIEWS-Ghana
2022-05-09,maize,Sefwi Wiawso,Sefwi Wiawso District Market,2.11,GHS,WFP-GIEWS-Ghana
2022-05-16,maize,Sefwi Wiawso,Sefwi Wiawso District Market,1.89,GHS,WFP-GIEWS-Ghana
2022-05-23,maize,Sefwi Wiawso,Sefwi Wiawso District Market,1.96,GHS,WFP-GIEWS-Ghana
2022-05-30,maize,Sefwi Wiawso,Sefwi Wiawso District Market,2.12,GHS,WFP-GIEWS-Ghana
2022-06-06,maize,Sefwi Wiawso,Sefwi Wiawso District Market,2.26,GHS,WFP-GIEWS-Ghana
2022-06-13,maize,Sefwi Wiawso,Sefwi Wiawso District Market,2.28,GHS,WFP-GIEWS-Ghana
2022-06-20,maize,Sefwi Wiawso,Sefwi Wiawso District Market,2.4,GHS,WFP-GIEWS-Ghana
2022-06-27,maize,Sefwi Wiawso,Sefwi Wiawso District Market,2.28,GHS,WFP-GIEWS-Ghana
2022-07-04,maize,Sefwi Wiawso,Sefwi Wiawso District Market,2.59,GHS,WFP-GIEWS-Ghana
2022-07-11,maize,Sefwi Wiawso,Sefwi Wiawso District Market,2.8,GHS,WFP-GIEWS-Ghana
2022-07-18,maize,Sefwi Wiawso,Sefwi Wiawso District Market,2.5,GHS,WFP-GIEWS-Ghana
2022-07-25,maize,Sefwi Wiawso,Sefwi Wiawso District Market,2.44,GHS,WFP-GIEWS-Ghana
2022-08-01,maize,Sefwi Wiawso,Sefwi Wiawso District Market,2.58,GHS,WFP-GIEWS-Ghana
2022-08-08,maize,Sefwi Wiawso,Sefwi Wiawso District Market,2.58,GHS,WFP-GIEWS-Ghana
2022-08-15,maize,Sefwi Wiawso,Sefwi Wiawso District Market,2.49,GHS,WFP-GIEWS-Ghana
2022-08-22,maize,Sefwi Wiawso,Sefwi Wiawso District Market,2.43,GHS,WFP-GIEWS-Ghana
2022-08-29,maize,Sefwi Wiawso,Sefwi Wiawso District Market,2.77,GHS,WFP-GIEWS-Ghana
2022-09-05,maize,Sefwi Wiawso,Sefwi Wiawso District Market,2.31,GHS,WFP-GIEWS-Ghana
2022-09-12,maize,Sefwi Wiawso,Sefwi Wiawso District Market,2.22,GHS,WFP-GIEWS-Ghana
2022-09-19,maize,Sefwi Wiawso,Sefwi Wiawso District Market,2.37,GHS,WFP-GIEWS-Ghana
2022-09-26,maize,Sefwi Wiawso,Sefwi Wiawso District Market,2.27,GHS,WFP-GIEWS-Ghana
2022-10-03,maize,Sefwi Wiawso,Sefwi Wiawso District Market,1.93,GHS,WFP-GIEWS-Ghana
2022-10-10,maize,Sefwi Wiawso,Sefwi Wiawso District Market,2.0,GHS,WFP-GIEWS-Ghana
2022-10-17,maize,Sefwi Wiawso,Sefwi Wiawso District Market,1.85,GHS,WFP-GIEWS-Ghana
2022-10-24,maize,Sefwi Wiawso,Sefwi Wiawso District Market,1.98,GHS,WFP-GIEWS-Ghana
2022-10-31,maize,Sefwi Wiawso,Sefwi Wiawso District Market,2.1,GHS,WFP-GIEWS-Ghana
2022-11-07,maize,Sefwi Wiawso,Sefwi Wiawso District Market,2.0,GHS,WFP-GIEWS-Ghana
2022-11-14,maize,Sefwi Wiawso,Sefwi Wiawso District Market,1.94,GHS,WFP-GIEWS-Ghana
2022-11-21,maize,Sefwi Wiawso,Sefwi Wiawso District Market,1.92,GHS,WFP-GIEWS-Ghana
2022-11-28,maize,Sefwi Wiawso,Sefwi Wiawso District Market,1.93,GHS,WFP-GIEWS-Ghana
2022-12-05,maize,Sefwi Wiawso,Sefwi Wiawso District Market,1.96,GHS,WFP-GIEWS-Ghana
2022-12-12,maize,Sefwi Wiawso,Sefwi Wiawso District Market,1.95,GHS,WFP-GIEWS-Ghana
2022-12-19,maize,Sefwi Wiawso,Sefwi Wiawso District Market,2.05,GHS,WFP-GIEWS-Ghana
2022-12-26,maize,Sefwi Wiawso,Sefwi Wiawso District Market,1.84,GHS,WFP-GIEWS-Ghana
2023-01-02,maize,Sefwi Wiawso,Sefwi Wiawso District Market,2.62,GHS,WFP-GIEWS-Ghana
2023-01-09,maize,Sefwi Wiawso,Sefwi Wiawso District Market,2.49,GHS,WFP-GIEWS-Ghana
2023-01-16,maize,Sefwi Wiawso,Sefwi Wiawso District Market,2.57,GHS,WFP-GIEWS-Ghana
2023-01-23,maize,Sefwi Wiawso,Sefwi Wiawso District Market,2.41,GHS,WFP-GIEWS-Ghana
2023-01-30,maize,Sefwi Wiawso,Sefwi Wiawso District Market,2.66,GHS,WFP-GIEWS-Ghana
2023-02-06,maize,Sefwi Wiawso,Sefwi Wiawso District Market,2.67,GHS,WFP-GIEWS-Ghana
2023-02-13,maize,Sefwi Wiawso,Sefwi Wiawso District Market,2.64,GHS,WFP-GIEWS-Ghana
2023-02-20,maize,Sefwi Wiawso,Sefwi Wiawso District Market,2.39,GHS,WFP-GIEWS-Ghana
2023-02-27,maize,Sefwi Wiawso,Sefwi Wiawso District Market,2.63,GHS,WFP-GIEWS-Ghana
2023-03-06,maize,Sefwi Wiawso,Sefwi Wiawso District Market,2.22,GHS,WFP-GIEWS-Ghana
2023-03-13,maize,Sefwi Wiawso,Sefwi Wiawso District Market,2.04,GHS,WFP-GIEWS-Ghana
2023-03-20,maize,Sefwi Wiawso,Sefwi Wiawso District Market,2.18,GHS,WFP-GIEWS-Ghana
2023-03-27,maize,Sefwi Wiawso,Sefwi Wiawso District Market,2.21,GHS,WFP-GIEWS-Ghana
2023-04-03,maize,Sefwi Wiawso,Sefwi Wiawso District Market,2.24,GHS,WFP-GIEWS-Ghana
2023-04-10,maize,Sefwi Wiawso,Sefwi Wiawso District Market,2.21,GHS,WFP-GIEWS-Ghana
2023-04-17,maize,Sefwi Wiawso,Sefwi Wiawso District Market,2.22,GHS,WFP-GIEWS-Ghana
2023-04-24,maize,Sefwi Wiawso,Sefwi Wiawso District Market,2.33,GHS,WFP-GIEWS-Ghana
2023-05-01,maize,Sefwi Wiawso,Sefwi Wiawso District Market,2.32,GHS,WFP-GIEWS-Ghana
2023-05-08,maize,Sefwi Wiawso,Sefwi Wiawso District Market,1.96,GHS,WFP-GIEWS-Ghana
2023-05-15,maize,Sefwi Wiawso,Sefwi Wiawso District Market,2.18,GHS,WFP-GIEWS-Ghana
2023-05-22,maize,Sefwi Wiawso,Sefwi Wiawso District Market,2.2,GHS,WFP-GIEWS-Ghana
2023-05-29,maize,Sefwi Wiawso,Sefwi Wiawso District Market,2.05,GHS,WFP-GIEWS-Ghana
2023-06-05,maize,Sefwi Wiawso,Sefwi Wiawso District Market,2.43,GHS,WFP-GIEWS-Ghana
2023-06-12,maize,Sefwi Wiawso,Sefwi Wiawso District Market,2.54,GHS,WFP-GIEWS-Ghana
2023-06-19,maize,Sefwi Wiawso,Sefwi Wiawso District Market,2.31,GHS,WFP-GIEWS-Ghana
2023-06-26,maize,Sefwi Wiawso,Sefwi Wiawso District Market,2.45,GHS,WFP-GIEWS-Ghana
2023-07-03,maize,Sefwi Wiawso,Sefwi Wiawso District Market,2.63,GHS,WFP-GIEWS-Ghana
2023-07-10,maize,Sefwi Wiawso,Sefwi Wiawso District Market,2.65,GHS,WFP-GIEWS-Ghana
2023-07-17,maize,Sefwi Wiawso,Sefwi Wiawso District Market,2.89,GHS,WFP-GIEWS-Ghana
2023-07-24,maize,Sefwi Wiawso,Sefwi Wiawso District Market,2.67,GHS,WFP-GIEWS-Ghana
2023-07-31,maize,Sefwi Wiawso,Sefwi Wiawso District Market,2.78,GHS,WFP-GIEWS-Ghana
2023-08-07,maize,Sefwi Wiawso,Sefwi Wiawso District Market,2.54,GHS,WFP-GIEWS-Ghana
2023-08-14,maize,Sefwi Wiawso,Sefwi Wiawso District Market,2.95,GHS,WFP-GIEWS-Ghana
2023-08-21,maize,Sefwi Wiawso,Sefwi Wiawso District Market,2.81,GHS,WFP-GIEWS-Ghana
2023-08-28,maize,Sefwi Wiawso,Sefwi Wiawso District Market,2.72,GHS,WFP-GIEWS-Ghana
2023-09-04,maize,Sefwi Wiawso,Sefwi Wiawso District Market,2.52,GHS,WFP-GIEWS-Ghana
2023-09-11,maize,Sefwi Wiawso,Sefwi Wiawso District Market,2.33,GHS,WFP-GIEWS-Ghana
2023-09-18,maize,Sefwi Wiawso,Sefwi Wiawso District Market,2.58,GHS,WFP-GIEWS-Ghana
2023-09-25,maize,Sefwi Wiawso,Sefwi Wiawso District Market,2.43,GHS,WFP-GIEWS-Ghana
2023-10-02,maize,Sefwi Wiawso,Sefwi Wiawso District Market,2.09,GHS,WFP-GIEWS-Ghana
2023-10-09,maize,Sefwi Wiawso,Sefwi Wiawso District Market,2.07,GHS,WFP-GIEWS-Ghana
2023-10-16,maize,Sefwi Wiawso,Sefwi Wiawso District Market,2.06,GHS,WFP-GIEWS-Ghana
2023-10-23,maize,Sefwi Wiawso,Sefwi Wiawso District Market,2.17,GHS,WFP-GIEWS-Ghana
2023-10-30,maize,Sefwi Wiawso,Sefwi Wiawso District Market,2.13,GHS,WFP-GIEWS-Ghana
2023-11-06,maize,Sefwi Wiawso,Sefwi Wiawso District Market,2.18,GHS,WFP-GIEWS-Ghana
2023-11-13,maize,Sefwi Wiawso,Sefwi Wiawso District Market,2.12,GHS,WFP-GIEWS-Ghana
2023-11-20,maize,Sefwi Wiawso,Sefwi Wiawso District Market,2.17,GHS,WFP-GIEWS-Ghana
2023-11-27,maize,Sefwi Wiawso,Sefwi Wiawso District Market,2.09,GHS,WFP-GIEWS-Ghana
2023-12-04,maize,Sefwi Wiawso,Sefwi Wiawso District Market,2.33,GHS,WFP-GIEWS-Ghana
2023-12-11,maize,Sefwi Wiawso,Sefwi Wiawso District Market,2.0,GHS,WFP-GIEWS-Ghana
2023-12-18,maize,Sefwi Wiawso,Sefwi Wiawso District Market,2.24,GHS,WFP-GIEWS-Ghana
2023-12-25,maize,Sefwi Wiawso,Sefwi Wiawso District Market,2.25,GHS,WFP-GIEWS-Ghana
2024-01-01,maize,Sefwi Wiawso,Sefwi Wiawso District Market,2.64,GHS,WFP-GIEWS-Ghana
2024-01-08,maize,Sefwi Wiawso,Sefwi Wiawso District Market,2.97,GHS,WFP-GIEWS-Ghana
2024-01-15,maize,Sefwi Wiawso,Sefwi Wiawso District Market,2.84,GHS,WFP-GIEWS-Ghana
2024-01-22,maize,Sefwi Wiawso,Sefwi Wiawso District Market,2.84,GHS,WFP-GIEWS-Ghana
2024-01-29,maize,Sefwi Wiawso,Sefwi Wiawso District Market,2.73,GHS,WFP-GIEWS-Ghana
2024-02-05,maize,Sefwi Wiawso,Sefwi Wiawso District Market,2.72,GHS,WFP-GIEWS-Ghana
2024-02-12,maize,Sefwi Wiawso,Sefwi Wiawso District Market,2.73,GHS,WFP-GIEWS-Ghana
2024-02-19,maize,Sefwi Wiawso,Sefwi Wiawso District Market,2.79,GHS,WFP-GIEWS-Ghana
2024-02-26,maize,Sefwi Wiawso,Sefwi Wiawso District Market,2.9,GHS,WFP-GIEWS-Ghana
2024-03-04,maize,Sefwi Wiawso,Sefwi Wiawso District Market,2.37,GHS,WFP-GIEWS-Ghana
2024-03-11,maize,Sefwi Wiawso,Sefwi Wiawso District Market,2.27,GHS,WFP-GIEWS-Ghana
2024-03-18,maize,Sefwi Wiawso,Sefwi Wiawso District Market,2.43,GHS,WFP-GIEWS-Ghana
2024-03-25,maize,Sefwi Wiawso,Sefwi Wiawso District Market,2.44,GHS,WFP-GIEWS-Ghana
2024-04-01,maize,Sefwi Wiawso,Sefwi Wiawso District Market,2.43,GHS,WFP-GIEWS-Ghana
2024-04-08,maize,Sefwi Wiawso,Sefwi Wiawso District Market,2.44,GHS,WFP-GIEWS-Ghana
2024-04-15,maize,Sefwi Wiawso,Sefwi Wiawso District Market,2.35,GHS,WFP-GIEWS-Ghana
2024-04-22,maize,Sefwi Wiawso,Sefwi Wiawso District Market,2.28,GHS,WFP-GIEWS-Ghana
2024-04-29,maize,Sefwi Wiawso,Sefwi Wiawso District Market,2.29,GHS,WFP-GIEWS-Ghana
2024-05-06,maize,Sefwi Wiawso,Sefwi Wiawso District Market,2.23,GHS,WFP-GIEWS-Ghana
2024-05-13,maize,Sefwi Wiawso,Sefwi Wiawso District Market,2.41,GHS,WFP-GIEWS-Ghana
2024-05-20,maize,Sefwi Wiawso,Sefwi Wiawso District Market,2.38,GHS,WFP-GIEWS-Ghana
2024-05-27,maize,Sefwi Wiawso,Sefwi Wiawso District Market,2.34,GHS,WFP-GIEWS-Ghana
2024-06-03,maize,Sefwi Wiawso,Sefwi Wiawso District Market,2.3,GHS,WFP-GIEWS-Ghana
2024-06-10,maize,Sefwi Wiawso,Sefwi Wiawso District Market,2.48,GHS,WFP-GIEWS-Ghana
2024-06-17,maize,Sefwi Wiawso,Sefwi Wiawso District Market,2.73,GHS,WFP-GIEWS-Ghana
2024-06-24,maize,Sefwi Wiawso,Sefwi Wiawso District Market,2.54,GHS,WFP-GIEWS-Ghana
2024-07-01,maize,Sefwi Wiawso,Sefwi Wiawso District Market,2.99,GHS,WFP-GIEWS-Ghana
2024-07-08,maize,Sefwi Wiawso,Sefwi Wiawso District Market,2.78,GHS,WFP-GIEWS-Ghana
2024-07-15,maize,Sefwi Wiawso,Sefwi Wiawso District Market,3.11,GHS,WFP-GIEWS-Ghana
2024-07-22,maize,Sefwi Wiawso,Sefwi Wiawso District Market,2.93,GHS,WFP-GIEWS-Ghana
2024-07-29,maize,Sefwi Wiawso,Sefwi Wiawso District Market,2.98,GHS,WFP-GIEWS-Ghana
2024-08-05,maize,Sefwi Wiawso,Sefwi Wiawso District Market,3.24,GHS,WFP-GIEWS-Ghana
2024-08-12,maize,Sefwi Wiawso,Sefwi Wiawso District Market,3.14,GHS,WFP-GIEWS-Ghana
2024-08-19,maize,Sefwi Wiawso,Sefwi Wiawso District Market,2.93,GHS,WFP-GIEWS-Ghana
2024-08-26,maize,Sefwi Wiawso,Sefwi Wiawso District Market,2.89,GHS,WFP-GIEWS-Ghana
2024-09-02,maize,Sefwi Wiawso,Sefwi Wiawso District Market,2.63,GHS,WFP-GIEWS-Ghana
2024-09-09,maize,Sefwi Wiawso,Sefwi Wiawso District Market,2.72,GHS,WFP-GIEWS-Ghana
2024-09-16,maize,Sefwi Wiawso,Sefwi Wiawso District Market,2.65,GHS,WFP-GIEWS-Ghana
2024-09-23,maize,Sefwi Wiawso,Sefwi Wiawso District Market,2.62,GHS,WFP-GIEWS-Ghana
2024-09-30,maize,Sefwi Wiawso,Sefwi Wiawso District Market,2.82,GHS,WFP-GIEWS-Ghana
2024-10-07,maize,Sefwi Wiawso,Sefwi Wiawso District Market,2.27,GHS,WFP-GIEWS-Ghana
2024-10-14,maize,Sefwi Wiawso,Sefwi Wiawso District Market,2.49,GHS,WFP-GIEWS-Ghana
2024-10-21,maize,Sefwi Wiawso,Sefwi Wiawso District Market,2.29,GHS,WFP-GIEWS-Ghana
2024-10-28,maize,Sefwi Wiawso,Sefwi Wiawso District Market,2.44,GHS,WFP-GIEWS-Ghana
2024-11-04,maize,Sefwi Wiawso,Sefwi Wiawso District Market,2.32,GHS,WFP-GIEWS-Ghana
2024-11-11,maize,Sefwi Wiawso,Sefwi Wiawso District Market,2.38,GHS,WFP-GIEWS-Ghana
2024-11-18,maize,Sefwi Wiawso,Sefwi Wiawso District Market,2.23,GHS,WFP-GIEWS-Ghana
2024-11-25,maize,Sefwi Wiawso,Sefwi Wiawso District Market,2.21,GHS,WFP-GIEWS-Ghana
2024-12-02,maize,Sefwi Wiawso,Sefwi Wiawso District Market,2.35,GHS,WFP-GIEWS-Ghana
2024-12-09,maize,Sefwi Wiawso,Sefwi Wiawso District Market,2.4,GHS,WFP-GIEWS-Ghana
2024-12-16,maize,Sefwi Wiawso,Sefwi Wiawso District Market,2.31,GHS,WFP-GIEWS-Ghana
2024-12-23,maize,Sefwi Wiawso,Sefwi Wiawso District Market,2.19,GHS,WFP-GIEWS-Ghana
2024-12-30,maize,Sefwi Wiawso,Sefwi Wiawso District Market,2.18,GHS,WFP-GIEWS-Ghana
2018-01-01,maize,Wasa Amenfi,Asankragua Market (Wasa Amenfi),1.55,GHS,WFP-GIEWS-Ghana
2018-01-08,maize,Wasa Amenfi,Asankragua Market (Wasa Amenfi),1.68,GHS,WFP-GIEWS-Ghana
2018-01-15,maize,Wasa Amenfi,Asankragua Market (Wasa Amenfi),1.74,GHS,WFP-GIEWS-Ghana
2018-01-22,maize,Wasa Amenfi,Asankragua Market (Wasa Amenfi),1.67,GHS,WFP-GIEWS-Ghana
2018-01-29,maize,Wasa Amenfi,Asankragua Market (Wasa Amenfi),1.52,GHS,WFP-GIEWS-Ghana
2018-02-05,maize,Wasa Amenfi,Asankragua Market (Wasa Amenfi),1.67,GHS,WFP-GIEWS-Ghana
2018-02-12,maize,Wasa Amenfi,Asankragua Market (Wasa Amenfi),1.67,GHS,WFP-GIEWS-Ghana
2018-02-19,maize,Wasa Amenfi,Asankragua Market (Wasa Amenfi),1.82,GHS,WFP-GIEWS-Ghana
2018-02-26,maize,Wasa Amenfi,Asankragua Market (Wasa Amenfi),1.58,GHS,WFP-GIEWS-Ghana
2018-03-05,maize,Wasa Amenfi,Asankragua Market (Wasa Amenfi),1.42,GHS,WFP-GIEWS-Ghana
2018-03-12,maize,Wasa Amenfi,Asankragua Market (Wasa Amenfi),1.54,GHS,WFP-GIEWS-Ghana
2018-03-19,maize,Wasa Amenfi,Asankragua Market (Wasa Amenfi),1.47,GHS,WFP-GIEWS-Ghana
2018-03-26,maize,Wasa Amenfi,Asankragua Market (Wasa Amenfi),1.47,GHS,WFP-GIEWS-Ghana
2018-04-02,maize,Wasa Amenfi,Asankragua Market (Wasa Amenfi),1.46,GHS,WFP-GIEWS-Ghana
2018-04-09,maize,Wasa Amenfi,Asankragua Market (Wasa Amenfi),1.47,GHS,WFP-GIEWS-Ghana
2018-04-16,maize,Wasa Amenfi,Asankragua Market (Wasa Amenfi),1.5,GHS,WFP-GIEWS-Ghana
2018-04-23,maize,Wasa Amenfi,Asankragua Market (Wasa Amenfi),1.4,GHS,WFP-GIEWS-Ghana
2018-04-30,maize,Wasa Amenfi,Asankragua Market (Wasa Amenfi),1.5,GHS,WFP-GIEWS-Ghana
2018-05-07,maize,Wasa Amenfi,Asankragua Market (Wasa Amenfi),1.38,GHS,WFP-GIEWS-Ghana
2018-05-14,maize,Wasa Amenfi,Asankragua Market (Wasa Amenfi),1.48,GHS,WFP-GIEWS-Ghana
2018-05-21,maize,Wasa Amenfi,Asankragua Market (Wasa Amenfi),1.47,GHS,WFP-GIEWS-Ghana
2018-05-28,maize,Wasa Amenfi,Asankragua Market (Wasa Amenfi),1.42,GHS,WFP-GIEWS-Ghana
2018-06-04,maize,Wasa Amenfi,Asankragua Market (Wasa Amenfi),1.6,GHS,WFP-GIEWS-Ghana
2018-06-11,maize,Wasa Amenfi,Asankragua Market (Wasa Amenfi),1.56,GHS,WFP-GIEWS-Ghana
2018-06-18,maize,Wasa Amenfi,Asankragua Market (Wasa Amenfi),1.53,GHS,WFP-GIEWS-Ghana
2018-06-25,maize,Wasa Amenfi,Asankragua Market (Wasa Amenfi),1.57,GHS,WFP-GIEWS-Ghana
2018-07-02,maize,Wasa Amenfi,Asankragua Market (Wasa Amenfi),1.72,GHS,WFP-GIEWS-Ghana
2018-07-09,maize,Wasa Amenfi,Asankragua Market (Wasa Amenfi),1.82,GHS,WFP-GIEWS-Ghana
2018-07-16,maize,Wasa Amenfi,Asankragua Market (Wasa Amenfi),1.72,GHS,WFP-GIEWS-Ghana
2018-07-23,maize,Wasa Amenfi,Asankragua Market (Wasa Amenfi),1.85,GHS,WFP-GIEWS-Ghana
2018-07-30,maize,Wasa Amenfi,Asankragua Market (Wasa Amenfi),1.71,GHS,WFP-GIEWS-Ghana
2018-08-06,maize,Wasa Amenfi,Asankragua Market (Wasa Amenfi),1.77,GHS,WFP-GIEWS-Ghana
2018-08-13,maize,Wasa Amenfi,Asankragua Market (Wasa Amenfi),1.77,GHS,WFP-GIEWS-Ghana
2018-08-20,maize,Wasa Amenfi,Asankragua Market (Wasa Amenfi),1.91,GHS,WFP-GIEWS-Ghana
2018-08-27,maize,Wasa Amenfi,Asankragua Market (Wasa Amenfi),1.84,GHS,WFP-GIEWS-Ghana
2018-09-03,maize,Wasa Amenfi,Asankragua Market (Wasa Amenfi),1.61,GHS,WFP-GIEWS-Ghana
2018-09-10,maize,Wasa Amenfi,Asankragua Market (Wasa Amenfi),1.66,GHS,WFP-GIEWS-Ghana
2018-09-17,maize,Wasa Amenfi,Asankragua Market (Wasa Amenfi),1.49,GHS,WFP-GIEWS-Ghana
2018-09-24,maize,Wasa Amenfi,Asankragua Market (Wasa Amenfi),1.62,GHS,WFP-GIEWS-Ghana
2018-10-01,maize,Wasa Amenfi,Asankragua Market (Wasa Amenfi),1.5,GHS,WFP-GIEWS-Ghana
2018-10-08,maize,Wasa Amenfi,Asankragua Market (Wasa Amenfi),1.4,GHS,WFP-GIEWS-Ghana
2018-10-15,maize,Wasa Amenfi,Asankragua Market (Wasa Amenfi),1.4,GHS,WFP-GIEWS-Ghana
2018-10-22,maize,Wasa Amenfi,Asankragua Market (Wasa Amenfi),1.42,GHS,WFP-GIEWS-Ghana
2018-10-29,maize,Wasa Amenfi,Asankragua Market (Wasa Amenfi),1.44,GHS,WFP-GIEWS-Ghana
2018-11-05,maize,Wasa Amenfi,Asankragua Market (Wasa Amenfi),1.29,GHS,WFP-GIEWS-Ghana
2018-11-12,maize,Wasa Amenfi,Asankragua Market (Wasa Amenfi),1.31,GHS,WFP-GIEWS-Ghana
2018-11-19,maize,Wasa Amenfi,Asankragua Market (Wasa Amenfi),1.41,GHS,WFP-GIEWS-Ghana
2018-11-26,maize,Wasa Amenfi,Asankragua Market (Wasa Amenfi),1.36,GHS,WFP-GIEWS-Ghana
2018-12-03,maize,Wasa Amenfi,Asankragua Market (Wasa Amenfi),1.48,GHS,WFP-GIEWS-Ghana
2018-12-10,maize,Wasa Amenfi,Asankragua Market (Wasa Amenfi),1.39,GHS,WFP-GIEWS-Ghana
2018-12-17,maize,Wasa Amenfi,Asankragua Market (Wasa Amenfi),1.3,GHS,WFP-GIEWS-Ghana
2018-12-24,maize,Wasa Amenfi,Asankragua Market (Wasa Amenfi),1.34,GHS,WFP-GIEWS-Ghana
2018-12-31,maize,Wasa Amenfi,Asankragua Market (Wasa Amenfi),1.26,GHS,WFP-GIEWS-Ghana
2019-01-07,maize,Wasa Amenfi,Asankragua Market (Wasa Amenfi),1.79,GHS,WFP-GIEWS-Ghana
2019-01-14,maize,Wasa Amenfi,Asankragua Market (Wasa Amenfi),1.79,GHS,WFP-GIEWS-Ghana
2019-01-21,maize,Wasa Amenfi,Asankragua Market (Wasa Amenfi),1.77,GHS,WFP-GIEWS-Ghana
2019-01-28,maize,Wasa Amenfi,Asankragua Market (Wasa Amenfi),1.88,GHS,WFP-GIEWS-Ghana
2019-02-04,maize,Wasa Amenfi,Asankragua Market (Wasa Amenfi),1.9,GHS,WFP-GIEWS-Ghana
2019-02-11,maize,Wasa Amenfi,Asankragua Market (Wasa Amenfi),1.8,GHS,WFP-GIEWS-Ghana
2019-02-18,maize,Wasa Amenfi,Asankragua Market (Wasa Amenfi),1.66,GHS,WFP-GIEWS-Ghana
2019-02-25,maize,Wasa Amenfi,Asankragua Market (Wasa Amenfi),1.86,GHS,WFP-GIEWS-Ghana
2019-03-04,maize,Wasa Amenfi,Asankragua Market (Wasa Amenfi),1.59,GHS,WFP-GIEWS-Ghana
2019-03-11,maize,Wasa Amenfi,Asankragua Market (Wasa Amenfi),1.58,GHS,WFP-GIEWS-Ghana
2019-03-18,maize,Wasa Amenfi,Asankragua Market (Wasa Amenfi),1.62,GHS,WFP-GIEWS-Ghana
2019-03-25,maize,Wasa Amenfi,Asankragua Market (Wasa Amenfi),1.48,GHS,WFP-GIEWS-Ghana
2019-04-01,maize,Wasa Amenfi,Asankragua Market (Wasa Amenfi),1.69,GHS,WFP-GIEWS-Ghana
2019-04-08,maize,Wasa Amenfi,Asankragua Market (Wasa Amenfi),1.51,GHS,WFP-GIEWS-Ghana
2019-04-15,maize,Wasa Amenfi,Asankragua Market (Wasa Amenfi),1.61,GHS,WFP-GIEWS-Ghana
2019-04-22,maize,Wasa Amenfi,Asankragua Market (Wasa Amenfi),1.46,GHS,WFP-GIEWS-Ghana
2019-04-29,maize,Wasa Amenfi,Asankragua Market (Wasa Amenfi),1.51,GHS,WFP-GIEWS-Ghana
2019-05-06,maize,Wasa Amenfi,Asankragua Market (Wasa Amenfi),1.67,GHS,WFP-GIEWS-Ghana
2019-05-13,maize,Wasa Amenfi,Asankragua Market (Wasa Amenfi),1.56,GHS,WFP-GIEWS-Ghana
2019-05-20,maize,Wasa Amenfi,Asankragua Market (Wasa Amenfi),1.63,GHS,WFP-GIEWS-Ghana
2019-05-27,maize,Wasa Amenfi,Asankragua Market (Wasa Amenfi),1.59,GHS,WFP-GIEWS-Ghana
2019-06-03,maize,Wasa Amenfi,Asankragua Market (Wasa Amenfi),1.72,GHS,WFP-GIEWS-Ghana
2019-06-10,maize,Wasa Amenfi,Asankragua Market (Wasa Amenfi),1.82,GHS,WFP-GIEWS-Ghana
2019-06-17,maize,Wasa Amenfi,Asankragua Market (Wasa Amenfi),1.71,GHS,WFP-GIEWS-Ghana
2019-06-24,maize,Wasa Amenfi,Asankragua Market (Wasa Amenfi),1.6,GHS,WFP-GIEWS-Ghana
2019-07-01,maize,Wasa Amenfi,Asankragua Market (Wasa Amenfi),1.88,GHS,WFP-GIEWS-Ghana
2019-07-08,maize,Wasa Amenfi,Asankragua Market (Wasa Amenfi),1.99,GHS,WFP-GIEWS-Ghana
2019-07-15,maize,Wasa Amenfi,Asankragua Market (Wasa Amenfi),1.97,GHS,WFP-GIEWS-Ghana
2019-07-22,maize,Wasa Amenfi,Asankragua Market (Wasa Amenfi),1.82,GHS,WFP-GIEWS-Ghana
2019-07-29,maize,Wasa Amenfi,Asankragua Market (Wasa Amenfi),1.89,GHS,WFP-GIEWS-Ghana
2019-08-05,maize,Wasa Amenfi,Asankragua Market (Wasa Amenfi),1.91,GHS,WFP-GIEWS-Ghana
2019-08-12,maize,Wasa Amenfi,Asankragua Market (Wasa Amenfi),1.93,GHS,WFP-GIEWS-Ghana
2019-08-19,maize,Wasa Amenfi,Asankragua Market (Wasa Amenfi),1.85,GHS,WFP-GIEWS-Ghana
2019-08-26,maize,Wasa Amenfi,Asankragua Market (Wasa Amenfi),1.91,GHS,WFP-GIEWS-Ghana
2019-09-02,maize,Wasa Amenfi,Asankragua Market (Wasa Amenfi),1.71,GHS,WFP-GIEWS-Ghana
2019-09-09,maize,Wasa Amenfi,Asankragua Market (Wasa Amenfi),1.81,GHS,WFP-GIEWS-Ghana
2019-09-16,maize,Wasa Amenfi,Asankragua Market (Wasa Amenfi),1.81,GHS,WFP-GIEWS-Ghana
2019-09-23,maize,Wasa Amenfi,Asankragua Market (Wasa Amenfi),1.75,GHS,WFP-GIEWS-Ghana
2019-09-30,maize,Wasa Amenfi,Asankragua Market (Wasa Amenfi),1.73,GHS,WFP-GIEWS-Ghana
2019-10-07,maize,Wasa Amenfi,Asankragua Market (Wasa Amenfi),1.51,GHS,WFP-GIEWS-Ghana
2019-10-14,maize,Wasa Amenfi,Asankragua Market (Wasa Amenfi),1.45,GHS,WFP-GIEWS-Ghana
2019-10-21,maize,Wasa Amenfi,Asankragua Market (Wasa Amenfi),1.43,GHS,WFP-GIEWS-Ghana
2019-10-28,maize,Wasa Amenfi,Asankragua Market (Wasa Amenfi),1.45,GHS,WFP-GIEWS-Ghana
2019-11-04,maize,Wasa Amenfi,Asankragua Market (Wasa Amenfi),1.47,GHS,WFP-GIEWS-Ghana
2019-11-11,maize,Wasa Amenfi,Asankragua Market (Wasa Amenfi),1.44,GHS,WFP-GIEWS-Ghana
2019-11-18,maize,Wasa Amenfi,Asankragua Market (Wasa Amenfi),1.52,GHS,WFP-GIEWS-Ghana
2019-11-25,maize,Wasa Amenfi,Asankragua Market (Wasa Amenfi),1.56,GHS,WFP-GIEWS-Ghana
2019-12-02,maize,Wasa Amenfi,Asankragua Market (Wasa Amenfi),1.43,GHS,WFP-GIEWS-Ghana
2019-12-09,maize,Wasa Amenfi,Asankragua Market (Wasa Amenfi),1.52,GHS,WFP-GIEWS-Ghana
2019-12-16,maize,Wasa Amenfi,Asankragua Market (Wasa Amenfi),1.51,GHS,WFP-GIEWS-Ghana
2019-12-23,maize,Wasa Amenfi,Asankragua Market (Wasa Amenfi),1.54,GHS,WFP-GIEWS-Ghana
2019-12-30,maize,Wasa Amenfi,Asankragua Market (Wasa Amenfi),1.52,GHS,WFP-GIEWS-Ghana
2020-01-06,maize,Wasa Amenfi,Asankragua Market (Wasa Amenfi),1.83,GHS,WFP-GIEWS-Ghana
2020-01-13,maize,Wasa Amenfi,Asankragua Market (Wasa Amenfi),1.85,GHS,WFP-GIEWS-Ghana
2020-01-20,maize,Wasa Amenfi,Asankragua Market (Wasa Amenfi),1.95,GHS,WFP-GIEWS-Ghana
2020-01-27,maize,Wasa Amenfi,Asankragua Market (Wasa Amenfi),2.03,GHS,WFP-GIEWS-Ghana
2020-02-03,maize,Wasa Amenfi,Asankragua Market (Wasa Amenfi),1.79,GHS,WFP-GIEWS-Ghana
2020-02-10,maize,Wasa Amenfi,Asankragua Market (Wasa Amenfi),1.99,GHS,WFP-GIEWS-Ghana
2020-02-17,maize,Wasa Amenfi,Asankragua Market (Wasa Amenfi),2.05,GHS,WFP-GIEWS-Ghana
2020-02-24,maize,Wasa Amenfi,Asankragua Market (Wasa Amenfi),1.95,GHS,WFP-GIEWS-Ghana
2020-03-02,maize,Wasa Amenfi,Asankragua Market (Wasa Amenfi),1.72,GHS,WFP-GIEWS-Ghana
2020-03-09,maize,Wasa Amenfi,Asankragua Market (Wasa Amenfi),1.63,GHS,WFP-GIEWS-Ghana
2020-03-16,maize,Wasa Amenfi,Asankragua Market (Wasa Amenfi),1.67,GHS,WFP-GIEWS-Ghana
2020-03-23,maize,Wasa Amenfi,Asankragua Market (Wasa Amenfi),1.57,GHS,WFP-GIEWS-Ghana
2020-03-30,maize,Wasa Amenfi,Asankragua Market (Wasa Amenfi),1.52,GHS,WFP-GIEWS-Ghana
2020-04-06,maize,Wasa Amenfi,Asankragua Market (Wasa Amenfi),1.76,GHS,WFP-GIEWS-Ghana
2020-04-13,maize,Wasa Amenfi,Asankragua Market (Wasa Amenfi),1.62,GHS,WFP-GIEWS-Ghana
2020-04-20,maize,Wasa Amenfi,Asankragua Market (Wasa Amenfi),1.66,GHS,WFP-GIEWS-Ghana
2020-04-27,maize,Wasa Amenfi,Asankragua Market (Wasa Amenfi),1.6,GHS,WFP-GIEWS-Ghana
2020-05-04,maize,Wasa Amenfi,Asankragua Market (Wasa Amenfi),1.61,GHS,WFP-GIEWS-Ghana
2020-05-11,maize,Wasa Amenfi,Asankragua Market (Wasa Amenfi),1.69,GHS,WFP-GIEWS-Ghana
2020-05-18,maize,Wasa Amenfi,Asankragua Market (Wasa Amenfi),1.65,GHS,WFP-GIEWS-Ghana
2020-05-25,maize,Wasa Amenfi,Asankragua Market (Wasa Amenfi),1.73,GHS,WFP-GIEWS-Ghana
2020-06-01,maize,Wasa Amenfi,Asankragua Market (Wasa Amenfi),1.9,GHS,WFP-GIEWS-Ghana
2020-06-08,maize,Wasa Amenfi,Asankragua Market (Wasa Amenfi),1.89,GHS,WFP-GIEWS-Ghana
2020-06-15,maize,Wasa Amenfi,Asankragua Market (Wasa Amenfi),1.88,GHS,WFP-GIEWS-Ghana
2020-06-22,maize,Wasa Amenfi,Asankragua Market (Wasa Amenfi),1.98,GHS,WFP-GIEWS-Ghana
2020-06-29,maize,Wasa Amenfi,Asankragua Market (Wasa Amenfi),1.78,GHS,WFP-GIEWS-Ghana
2020-07-06,maize,Wasa Amenfi,Asankragua Market (Wasa Amenfi),2.09,GHS,WFP-GIEWS-Ghana
2020-07-13,maize,Wasa Amenfi,Asankragua Market (Wasa Amenfi),2.19,GHS,WFP-GIEWS-Ghana
2020-07-20,maize,Wasa Amenfi,Asankragua Market (Wasa Amenfi),2.21,GHS,WFP-GIEWS-Ghana
2020-07-27,maize,Wasa Amenfi,Asankragua Market (Wasa Amenfi),1.98,GHS,WFP-GIEWS-Ghana
2020-08-03,maize,Wasa Amenfi,Asankragua Market (Wasa Amenfi),2.09,GHS,WFP-GIEWS-Ghana
2020-08-10,maize,Wasa Amenfi,Asankragua Market (Wasa Amenfi),2.23,GHS,WFP-GIEWS-Ghana
2020-08-17,maize,Wasa Amenfi,Asankragua Market (Wasa Amenfi),2.16,GHS,WFP-GIEWS-Ghana
2020-08-24,maize,Wasa Amenfi,Asankragua Market (Wasa Amenfi),2.13,GHS,WFP-GIEWS-Ghana
2020-08-31,maize,Wasa Amenfi,Asankragua Market (Wasa Amenfi),2.09,GHS,WFP-GIEWS-Ghana
2020-09-07,maize,Wasa Amenfi,Asankragua Market (Wasa Amenfi),1.87,GHS,WFP-GIEWS-Ghana
2020-09-14,maize,Wasa Amenfi,Asankragua Market (Wasa Amenfi),1.92,GHS,WFP-GIEWS-Ghana
2020-09-21,maize,Wasa Amenfi,Asankragua Market (Wasa Amenfi),1.88,GHS,WFP-GIEWS-Ghana
2020-09-28,maize,Wasa Amenfi,Asankragua Market (Wasa Amenfi),1.9,GHS,WFP-GIEWS-Ghana
2020-10-05,maize,Wasa Amenfi,Asankragua Market (Wasa Amenfi),1.63,GHS,WFP-GIEWS-Ghana
2020-10-12,maize,Wasa Amenfi,Asankragua Market (Wasa Amenfi),1.58,GHS,WFP-GIEWS-Ghana
2020-10-19,maize,Wasa Amenfi,Asankragua Market (Wasa Amenfi),1.66,GHS,WFP-GIEWS-Ghana
2020-10-26,maize,Wasa Amenfi,Asankragua Market (Wasa Amenfi),1.81,GHS,WFP-GIEWS-Ghana
2020-11-02,maize,Wasa Amenfi,Asankragua Market (Wasa Amenfi),1.52,GHS,WFP-GIEWS-Ghana
2020-11-09,maize,Wasa Amenfi,Asankragua Market (Wasa Amenfi),1.66,GHS,WFP-GIEWS-Ghana
2020-11-16,maize,Wasa Amenfi,Asankragua Market (Wasa Amenfi),1.58,GHS,WFP-GIEWS-Ghana
2020-11-23,maize,Wasa Amenfi,Asankragua Market (Wasa Amenfi),1.67,GHS,WFP-GIEWS-Ghana
2020-11-30,maize,Wasa Amenfi,Asankragua Market (Wasa Amenfi),1.64,GHS,WFP-GIEWS-Ghana
2020-12-07,maize,Wasa Amenfi,Asankragua Market (Wasa Amenfi),1.7,GHS,WFP-GIEWS-Ghana
2020-12-14,maize,Wasa Amenfi,Asankragua Market (Wasa Amenfi),1.72,GHS,WFP-GIEWS-Ghana
2020-12-21,maize,Wasa Amenfi,Asankragua Market (Wasa Amenfi),1.66,GHS,WFP-GIEWS-Ghana
2020-12-28,maize,Wasa Amenfi,Asankragua Market (Wasa Amenfi),1.72,GHS,WFP-GIEWS-Ghana
2021-01-04,maize,Wasa Amenfi,Asankragua Market (Wasa Amenfi),1.91,GHS,WFP-GIEWS-Ghana
2021-01-11,maize,Wasa Amenfi,Asankragua Market (Wasa Amenfi),2.24,GHS,WFP-GIEWS-Ghana
2021-01-18,maize,Wasa Amenfi,Asankragua Market (Wasa Amenfi),2.14,GHS,WFP-GIEWS-Ghana
2021-01-25,maize,Wasa Amenfi,Asankragua Market (Wasa Amenfi),2.19,GHS,WFP-GIEWS-Ghana
2021-02-01,maize,Wasa Amenfi,Asankragua Market (Wasa Amenfi),2.01,GHS,WFP-GIEWS-Ghana
2021-02-08,maize,Wasa Amenfi,Asankragua Market (Wasa Amenfi),2.05,GHS,WFP-GIEWS-Ghana
2021-02-15,maize,Wasa Amenfi,Asankragua Market (Wasa Amenfi),2.13,GHS,WFP-GIEWS-Ghana
2021-02-22,maize,Wasa Amenfi,Asankragua Market (Wasa Amenfi),2.12,GHS,WFP-GIEWS-Ghana
2021-03-01,maize,Wasa Amenfi,Asankragua Market (Wasa Amenfi),1.84,GHS,WFP-GIEWS-Ghana
2021-03-08,maize,Wasa Amenfi,Asankragua Market (Wasa Amenfi),1.89,GHS,WFP-GIEWS-Ghana
2021-03-15,maize,Wasa Amenfi,Asankragua Market (Wasa Amenfi),1.69,GHS,WFP-GIEWS-Ghana
2021-03-22,maize,Wasa Amenfi,Asankragua Market (Wasa Amenfi),1.89,GHS,WFP-GIEWS-Ghana
2021-03-29,maize,Wasa Amenfi,Asankragua Market (Wasa Amenfi),1.82,GHS,WFP-GIEWS-Ghana
2021-04-05,maize,Wasa Amenfi,Asankragua Market (Wasa Amenfi),1.81,GHS,WFP-GIEWS-Ghana
2021-04-12,maize,Wasa Amenfi,Asankragua Market (Wasa Amenfi),1.72,GHS,WFP-GIEWS-Ghana
2021-04-19,maize,Wasa Amenfi,Asankragua Market (Wasa Amenfi),1.86,GHS,WFP-GIEWS-Ghana
2021-04-26,maize,Wasa Amenfi,Asankragua Market (Wasa Amenfi),1.65,GHS,WFP-GIEWS-Ghana
2021-05-03,maize,Wasa Amenfi,Asankragua Market (Wasa Amenfi),1.89,GHS,WFP-GIEWS-Ghana
2021-05-10,maize,Wasa Amenfi,Asankragua Market (Wasa Amenfi),1.73,GHS,WFP-GIEWS-Ghana
2021-05-17,maize,Wasa Amenfi,Asankragua Market (Wasa Amenfi),1.84,GHS,WFP-GIEWS-Ghana
2021-05-24,maize,Wasa Amenfi,Asankragua Market (Wasa Amenfi),1.83,GHS,WFP-GIEWS-Ghana
2021-05-31,maize,Wasa Amenfi,Asankragua Market (Wasa Amenfi),1.92,GHS,WFP-GIEWS-Ghana
2021-06-07,maize,Wasa Amenfi,Asankragua Market (Wasa Amenfi),2.0,GHS,WFP-GIEWS-Ghana
2021-06-14,maize,Wasa Amenfi,Asankragua Market (Wasa Amenfi),1.96,GHS,WFP-GIEWS-Ghana
2021-06-21,maize,Wasa Amenfi,Asankragua Market (Wasa Amenfi),1.97,GHS,WFP-GIEWS-Ghana
2021-06-28,maize,Wasa Amenfi,Asankragua Market (Wasa Amenfi),2.11,GHS,WFP-GIEWS-Ghana
2021-07-05,maize,Wasa Amenfi,Asankragua Market (Wasa Amenfi),2.32,GHS,WFP-GIEWS-Ghana
2021-07-12,maize,Wasa Amenfi,Asankragua Market (Wasa Amenfi),2.23,GHS,WFP-GIEWS-Ghana
2021-07-19,maize,Wasa Amenfi,Asankragua Market (Wasa Amenfi),2.25,GHS,WFP-GIEWS-Ghana
2021-07-26,maize,Wasa Amenfi,Asankragua Market (Wasa Amenfi),2.12,GHS,WFP-GIEWS-Ghana
2021-08-02,maize,Wasa Amenfi,Asankragua Market (Wasa Amenfi),2.32,GHS,WFP-GIEWS-Ghana
2021-08-09,maize,Wasa Amenfi,Asankragua Market (Wasa Amenfi),2.12,GHS,WFP-GIEWS-Ghana
2021-08-16,maize,Wasa Amenfi,Asankragua Market (Wasa Amenfi),2.35,GHS,WFP-GIEWS-Ghana
2021-08-23,maize,Wasa Amenfi,Asankragua Market (Wasa Amenfi),2.29,GHS,WFP-GIEWS-Ghana
2021-08-30,maize,Wasa Amenfi,Asankragua Market (Wasa Amenfi),2.5,GHS,WFP-GIEWS-Ghana
2021-09-06,maize,Wasa Amenfi,Asankragua Market (Wasa Amenfi),1.96,GHS,WFP-GIEWS-Ghana
2021-09-13,maize,Wasa Amenfi,Asankragua Market (Wasa Amenfi),2.04,GHS,WFP-GIEWS-Ghana
2021-09-20,maize,Wasa Amenfi,Asankragua Market (Wasa Amenfi),2.2,GHS,WFP-GIEWS-Ghana
2021-09-27,maize,Wasa Amenfi,Asankragua Market (Wasa Amenfi),2.15,GHS,WFP-GIEWS-Ghana
2021-10-04,maize,Wasa Amenfi,Asankragua Market (Wasa Amenfi),1.71,GHS,WFP-GIEWS-Ghana
2021-10-11,maize,Wasa Amenfi,Asankragua Market (Wasa Amenfi),1.77,GHS,WFP-GIEWS-Ghana
2021-10-18,maize,Wasa Amenfi,Asankragua Market (Wasa Amenfi),1.75,GHS,WFP-GIEWS-Ghana
2021-10-25,maize,Wasa Amenfi,Asankragua Market (Wasa Amenfi),1.77,GHS,WFP-GIEWS-Ghana
2021-11-01,maize,Wasa Amenfi,Asankragua Market (Wasa Amenfi),1.72,GHS,WFP-GIEWS-Ghana
2021-11-08,maize,Wasa Amenfi,Asankragua Market (Wasa Amenfi),1.76,GHS,WFP-GIEWS-Ghana
2021-11-15,maize,Wasa Amenfi,Asankragua Market (Wasa Amenfi),1.65,GHS,WFP-GIEWS-Ghana
2021-11-22,maize,Wasa Amenfi,Asankragua Market (Wasa Amenfi),1.77,GHS,WFP-GIEWS-Ghana
2021-11-29,maize,Wasa Amenfi,Asankragua Market (Wasa Amenfi),1.8,GHS,WFP-GIEWS-Ghana
2021-12-06,maize,Wasa Amenfi,Asankragua Market (Wasa Amenfi),1.76,GHS,WFP-GIEWS-Ghana
2021-12-13,maize,Wasa Amenfi,Asankragua Market (Wasa Amenfi),1.66,GHS,WFP-GIEWS-Ghana
2021-12-20,maize,Wasa Amenfi,Asankragua Market (Wasa Amenfi),1.85,GHS,WFP-GIEWS-Ghana
2021-12-27,maize,Wasa Amenfi,Asankragua Market (Wasa Amenfi),1.8,GHS,WFP-GIEWS-Ghana
2022-01-03,maize,Wasa Amenfi,Asankragua Market (Wasa Amenfi),2.21,GHS,WFP-GIEWS-Ghana
2022-01-10,maize,Wasa Amenfi,Asankragua Market (Wasa Amenfi),2.25,GHS,WFP-GIEWS-Ghana
2022-01-17,maize,Wasa Amenfi,Asankragua Market (Wasa Amenfi),2.14,GHS,WFP-GIEWS-Ghana
2022-01-24,maize,Wasa Amenfi,Asankragua Market (Wasa Amenfi),2.18,GHS,WFP-GIEWS-Ghana
2022-01-31,maize,Wasa Amenfi,Asankragua Market (Wasa Amenfi),2.22,GHS,WFP-GIEWS-Ghana
2022-02-07,maize,Wasa Amenfi,Asankragua Market (Wasa Amenfi),2.4,GHS,WFP-GIEWS-Ghana
2022-02-14,maize,Wasa Amenfi,Asankragua Market (Wasa Amenfi),2.23,GHS,WFP-GIEWS-Ghana
2022-02-21,maize,Wasa Amenfi,Asankragua Market (Wasa Amenfi),2.34,GHS,WFP-GIEWS-Ghana
2022-02-28,maize,Wasa Amenfi,Asankragua Market (Wasa Amenfi),2.24,GHS,WFP-GIEWS-Ghana
2022-03-07,maize,Wasa Amenfi,Asankragua Market (Wasa Amenfi),1.98,GHS,WFP-GIEWS-Ghana
2022-03-14,maize,Wasa Amenfi,Asankragua Market (Wasa Amenfi),1.95,GHS,WFP-GIEWS-Ghana
2022-03-21,maize,Wasa Amenfi,Asankragua Market (Wasa Amenfi),2.03,GHS,WFP-GIEWS-Ghana
2022-03-28,maize,Wasa Amenfi,Asankragua Market (Wasa Amenfi),1.92,GHS,WFP-GIEWS-Ghana
2022-04-04,maize,Wasa Amenfi,Asankragua Market (Wasa Amenfi),1.85,GHS,WFP-GIEWS-Ghana
2022-04-11,maize,Wasa Amenfi,Asankragua Market (Wasa Amenfi),1.86,GHS,WFP-GIEWS-Ghana
2022-04-18,maize,Wasa Amenfi,Asankragua Market (Wasa Amenfi),1.93,GHS,WFP-GIEWS-Ghana
2022-04-25,maize,Wasa Amenfi,Asankragua Market (Wasa Amenfi),1.87,GHS,WFP-GIEWS-Ghana
2022-05-02,maize,Wasa Amenfi,Asankragua Market (Wasa Amenfi),2.02,GHS,WFP-GIEWS-Ghana
2022-05-09,maize,Wasa Amenfi,Asankragua Market (Wasa Amenfi),1.95,GHS,WFP-GIEWS-Ghana
2022-05-16,maize,Wasa Amenfi,Asankragua Market (Wasa Amenfi),2.17,GHS,WFP-GIEWS-Ghana
2022-05-23,maize,Wasa Amenfi,Asankragua Market (Wasa Amenfi),1.85,GHS,WFP-GIEWS-Ghana
2022-05-30,maize,Wasa Amenfi,Asankragua Market (Wasa Amenfi),2.0,GHS,WFP-GIEWS-Ghana
2022-06-06,maize,Wasa Amenfi,Asankragua Market (Wasa Amenfi),2.07,GHS,WFP-GIEWS-Ghana
2022-06-13,maize,Wasa Amenfi,Asankragua Market (Wasa Amenfi),2.13,GHS,WFP-GIEWS-Ghana
2022-06-20,maize,Wasa Amenfi,Asankragua Market (Wasa Amenfi),2.18,GHS,WFP-GIEWS-Ghana
2022-06-27,maize,Wasa Amenfi,Asankragua Market (Wasa Amenfi),1.97,GHS,WFP-GIEWS-Ghana
2022-07-04,maize,Wasa Amenfi,Asankragua Market (Wasa Amenfi),2.47,GHS,WFP-GIEWS-Ghana
2022-07-11,maize,Wasa Amenfi,Asankragua Market (Wasa Amenfi),2.63,GHS,WFP-GIEWS-Ghana
2022-07-18,maize,Wasa Amenfi,Asankragua Market (Wasa Amenfi),2.4,GHS,WFP-GIEWS-Ghana
2022-07-25,maize,Wasa Amenfi,Asankragua Market (Wasa Amenfi),2.47,GHS,WFP-GIEWS-Ghana
2022-08-01,maize,Wasa Amenfi,Asankragua Market (Wasa Amenfi),2.57,GHS,WFP-GIEWS-Ghana
2022-08-08,maize,Wasa Amenfi,Asankragua Market (Wasa Amenfi),2.45,GHS,WFP-GIEWS-Ghana
2022-08-15,maize,Wasa Amenfi,Asankragua Market (Wasa Amenfi),2.41,GHS,WFP-GIEWS-Ghana
2022-08-22,maize,Wasa Amenfi,Asankragua Market (Wasa Amenfi),2.24,GHS,WFP-GIEWS-Ghana
2022-08-29,maize,Wasa Amenfi,Asankragua Market (Wasa Amenfi),2.53,GHS,WFP-GIEWS-Ghana
2022-09-05,maize,Wasa Amenfi,Asankragua Market (Wasa Amenfi),2.2,GHS,WFP-GIEWS-Ghana
2022-09-12,maize,Wasa Amenfi,Asankragua Market (Wasa Amenfi),2.12,GHS,WFP-GIEWS-Ghana
2022-09-19,maize,Wasa Amenfi,Asankragua Market (Wasa Amenfi),2.23,GHS,WFP-GIEWS-Ghana
2022-09-26,maize,Wasa Amenfi,Asankragua Market (Wasa Amenfi),2.16,GHS,WFP-GIEWS-Ghana
2022-10-03,maize,Wasa Amenfi,Asankragua Market (Wasa Amenfi),1.85,GHS,WFP-GIEWS-Ghana
2022-10-10,maize,Wasa Amenfi,Asankragua Market (Wasa Amenfi),1.94,GHS,WFP-GIEWS-Ghana
2022-10-17,maize,Wasa Amenfi,Asankragua Market (Wasa Amenfi),1.79,GHS,WFP-GIEWS-Ghana
2022-10-24,maize,Wasa Amenfi,Asankragua Market (Wasa Amenfi),1.97,GHS,WFP-GIEWS-Ghana
2022-10-31,maize,Wasa Amenfi,Asankragua Market (Wasa Amenfi),1.79,GHS,WFP-GIEWS-Ghana
2022-11-07,maize,Wasa Amenfi,Asankragua Market (Wasa Amenfi),1.86,GHS,WFP-GIEWS-Ghana
2022-11-14,maize,Wasa Amenfi,Asankragua Market (Wasa Amenfi),2.05,GHS,WFP-GIEWS-Ghana
2022-11-21,maize,Wasa Amenfi,Asankragua Market (Wasa Amenfi),1.99,GHS,WFP-GIEWS-Ghana
2022-11-28,maize,Wasa Amenfi,Asankragua Market (Wasa Amenfi),1.91,GHS,WFP-GIEWS-Ghana
2022-12-05,maize,Wasa Amenfi,Asankragua Market (Wasa Amenfi),1.85,GHS,WFP-GIEWS-Ghana
2022-12-12,maize,Wasa Amenfi,Asankragua Market (Wasa Amenfi),1.88,GHS,WFP-GIEWS-Ghana
2022-12-19,maize,Wasa Amenfi,Asankragua Market (Wasa Amenfi),1.92,GHS,WFP-GIEWS-Ghana
2022-12-26,maize,Wasa Amenfi,Asankragua Market (Wasa Amenfi),1.92,GHS,WFP-GIEWS-Ghana
2023-01-02,maize,Wasa Amenfi,Asankragua Market (Wasa Amenfi),2.44,GHS,WFP-GIEWS-Ghana
2023-01-09,maize,Wasa Amenfi,Asankragua Market (Wasa Amenfi),2.45,GHS,WFP-GIEWS-Ghana
2023-01-16,maize,Wasa Amenfi,Asankragua Market (Wasa Amenfi),2.43,GHS,WFP-GIEWS-Ghana
2023-01-23,maize,Wasa Amenfi,Asankragua Market (Wasa Amenfi),2.31,GHS,WFP-GIEWS-Ghana
2023-01-30,maize,Wasa Amenfi,Asankragua Market (Wasa Amenfi),2.4,GHS,WFP-GIEWS-Ghana
2023-02-06,maize,Wasa Amenfi,Asankragua Market (Wasa Amenfi),2.56,GHS,WFP-GIEWS-Ghana
2023-02-13,maize,Wasa Amenfi,Asankragua Market (Wasa Amenfi),2.33,GHS,WFP-GIEWS-Ghana
2023-02-20,maize,Wasa Amenfi,Asankragua Market (Wasa Amenfi),2.45,GHS,WFP-GIEWS-Ghana
2023-02-27,maize,Wasa Amenfi,Asankragua Market (Wasa Amenfi),2.39,GHS,WFP-GIEWS-Ghana
2023-03-06,maize,Wasa Amenfi,Asankragua Market (Wasa Amenfi),2.13,GHS,WFP-GIEWS-Ghana
2023-03-13,maize,Wasa Amenfi,Asankragua Market (Wasa Amenfi),2.08,GHS,WFP-GIEWS-Ghana
2023-03-20,maize,Wasa Amenfi,Asankragua Market (Wasa Amenfi),2.24,GHS,WFP-GIEWS-Ghana
2023-03-27,maize,Wasa Amenfi,Asankragua Market (Wasa Amenfi),2.16,GHS,WFP-GIEWS-Ghana
2023-04-03,maize,Wasa Amenfi,Asankragua Market (Wasa Amenfi),2.02,GHS,WFP-GIEWS-Ghana
2023-04-10,maize,Wasa Amenfi,Asankragua Market (Wasa Amenfi),2.19,GHS,WFP-GIEWS-Ghana
2023-04-17,maize,Wasa Amenfi,Asankragua Market (Wasa Amenfi),2.06,GHS,WFP-GIEWS-Ghana
2023-04-24,maize,Wasa Amenfi,Asankragua Market (Wasa Amenfi),2.08,GHS,WFP-GIEWS-Ghana
2023-05-01,maize,Wasa Amenfi,Asankragua Market (Wasa Amenfi),2.17,GHS,WFP-GIEWS-Ghana
2023-05-08,maize,Wasa Amenfi,Asankragua Market (Wasa Amenfi),2.1,GHS,WFP-GIEWS-Ghana
2023-05-15,maize,Wasa Amenfi,Asankragua Market (Wasa Amenfi),2.22,GHS,WFP-GIEWS-Ghana
2023-05-22,maize,Wasa Amenfi,Asankragua Market (Wasa Amenfi),2.08,GHS,WFP-GIEWS-Ghana
2023-05-29,maize,Wasa Amenfi,Asankragua Market (Wasa Amenfi),2.09,GHS,WFP-GIEWS-Ghana
2023-06-05,maize,Wasa Amenfi,Asankragua Market (Wasa Amenfi),2.28,GHS,WFP-GIEWS-Ghana
2023-06-12,maize,Wasa Amenfi,Asankragua Market (Wasa Amenfi),2.29,GHS,WFP-GIEWS-Ghana
2023-06-19,maize,Wasa Amenfi,Asankragua Market (Wasa Amenfi),2.45,GHS,WFP-GIEWS-Ghana
2023-06-26,maize,Wasa Amenfi,Asankragua Market (Wasa Amenfi),2.4,GHS,WFP-GIEWS-Ghana
2023-07-03,maize,Wasa Amenfi,Asankragua Market (Wasa Amenfi),2.83,GHS,WFP-GIEWS-Ghana
2023-07-10,maize,Wasa Amenfi,Asankragua Market (Wasa Amenfi),2.88,GHS,WFP-GIEWS-Ghana
2023-07-17,maize,Wasa Amenfi,Asankragua Market (Wasa Amenfi),2.54,GHS,WFP-GIEWS-Ghana
2023-07-24,maize,Wasa Amenfi,Asankragua Market (Wasa Amenfi),2.65,GHS,WFP-GIEWS-Ghana
2023-07-31,maize,Wasa Amenfi,Asankragua Market (Wasa Amenfi),2.52,GHS,WFP-GIEWS-Ghana
2023-08-07,maize,Wasa Amenfi,Asankragua Market (Wasa Amenfi),2.58,GHS,WFP-GIEWS-Ghana
2023-08-14,maize,Wasa Amenfi,Asankragua Market (Wasa Amenfi),2.59,GHS,WFP-GIEWS-Ghana
2023-08-21,maize,Wasa Amenfi,Asankragua Market (Wasa Amenfi),2.55,GHS,WFP-GIEWS-Ghana
2023-08-28,maize,Wasa Amenfi,Asankragua Market (Wasa Amenfi),2.55,GHS,WFP-GIEWS-Ghana
2023-09-04,maize,Wasa Amenfi,Asankragua Market (Wasa Amenfi),2.38,GHS,WFP-GIEWS-Ghana
2023-09-11,maize,Wasa Amenfi,Asankragua Market (Wasa Amenfi),2.28,GHS,WFP-GIEWS-Ghana
2023-09-18,maize,Wasa Amenfi,Asankragua Market (Wasa Amenfi),2.47,GHS,WFP-GIEWS-Ghana
2023-09-25,maize,Wasa Amenfi,Asankragua Market (Wasa Amenfi),2.3,GHS,WFP-GIEWS-Ghana
2023-10-02,maize,Wasa Amenfi,Asankragua Market (Wasa Amenfi),2.28,GHS,WFP-GIEWS-Ghana
2023-10-09,maize,Wasa Amenfi,Asankragua Market (Wasa Amenfi),2.01,GHS,WFP-GIEWS-Ghana
2023-10-16,maize,Wasa Amenfi,Asankragua Market (Wasa Amenfi),2.05,GHS,WFP-GIEWS-Ghana
2023-10-23,maize,Wasa Amenfi,Asankragua Market (Wasa Amenfi),1.94,GHS,WFP-GIEWS-Ghana
2023-10-30,maize,Wasa Amenfi,Asankragua Market (Wasa Amenfi),2.19,GHS,WFP-GIEWS-Ghana
2023-11-06,maize,Wasa Amenfi,Asankragua Market (Wasa Amenfi),2.15,GHS,WFP-GIEWS-Ghana
2023-11-13,maize,Wasa Amenfi,Asankragua Market (Wasa Amenfi),2.08,GHS,WFP-GIEWS-Ghana
2023-11-20,maize,Wasa Amenfi,Asankragua Market (Wasa Amenfi),1.95,GHS,WFP-GIEWS-Ghana
2023-11-27,maize,Wasa Amenfi,Asankragua Market (Wasa Amenfi),2.08,GHS,WFP-GIEWS-Ghana
2023-12-04,maize,Wasa Amenfi,Asankragua Market (Wasa Amenfi),1.98,GHS,WFP-GIEWS-Ghana
2023-12-11,maize,Wasa Amenfi,Asankragua Market (Wasa Amenfi),2.19,GHS,WFP-GIEWS-Ghana
2023-12-18,maize,Wasa Amenfi,Asankragua Market (Wasa Amenfi),2.14,GHS,WFP-GIEWS-Ghana
2023-12-25,maize,Wasa Amenfi,Asankragua Market (Wasa Amenfi),2.08,GHS,WFP-GIEWS-Ghana
2024-01-01,maize,Wasa Amenfi,Asankragua Market (Wasa Amenfi),2.39,GHS,WFP-GIEWS-Ghana
2024-01-08,maize,Wasa Amenfi,Asankragua Market (Wasa Amenfi),2.55,GHS,WFP-GIEWS-Ghana
2024-01-15,maize,Wasa Amenfi,Asankragua Market (Wasa Amenfi),2.72,GHS,WFP-GIEWS-Ghana
2024-01-22,maize,Wasa Amenfi,Asankragua Market (Wasa Amenfi),2.78,GHS,WFP-GIEWS-Ghana
2024-01-29,maize,Wasa Amenfi,Asankragua Market (Wasa Amenfi),2.77,GHS,WFP-GIEWS-Ghana
2024-02-05,maize,Wasa Amenfi,Asankragua Market (Wasa Amenfi),2.5,GHS,WFP-GIEWS-Ghana
2024-02-12,maize,Wasa Amenfi,Asankragua Market (Wasa Amenfi),2.7,GHS,WFP-GIEWS-Ghana
2024-02-19,maize,Wasa Amenfi,Asankragua Market (Wasa Amenfi),2.78,GHS,WFP-GIEWS-Ghana
2024-02-26,maize,Wasa Amenfi,Asankragua Market (Wasa Amenfi),2.49,GHS,WFP-GIEWS-Ghana
2024-03-04,maize,Wasa Amenfi,Asankragua Market (Wasa Amenfi),2.29,GHS,WFP-GIEWS-Ghana
2024-03-11,maize,Wasa Amenfi,Asankragua Market (Wasa Amenfi),2.31,GHS,WFP-GIEWS-Ghana
2024-03-18,maize,Wasa Amenfi,Asankragua Market (Wasa Amenfi),2.26,GHS,WFP-GIEWS-Ghana
2024-03-25,maize,Wasa Amenfi,Asankragua Market (Wasa Amenfi),2.12,GHS,WFP-GIEWS-Ghana
2024-04-01,maize,Wasa Amenfi,Asankragua Market (Wasa Amenfi),2.27,GHS,WFP-GIEWS-Ghana
2024-04-08,maize,Wasa Amenfi,Asankragua Market (Wasa Amenfi),2.27,GHS,WFP-GIEWS-Ghana
2024-04-15,maize,Wasa Amenfi,Asankragua Market (Wasa Amenfi),2.29,GHS,WFP-GIEWS-Ghana
2024-04-22,maize,Wasa Amenfi,Asankragua Market (Wasa Amenfi),2.25,GHS,WFP-GIEWS-Ghana
2024-04-29,maize,Wasa Amenfi,Asankragua Market (Wasa Amenfi),2.26,GHS,WFP-GIEWS-Ghana
2024-05-06,maize,Wasa Amenfi,Asankragua Market (Wasa Amenfi),2.31,GHS,WFP-GIEWS-Ghana
2024-05-13,maize,Wasa Amenfi,Asankragua Market (Wasa Amenfi),2.36,GHS,WFP-GIEWS-Ghana
2024-05-20,maize,Wasa Amenfi,Asankragua Market (Wasa Amenfi),2.29,GHS,WFP-GIEWS-Ghana
2024-05-27,maize,Wasa Amenfi,Asankragua Market (Wasa Amenfi),2.28,GHS,WFP-GIEWS-Ghana
2024-06-03,maize,Wasa Amenfi,Asankragua Market (Wasa Amenfi),2.54,GHS,WFP-GIEWS-Ghana
2024-06-10,maize,Wasa Amenfi,Asankragua Market (Wasa Amenfi),2.34,GHS,WFP-GIEWS-Ghana
2024-06-17,maize,Wasa Amenfi,Asankragua Market (Wasa Amenfi),2.58,GHS,WFP-GIEWS-Ghana
2024-06-24,maize,Wasa Amenfi,Asankragua Market (Wasa Amenfi),2.53,GHS,WFP-GIEWS-Ghana
2024-07-01,maize,Wasa Amenfi,Asankragua Market (Wasa Amenfi),2.86,GHS,WFP-GIEWS-Ghana
2024-07-08,maize,Wasa Amenfi,Asankragua Market (Wasa Amenfi),2.97,GHS,WFP-GIEWS-Ghana
2024-07-15,maize,Wasa Amenfi,Asankragua Market (Wasa Amenfi),2.63,GHS,WFP-GIEWS-Ghana
2024-07-22,maize,Wasa Amenfi,Asankragua Market (Wasa Amenfi),2.63,GHS,WFP-GIEWS-Ghana
2024-07-29,maize,Wasa Amenfi,Asankragua Market (Wasa Amenfi),2.89,GHS,WFP-GIEWS-Ghana
2024-08-05,maize,Wasa Amenfi,Asankragua Market (Wasa Amenfi),2.87,GHS,WFP-GIEWS-Ghana
2024-08-12,maize,Wasa Amenfi,Asankragua Market (Wasa Amenfi),2.89,GHS,WFP-GIEWS-Ghana
2024-08-19,maize,Wasa Amenfi,Asankragua Market (Wasa Amenfi),2.82,GHS,WFP-GIEWS-Ghana
2024-08-26,maize,Wasa Amenfi,Asankragua Market (Wasa Amenfi),2.95,GHS,WFP-GIEWS-Ghana
2024-09-02,maize,Wasa Amenfi,Asankragua Market (Wasa Amenfi),2.68,GHS,WFP-GIEWS-Ghana
2024-09-09,maize,Wasa Amenfi,Asankragua Market (Wasa Amenfi),2.63,GHS,WFP-GIEWS-Ghana
2024-09-16,maize,Wasa Amenfi,Asankragua Market (Wasa Amenfi),2.56,GHS,WFP-GIEWS-Ghana
2024-09-23,maize,Wasa Amenfi,Asankragua Market (Wasa Amenfi),2.36,GHS,WFP-GIEWS-Ghana
2024-09-30,maize,Wasa Amenfi,Asankragua Market (Wasa Amenfi),2.66,GHS,WFP-GIEWS-Ghana
2024-10-07,maize,Wasa Amenfi,Asankragua Market (Wasa Amenfi),2.32,GHS,WFP-GIEWS-Ghana
2024-10-14,maize,Wasa Amenfi,Asankragua Market (Wasa Amenfi),2.27,GHS,WFP-GIEWS-Ghana
2024-10-21,maize,Wasa Amenfi,Asankragua Market (Wasa Amenfi),2.13,GHS,WFP-GIEWS-Ghana
2024-10-28,maize,Wasa Amenfi,Asankragua Market (Wasa Amenfi),2.27,GHS,WFP-GIEWS-Ghana
2024-11-04,maize,Wasa Amenfi,Asankragua Market (Wasa Amenfi),2.3,GHS,WFP-GIEWS-Ghana
2024-11-11,maize,Wasa Amenfi,Asankragua Market (Wasa Amenfi),2.36,GHS,WFP-GIEWS-Ghana
2024-11-18,maize,Wasa Amenfi,Asankragua Market (Wasa Amenfi),2.15,GHS,WFP-GIEWS-Ghana
2024-11-25,maize,Wasa Amenfi,Asankragua Market (Wasa Amenfi),2.2,GHS,WFP-GIEWS-Ghana
2024-12-02,maize,Wasa Amenfi,Asankragua Market (Wasa Amenfi),2.3,GHS,WFP-GIEWS-Ghana
2024-12-09,maize,Wasa Amenfi,Asankragua Market (Wasa Amenfi),2.24,GHS,WFP-GIEWS-Ghana
2024-12-16,maize,Wasa Amenfi,Asankragua Market (Wasa Amenfi),2.14,GHS,WFP-GIEWS-Ghana
2024-12-23,maize,Wasa Amenfi,Asankragua Market (Wasa Amenfi),2.28,GHS,WFP-GIEWS-Ghana
2024-12-30,maize,Wasa Amenfi,Asankragua Market (Wasa Amenfi),2.29,GHS,WFP-GIEWS-Ghana
2018-01-01,tomatoes,Aowin,Enchi Market (Aowin),3.51,GHS,WFP-GIEWS-Ghana
2018-01-08,tomatoes,Aowin,Enchi Market (Aowin),3.44,GHS,WFP-GIEWS-Ghana
2018-01-15,tomatoes,Aowin,Enchi Market (Aowin),3.69,GHS,WFP-GIEWS-Ghana
2018-01-22,tomatoes,Aowin,Enchi Market (Aowin),3.36,GHS,WFP-GIEWS-Ghana
2018-01-29,tomatoes,Aowin,Enchi Market (Aowin),3.4,GHS,WFP-GIEWS-Ghana
2018-02-05,tomatoes,Aowin,Enchi Market (Aowin),3.5,GHS,WFP-GIEWS-Ghana
2018-02-12,tomatoes,Aowin,Enchi Market (Aowin),3.63,GHS,WFP-GIEWS-Ghana
2018-02-19,tomatoes,Aowin,Enchi Market (Aowin),3.29,GHS,WFP-GIEWS-Ghana
2018-02-26,tomatoes,Aowin,Enchi Market (Aowin),3.32,GHS,WFP-GIEWS-Ghana
2018-03-05,tomatoes,Aowin,Enchi Market (Aowin),2.76,GHS,WFP-GIEWS-Ghana
2018-03-12,tomatoes,Aowin,Enchi Market (Aowin),3.01,GHS,WFP-GIEWS-Ghana
2018-03-19,tomatoes,Aowin,Enchi Market (Aowin),2.87,GHS,WFP-GIEWS-Ghana
2018-03-26,tomatoes,Aowin,Enchi Market (Aowin),2.96,GHS,WFP-GIEWS-Ghana
2018-04-02,tomatoes,Aowin,Enchi Market (Aowin),3.1,GHS,WFP-GIEWS-Ghana
2018-04-09,tomatoes,Aowin,Enchi Market (Aowin),2.95,GHS,WFP-GIEWS-Ghana
2018-04-16,tomatoes,Aowin,Enchi Market (Aowin),3.05,GHS,WFP-GIEWS-Ghana
2018-04-23,tomatoes,Aowin,Enchi Market (Aowin),2.99,GHS,WFP-GIEWS-Ghana
2018-04-30,tomatoes,Aowin,Enchi Market (Aowin),3.1,GHS,WFP-GIEWS-Ghana
2018-05-07,tomatoes,Aowin,Enchi Market (Aowin),3.1,GHS,WFP-GIEWS-Ghana
2018-05-14,tomatoes,Aowin,Enchi Market (Aowin),2.96,GHS,WFP-GIEWS-Ghana
2018-05-21,tomatoes,Aowin,Enchi Market (Aowin),3.02,GHS,WFP-GIEWS-Ghana
2018-05-28,tomatoes,Aowin,Enchi Market (Aowin),3.17,GHS,WFP-GIEWS-Ghana
2018-06-04,tomatoes,Aowin,Enchi Market (Aowin),3.38,GHS,WFP-GIEWS-Ghana
2018-06-11,tomatoes,Aowin,Enchi Market (Aowin),3.14,GHS,WFP-GIEWS-Ghana
2018-06-18,tomatoes,Aowin,Enchi Market (Aowin),3.42,GHS,WFP-GIEWS-Ghana
2018-06-25,tomatoes,Aowin,Enchi Market (Aowin),3.18,GHS,WFP-GIEWS-Ghana
2018-07-02,tomatoes,Aowin,Enchi Market (Aowin),3.96,GHS,WFP-GIEWS-Ghana
2018-07-09,tomatoes,Aowin,Enchi Market (Aowin),3.91,GHS,WFP-GIEWS-Ghana
2018-07-16,tomatoes,Aowin,Enchi Market (Aowin),3.79,GHS,WFP-GIEWS-Ghana
2018-07-23,tomatoes,Aowin,Enchi Market (Aowin),3.78,GHS,WFP-GIEWS-Ghana
2018-07-30,tomatoes,Aowin,Enchi Market (Aowin),3.72,GHS,WFP-GIEWS-Ghana
2018-08-06,tomatoes,Aowin,Enchi Market (Aowin),3.88,GHS,WFP-GIEWS-Ghana
2018-08-13,tomatoes,Aowin,Enchi Market (Aowin),3.72,GHS,WFP-GIEWS-Ghana
2018-08-20,tomatoes,Aowin,Enchi Market (Aowin),3.81,GHS,WFP-GIEWS-Ghana
2018-08-27,tomatoes,Aowin,Enchi Market (Aowin),3.91,GHS,WFP-GIEWS-Ghana
2018-09-03,tomatoes,Aowin,Enchi Market (Aowin),3.32,GHS,WFP-GIEWS-Ghana
2018-09-10,tomatoes,Aowin,Enchi Market (Aowin),3.31,GHS,WFP-GIEWS-Ghana
2018-09-17,tomatoes,Aowin,Enchi Market (Aowin),3.23,GHS,WFP-GIEWS-Ghana
2018-09-24,tomatoes,Aowin,Enchi Market (Aowin),3.25,GHS,WFP-GIEWS-Ghana
2018-10-01,tomatoes,Aowin,Enchi Market (Aowin),2.69,GHS,WFP-GIEWS-Ghana
2018-10-08,tomatoes,Aowin,Enchi Market (Aowin),2.99,GHS,WFP-GIEWS-Ghana
2018-10-15,tomatoes,Aowin,Enchi Market (Aowin),3.11,GHS,WFP-GIEWS-Ghana
2018-10-22,tomatoes,Aowin,Enchi Market (Aowin),3.07,GHS,WFP-GIEWS-Ghana
2018-10-29,tomatoes,Aowin,Enchi Market (Aowin),2.71,GHS,WFP-GIEWS-Ghana
2018-11-05,tomatoes,Aowin,Enchi Market (Aowin),3.01,GHS,WFP-GIEWS-Ghana
2018-11-12,tomatoes,Aowin,Enchi Market (Aowin),3.09,GHS,WFP-GIEWS-Ghana
2018-11-19,tomatoes,Aowin,Enchi Market (Aowin),2.87,GHS,WFP-GIEWS-Ghana
2018-11-26,tomatoes,Aowin,Enchi Market (Aowin),2.93,GHS,WFP-GIEWS-Ghana
2018-12-03,tomatoes,Aowin,Enchi Market (Aowin),2.7,GHS,WFP-GIEWS-Ghana
2018-12-10,tomatoes,Aowin,Enchi Market (Aowin),2.97,GHS,WFP-GIEWS-Ghana
2018-12-17,tomatoes,Aowin,Enchi Market (Aowin),2.81,GHS,WFP-GIEWS-Ghana
2018-12-24,tomatoes,Aowin,Enchi Market (Aowin),2.96,GHS,WFP-GIEWS-Ghana
2018-12-31,tomatoes,Aowin,Enchi Market (Aowin),2.76,GHS,WFP-GIEWS-Ghana
2019-01-07,tomatoes,Aowin,Enchi Market (Aowin),3.84,GHS,WFP-GIEWS-Ghana
2019-01-14,tomatoes,Aowin,Enchi Market (Aowin),3.91,GHS,WFP-GIEWS-Ghana
2019-01-21,tomatoes,Aowin,Enchi Market (Aowin),3.64,GHS,WFP-GIEWS-Ghana
2019-01-28,tomatoes,Aowin,Enchi Market (Aowin),3.59,GHS,WFP-GIEWS-Ghana
2019-02-04,tomatoes,Aowin,Enchi Market (Aowin),3.46,GHS,WFP-GIEWS-Ghana
2019-02-11,tomatoes,Aowin,Enchi Market (Aowin),3.74,GHS,WFP-GIEWS-Ghana
2019-02-18,tomatoes,Aowin,Enchi Market (Aowin),3.7,GHS,WFP-GIEWS-Ghana
2019-02-25,tomatoes,Aowin,Enchi Market (Aowin),3.55,GHS,WFP-GIEWS-Ghana
2019-03-04,tomatoes,Aowin,Enchi Market (Aowin),3.3,GHS,WFP-GIEWS-Ghana
2019-03-11,tomatoes,Aowin,Enchi Market (Aowin),3.19,GHS,WFP-GIEWS-Ghana
2019-03-18,tomatoes,Aowin,Enchi Market (Aowin),3.1,GHS,WFP-GIEWS-Ghana
2019-03-25,tomatoes,Aowin,Enchi Market (Aowin),3.17,GHS,WFP-GIEWS-Ghana
2019-04-01,tomatoes,Aowin,Enchi Market (Aowin),3.4,GHS,WFP-GIEWS-Ghana
2019-04-08,tomatoes,Aowin,Enchi Market (Aowin),3.34,GHS,WFP-GIEWS-Ghana
2019-04-15,tomatoes,Aowin,Enchi Market (Aowin),3.25,GHS,WFP-GIEWS-Ghana
2019-04-22,tomatoes,Aowin,Enchi Market (Aowin),3.35,GHS,WFP-GIEWS-Ghana
2019-04-29,tomatoes,Aowin,Enchi Market (Aowin),3.11,GHS,WFP-GIEWS-Ghana
2019-05-06,tomatoes,Aowin,Enchi Market (Aowin),3.29,GHS,WFP-GIEWS-Ghana
2019-05-13,tomatoes,Aowin,Enchi Market (Aowin),3.31,GHS,WFP-GIEWS-Ghana
2019-05-20,tomatoes,Aowin,Enchi Market (Aowin),3.22,GHS,WFP-GIEWS-Ghana
2019-05-27,tomatoes,Aowin,Enchi Market (Aowin),3.34,GHS,WFP-GIEWS-Ghana
2019-06-03,tomatoes,Aowin,Enchi Market (Aowin),3.48,GHS,WFP-GIEWS-Ghana
2019-06-10,tomatoes,Aowin,Enchi Market (Aowin),3.67,GHS,WFP-GIEWS-Ghana
2019-06-17,tomatoes,Aowin,Enchi Market (Aowin),3.67,GHS,WFP-GIEWS-Ghana
2019-06-24,tomatoes,Aowin,Enchi Market (Aowin),3.17,GHS,WFP-GIEWS-Ghana
2019-07-01,tomatoes,Aowin,Enchi Market (Aowin),4.24,GHS,WFP-GIEWS-Ghana
2019-07-08,tomatoes,Aowin,Enchi Market (Aowin),3.56,GHS,WFP-GIEWS-Ghana
2019-07-15,tomatoes,Aowin,Enchi Market (Aowin),3.95,GHS,WFP-GIEWS-Ghana
2019-07-22,tomatoes,Aowin,Enchi Market (Aowin),4.22,GHS,WFP-GIEWS-Ghana
2019-07-29,tomatoes,Aowin,Enchi Market (Aowin),4.0,GHS,WFP-GIEWS-Ghana
2019-08-05,tomatoes,Aowin,Enchi Market (Aowin),3.84,GHS,WFP-GIEWS-Ghana
2019-08-12,tomatoes,Aowin,Enchi Market (Aowin),3.9,GHS,WFP-GIEWS-Ghana
2019-08-19,tomatoes,Aowin,Enchi Market (Aowin),4.25,GHS,WFP-GIEWS-Ghana
2019-08-26,tomatoes,Aowin,Enchi Market (Aowin),3.76,GHS,WFP-GIEWS-Ghana
2019-09-02,tomatoes,Aowin,Enchi Market (Aowin),3.83,GHS,WFP-GIEWS-Ghana
2019-09-09,tomatoes,Aowin,Enchi Market (Aowin),3.66,GHS,WFP-GIEWS-Ghana
2019-09-16,tomatoes,Aowin,Enchi Market (Aowin),3.49,GHS,WFP-GIEWS-Ghana
2019-09-23,tomatoes,Aowin,Enchi Market (Aowin),3.58,GHS,WFP-GIEWS-Ghana
2019-09-30,tomatoes,Aowin,Enchi Market (Aowin),3.52,GHS,WFP-GIEWS-Ghana
2019-10-07,tomatoes,Aowin,Enchi Market (Aowin),3.24,GHS,WFP-GIEWS-Ghana
2019-10-14,tomatoes,Aowin,Enchi Market (Aowin),3.23,GHS,WFP-GIEWS-Ghana
2019-10-21,tomatoes,Aowin,Enchi Market (Aowin),2.92,GHS,WFP-GIEWS-Ghana
2019-10-28,tomatoes,Aowin,Enchi Market (Aowin),3.08,GHS,WFP-GIEWS-Ghana
2019-11-04,tomatoes,Aowin,Enchi Market (Aowin),3.05,GHS,WFP-GIEWS-Ghana
2019-11-11,tomatoes,Aowin,Enchi Market (Aowin),3.32,GHS,WFP-GIEWS-Ghana
2019-11-18,tomatoes,Aowin,Enchi Market (Aowin),2.98,GHS,WFP-GIEWS-Ghana
2019-11-25,tomatoes,Aowin,Enchi Market (Aowin),3.36,GHS,WFP-GIEWS-Ghana
2019-12-02,tomatoes,Aowin,Enchi Market (Aowin),3.17,GHS,WFP-GIEWS-Ghana
2019-12-09,tomatoes,Aowin,Enchi Market (Aowin),3.03,GHS,WFP-GIEWS-Ghana
2019-12-16,tomatoes,Aowin,Enchi Market (Aowin),3.09,GHS,WFP-GIEWS-Ghana
2019-12-23,tomatoes,Aowin,Enchi Market (Aowin),3.07,GHS,WFP-GIEWS-Ghana
2019-12-30,tomatoes,Aowin,Enchi Market (Aowin),3.01,GHS,WFP-GIEWS-Ghana
2020-01-06,tomatoes,Aowin,Enchi Market (Aowin),4.08,GHS,WFP-GIEWS-Ghana
2020-01-13,tomatoes,Aowin,Enchi Market (Aowin),3.86,GHS,WFP-GIEWS-Ghana
2020-01-20,tomatoes,Aowin,Enchi Market (Aowin),3.71,GHS,WFP-GIEWS-Ghana
2020-01-27,tomatoes,Aowin,Enchi Market (Aowin),4.0,GHS,WFP-GIEWS-Ghana
2020-02-03,tomatoes,Aowin,Enchi Market (Aowin),3.79,GHS,WFP-GIEWS-Ghana
2020-02-10,tomatoes,Aowin,Enchi Market (Aowin),3.96,GHS,WFP-GIEWS-Ghana
2020-02-17,tomatoes,Aowin,Enchi Market (Aowin),3.94,GHS,WFP-GIEWS-Ghana
2020-02-24,tomatoes,Aowin,Enchi Market (Aowin),3.94,GHS,WFP-GIEWS-Ghana
2020-03-02,tomatoes,Aowin,Enchi Market (Aowin),3.78,GHS,WFP-GIEWS-Ghana
2020-03-09,tomatoes,Aowin,Enchi Market (Aowin),3.51,GHS,WFP-GIEWS-Ghana
2020-03-16,tomatoes,Aowin,Enchi Market (Aowin),3.54,GHS,WFP-GIEWS-Ghana
2020-03-23,tomatoes,Aowin,Enchi Market (Aowin),3.25,GHS,WFP-GIEWS-Ghana
2020-03-30,tomatoes,Aowin,Enchi Market (Aowin),3.41,GHS,WFP-GIEWS-Ghana
2020-04-06,tomatoes,Aowin,Enchi Market (Aowin),3.56,GHS,WFP-GIEWS-Ghana
2020-04-13,tomatoes,Aowin,Enchi Market (Aowin),3.38,GHS,WFP-GIEWS-Ghana
2020-04-20,tomatoes,Aowin,Enchi Market (Aowin),3.65,GHS,WFP-GIEWS-Ghana
2020-04-27,tomatoes,Aowin,Enchi Market (Aowin),3.36,GHS,WFP-GIEWS-Ghana
2020-05-04,tomatoes,Aowin,Enchi Market (Aowin),3.51,GHS,WFP-GIEWS-Ghana
2020-05-11,tomatoes,Aowin,Enchi Market (Aowin),3.47,GHS,WFP-GIEWS-Ghana
2020-05-18,tomatoes,Aowin,Enchi Market (Aowin),3.57,GHS,WFP-GIEWS-Ghana
2020-05-25,tomatoes,Aowin,Enchi Market (Aowin),3.46,GHS,WFP-GIEWS-Ghana
2020-06-01,tomatoes,Aowin,Enchi Market (Aowin),3.84,GHS,WFP-GIEWS-Ghana
2020-06-08,tomatoes,Aowin,Enchi Market (Aowin),3.85,GHS,WFP-GIEWS-Ghana
2020-06-15,tomatoes,Aowin,Enchi Market (Aowin),3.77,GHS,WFP-GIEWS-Ghana
2020-06-22,tomatoes,Aowin,Enchi Market (Aowin),3.96,GHS,WFP-GIEWS-Ghana
2020-06-29,tomatoes,Aowin,Enchi Market (Aowin),3.92,GHS,WFP-GIEWS-Ghana
2020-07-06,tomatoes,Aowin,Enchi Market (Aowin),4.36,GHS,WFP-GIEWS-Ghana
2020-07-13,tomatoes,Aowin,Enchi Market (Aowin),4.3,GHS,WFP-GIEWS-Ghana
2020-07-20,tomatoes,Aowin,Enchi Market (Aowin),4.52,GHS,WFP-GIEWS-Ghana
2020-07-27,tomatoes,Aowin,Enchi Market (Aowin),4.33,GHS,WFP-GIEWS-Ghana
2020-08-03,tomatoes,Aowin,Enchi Market (Aowin),4.35,GHS,WFP-GIEWS-Ghana
2020-08-10,tomatoes,Aowin,Enchi Market (Aowin),4.42,GHS,WFP-GIEWS-Ghana
2020-08-17,tomatoes,Aowin,Enchi Market (Aowin),4.7,GHS,WFP-GIEWS-Ghana
2020-08-24,tomatoes,Aowin,Enchi Market (Aowin),4.17,GHS,WFP-GIEWS-Ghana
2020-08-31,tomatoes,Aowin,Enchi Market (Aowin),4.54,GHS,WFP-GIEWS-Ghana
2020-09-07,tomatoes,Aowin,Enchi Market (Aowin),3.66,GHS,WFP-GIEWS-Ghana
2020-09-14,tomatoes,Aowin,Enchi Market (Aowin),3.99,GHS,WFP-GIEWS-Ghana
2020-09-21,tomatoes,Aowin,Enchi Market (Aowin),4.21,GHS,WFP-GIEWS-Ghana
2020-09-28,tomatoes,Aowin,Enchi Market (Aowin),4.03,GHS,WFP-GIEWS-Ghana
2020-10-05,tomatoes,Aowin,Enchi Market (Aowin),3.41,GHS,WFP-GIEWS-Ghana
2020-10-12,tomatoes,Aowin,Enchi Market (Aowin),3.31,GHS,WFP-GIEWS-Ghana
2020-10-19,tomatoes,Aowin,Enchi Market (Aowin),3.39,GHS,WFP-GIEWS-Ghana
2020-10-26,tomatoes,Aowin,Enchi Market (Aowin),3.35,GHS,WFP-GIEWS-Ghana
2020-11-02,tomatoes,Aowin,Enchi Market (Aowin),3.3,GHS,WFP-GIEWS-Ghana
2020-11-09,tomatoes,Aowin,Enchi Market (Aowin),3.37,GHS,WFP-GIEWS-Ghana
2020-11-16,tomatoes,Aowin,Enchi Market (Aowin),3.43,GHS,WFP-GIEWS-Ghana
2020-11-23,tomatoes,Aowin,Enchi Market (Aowin),3.3,GHS,WFP-GIEWS-Ghana
2020-11-30,tomatoes,Aowin,Enchi Market (Aowin),3.3,GHS,WFP-GIEWS-Ghana
2020-12-07,tomatoes,Aowin,Enchi Market (Aowin),3.24,GHS,WFP-GIEWS-Ghana
2020-12-14,tomatoes,Aowin,Enchi Market (Aowin),3.48,GHS,WFP-GIEWS-Ghana
2020-12-21,tomatoes,Aowin,Enchi Market (Aowin),3.5,GHS,WFP-GIEWS-Ghana
2020-12-28,tomatoes,Aowin,Enchi Market (Aowin),3.46,GHS,WFP-GIEWS-Ghana
2021-01-04,tomatoes,Aowin,Enchi Market (Aowin),4.55,GHS,WFP-GIEWS-Ghana
2021-01-11,tomatoes,Aowin,Enchi Market (Aowin),4.4,GHS,WFP-GIEWS-Ghana
2021-01-18,tomatoes,Aowin,Enchi Market (Aowin),4.45,GHS,WFP-GIEWS-Ghana
2021-01-25,tomatoes,Aowin,Enchi Market (Aowin),4.44,GHS,WFP-GIEWS-Ghana
2021-02-01,tomatoes,Aowin,Enchi Market (Aowin),4.4,GHS,WFP-GIEWS-Ghana
2021-02-08,tomatoes,Aowin,Enchi Market (Aowin),4.32,GHS,WFP-GIEWS-Ghana
2021-02-15,tomatoes,Aowin,Enchi Market (Aowin),4.8,GHS,WFP-GIEWS-Ghana
2021-02-22,tomatoes,Aowin,Enchi Market (Aowin),4.33,GHS,WFP-GIEWS-Ghana
2021-03-01,tomatoes,Aowin,Enchi Market (Aowin),3.68,GHS,WFP-GIEWS-Ghana
2021-03-08,tomatoes,Aowin,Enchi Market (Aowin),3.85,GHS,WFP-GIEWS-Ghana
2021-03-15,tomatoes,Aowin,Enchi Market (Aowin),3.82,GHS,WFP-GIEWS-Ghana
2021-03-22,tomatoes,Aowin,Enchi Market (Aowin),3.57,GHS,WFP-GIEWS-Ghana
2021-03-29,tomatoes,Aowin,Enchi Market (Aowin),3.95,GHS,WFP-GIEWS-Ghana
2021-04-05,tomatoes,Aowin,Enchi Market (Aowin),3.79,GHS,WFP-GIEWS-Ghana
2021-04-12,tomatoes,Aowin,Enchi Market (Aowin),3.64,GHS,WFP-GIEWS-Ghana
2021-04-19,tomatoes,Aowin,Enchi Market (Aowin),3.99,GHS,WFP-GIEWS-Ghana
2021-04-26,tomatoes,Aowin,Enchi Market (Aowin),3.9,GHS,WFP-GIEWS-Ghana
2021-05-03,tomatoes,Aowin,Enchi Market (Aowin),3.64,GHS,WFP-GIEWS-Ghana
2021-05-10,tomatoes,Aowin,Enchi Market (Aowin),4.1,GHS,WFP-GIEWS-Ghana
2021-05-17,tomatoes,Aowin,Enchi Market (Aowin),3.93,GHS,WFP-GIEWS-Ghana
2021-05-24,tomatoes,Aowin,Enchi Market (Aowin),3.83,GHS,WFP-GIEWS-Ghana
2021-05-31,tomatoes,Aowin,Enchi Market (Aowin),4.08,GHS,WFP-GIEWS-Ghana
2021-06-07,tomatoes,Aowin,Enchi Market (Aowin),4.22,GHS,WFP-GIEWS-Ghana
2021-06-14,tomatoes,Aowin,Enchi Market (Aowin),4.19,GHS,WFP-GIEWS-Ghana
2021-06-21,tomatoes,Aowin,Enchi Market (Aowin),4.08,GHS,WFP-GIEWS-Ghana
2021-06-28,tomatoes,Aowin,Enchi Market (Aowin),4.29,GHS,WFP-GIEWS-Ghana
2021-07-05,tomatoes,Aowin,Enchi Market (Aowin),4.82,GHS,WFP-GIEWS-Ghana
2021-07-12,tomatoes,Aowin,Enchi Market (Aowin),4.73,GHS,WFP-GIEWS-Ghana
2021-07-19,tomatoes,Aowin,Enchi Market (Aowin),4.58,GHS,WFP-GIEWS-Ghana
2021-07-26,tomatoes,Aowin,Enchi Market (Aowin),4.75,GHS,WFP-GIEWS-Ghana
2021-08-02,tomatoes,Aowin,Enchi Market (Aowin),4.74,GHS,WFP-GIEWS-Ghana
2021-08-09,tomatoes,Aowin,Enchi Market (Aowin),4.5,GHS,WFP-GIEWS-Ghana
2021-08-16,tomatoes,Aowin,Enchi Market (Aowin),4.48,GHS,WFP-GIEWS-Ghana
2021-08-23,tomatoes,Aowin,Enchi Market (Aowin),4.86,GHS,WFP-GIEWS-Ghana
2021-08-30,tomatoes,Aowin,Enchi Market (Aowin),4.26,GHS,WFP-GIEWS-Ghana
2021-09-06,tomatoes,Aowin,Enchi Market (Aowin),4.31,GHS,WFP-GIEWS-Ghana
2021-09-13,tomatoes,Aowin,Enchi Market (Aowin),4.19,GHS,WFP-GIEWS-Ghana
2021-09-20,tomatoes,Aowin,Enchi Market (Aowin),4.5,GHS,WFP-GIEWS-Ghana
2021-09-27,tomatoes,Aowin,Enchi Market (Aowin),4.19,GHS,WFP-GIEWS-Ghana
2021-10-04,tomatoes,Aowin,Enchi Market (Aowin),3.75,GHS,WFP-GIEWS-Ghana
2021-10-11,tomatoes,Aowin,Enchi Market (Aowin),3.6,GHS,WFP-GIEWS-Ghana
2021-10-18,tomatoes,Aowin,Enchi Market (Aowin),3.67,GHS,WFP-GIEWS-Ghana
2021-10-25,tomatoes,Aowin,Enchi Market (Aowin),3.76,GHS,WFP-GIEWS-Ghana
2021-11-01,tomatoes,Aowin,Enchi Market (Aowin),3.61,GHS,WFP-GIEWS-Ghana
2021-11-08,tomatoes,Aowin,Enchi Market (Aowin),3.83,GHS,WFP-GIEWS-Ghana
2021-11-15,tomatoes,Aowin,Enchi Market (Aowin),3.53,GHS,WFP-GIEWS-Ghana
2021-11-22,tomatoes,Aowin,Enchi Market (Aowin),3.72,GHS,WFP-GIEWS-Ghana
2021-11-29,tomatoes,Aowin,Enchi Market (Aowin),3.82,GHS,WFP-GIEWS-Ghana
2021-12-06,tomatoes,Aowin,Enchi Market (Aowin),3.8,GHS,WFP-GIEWS-Ghana
2021-12-13,tomatoes,Aowin,Enchi Market (Aowin),3.99,GHS,WFP-GIEWS-Ghana
2021-12-20,tomatoes,Aowin,Enchi Market (Aowin),3.59,GHS,WFP-GIEWS-Ghana
2021-12-27,tomatoes,Aowin,Enchi Market (Aowin),3.5,GHS,WFP-GIEWS-Ghana
2022-01-03,tomatoes,Aowin,Enchi Market (Aowin),4.55,GHS,WFP-GIEWS-Ghana
2022-01-10,tomatoes,Aowin,Enchi Market (Aowin),4.86,GHS,WFP-GIEWS-Ghana
2022-01-17,tomatoes,Aowin,Enchi Market (Aowin),4.83,GHS,WFP-GIEWS-Ghana
2022-01-24,tomatoes,Aowin,Enchi Market (Aowin),4.76,GHS,WFP-GIEWS-Ghana
2022-01-31,tomatoes,Aowin,Enchi Market (Aowin),4.52,GHS,WFP-GIEWS-Ghana
2022-02-07,tomatoes,Aowin,Enchi Market (Aowin),4.91,GHS,WFP-GIEWS-Ghana
2022-02-14,tomatoes,Aowin,Enchi Market (Aowin),4.53,GHS,WFP-GIEWS-Ghana
2022-02-21,tomatoes,Aowin,Enchi Market (Aowin),4.99,GHS,WFP-GIEWS-Ghana
2022-02-28,tomatoes,Aowin,Enchi Market (Aowin),5.31,GHS,WFP-GIEWS-Ghana
2022-03-07,tomatoes,Aowin,Enchi Market (Aowin),4.15,GHS,WFP-GIEWS-Ghana
2022-03-14,tomatoes,Aowin,Enchi Market (Aowin),4.18,GHS,WFP-GIEWS-Ghana
2022-03-21,tomatoes,Aowin,Enchi Market (Aowin),4.01,GHS,WFP-GIEWS-Ghana
2022-03-28,tomatoes,Aowin,Enchi Market (Aowin),3.79,GHS,WFP-GIEWS-Ghana
2022-04-04,tomatoes,Aowin,Enchi Market (Aowin),4.01,GHS,WFP-GIEWS-Ghana
2022-04-11,tomatoes,Aowin,Enchi Market (Aowin),3.93,GHS,WFP-GIEWS-Ghana
2022-04-18,tomatoes,Aowin,Enchi Market (Aowin),3.87,GHS,WFP-GIEWS-Ghana
2022-04-25,tomatoes,Aowin,Enchi Market (Aowin),4.4,GHS,WFP-GIEWS-Ghana
2022-05-02,tomatoes,Aowin,Enchi Market (Aowin),4.18,GHS,WFP-GIEWS-Ghana
2022-05-09,tomatoes,Aowin,Enchi Market (Aowin),4.2,GHS,WFP-GIEWS-Ghana
2022-05-16,tomatoes,Aowin,Enchi Market (Aowin),4.09,GHS,WFP-GIEWS-Ghana
2022-05-23,tomatoes,Aowin,Enchi Market (Aowin),4.11,GHS,WFP-GIEWS-Ghana
2022-05-30,tomatoes,Aowin,Enchi Market (Aowin),4.3,GHS,WFP-GIEWS-Ghana
2022-06-06,tomatoes,Aowin,Enchi Market (Aowin),4.52,GHS,WFP-GIEWS-Ghana
2022-06-13,tomatoes,Aowin,Enchi Market (Aowin),4.62,GHS,WFP-GIEWS-Ghana
2022-06-20,tomatoes,Aowin,Enchi Market (Aowin),4.49,GHS,WFP-GIEWS-Ghana
2022-06-27,tomatoes,Aowin,Enchi Market (Aowin),4.47,GHS,WFP-GIEWS-Ghana
2022-07-04,tomatoes,Aowin,Enchi Market (Aowin),4.82,GHS,WFP-GIEWS-Ghana
2022-07-11,tomatoes,Aowin,Enchi Market (Aowin),4.7,GHS,WFP-GIEWS-Ghana
2022-07-18,tomatoes,Aowin,Enchi Market (Aowin),5.05,GHS,WFP-GIEWS-Ghana
2022-07-25,tomatoes,Aowin,Enchi Market (Aowin),5.12,GHS,WFP-GIEWS-Ghana
2022-08-01,tomatoes,Aowin,Enchi Market (Aowin),4.87,GHS,WFP-GIEWS-Ghana
2022-08-08,tomatoes,Aowin,Enchi Market (Aowin),5.13,GHS,WFP-GIEWS-Ghana
2022-08-15,tomatoes,Aowin,Enchi Market (Aowin),5.15,GHS,WFP-GIEWS-Ghana
2022-08-22,tomatoes,Aowin,Enchi Market (Aowin),4.69,GHS,WFP-GIEWS-Ghana
2022-08-29,tomatoes,Aowin,Enchi Market (Aowin),4.95,GHS,WFP-GIEWS-Ghana
2022-09-05,tomatoes,Aowin,Enchi Market (Aowin),4.69,GHS,WFP-GIEWS-Ghana
2022-09-12,tomatoes,Aowin,Enchi Market (Aowin),4.69,GHS,WFP-GIEWS-Ghana
2022-09-19,tomatoes,Aowin,Enchi Market (Aowin),4.4,GHS,WFP-GIEWS-Ghana
2022-09-26,tomatoes,Aowin,Enchi Market (Aowin),4.65,GHS,WFP-GIEWS-Ghana
2022-10-03,tomatoes,Aowin,Enchi Market (Aowin),4.11,GHS,WFP-GIEWS-Ghana
2022-10-10,tomatoes,Aowin,Enchi Market (Aowin),4.07,GHS,WFP-GIEWS-Ghana
2022-10-17,tomatoes,Aowin,Enchi Market (Aowin),3.93,GHS,WFP-GIEWS-Ghana
2022-10-24,tomatoes,Aowin,Enchi Market (Aowin),3.87,GHS,WFP-GIEWS-Ghana
2022-10-31,tomatoes,Aowin,Enchi Market (Aowin),3.85,GHS,WFP-GIEWS-Ghana
2022-11-07,tomatoes,Aowin,Enchi Market (Aowin),4.05,GHS,WFP-GIEWS-Ghana
2022-11-14,tomatoes,Aowin,Enchi Market (Aowin),4.01,GHS,WFP-GIEWS-Ghana
2022-11-21,tomatoes,Aowin,Enchi Market (Aowin),4.07,GHS,WFP-GIEWS-Ghana
2022-11-28,tomatoes,Aowin,Enchi Market (Aowin),4.0,GHS,WFP-GIEWS-Ghana
2022-12-05,tomatoes,Aowin,Enchi Market (Aowin),4.13,GHS,WFP-GIEWS-Ghana
2022-12-12,tomatoes,Aowin,Enchi Market (Aowin),4.01,GHS,WFP-GIEWS-Ghana
2022-12-19,tomatoes,Aowin,Enchi Market (Aowin),4.13,GHS,WFP-GIEWS-Ghana
2022-12-26,tomatoes,Aowin,Enchi Market (Aowin),4.14,GHS,WFP-GIEWS-Ghana
2023-01-02,tomatoes,Aowin,Enchi Market (Aowin),4.95,GHS,WFP-GIEWS-Ghana
2023-01-09,tomatoes,Aowin,Enchi Market (Aowin),4.74,GHS,WFP-GIEWS-Ghana
2023-01-16,tomatoes,Aowin,Enchi Market (Aowin),5.43,GHS,WFP-GIEWS-Ghana
2023-01-23,tomatoes,Aowin,Enchi Market (Aowin),5.17,GHS,WFP-GIEWS-Ghana
2023-01-30,tomatoes,Aowin,Enchi Market (Aowin),4.76,GHS,WFP-GIEWS-Ghana
2023-02-06,tomatoes,Aowin,Enchi Market (Aowin),5.0,GHS,WFP-GIEWS-Ghana
2023-02-13,tomatoes,Aowin,Enchi Market (Aowin),5.31,GHS,WFP-GIEWS-Ghana
2023-02-20,tomatoes,Aowin,Enchi Market (Aowin),5.09,GHS,WFP-GIEWS-Ghana
2023-02-27,tomatoes,Aowin,Enchi Market (Aowin),5.04,GHS,WFP-GIEWS-Ghana
2023-03-06,tomatoes,Aowin,Enchi Market (Aowin),4.66,GHS,WFP-GIEWS-Ghana
2023-03-13,tomatoes,Aowin,Enchi Market (Aowin),4.23,GHS,WFP-GIEWS-Ghana
2023-03-20,tomatoes,Aowin,Enchi Market (Aowin),4.27,GHS,WFP-GIEWS-Ghana
2023-03-27,tomatoes,Aowin,Enchi Market (Aowin),4.45,GHS,WFP-GIEWS-Ghana
2023-04-03,tomatoes,Aowin,Enchi Market (Aowin),4.51,GHS,WFP-GIEWS-Ghana
2023-04-10,tomatoes,Aowin,Enchi Market (Aowin),4.53,GHS,WFP-GIEWS-Ghana
2023-04-17,tomatoes,Aowin,Enchi Market (Aowin),4.6,GHS,WFP-GIEWS-Ghana
2023-04-24,tomatoes,Aowin,Enchi Market (Aowin),4.48,GHS,WFP-GIEWS-Ghana
2023-05-01,tomatoes,Aowin,Enchi Market (Aowin),4.56,GHS,WFP-GIEWS-Ghana
2023-05-08,tomatoes,Aowin,Enchi Market (Aowin),4.42,GHS,WFP-GIEWS-Ghana
2023-05-15,tomatoes,Aowin,Enchi Market (Aowin),4.48,GHS,WFP-GIEWS-Ghana
2023-05-22,tomatoes,Aowin,Enchi Market (Aowin),4.49,GHS,WFP-GIEWS-Ghana
2023-05-29,tomatoes,Aowin,Enchi Market (Aowin),4.51,GHS,WFP-GIEWS-Ghana
2023-06-05,tomatoes,Aowin,Enchi Market (Aowin),5.04,GHS,WFP-GIEWS-Ghana
2023-06-12,tomatoes,Aowin,Enchi Market (Aowin),5.0,GHS,WFP-GIEWS-Ghana
2023-06-19,tomatoes,Aowin,Enchi Market (Aowin),4.9,GHS,WFP-GIEWS-Ghana
2023-06-26,tomatoes,Aowin,Enchi Market (Aowin),4.73,GHS,WFP-GIEWS-Ghana
2023-07-03,tomatoes,Aowin,Enchi Market (Aowin),5.53,GHS,WFP-GIEWS-Ghana
2023-07-10,tomatoes,Aowin,Enchi Market (Aowin),5.51,GHS,WFP-GIEWS-Ghana
2023-07-17,tomatoes,Aowin,Enchi Market (Aowin),5.55,GHS,WFP-GIEWS-Ghana
2023-07-24,tomatoes,Aowin,Enchi Market (Aowin),6.0,GHS,WFP-GIEWS-Ghana
2023-07-31,tomatoes,Aowin,Enchi Market (Aowin),5.4,GHS,WFP-GIEWS-Ghana
2023-08-07,tomatoes,Aowin,Enchi Market (Aowin),5.64,GHS,WFP-GIEWS-Ghana
2023-08-14,tomatoes,Aowin,Enchi Market (Aowin),5.78,GHS,WFP-GIEWS-Ghana
2023-08-21,tomatoes,Aowin,Enchi Market (Aowin),5.57,GHS,WFP-GIEWS-Ghana
2023-08-28,tomatoes,Aowin,Enchi Market (Aowin),6.07,GHS,WFP-GIEWS-Ghana
2023-09-04,tomatoes,Aowin,Enchi Market (Aowin),4.91,GHS,WFP-GIEWS-Ghana
2023-09-11,tomatoes,Aowin,Enchi Market (Aowin),5.05,GHS,WFP-GIEWS-Ghana
2023-09-18,tomatoes,Aowin,Enchi Market (Aowin),4.83,GHS,WFP-GIEWS-Ghana
2023-09-25,tomatoes,Aowin,Enchi Market (Aowin),4.91,GHS,WFP-GIEWS-Ghana
2023-10-02,tomatoes,Aowin,Enchi Market (Aowin),4.31,GHS,WFP-GIEWS-Ghana
2023-10-09,tomatoes,Aowin,Enchi Market (Aowin),4.41,GHS,WFP-GIEWS-Ghana
2023-10-16,tomatoes,Aowin,Enchi Market (Aowin),4.32,GHS,WFP-GIEWS-Ghana
2023-10-23,tomatoes,Aowin,Enchi Market (Aowin),4.48,GHS,WFP-GIEWS-Ghana
2023-10-30,tomatoes,Aowin,Enchi Market (Aowin),4.25,GHS,WFP-GIEWS-Ghana
2023-11-06,tomatoes,Aowin,Enchi Market (Aowin),4.23,GHS,WFP-GIEWS-Ghana
2023-11-13,tomatoes,Aowin,Enchi Market (Aowin),4.76,GHS,WFP-GIEWS-Ghana
2023-11-20,tomatoes,Aowin,Enchi Market (Aowin),4.36,GHS,WFP-GIEWS-Ghana
2023-11-27,tomatoes,Aowin,Enchi Market (Aowin),4.17,GHS,WFP-GIEWS-Ghana
2023-12-04,tomatoes,Aowin,Enchi Market (Aowin),4.2,GHS,WFP-GIEWS-Ghana
2023-12-11,tomatoes,Aowin,Enchi Market (Aowin),4.16,GHS,WFP-GIEWS-Ghana
2023-12-18,tomatoes,Aowin,Enchi Market (Aowin),4.48,GHS,WFP-GIEWS-Ghana
2023-12-25,tomatoes,Aowin,Enchi Market (Aowin),4.26,GHS,WFP-GIEWS-Ghana
2024-01-01,tomatoes,Aowin,Enchi Market (Aowin),5.55,GHS,WFP-GIEWS-Ghana
2024-01-08,tomatoes,Aowin,Enchi Market (Aowin),5.51,GHS,WFP-GIEWS-Ghana
2024-01-15,tomatoes,Aowin,Enchi Market (Aowin),5.69,GHS,WFP-GIEWS-Ghana
2024-01-22,tomatoes,Aowin,Enchi Market (Aowin),5.34,GHS,WFP-GIEWS-Ghana
2024-01-29,tomatoes,Aowin,Enchi Market (Aowin),5.29,GHS,WFP-GIEWS-Ghana
2024-02-05,tomatoes,Aowin,Enchi Market (Aowin),5.61,GHS,WFP-GIEWS-Ghana
2024-02-12,tomatoes,Aowin,Enchi Market (Aowin),5.69,GHS,WFP-GIEWS-Ghana
2024-02-19,tomatoes,Aowin,Enchi Market (Aowin),5.63,GHS,WFP-GIEWS-Ghana
2024-02-26,tomatoes,Aowin,Enchi Market (Aowin),5.38,GHS,WFP-GIEWS-Ghana
2024-03-04,tomatoes,Aowin,Enchi Market (Aowin),4.9,GHS,WFP-GIEWS-Ghana
2024-03-11,tomatoes,Aowin,Enchi Market (Aowin),4.62,GHS,WFP-GIEWS-Ghana
2024-03-18,tomatoes,Aowin,Enchi Market (Aowin),4.67,GHS,WFP-GIEWS-Ghana
2024-03-25,tomatoes,Aowin,Enchi Market (Aowin),4.59,GHS,WFP-GIEWS-Ghana
2024-04-01,tomatoes,Aowin,Enchi Market (Aowin),5.05,GHS,WFP-GIEWS-Ghana
2024-04-08,tomatoes,Aowin,Enchi Market (Aowin),4.92,GHS,WFP-GIEWS-Ghana
2024-04-15,tomatoes,Aowin,Enchi Market (Aowin),4.91,GHS,WFP-GIEWS-Ghana
2024-04-22,tomatoes,Aowin,Enchi Market (Aowin),5.04,GHS,WFP-GIEWS-Ghana
2024-04-29,tomatoes,Aowin,Enchi Market (Aowin),5.34,GHS,WFP-GIEWS-Ghana
2024-05-06,tomatoes,Aowin,Enchi Market (Aowin),4.5,GHS,WFP-GIEWS-Ghana
2024-05-13,tomatoes,Aowin,Enchi Market (Aowin),4.69,GHS,WFP-GIEWS-Ghana
2024-05-20,tomatoes,Aowin,Enchi Market (Aowin),4.71,GHS,WFP-GIEWS-Ghana
2024-05-27,tomatoes,Aowin,Enchi Market (Aowin),4.66,GHS,WFP-GIEWS-Ghana
2024-06-03,tomatoes,Aowin,Enchi Market (Aowin),5.05,GHS,WFP-GIEWS-Ghana
2024-06-10,tomatoes,Aowin,Enchi Market (Aowin),5.22,GHS,WFP-GIEWS-Ghana
2024-06-17,tomatoes,Aowin,Enchi Market (Aowin),5.02,GHS,WFP-GIEWS-Ghana
2024-06-24,tomatoes,Aowin,Enchi Market (Aowin),5.35,GHS,WFP-GIEWS-Ghana
2024-07-01,tomatoes,Aowin,Enchi Market (Aowin),5.97,GHS,WFP-GIEWS-Ghana
2024-07-08,tomatoes,Aowin,Enchi Market (Aowin),6.07,GHS,WFP-GIEWS-Ghana
2024-07-15,tomatoes,Aowin,Enchi Market (Aowin),6.07,GHS,WFP-GIEWS-Ghana
2024-07-22,tomatoes,Aowin,Enchi Market (Aowin),6.1,GHS,WFP-GIEWS-Ghana
2024-07-29,tomatoes,Aowin,Enchi Market (Aowin),5.86,GHS,WFP-GIEWS-Ghana
2024-08-05,tomatoes,Aowin,Enchi Market (Aowin),6.5,GHS,WFP-GIEWS-Ghana
2024-08-12,tomatoes,Aowin,Enchi Market (Aowin),6.05,GHS,WFP-GIEWS-Ghana
2024-08-19,tomatoes,Aowin,Enchi Market (Aowin),5.55,GHS,WFP-GIEWS-Ghana
2024-08-26,tomatoes,Aowin,Enchi Market (Aowin),5.75,GHS,WFP-GIEWS-Ghana
2024-09-02,tomatoes,Aowin,Enchi Market (Aowin),5.01,GHS,WFP-GIEWS-Ghana
2024-09-09,tomatoes,Aowin,Enchi Market (Aowin),5.39,GHS,WFP-GIEWS-Ghana
2024-09-16,tomatoes,Aowin,Enchi Market (Aowin),5.36,GHS,WFP-GIEWS-Ghana
2024-09-23,tomatoes,Aowin,Enchi Market (Aowin),5.28,GHS,WFP-GIEWS-Ghana
2024-09-30,tomatoes,Aowin,Enchi Market (Aowin),5.82,GHS,WFP-GIEWS-Ghana
2024-10-07,tomatoes,Aowin,Enchi Market (Aowin),4.71,GHS,WFP-GIEWS-Ghana
2024-10-14,tomatoes,Aowin,Enchi Market (Aowin),4.74,GHS,WFP-GIEWS-Ghana
2024-10-21,tomatoes,Aowin,Enchi Market (Aowin),4.43,GHS,WFP-GIEWS-Ghana
2024-10-28,tomatoes,Aowin,Enchi Market (Aowin),4.42,GHS,WFP-GIEWS-Ghana
2024-11-04,tomatoes,Aowin,Enchi Market (Aowin),4.64,GHS,WFP-GIEWS-Ghana
2024-11-11,tomatoes,Aowin,Enchi Market (Aowin),4.67,GHS,WFP-GIEWS-Ghana
2024-11-18,tomatoes,Aowin,Enchi Market (Aowin),4.29,GHS,WFP-GIEWS-Ghana
2024-11-25,tomatoes,Aowin,Enchi Market (Aowin),4.6,GHS,WFP-GIEWS-Ghana
2024-12-02,tomatoes,Aowin,Enchi Market (Aowin),4.67,GHS,WFP-GIEWS-Ghana
2024-12-09,tomatoes,Aowin,Enchi Market (Aowin),4.63,GHS,WFP-GIEWS-Ghana
2024-12-16,tomatoes,Aowin,Enchi Market (Aowin),4.51,GHS,WFP-GIEWS-Ghana
2024-12-23,tomatoes,Aowin,Enchi Market (Aowin),4.56,GHS,WFP-GIEWS-Ghana
2024-12-30,tomatoes,Aowin,Enchi Market (Aowin),4.63,GHS,WFP-GIEWS-Ghana
2018-01-01,tomatoes,Bibiani,Bibiani Central Market,3.5,GHS,WFP-GIEWS-Ghana
2018-01-08,tomatoes,Bibiani,Bibiani Central Market,3.57,GHS,WFP-GIEWS-Ghana
2018-01-15,tomatoes,Bibiani,Bibiani Central Market,3.38,GHS,WFP-GIEWS-Ghana
2018-01-22,tomatoes,Bibiani,Bibiani Central Market,3.36,GHS,WFP-GIEWS-Ghana
2018-01-29,tomatoes,Bibiani,Bibiani Central Market,3.48,GHS,WFP-GIEWS-Ghana
2018-02-05,tomatoes,Bibiani,Bibiani Central Market,3.53,GHS,WFP-GIEWS-Ghana
2018-02-12,tomatoes,Bibiani,Bibiani Central Market,3.38,GHS,WFP-GIEWS-Ghana
2018-02-19,tomatoes,Bibiani,Bibiani Central Market,3.55,GHS,WFP-GIEWS-Ghana
2018-02-26,tomatoes,Bibiani,Bibiani Central Market,3.58,GHS,WFP-GIEWS-Ghana
2018-03-05,tomatoes,Bibiani,Bibiani Central Market,3.1,GHS,WFP-GIEWS-Ghana
2018-03-12,tomatoes,Bibiani,Bibiani Central Market,3.16,GHS,WFP-GIEWS-Ghana
2018-03-19,tomatoes,Bibiani,Bibiani Central Market,2.85,GHS,WFP-GIEWS-Ghana
2018-03-26,tomatoes,Bibiani,Bibiani Central Market,2.95,GHS,WFP-GIEWS-Ghana
2018-04-02,tomatoes,Bibiani,Bibiani Central Market,2.97,GHS,WFP-GIEWS-Ghana
2018-04-09,tomatoes,Bibiani,Bibiani Central Market,2.96,GHS,WFP-GIEWS-Ghana
2018-04-16,tomatoes,Bibiani,Bibiani Central Market,2.89,GHS,WFP-GIEWS-Ghana
2018-04-23,tomatoes,Bibiani,Bibiani Central Market,2.79,GHS,WFP-GIEWS-Ghana
2018-04-30,tomatoes,Bibiani,Bibiani Central Market,2.98,GHS,WFP-GIEWS-Ghana
2018-05-07,tomatoes,Bibiani,Bibiani Central Market,2.9,GHS,WFP-GIEWS-Ghana
2018-05-14,tomatoes,Bibiani,Bibiani Central Market,3.0,GHS,WFP-GIEWS-Ghana
2018-05-21,tomatoes,Bibiani,Bibiani Central Market,2.89,GHS,WFP-GIEWS-Ghana
2018-05-28,tomatoes,Bibiani,Bibiani Central Market,2.86,GHS,WFP-GIEWS-Ghana
2018-06-04,tomatoes,Bibiani,Bibiani Central Market,3.3,GHS,WFP-GIEWS-Ghana
2018-06-11,tomatoes,Bibiani,Bibiani Central Market,3.29,GHS,WFP-GIEWS-Ghana
2018-06-18,tomatoes,Bibiani,Bibiani Central Market,3.34,GHS,WFP-GIEWS-Ghana
2018-06-25,tomatoes,Bibiani,Bibiani Central Market,3.55,GHS,WFP-GIEWS-Ghana
2018-07-02,tomatoes,Bibiani,Bibiani Central Market,3.73,GHS,WFP-GIEWS-Ghana
2018-07-09,tomatoes,Bibiani,Bibiani Central Market,3.76,GHS,WFP-GIEWS-Ghana
2018-07-16,tomatoes,Bibiani,Bibiani Central Market,3.53,GHS,WFP-GIEWS-Ghana
2018-07-23,tomatoes,Bibiani,Bibiani Central Market,3.5,GHS,WFP-GIEWS-Ghana
2018-07-30,tomatoes,Bibiani,Bibiani Central Market,3.92,GHS,WFP-GIEWS-Ghana
2018-08-06,tomatoes,Bibiani,Bibiani Central Market,3.57,GHS,WFP-GIEWS-Ghana
2018-08-13,tomatoes,Bibiani,Bibiani Central Market,3.55,GHS,WFP-GIEWS-Ghana
2018-08-20,tomatoes,Bibiani,Bibiani Central Market,3.7,GHS,WFP-GIEWS-Ghana
2018-08-27,tomatoes,Bibiani,Bibiani Central Market,3.7,GHS,WFP-GIEWS-Ghana
2018-09-03,tomatoes,Bibiani,Bibiani Central Market,3.21,GHS,WFP-GIEWS-Ghana
2018-09-10,tomatoes,Bibiani,Bibiani Central Market,3.29,GHS,WFP-GIEWS-Ghana
2018-09-17,tomatoes,Bibiani,Bibiani Central Market,3.5,GHS,WFP-GIEWS-Ghana
2018-09-24,tomatoes,Bibiani,Bibiani Central Market,3.23,GHS,WFP-GIEWS-Ghana
2018-10-01,tomatoes,Bibiani,Bibiani Central Market,2.69,GHS,WFP-GIEWS-Ghana
2018-10-08,tomatoes,Bibiani,Bibiani Central Market,2.96,GHS,WFP-GIEWS-Ghana
2018-10-15,tomatoes,Bibiani,Bibiani Central Market,2.91,GHS,WFP-GIEWS-Ghana
2018-10-22,tomatoes,Bibiani,Bibiani Central Market,2.78,GHS,WFP-GIEWS-Ghana
2018-10-29,tomatoes,Bibiani,Bibiani Central Market,2.67,GHS,WFP-GIEWS-Ghana
2018-11-05,tomatoes,Bibiani,Bibiani Central Market,2.78,GHS,WFP-GIEWS-Ghana
2018-11-12,tomatoes,Bibiani,Bibiani Central Market,2.86,GHS,WFP-GIEWS-Ghana
2018-11-19,tomatoes,Bibiani,Bibiani Central Market,3.0,GHS,WFP-GIEWS-Ghana
2018-11-26,tomatoes,Bibiani,Bibiani Central Market,2.75,GHS,WFP-GIEWS-Ghana
2018-12-03,tomatoes,Bibiani,Bibiani Central Market,2.88,GHS,WFP-GIEWS-Ghana
2018-12-10,tomatoes,Bibiani,Bibiani Central Market,2.97,GHS,WFP-GIEWS-Ghana
2018-12-17,tomatoes,Bibiani,Bibiani Central Market,2.61,GHS,WFP-GIEWS-Ghana
2018-12-24,tomatoes,Bibiani,Bibiani Central Market,3.01,GHS,WFP-GIEWS-Ghana
2018-12-31,tomatoes,Bibiani,Bibiani Central Market,2.75,GHS,WFP-GIEWS-Ghana
2019-01-07,tomatoes,Bibiani,Bibiani Central Market,3.74,GHS,WFP-GIEWS-Ghana
2019-01-14,tomatoes,Bibiani,Bibiani Central Market,3.73,GHS,WFP-GIEWS-Ghana
2019-01-21,tomatoes,Bibiani,Bibiani Central Market,3.85,GHS,WFP-GIEWS-Ghana
2019-01-28,tomatoes,Bibiani,Bibiani Central Market,3.77,GHS,WFP-GIEWS-Ghana
2019-02-04,tomatoes,Bibiani,Bibiani Central Market,3.36,GHS,WFP-GIEWS-Ghana
2019-02-11,tomatoes,Bibiani,Bibiani Central Market,3.6,GHS,WFP-GIEWS-Ghana
2019-02-18,tomatoes,Bibiani,Bibiani Central Market,3.74,GHS,WFP-GIEWS-Ghana
2019-02-25,tomatoes,Bibiani,Bibiani Central Market,3.69,GHS,WFP-GIEWS-Ghana
2019-03-04,tomatoes,Bibiani,Bibiani Central Market,3.25,GHS,WFP-GIEWS-Ghana
2019-03-11,tomatoes,Bibiani,Bibiani Central Market,3.29,GHS,WFP-GIEWS-Ghana
2019-03-18,tomatoes,Bibiani,Bibiani Central Market,3.26,GHS,WFP-GIEWS-Ghana
2019-03-25,tomatoes,Bibiani,Bibiani Central Market,3.16,GHS,WFP-GIEWS-Ghana
2019-04-01,tomatoes,Bibiani,Bibiani Central Market,2.97,GHS,WFP-GIEWS-Ghana
2019-04-08,tomatoes,Bibiani,Bibiani Central Market,3.15,GHS,WFP-GIEWS-Ghana
2019-04-15,tomatoes,Bibiani,Bibiani Central Market,3.26,GHS,WFP-GIEWS-Ghana
2019-04-22,tomatoes,Bibiani,Bibiani Central Market,3.07,GHS,WFP-GIEWS-Ghana
2019-04-29,tomatoes,Bibiani,Bibiani Central Market,3.29,GHS,WFP-GIEWS-Ghana
2019-05-06,tomatoes,Bibiani,Bibiani Central Market,3.34,GHS,WFP-GIEWS-Ghana
2019-05-13,tomatoes,Bibiani,Bibiani Central Market,3.24,GHS,WFP-GIEWS-Ghana
2019-05-20,tomatoes,Bibiani,Bibiani Central Market,2.83,GHS,WFP-GIEWS-Ghana
2019-05-27,tomatoes,Bibiani,Bibiani Central Market,3.06,GHS,WFP-GIEWS-Ghana
2019-06-03,tomatoes,Bibiani,Bibiani Central Market,3.8,GHS,WFP-GIEWS-Ghana
2019-06-10,tomatoes,Bibiani,Bibiani Central Market,3.45,GHS,WFP-GIEWS-Ghana
2019-06-17,tomatoes,Bibiani,Bibiani Central Market,3.25,GHS,WFP-GIEWS-Ghana
2019-06-24,tomatoes,Bibiani,Bibiani Central Market,3.71,GHS,WFP-GIEWS-Ghana
2019-07-01,tomatoes,Bibiani,Bibiani Central Market,3.98,GHS,WFP-GIEWS-Ghana
2019-07-08,tomatoes,Bibiani,Bibiani Central Market,4.16,GHS,WFP-GIEWS-Ghana
2019-07-15,tomatoes,Bibiani,Bibiani Central Market,4.02,GHS,WFP-GIEWS-Ghana
2019-07-22,tomatoes,Bibiani,Bibiani Central Market,4.05,GHS,WFP-GIEWS-Ghana
2019-07-29,tomatoes,Bibiani,Bibiani Central Market,4.04,GHS,WFP-GIEWS-Ghana
2019-08-05,tomatoes,Bibiani,Bibiani Central Market,4.12,GHS,WFP-GIEWS-Ghana
2019-08-12,tomatoes,Bibiani,Bibiani Central Market,4.37,GHS,WFP-GIEWS-Ghana
2019-08-19,tomatoes,Bibiani,Bibiani Central Market,4.16,GHS,WFP-GIEWS-Ghana
2019-08-26,tomatoes,Bibiani,Bibiani Central Market,3.75,GHS,WFP-GIEWS-Ghana
2019-09-02,tomatoes,Bibiani,Bibiani Central Market,3.66,GHS,WFP-GIEWS-Ghana
2019-09-09,tomatoes,Bibiani,Bibiani Central Market,3.76,GHS,WFP-GIEWS-Ghana
2019-09-16,tomatoes,Bibiani,Bibiani Central Market,3.77,GHS,WFP-GIEWS-Ghana
2019-09-23,tomatoes,Bibiani,Bibiani Central Market,3.54,GHS,WFP-GIEWS-Ghana
2019-09-30,tomatoes,Bibiani,Bibiani Central Market,3.77,GHS,WFP-GIEWS-Ghana
2019-10-07,tomatoes,Bibiani,Bibiani Central Market,3.19,GHS,WFP-GIEWS-Ghana
2019-10-14,tomatoes,Bibiani,Bibiani Central Market,3.4,GHS,WFP-GIEWS-Ghana
2019-10-21,tomatoes,Bibiani,Bibiani Central Market,2.99,GHS,WFP-GIEWS-Ghana
2019-10-28,tomatoes,Bibiani,Bibiani Central Market,3.02,GHS,WFP-GIEWS-Ghana
2019-11-04,tomatoes,Bibiani,Bibiani Central Market,3.06,GHS,WFP-GIEWS-Ghana
2019-11-11,tomatoes,Bibiani,Bibiani Central Market,3.04,GHS,WFP-GIEWS-Ghana
2019-11-18,tomatoes,Bibiani,Bibiani Central Market,2.99,GHS,WFP-GIEWS-Ghana
2019-11-25,tomatoes,Bibiani,Bibiani Central Market,2.76,GHS,WFP-GIEWS-Ghana
2019-12-02,tomatoes,Bibiani,Bibiani Central Market,3.06,GHS,WFP-GIEWS-Ghana
2019-12-09,tomatoes,Bibiani,Bibiani Central Market,3.16,GHS,WFP-GIEWS-Ghana
2019-12-16,tomatoes,Bibiani,Bibiani Central Market,3.06,GHS,WFP-GIEWS-Ghana
2019-12-23,tomatoes,Bibiani,Bibiani Central Market,3.36,GHS,WFP-GIEWS-Ghana
2019-12-30,tomatoes,Bibiani,Bibiani Central Market,3.12,GHS,WFP-GIEWS-Ghana
2020-01-06,tomatoes,Bibiani,Bibiani Central Market,4.19,GHS,WFP-GIEWS-Ghana
2020-01-13,tomatoes,Bibiani,Bibiani Central Market,4.03,GHS,WFP-GIEWS-Ghana
2020-01-20,tomatoes,Bibiani,Bibiani Central Market,4.12,GHS,WFP-GIEWS-Ghana
2020-01-27,tomatoes,Bibiani,Bibiani Central Market,4.03,GHS,WFP-GIEWS-Ghana
2020-02-03,tomatoes,Bibiani,Bibiani Central Market,4.23,GHS,WFP-GIEWS-Ghana
2020-02-10,tomatoes,Bibiani,Bibiani Central Market,4.02,GHS,WFP-GIEWS-Ghana
2020-02-17,tomatoes,Bibiani,Bibiani Central Market,4.09,GHS,WFP-GIEWS-Ghana
2020-02-24,tomatoes,Bibiani,Bibiani Central Market,4.07,GHS,WFP-GIEWS-Ghana
2020-03-02,tomatoes,Bibiani,Bibiani Central Market,3.4,GHS,WFP-GIEWS-Ghana
2020-03-09,tomatoes,Bibiani,Bibiani Central Market,3.5,GHS,WFP-GIEWS-Ghana
2020-03-16,tomatoes,Bibiani,Bibiani Central Market,3.75,GHS,WFP-GIEWS-Ghana
2020-03-23,tomatoes,Bibiani,Bibiani Central Market,3.4,GHS,WFP-GIEWS-Ghana
2020-03-30,tomatoes,Bibiani,Bibiani Central Market,3.5,GHS,WFP-GIEWS-Ghana
2020-04-06,tomatoes,Bibiani,Bibiani Central Market,3.64,GHS,WFP-GIEWS-Ghana
2020-04-13,tomatoes,Bibiani,Bibiani Central Market,3.62,GHS,WFP-GIEWS-Ghana
2020-04-20,tomatoes,Bibiani,Bibiani Central Market,3.46,GHS,WFP-GIEWS-Ghana
2020-04-27,tomatoes,Bibiani,Bibiani Central Market,3.13,GHS,WFP-GIEWS-Ghana
2020-05-04,tomatoes,Bibiani,Bibiani Central Market,3.56,GHS,WFP-GIEWS-Ghana
2020-05-11,tomatoes,Bibiani,Bibiani Central Market,3.18,GHS,WFP-GIEWS-Ghana
2020-05-18,tomatoes,Bibiani,Bibiani Central Market,3.69,GHS,WFP-GIEWS-Ghana
2020-05-25,tomatoes,Bibiani,Bibiani Central Market,3.51,GHS,WFP-GIEWS-Ghana
2020-06-01,tomatoes,Bibiani,Bibiani Central Market,3.97,GHS,WFP-GIEWS-Ghana
2020-06-08,tomatoes,Bibiani,Bibiani Central Market,3.68,GHS,WFP-GIEWS-Ghana
2020-06-15,tomatoes,Bibiani,Bibiani Central Market,3.58,GHS,WFP-GIEWS-Ghana
2020-06-22,tomatoes,Bibiani,Bibiani Central Market,3.85,GHS,WFP-GIEWS-Ghana
2020-06-29,tomatoes,Bibiani,Bibiani Central Market,3.81,GHS,WFP-GIEWS-Ghana
2020-07-06,tomatoes,Bibiani,Bibiani Central Market,4.21,GHS,WFP-GIEWS-Ghana
2020-07-13,tomatoes,Bibiani,Bibiani Central Market,4.31,GHS,WFP-GIEWS-Ghana
2020-07-20,tomatoes,Bibiani,Bibiani Central Market,4.77,GHS,WFP-GIEWS-Ghana
2020-07-27,tomatoes,Bibiani,Bibiani Central Market,4.44,GHS,WFP-GIEWS-Ghana
2020-08-03,tomatoes,Bibiani,Bibiani Central Market,4.51,GHS,WFP-GIEWS-Ghana
2020-08-10,tomatoes,Bibiani,Bibiani Central Market,4.47,GHS,WFP-GIEWS-Ghana
2020-08-17,tomatoes,Bibiani,Bibiani Central Market,4.58,GHS,WFP-GIEWS-Ghana
2020-08-24,tomatoes,Bibiani,Bibiani Central Market,4.29,GHS,WFP-GIEWS-Ghana
2020-08-31,tomatoes,Bibiani,Bibiani Central Market,3.97,GHS,WFP-GIEWS-Ghana
2020-09-07,tomatoes,Bibiani,Bibiani Central Market,3.86,GHS,WFP-GIEWS-Ghana
2020-09-14,tomatoes,Bibiani,Bibiani Central Market,4.01,GHS,WFP-GIEWS-Ghana
2020-09-21,tomatoes,Bibiani,Bibiani Central Market,3.74,GHS,WFP-GIEWS-Ghana
2020-09-28,tomatoes,Bibiani,Bibiani Central Market,3.86,GHS,WFP-GIEWS-Ghana
2020-10-05,tomatoes,Bibiani,Bibiani Central Market,3.23,GHS,WFP-GIEWS-Ghana
2020-10-12,tomatoes,Bibiani,Bibiani Central Market,3.53,GHS,WFP-GIEWS-Ghana
2020-10-19,tomatoes,Bibiani,Bibiani Central Market,3.43,GHS,WFP-GIEWS-Ghana
2020-10-26,tomatoes,Bibiani,Bibiani Central Market,3.41,GHS,WFP-GIEWS-Ghana
2020-11-02,tomatoes,Bibiani,Bibiani Central Market,3.43,GHS,WFP-GIEWS-Ghana
2020-11-09,tomatoes,Bibiani,Bibiani Central Market,3.34,GHS,WFP-GIEWS-Ghana
2020-11-16,tomatoes,Bibiani,Bibiani Central Market,3.37,GHS,WFP-GIEWS-Ghana
2020-11-23,tomatoes,Bibiani,Bibiani Central Market,3.19,GHS,WFP-GIEWS-Ghana
2020-11-30,tomatoes,Bibiani,Bibiani Central Market,3.05,GHS,WFP-GIEWS-Ghana
2020-12-07,tomatoes,Bibiani,Bibiani Central Market,3.39,GHS,WFP-GIEWS-Ghana
2020-12-14,tomatoes,Bibiani,Bibiani Central Market,3.41,GHS,WFP-GIEWS-Ghana
2020-12-21,tomatoes,Bibiani,Bibiani Central Market,3.53,GHS,WFP-GIEWS-Ghana
2020-12-28,tomatoes,Bibiani,Bibiani Central Market,3.58,GHS,WFP-GIEWS-Ghana
2021-01-04,tomatoes,Bibiani,Bibiani Central Market,4.58,GHS,WFP-GIEWS-Ghana
2021-01-11,tomatoes,Bibiani,Bibiani Central Market,4.14,GHS,WFP-GIEWS-Ghana
2021-01-18,tomatoes,Bibiani,Bibiani Central Market,4.25,GHS,WFP-GIEWS-Ghana
2021-01-25,tomatoes,Bibiani,Bibiani Central Market,4.39,GHS,WFP-GIEWS-Ghana
2021-02-01,tomatoes,Bibiani,Bibiani Central Market,4.77,GHS,WFP-GIEWS-Ghana
2021-02-08,tomatoes,Bibiani,Bibiani Central Market,4.59,GHS,WFP-GIEWS-Ghana
2021-02-15,tomatoes,Bibiani,Bibiani Central Market,4.53,GHS,WFP-GIEWS-Ghana
2021-02-22,tomatoes,Bibiani,Bibiani Central Market,4.27,GHS,WFP-GIEWS-Ghana
2021-03-01,tomatoes,Bibiani,Bibiani Central Market,3.59,GHS,WFP-GIEWS-Ghana
2021-03-08,tomatoes,Bibiani,Bibiani Central Market,3.83,GHS,WFP-GIEWS-Ghana
2021-03-15,tomatoes,Bibiani,Bibiani Central Market,3.55,GHS,WFP-GIEWS-Ghana
2021-03-22,tomatoes,Bibiani,Bibiani Central Market,3.68,GHS,WFP-GIEWS-Ghana
2021-03-29,tomatoes,Bibiani,Bibiani Central Market,3.7,GHS,WFP-GIEWS-Ghana
2021-04-05,tomatoes,Bibiani,Bibiani Central Market,3.98,GHS,WFP-GIEWS-Ghana
2021-04-12,tomatoes,Bibiani,Bibiani Central Market,3.69,GHS,WFP-GIEWS-Ghana
2021-04-19,tomatoes,Bibiani,Bibiani Central Market,3.38,GHS,WFP-GIEWS-Ghana
2021-04-26,tomatoes,Bibiani,Bibiani Central Market,3.82,GHS,WFP-GIEWS-Ghana
2021-05-03,tomatoes,Bibiani,Bibiani Central Market,3.66,GHS,WFP-GIEWS-Ghana
2021-05-10,tomatoes,Bibiani,Bibiani Central Market,3.77,GHS,WFP-GIEWS-Ghana
2021-05-17,tomatoes,Bibiani,Bibiani Central Market,3.75,GHS,WFP-GIEWS-Ghana
2021-05-24,tomatoes,Bibiani,Bibiani Central Market,3.72,GHS,WFP-GIEWS-Ghana
2021-05-31,tomatoes,Bibiani,Bibiani Central Market,3.88,GHS,WFP-GIEWS-Ghana
2021-06-07,tomatoes,Bibiani,Bibiani Central Market,3.87,GHS,WFP-GIEWS-Ghana
2021-06-14,tomatoes,Bibiani,Bibiani Central Market,4.03,GHS,WFP-GIEWS-Ghana
2021-06-21,tomatoes,Bibiani,Bibiani Central Market,4.23,GHS,WFP-GIEWS-Ghana
2021-06-28,tomatoes,Bibiani,Bibiani Central Market,4.02,GHS,WFP-GIEWS-Ghana
2021-07-05,tomatoes,Bibiani,Bibiani Central Market,4.34,GHS,WFP-GIEWS-Ghana
2021-07-12,tomatoes,Bibiani,Bibiani Central Market,4.77,GHS,WFP-GIEWS-Ghana
2021-07-19,tomatoes,Bibiani,Bibiani Central Market,4.85,GHS,WFP-GIEWS-Ghana
2021-07-26,tomatoes,Bibiani,Bibiani Central Market,4.63,GHS,WFP-GIEWS-Ghana
2021-08-02,tomatoes,Bibiani,Bibiani Central Market,4.31,GHS,WFP-GIEWS-Ghana
2021-08-09,tomatoes,Bibiani,Bibiani Central Market,4.8,GHS,WFP-GIEWS-Ghana
2021-08-16,tomatoes,Bibiani,Bibiani Central Market,4.36,GHS,WFP-GIEWS-Ghana
2021-08-23,tomatoes,Bibiani,Bibiani Central Market,4.73,GHS,WFP-GIEWS-Ghana
2021-08-30,tomatoes,Bibiani,Bibiani Central Market,4.51,GHS,WFP-GIEWS-Ghana
2021-09-06,tomatoes,Bibiani,Bibiani Central Market,4.0,GHS,WFP-GIEWS-Ghana
2021-09-13,tomatoes,Bibiani,Bibiani Central Market,4.12,GHS,WFP-GIEWS-Ghana
2021-09-20,tomatoes,Bibiani,Bibiani Central Market,4.17,GHS,WFP-GIEWS-Ghana
2021-09-27,tomatoes,Bibiani,Bibiani Central Market,4.09,GHS,WFP-GIEWS-Ghana
2021-10-04,tomatoes,Bibiani,Bibiani Central Market,3.68,GHS,WFP-GIEWS-Ghana
2021-10-11,tomatoes,Bibiani,Bibiani Central Market,3.53,GHS,WFP-GIEWS-Ghana
2021-10-18,tomatoes,Bibiani,Bibiani Central Market,3.73,GHS,WFP-GIEWS-Ghana
2021-10-25,tomatoes,Bibiani,Bibiani Central Market,3.63,GHS,WFP-GIEWS-Ghana
2021-11-01,tomatoes,Bibiani,Bibiani Central Market,3.51,GHS,WFP-GIEWS-Ghana
2021-11-08,tomatoes,Bibiani,Bibiani Central Market,3.49,GHS,WFP-GIEWS-Ghana
2021-11-15,tomatoes,Bibiani,Bibiani Central Market,3.38,GHS,WFP-GIEWS-Ghana
2021-11-22,tomatoes,Bibiani,Bibiani Central Market,3.66,GHS,WFP-GIEWS-Ghana
2021-11-29,tomatoes,Bibiani,Bibiani Central Market,3.56,GHS,WFP-GIEWS-Ghana
2021-12-06,tomatoes,Bibiani,Bibiani Central Market,3.29,GHS,WFP-GIEWS-Ghana
2021-12-13,tomatoes,Bibiani,Bibiani Central Market,3.56,GHS,WFP-GIEWS-Ghana
2021-12-20,tomatoes,Bibiani,Bibiani Central Market,3.51,GHS,WFP-GIEWS-Ghana
2021-12-27,tomatoes,Bibiani,Bibiani Central Market,3.87,GHS,WFP-GIEWS-Ghana
2022-01-03,tomatoes,Bibiani,Bibiani Central Market,4.34,GHS,WFP-GIEWS-Ghana
2022-01-10,tomatoes,Bibiani,Bibiani Central Market,4.38,GHS,WFP-GIEWS-Ghana
2022-01-17,tomatoes,Bibiani,Bibiani Central Market,4.86,GHS,WFP-GIEWS-Ghana
2022-01-24,tomatoes,Bibiani,Bibiani Central Market,4.9,GHS,WFP-GIEWS-Ghana
2022-01-31,tomatoes,Bibiani,Bibiani Central Market,4.51,GHS,WFP-GIEWS-Ghana
2022-02-07,tomatoes,Bibiani,Bibiani Central Market,4.56,GHS,WFP-GIEWS-Ghana
2022-02-14,tomatoes,Bibiani,Bibiani Central Market,4.8,GHS,WFP-GIEWS-Ghana
2022-02-21,tomatoes,Bibiani,Bibiani Central Market,4.25,GHS,WFP-GIEWS-Ghana
2022-02-28,tomatoes,Bibiani,Bibiani Central Market,4.33,GHS,WFP-GIEWS-Ghana
2022-03-07,tomatoes,Bibiani,Bibiani Central Market,3.97,GHS,WFP-GIEWS-Ghana
2022-03-14,tomatoes,Bibiani,Bibiani Central Market,4.26,GHS,WFP-GIEWS-Ghana
2022-03-21,tomatoes,Bibiani,Bibiani Central Market,3.94,GHS,WFP-GIEWS-Ghana
2022-03-28,tomatoes,Bibiani,Bibiani Central Market,4.03,GHS,WFP-GIEWS-Ghana
2022-04-04,tomatoes,Bibiani,Bibiani Central Market,4.22,GHS,WFP-GIEWS-Ghana
2022-04-11,tomatoes,Bibiani,Bibiani Central Market,4.38,GHS,WFP-GIEWS-Ghana
2022-04-18,tomatoes,Bibiani,Bibiani Central Market,3.95,GHS,WFP-GIEWS-Ghana
2022-04-25,tomatoes,Bibiani,Bibiani Central Market,4.04,GHS,WFP-GIEWS-Ghana
2022-05-02,tomatoes,Bibiani,Bibiani Central Market,4.36,GHS,WFP-GIEWS-Ghana
2022-05-09,tomatoes,Bibiani,Bibiani Central Market,3.82,GHS,WFP-GIEWS-Ghana
2022-05-16,tomatoes,Bibiani,Bibiani Central Market,4.23,GHS,WFP-GIEWS-Ghana
2022-05-23,tomatoes,Bibiani,Bibiani Central Market,3.9,GHS,WFP-GIEWS-Ghana
2022-05-30,tomatoes,Bibiani,Bibiani Central Market,4.08,GHS,WFP-GIEWS-Ghana
2022-06-06,tomatoes,Bibiani,Bibiani Central Market,4.4,GHS,WFP-GIEWS-Ghana
2022-06-13,tomatoes,Bibiani,Bibiani Central Market,4.28,GHS,WFP-GIEWS-Ghana
2022-06-20,tomatoes,Bibiani,Bibiani Central Market,4.27,GHS,WFP-GIEWS-Ghana
2022-06-27,tomatoes,Bibiani,Bibiani Central Market,4.5,GHS,WFP-GIEWS-Ghana
2022-07-04,tomatoes,Bibiani,Bibiani Central Market,5.21,GHS,WFP-GIEWS-Ghana
2022-07-11,tomatoes,Bibiani,Bibiani Central Market,4.99,GHS,WFP-GIEWS-Ghana
2022-07-18,tomatoes,Bibiani,Bibiani Central Market,5.03,GHS,WFP-GIEWS-Ghana
2022-07-25,tomatoes,Bibiani,Bibiani Central Market,5.13,GHS,WFP-GIEWS-Ghana
2022-08-01,tomatoes,Bibiani,Bibiani Central Market,4.85,GHS,WFP-GIEWS-Ghana
2022-08-08,tomatoes,Bibiani,Bibiani Central Market,5.19,GHS,WFP-GIEWS-Ghana
2022-08-15,tomatoes,Bibiani,Bibiani Central Market,5.21,GHS,WFP-GIEWS-Ghana
2022-08-22,tomatoes,Bibiani,Bibiani Central Market,5.57,GHS,WFP-GIEWS-Ghana
2022-08-29,tomatoes,Bibiani,Bibiani Central Market,4.97,GHS,WFP-GIEWS-Ghana
2022-09-05,tomatoes,Bibiani,Bibiani Central Market,4.45,GHS,WFP-GIEWS-Ghana
2022-09-12,tomatoes,Bibiani,Bibiani Central Market,4.67,GHS,WFP-GIEWS-Ghana
2022-09-19,tomatoes,Bibiani,Bibiani Central Market,4.68,GHS,WFP-GIEWS-Ghana
2022-09-26,tomatoes,Bibiani,Bibiani Central Market,4.44,GHS,WFP-GIEWS-Ghana
2022-10-03,tomatoes,Bibiani,Bibiani Central Market,3.82,GHS,WFP-GIEWS-Ghana
2022-10-10,tomatoes,Bibiani,Bibiani Central Market,3.96,GHS,WFP-GIEWS-Ghana
2022-10-17,tomatoes,Bibiani,Bibiani Central Market,3.75,GHS,WFP-GIEWS-Ghana
2022-10-24,tomatoes,Bibiani,Bibiani Central Market,3.82,GHS,WFP-GIEWS-Ghana
2022-10-31,tomatoes,Bibiani,Bibiani Central Market,3.89,GHS,WFP-GIEWS-Ghana
2022-11-07,tomatoes,Bibiani,Bibiani Central Market,4.06,GHS,WFP-GIEWS-Ghana
2022-11-14,tomatoes,Bibiani,Bibiani Central Market,3.81,GHS,WFP-GIEWS-Ghana
2022-11-21,tomatoes,Bibiani,Bibiani Central Market,3.62,GHS,WFP-GIEWS-Ghana
2022-11-28,tomatoes,Bibiani,Bibiani Central Market,3.6,GHS,WFP-GIEWS-Ghana
2022-12-05,tomatoes,Bibiani,Bibiani Central Market,3.73,GHS,WFP-GIEWS-Ghana
2022-12-12,tomatoes,Bibiani,Bibiani Central Market,3.72,GHS,WFP-GIEWS-Ghana
2022-12-19,tomatoes,Bibiani,Bibiani Central Market,3.9,GHS,WFP-GIEWS-Ghana
2022-12-26,tomatoes,Bibiani,Bibiani Central Market,3.74,GHS,WFP-GIEWS-Ghana
2023-01-02,tomatoes,Bibiani,Bibiani Central Market,4.88,GHS,WFP-GIEWS-Ghana
2023-01-09,tomatoes,Bibiani,Bibiani Central Market,4.87,GHS,WFP-GIEWS-Ghana
2023-01-16,tomatoes,Bibiani,Bibiani Central Market,4.94,GHS,WFP-GIEWS-Ghana
2023-01-23,tomatoes,Bibiani,Bibiani Central Market,5.29,GHS,WFP-GIEWS-Ghana
2023-01-30,tomatoes,Bibiani,Bibiani Central Market,5.16,GHS,WFP-GIEWS-Ghana
2023-02-06,tomatoes,Bibiani,Bibiani Central Market,5.06,GHS,WFP-GIEWS-Ghana
2023-02-13,tomatoes,Bibiani,Bibiani Central Market,4.96,GHS,WFP-GIEWS-Ghana
2023-02-20,tomatoes,Bibiani,Bibiani Central Market,4.97,GHS,WFP-GIEWS-Ghana
2023-02-27,tomatoes,Bibiani,Bibiani Central Market,5.12,GHS,WFP-GIEWS-Ghana
2023-03-06,tomatoes,Bibiani,Bibiani Central Market,4.44,GHS,WFP-GIEWS-Ghana
2023-03-13,tomatoes,Bibiani,Bibiani Central Market,4.18,GHS,WFP-GIEWS-Ghana
2023-03-20,tomatoes,Bibiani,Bibiani Central Market,4.34,GHS,WFP-GIEWS-Ghana
2023-03-27,tomatoes,Bibiani,Bibiani Central Market,3.98,GHS,WFP-GIEWS-Ghana
2023-04-03,tomatoes,Bibiani,Bibiani Central Market,4.4,GHS,WFP-GIEWS-Ghana
2023-04-10,tomatoes,Bibiani,Bibiani Central Market,4.5,GHS,WFP-GIEWS-Ghana
2023-04-17,tomatoes,Bibiani,Bibiani Central Market,4.31,GHS,WFP-GIEWS-Ghana
2023-04-24,tomatoes,Bibiani,Bibiani Central Market,4.68,GHS,WFP-GIEWS-Ghana
2023-05-01,tomatoes,Bibiani,Bibiani Central Market,4.24,GHS,WFP-GIEWS-Ghana
2023-05-08,tomatoes,Bibiani,Bibiani Central Market,4.43,GHS,WFP-GIEWS-Ghana
2023-05-15,tomatoes,Bibiani,Bibiani Central Market,4.38,GHS,WFP-GIEWS-Ghana
2023-05-22,tomatoes,Bibiani,Bibiani Central Market,4.37,GHS,WFP-GIEWS-Ghana
2023-05-29,tomatoes,Bibiani,Bibiani Central Market,4.37,GHS,WFP-GIEWS-Ghana
2023-06-05,tomatoes,Bibiani,Bibiani Central Market,4.82,GHS,WFP-GIEWS-Ghana
2023-06-12,tomatoes,Bibiani,Bibiani Central Market,4.97,GHS,WFP-GIEWS-Ghana
2023-06-19,tomatoes,Bibiani,Bibiani Central Market,5.07,GHS,WFP-GIEWS-Ghana
2023-06-26,tomatoes,Bibiani,Bibiani Central Market,4.8,GHS,WFP-GIEWS-Ghana
2023-07-03,tomatoes,Bibiani,Bibiani Central Market,5.59,GHS,WFP-GIEWS-Ghana
2023-07-10,tomatoes,Bibiani,Bibiani Central Market,5.26,GHS,WFP-GIEWS-Ghana
2023-07-17,tomatoes,Bibiani,Bibiani Central Market,5.58,GHS,WFP-GIEWS-Ghana
2023-07-24,tomatoes,Bibiani,Bibiani Central Market,5.25,GHS,WFP-GIEWS-Ghana
2023-07-31,tomatoes,Bibiani,Bibiani Central Market,5.65,GHS,WFP-GIEWS-Ghana
2023-08-07,tomatoes,Bibiani,Bibiani Central Market,5.93,GHS,WFP-GIEWS-Ghana
2023-08-14,tomatoes,Bibiani,Bibiani Central Market,5.42,GHS,WFP-GIEWS-Ghana
2023-08-21,tomatoes,Bibiani,Bibiani Central Market,4.97,GHS,WFP-GIEWS-Ghana
2023-08-28,tomatoes,Bibiani,Bibiani Central Market,5.33,GHS,WFP-GIEWS-Ghana
2023-09-04,tomatoes,Bibiani,Bibiani Central Market,5.14,GHS,WFP-GIEWS-Ghana
2023-09-11,tomatoes,Bibiani,Bibiani Central Market,5.01,GHS,WFP-GIEWS-Ghana
2023-09-18,tomatoes,Bibiani,Bibiani Central Market,4.95,GHS,WFP-GIEWS-Ghana
2023-09-25,tomatoes,Bibiani,Bibiani Central Market,5.09,GHS,WFP-GIEWS-Ghana
2023-10-02,tomatoes,Bibiani,Bibiani Central Market,4.27,GHS,WFP-GIEWS-Ghana
2023-10-09,tomatoes,Bibiani,Bibiani Central Market,4.39,GHS,WFP-GIEWS-Ghana
2023-10-16,tomatoes,Bibiani,Bibiani Central Market,4.34,GHS,WFP-GIEWS-Ghana
2023-10-23,tomatoes,Bibiani,Bibiani Central Market,4.44,GHS,WFP-GIEWS-Ghana
2023-10-30,tomatoes,Bibiani,Bibiani Central Market,4.25,GHS,WFP-GIEWS-Ghana
2023-11-06,tomatoes,Bibiani,Bibiani Central Market,4.37,GHS,WFP-GIEWS-Ghana
2023-11-13,tomatoes,Bibiani,Bibiani Central Market,4.16,GHS,WFP-GIEWS-Ghana
2023-11-20,tomatoes,Bibiani,Bibiani Central Market,4.11,GHS,WFP-GIEWS-Ghana
2023-11-27,tomatoes,Bibiani,Bibiani Central Market,4.5,GHS,WFP-GIEWS-Ghana
2023-12-04,tomatoes,Bibiani,Bibiani Central Market,4.28,GHS,WFP-GIEWS-Ghana
2023-12-11,tomatoes,Bibiani,Bibiani Central Market,4.38,GHS,WFP-GIEWS-Ghana
2023-12-18,tomatoes,Bibiani,Bibiani Central Market,4.26,GHS,WFP-GIEWS-Ghana
2023-12-25,tomatoes,Bibiani,Bibiani Central Market,4.14,GHS,WFP-GIEWS-Ghana
2024-01-01,tomatoes,Bibiani,Bibiani Central Market,5.43,GHS,WFP-GIEWS-Ghana
2024-01-08,tomatoes,Bibiani,Bibiani Central Market,5.74,GHS,WFP-GIEWS-Ghana
2024-01-15,tomatoes,Bibiani,Bibiani Central Market,5.55,GHS,WFP-GIEWS-Ghana
2024-01-22,tomatoes,Bibiani,Bibiani Central Market,5.05,GHS,WFP-GIEWS-Ghana
2024-01-29,tomatoes,Bibiani,Bibiani Central Market,5.38,GHS,WFP-GIEWS-Ghana
2024-02-05,tomatoes,Bibiani,Bibiani Central Market,5.85,GHS,WFP-GIEWS-Ghana
2024-02-12,tomatoes,Bibiani,Bibiani Central Market,5.41,GHS,WFP-GIEWS-Ghana
2024-02-19,tomatoes,Bibiani,Bibiani Central Market,5.07,GHS,WFP-GIEWS-Ghana
2024-02-26,tomatoes,Bibiani,Bibiani Central Market,5.87,GHS,WFP-GIEWS-Ghana
2024-03-04,tomatoes,Bibiani,Bibiani Central Market,4.81,GHS,WFP-GIEWS-Ghana
2024-03-11,tomatoes,Bibiani,Bibiani Central Market,4.67,GHS,WFP-GIEWS-Ghana
2024-03-18,tomatoes,Bibiani,Bibiani Central Market,4.61,GHS,WFP-GIEWS-Ghana
2024-03-25,tomatoes,Bibiani,Bibiani Central Market,4.88,GHS,WFP-GIEWS-Ghana
2024-04-01,tomatoes,Bibiani,Bibiani Central Market,4.61,GHS,WFP-GIEWS-Ghana
2024-04-08,tomatoes,Bibiani,Bibiani Central Market,4.93,GHS,WFP-GIEWS-Ghana
2024-04-15,tomatoes,Bibiani,Bibiani Central Market,4.81,GHS,WFP-GIEWS-Ghana
2024-04-22,tomatoes,Bibiani,Bibiani Central Market,4.76,GHS,WFP-GIEWS-Ghana
2024-04-29,tomatoes,Bibiani,Bibiani Central Market,4.74,GHS,WFP-GIEWS-Ghana
2024-05-06,tomatoes,Bibiani,Bibiani Central Market,4.71,GHS,WFP-GIEWS-Ghana
2024-05-13,tomatoes,Bibiani,Bibiani Central Market,4.94,GHS,WFP-GIEWS-Ghana
2024-05-20,tomatoes,Bibiani,Bibiani Central Market,4.58,GHS,WFP-GIEWS-Ghana
2024-05-27,tomatoes,Bibiani,Bibiani Central Market,4.43,GHS,WFP-GIEWS-Ghana
2024-06-03,tomatoes,Bibiani,Bibiani Central Market,5.32,GHS,WFP-GIEWS-Ghana
2024-06-10,tomatoes,Bibiani,Bibiani Central Market,5.32,GHS,WFP-GIEWS-Ghana
2024-06-17,tomatoes,Bibiani,Bibiani Central Market,5.29,GHS,WFP-GIEWS-Ghana
2024-06-24,tomatoes,Bibiani,Bibiani Central Market,5.27,GHS,WFP-GIEWS-Ghana
2024-07-01,tomatoes,Bibiani,Bibiani Central Market,5.77,GHS,WFP-GIEWS-Ghana
2024-07-08,tomatoes,Bibiani,Bibiani Central Market,6.03,GHS,WFP-GIEWS-Ghana
2024-07-15,tomatoes,Bibiani,Bibiani Central Market,5.84,GHS,WFP-GIEWS-Ghana
2024-07-22,tomatoes,Bibiani,Bibiani Central Market,5.73,GHS,WFP-GIEWS-Ghana
2024-07-29,tomatoes,Bibiani,Bibiani Central Market,5.77,GHS,WFP-GIEWS-Ghana
2024-08-05,tomatoes,Bibiani,Bibiani Central Market,6.36,GHS,WFP-GIEWS-Ghana
2024-08-12,tomatoes,Bibiani,Bibiani Central Market,5.48,GHS,WFP-GIEWS-Ghana
2024-08-19,tomatoes,Bibiani,Bibiani Central Market,6.0,GHS,WFP-GIEWS-Ghana
2024-08-26,tomatoes,Bibiani,Bibiani Central Market,5.49,GHS,WFP-GIEWS-Ghana
2024-09-02,tomatoes,Bibiani,Bibiani Central Market,5.27,GHS,WFP-GIEWS-Ghana
2024-09-09,tomatoes,Bibiani,Bibiani Central Market,5.2,GHS,WFP-GIEWS-Ghana
2024-09-16,tomatoes,Bibiani,Bibiani Central Market,4.85,GHS,WFP-GIEWS-Ghana
2024-09-23,tomatoes,Bibiani,Bibiani Central Market,5.37,GHS,WFP-GIEWS-Ghana
2024-09-30,tomatoes,Bibiani,Bibiani Central Market,5.21,GHS,WFP-GIEWS-Ghana
2024-10-07,tomatoes,Bibiani,Bibiani Central Market,4.14,GHS,WFP-GIEWS-Ghana
2024-10-14,tomatoes,Bibiani,Bibiani Central Market,4.68,GHS,WFP-GIEWS-Ghana
2024-10-21,tomatoes,Bibiani,Bibiani Central Market,4.78,GHS,WFP-GIEWS-Ghana
2024-10-28,tomatoes,Bibiani,Bibiani Central Market,4.79,GHS,WFP-GIEWS-Ghana
2024-11-04,tomatoes,Bibiani,Bibiani Central Market,4.62,GHS,WFP-GIEWS-Ghana
2024-11-11,tomatoes,Bibiani,Bibiani Central Market,4.56,GHS,WFP-GIEWS-Ghana
2024-11-18,tomatoes,Bibiani,Bibiani Central Market,4.8,GHS,WFP-GIEWS-Ghana
2024-11-25,tomatoes,Bibiani,Bibiani Central Market,4.86,GHS,WFP-GIEWS-Ghana
2024-12-02,tomatoes,Bibiani,Bibiani Central Market,4.79,GHS,WFP-GIEWS-Ghana
2024-12-09,tomatoes,Bibiani,Bibiani Central Market,4.41,GHS,WFP-GIEWS-Ghana
2024-12-16,tomatoes,Bibiani,Bibiani Central Market,4.62,GHS,WFP-GIEWS-Ghana
2024-12-23,tomatoes,Bibiani,Bibiani Central Market,4.66,GHS,WFP-GIEWS-Ghana
2024-12-30,tomatoes,Bibiani,Bibiani Central Market,4.25,GHS,WFP-GIEWS-Ghana
2018-01-01,tomatoes,Juaboso,Juaboso Weekly Market,3.68,GHS,WFP-GIEWS-Ghana
2018-01-08,tomatoes,Juaboso,Juaboso Weekly Market,3.46,GHS,WFP-GIEWS-Ghana
2018-01-15,tomatoes,Juaboso,Juaboso Weekly Market,3.57,GHS,WFP-GIEWS-Ghana
2018-01-22,tomatoes,Juaboso,Juaboso Weekly Market,3.4,GHS,WFP-GIEWS-Ghana
2018-01-29,tomatoes,Juaboso,Juaboso Weekly Market,3.37,GHS,WFP-GIEWS-Ghana
2018-02-05,tomatoes,Juaboso,Juaboso Weekly Market,3.45,GHS,WFP-GIEWS-Ghana
2018-02-12,tomatoes,Juaboso,Juaboso Weekly Market,3.29,GHS,WFP-GIEWS-Ghana
2018-02-19,tomatoes,Juaboso,Juaboso Weekly Market,3.27,GHS,WFP-GIEWS-Ghana
2018-02-26,tomatoes,Juaboso,Juaboso Weekly Market,3.57,GHS,WFP-GIEWS-Ghana
2018-03-05,tomatoes,Juaboso,Juaboso Weekly Market,3.07,GHS,WFP-GIEWS-Ghana
2018-03-12,tomatoes,Juaboso,Juaboso Weekly Market,2.8,GHS,WFP-GIEWS-Ghana
2018-03-19,tomatoes,Juaboso,Juaboso Weekly Market,3.03,GHS,WFP-GIEWS-Ghana
2018-03-26,tomatoes,Juaboso,Juaboso Weekly Market,2.9,GHS,WFP-GIEWS-Ghana
2018-04-02,tomatoes,Juaboso,Juaboso Weekly Market,2.97,GHS,WFP-GIEWS-Ghana
2018-04-09,tomatoes,Juaboso,Juaboso Weekly Market,2.99,GHS,WFP-GIEWS-Ghana
2018-04-16,tomatoes,Juaboso,Juaboso Weekly Market,3.05,GHS,WFP-GIEWS-Ghana
2018-04-23,tomatoes,Juaboso,Juaboso Weekly Market,2.94,GHS,WFP-GIEWS-Ghana
2018-04-30,tomatoes,Juaboso,Juaboso Weekly Market,3.1,GHS,WFP-GIEWS-Ghana
2018-05-07,tomatoes,Juaboso,Juaboso Weekly Market,2.99,GHS,WFP-GIEWS-Ghana
2018-05-14,tomatoes,Juaboso,Juaboso Weekly Market,3.02,GHS,WFP-GIEWS-Ghana
2018-05-21,tomatoes,Juaboso,Juaboso Weekly Market,2.85,GHS,WFP-GIEWS-Ghana
2018-05-28,tomatoes,Juaboso,Juaboso Weekly Market,3.2,GHS,WFP-GIEWS-Ghana
2018-06-04,tomatoes,Juaboso,Juaboso Weekly Market,3.29,GHS,WFP-GIEWS-Ghana
2018-06-11,tomatoes,Juaboso,Juaboso Weekly Market,3.32,GHS,WFP-GIEWS-Ghana
2018-06-18,tomatoes,Juaboso,Juaboso Weekly Market,3.02,GHS,WFP-GIEWS-Ghana
2018-06-25,tomatoes,Juaboso,Juaboso Weekly Market,3.12,GHS,WFP-GIEWS-Ghana
2018-07-02,tomatoes,Juaboso,Juaboso Weekly Market,3.82,GHS,WFP-GIEWS-Ghana
2018-07-09,tomatoes,Juaboso,Juaboso Weekly Market,3.68,GHS,WFP-GIEWS-Ghana
2018-07-16,tomatoes,Juaboso,Juaboso Weekly Market,3.36,GHS,WFP-GIEWS-Ghana
2018-07-23,tomatoes,Juaboso,Juaboso Weekly Market,3.79,GHS,WFP-GIEWS-Ghana
2018-07-30,tomatoes,Juaboso,Juaboso Weekly Market,3.56,GHS,WFP-GIEWS-Ghana
2018-08-06,tomatoes,Juaboso,Juaboso Weekly Market,3.87,GHS,WFP-GIEWS-Ghana
2018-08-13,tomatoes,Juaboso,Juaboso Weekly Market,3.65,GHS,WFP-GIEWS-Ghana
2018-08-20,tomatoes,Juaboso,Juaboso Weekly Market,3.69,GHS,WFP-GIEWS-Ghana
2018-08-27,tomatoes,Juaboso,Juaboso Weekly Market,3.83,GHS,WFP-GIEWS-Ghana
2018-09-03,tomatoes,Juaboso,Juaboso Weekly Market,3.17,GHS,WFP-GIEWS-Ghana
2018-09-10,tomatoes,Juaboso,Juaboso Weekly Market,3.16,GHS,WFP-GIEWS-Ghana
2018-09-17,tomatoes,Juaboso,Juaboso Weekly Market,3.26,GHS,WFP-GIEWS-Ghana
2018-09-24,tomatoes,Juaboso,Juaboso Weekly Market,3.4,GHS,WFP-GIEWS-Ghana
2018-10-01,tomatoes,Juaboso,Juaboso Weekly Market,2.66,GHS,WFP-GIEWS-Ghana
2018-10-08,tomatoes,Juaboso,Juaboso Weekly Market,2.63,GHS,WFP-GIEWS-Ghana
2018-10-15,tomatoes,Juaboso,Juaboso Weekly Market,2.91,GHS,WFP-GIEWS-Ghana
2018-10-22,tomatoes,Juaboso,Juaboso Weekly Market,2.75,GHS,WFP-GIEWS-Ghana
2018-10-29,tomatoes,Juaboso,Juaboso Weekly Market,2.77,GHS,WFP-GIEWS-Ghana
2018-11-05,tomatoes,Juaboso,Juaboso Weekly Market,2.62,GHS,WFP-GIEWS-Ghana
2018-11-12,tomatoes,Juaboso,Juaboso Weekly Market,2.76,GHS,WFP-GIEWS-Ghana
2018-11-19,tomatoes,Juaboso,Juaboso Weekly Market,2.83,GHS,WFP-GIEWS-Ghana
2018-11-26,tomatoes,Juaboso,Juaboso Weekly Market,2.94,GHS,WFP-GIEWS-Ghana
2018-12-03,tomatoes,Juaboso,Juaboso Weekly Market,2.76,GHS,WFP-GIEWS-Ghana
2018-12-10,tomatoes,Juaboso,Juaboso Weekly Market,3.04,GHS,WFP-GIEWS-Ghana
2018-12-17,tomatoes,Juaboso,Juaboso Weekly Market,2.77,GHS,WFP-GIEWS-Ghana
2018-12-24,tomatoes,Juaboso,Juaboso Weekly Market,2.77,GHS,WFP-GIEWS-Ghana
2018-12-31,tomatoes,Juaboso,Juaboso Weekly Market,3.03,GHS,WFP-GIEWS-Ghana
2019-01-07,tomatoes,Juaboso,Juaboso Weekly Market,3.68,GHS,WFP-GIEWS-Ghana
2019-01-14,tomatoes,Juaboso,Juaboso Weekly Market,3.56,GHS,WFP-GIEWS-Ghana
2019-01-21,tomatoes,Juaboso,Juaboso Weekly Market,3.62,GHS,WFP-GIEWS-Ghana
2019-01-28,tomatoes,Juaboso,Juaboso Weekly Market,3.84,GHS,WFP-GIEWS-Ghana
2019-02-04,tomatoes,Juaboso,Juaboso Weekly Market,3.88,GHS,WFP-GIEWS-Ghana
2019-02-11,tomatoes,Juaboso,Juaboso Weekly Market,3.55,GHS,WFP-GIEWS-Ghana
2019-02-18,tomatoes,Juaboso,Juaboso Weekly Market,3.66,GHS,WFP-GIEWS-Ghana
2019-02-25,tomatoes,Juaboso,Juaboso Weekly Market,3.68,GHS,WFP-GIEWS-Ghana
2019-03-04,tomatoes,Juaboso,Juaboso Weekly Market,3.02,GHS,WFP-GIEWS-Ghana
2019-03-11,tomatoes,Juaboso,Juaboso Weekly Market,3.14,GHS,WFP-GIEWS-Ghana
2019-03-18,tomatoes,Juaboso,Juaboso Weekly Market,3.15,GHS,WFP-GIEWS-Ghana
2019-03-25,tomatoes,Juaboso,Juaboso Weekly Market,3.29,GHS,WFP-GIEWS-Ghana
2019-04-01,tomatoes,Juaboso,Juaboso Weekly Market,3.32,GHS,WFP-GIEWS-Ghana
2019-04-08,tomatoes,Juaboso,Juaboso Weekly Market,3.12,GHS,WFP-GIEWS-Ghana
2019-04-15,tomatoes,Juaboso,Juaboso Weekly Market,3.14,GHS,WFP-GIEWS-Ghana
2019-04-22,tomatoes,Juaboso,Juaboso Weekly Market,3.25,GHS,WFP-GIEWS-Ghana
2019-04-29,tomatoes,Juaboso,Juaboso Weekly Market,3.09,GHS,WFP-GIEWS-Ghana
2019-05-06,tomatoes,Juaboso,Juaboso Weekly Market,3.26,GHS,WFP-GIEWS-Ghana
2019-05-13,tomatoes,Juaboso,Juaboso Weekly Market,3.17,GHS,WFP-GIEWS-Ghana
2019-05-20,tomatoes,Juaboso,Juaboso Weekly Market,3.06,GHS,WFP-GIEWS-Ghana
2019-05-27,tomatoes,Juaboso,Juaboso Weekly Market,3.06,GHS,WFP-GIEWS-Ghana
2019-06-03,tomatoes,Juaboso,Juaboso Weekly Market,3.69,GHS,WFP-GIEWS-Ghana
2019-06-10,tomatoes,Juaboso,Juaboso Weekly Market,3.46,GHS,WFP-GIEWS-Ghana
2019-06-17,tomatoes,Juaboso,Juaboso Weekly Market,3.71,GHS,WFP-GIEWS-Ghana
2019-06-24,tomatoes,Juaboso,Juaboso Weekly Market,3.41,GHS,WFP-GIEWS-Ghana
2019-07-01,tomatoes,Juaboso,Juaboso Weekly Market,3.97,GHS,WFP-GIEWS-Ghana
2019-07-08,tomatoes,Juaboso,Juaboso Weekly Market,4.3,GHS,WFP-GIEWS-Ghana
2019-07-15,tomatoes,Juaboso,Juaboso Weekly Market,3.76,GHS,WFP-GIEWS-Ghana
2019-07-22,tomatoes,Juaboso,Juaboso Weekly Market,3.63,GHS,WFP-GIEWS-Ghana
2019-07-29,tomatoes,Juaboso,Juaboso Weekly Market,4.13,GHS,WFP-GIEWS-Ghana
2019-08-05,tomatoes,Juaboso,Juaboso Weekly Market,3.82,GHS,WFP-GIEWS-Ghana
2019-08-12,tomatoes,Juaboso,Juaboso Weekly Market,3.95,GHS,WFP-GIEWS-Ghana
2019-08-19,tomatoes,Juaboso,Juaboso Weekly Market,3.86,GHS,WFP-GIEWS-Ghana
2019-08-26,tomatoes,Juaboso,Juaboso Weekly Market,4.0,GHS,WFP-GIEWS-Ghana
2019-09-02,tomatoes,Juaboso,Juaboso Weekly Market,3.42,GHS,WFP-GIEWS-Ghana
2019-09-09,tomatoes,Juaboso,Juaboso Weekly Market,3.53,GHS,WFP-GIEWS-Ghana
2019-09-16,tomatoes,Juaboso,Juaboso Weekly Market,3.62,GHS,WFP-GIEWS-Ghana
2019-09-23,tomatoes,Juaboso,Juaboso Weekly Market,3.41,GHS,WFP-GIEWS-Ghana
2019-09-30,tomatoes,Juaboso,Juaboso Weekly Market,3.45,GHS,WFP-GIEWS-Ghana
2019-10-07,tomatoes,Juaboso,Juaboso Weekly Market,3.0,GHS,WFP-GIEWS-Ghana
2019-10-14,tomatoes,Juaboso,Juaboso Weekly Market,2.87,GHS,WFP-GIEWS-Ghana
2019-10-21,tomatoes,Juaboso,Juaboso Weekly Market,2.99,GHS,WFP-GIEWS-Ghana
2019-10-28,tomatoes,Juaboso,Juaboso Weekly Market,3.05,GHS,WFP-GIEWS-Ghana
2019-11-04,tomatoes,Juaboso,Juaboso Weekly Market,3.01,GHS,WFP-GIEWS-Ghana
2019-11-11,tomatoes,Juaboso,Juaboso Weekly Market,3.03,GHS,WFP-GIEWS-Ghana
2019-11-18,tomatoes,Juaboso,Juaboso Weekly Market,3.06,GHS,WFP-GIEWS-Ghana
2019-11-25,tomatoes,Juaboso,Juaboso Weekly Market,2.98,GHS,WFP-GIEWS-Ghana
2019-12-02,tomatoes,Juaboso,Juaboso Weekly Market,3.16,GHS,WFP-GIEWS-Ghana
2019-12-09,tomatoes,Juaboso,Juaboso Weekly Market,3.26,GHS,WFP-GIEWS-Ghana
2019-12-16,tomatoes,Juaboso,Juaboso Weekly Market,3.02,GHS,WFP-GIEWS-Ghana
2019-12-23,tomatoes,Juaboso,Juaboso Weekly Market,3.14,GHS,WFP-GIEWS-Ghana
2019-12-30,tomatoes,Juaboso,Juaboso Weekly Market,3.05,GHS,WFP-GIEWS-Ghana
2020-01-06,tomatoes,Juaboso,Juaboso Weekly Market,3.99,GHS,WFP-GIEWS-Ghana
2020-01-13,tomatoes,Juaboso,Juaboso Weekly Market,4.18,GHS,WFP-GIEWS-Ghana
2020-01-20,tomatoes,Juaboso,Juaboso Weekly Market,4.02,GHS,WFP-GIEWS-Ghana
2020-01-27,tomatoes,Juaboso,Juaboso Weekly Market,3.66,GHS,WFP-GIEWS-Ghana
2020-02-03,tomatoes,Juaboso,Juaboso Weekly Market,4.03,GHS,WFP-GIEWS-Ghana
2020-02-10,tomatoes,Juaboso,Juaboso Weekly Market,4.16,GHS,WFP-GIEWS-Ghana
2020-02-17,tomatoes,Juaboso,Juaboso Weekly Market,3.93,GHS,WFP-GIEWS-Ghana
2020-02-24,tomatoes,Juaboso,Juaboso Weekly Market,4.12,GHS,WFP-GIEWS-Ghana
2020-03-02,tomatoes,Juaboso,Juaboso Weekly Market,3.3,GHS,WFP-GIEWS-Ghana
2020-03-09,tomatoes,Juaboso,Juaboso Weekly Market,3.2,GHS,WFP-GIEWS-Ghana
2020-03-16,tomatoes,Juaboso,Juaboso Weekly Market,3.42,GHS,WFP-GIEWS-Ghana
2020-03-23,tomatoes,Juaboso,Juaboso Weekly Market,3.16,GHS,WFP-GIEWS-Ghana
2020-03-30,tomatoes,Juaboso,Juaboso Weekly Market,3.36,GHS,WFP-GIEWS-Ghana
2020-04-06,tomatoes,Juaboso,Juaboso Weekly Market,3.59,GHS,WFP-GIEWS-Ghana
2020-04-13,tomatoes,Juaboso,Juaboso Weekly Market,3.16,GHS,WFP-GIEWS-Ghana
2020-04-20,tomatoes,Juaboso,Juaboso Weekly Market,3.24,GHS,WFP-GIEWS-Ghana
2020-04-27,tomatoes,Juaboso,Juaboso Weekly Market,3.28,GHS,WFP-GIEWS-Ghana
2020-05-04,tomatoes,Juaboso,Juaboso Weekly Market,3.43,GHS,WFP-GIEWS-Ghana
2020-05-11,tomatoes,Juaboso,Juaboso Weekly Market,3.39,GHS,WFP-GIEWS-Ghana
2020-05-18,tomatoes,Juaboso,Juaboso Weekly Market,3.63,GHS,WFP-GIEWS-Ghana
2020-05-25,tomatoes,Juaboso,Juaboso Weekly Market,3.57,GHS,WFP-GIEWS-Ghana
2020-06-01,tomatoes,Juaboso,Juaboso Weekly Market,3.84,GHS,WFP-GIEWS-Ghana
2020-06-08,tomatoes,Juaboso,Juaboso Weekly Market,3.79,GHS,WFP-GIEWS-Ghana
2020-06-15,tomatoes,Juaboso,Juaboso Weekly Market,3.82,GHS,WFP-GIEWS-Ghana
2020-06-22,tomatoes,Juaboso,Juaboso Weekly Market,3.63,GHS,WFP-GIEWS-Ghana
2020-06-29,tomatoes,Juaboso,Juaboso Weekly Market,3.89,GHS,WFP-GIEWS-Ghana
2020-07-06,tomatoes,Juaboso,Juaboso Weekly Market,4.05,GHS,WFP-GIEWS-Ghana
2020-07-13,tomatoes,Juaboso,Juaboso Weekly Market,4.38,GHS,WFP-GIEWS-Ghana
2020-07-20,tomatoes,Juaboso,Juaboso Weekly Market,4.44,GHS,WFP-GIEWS-Ghana
2020-07-27,tomatoes,Juaboso,Juaboso Weekly Market,4.28,GHS,WFP-GIEWS-Ghana
2020-08-03,tomatoes,Juaboso,Juaboso Weekly Market,4.24,GHS,WFP-GIEWS-Ghana
2020-08-10,tomatoes,Juaboso,Juaboso Weekly Market,4.34,GHS,WFP-GIEWS-Ghana
2020-08-17,tomatoes,Juaboso,Juaboso Weekly Market,3.78,GHS,WFP-GIEWS-Ghana
2020-08-24,tomatoes,Juaboso,Juaboso Weekly Market,4.32,GHS,WFP-GIEWS-Ghana
2020-08-31,tomatoes,Juaboso,Juaboso Weekly Market,4.25,GHS,WFP-GIEWS-Ghana
2020-09-07,tomatoes,Juaboso,Juaboso Weekly Market,3.83,GHS,WFP-GIEWS-Ghana
2020-09-14,tomatoes,Juaboso,Juaboso Weekly Market,3.95,GHS,WFP-GIEWS-Ghana
2020-09-21,tomatoes,Juaboso,Juaboso Weekly Market,3.83,GHS,WFP-GIEWS-Ghana
2020-09-28,tomatoes,Juaboso,Juaboso Weekly Market,3.66,GHS,WFP-GIEWS-Ghana
2020-10-05,tomatoes,Juaboso,Juaboso Weekly Market,3.26,GHS,WFP-GIEWS-Ghana
2020-10-12,tomatoes,Juaboso,Juaboso Weekly Market,3.29,GHS,WFP-GIEWS-Ghana
2020-10-19,tomatoes,Juaboso,Juaboso Weekly Market,3.3,GHS,WFP-GIEWS-Ghana
2020-10-26,tomatoes,Juaboso,Juaboso Weekly Market,3.3,GHS,WFP-GIEWS-Ghana
2020-11-02,tomatoes,Juaboso,Juaboso Weekly Market,3.44,GHS,WFP-GIEWS-Ghana
2020-11-09,tomatoes,Juaboso,Juaboso Weekly Market,3.16,GHS,WFP-GIEWS-Ghana
2020-11-16,tomatoes,Juaboso,Juaboso Weekly Market,3.33,GHS,WFP-GIEWS-Ghana
2020-11-23,tomatoes,Juaboso,Juaboso Weekly Market,3.47,GHS,WFP-GIEWS-Ghana
2020-11-30,tomatoes,Juaboso,Juaboso Weekly Market,3.07,GHS,WFP-GIEWS-Ghana
2020-12-07,tomatoes,Juaboso,Juaboso Weekly Market,3.35,GHS,WFP-GIEWS-Ghana
2020-12-14,tomatoes,Juaboso,Juaboso Weekly Market,3.25,GHS,WFP-GIEWS-Ghana
2020-12-21,tomatoes,Juaboso,Juaboso Weekly Market,3.28,GHS,WFP-GIEWS-Ghana
2020-12-28,tomatoes,Juaboso,Juaboso Weekly Market,3.2,GHS,WFP-GIEWS-Ghana
2021-01-04,tomatoes,Juaboso,Juaboso Weekly Market,4.22,GHS,WFP-GIEWS-Ghana
2021-01-11,tomatoes,Juaboso,Juaboso Weekly Market,4.57,GHS,WFP-GIEWS-Ghana
2021-01-18,tomatoes,Juaboso,Juaboso Weekly Market,4.04,GHS,WFP-GIEWS-Ghana
2021-01-25,tomatoes,Juaboso,Juaboso Weekly Market,4.05,GHS,WFP-GIEWS-Ghana
2021-02-01,tomatoes,Juaboso,Juaboso Weekly Market,4.06,GHS,WFP-GIEWS-Ghana
2021-02-08,tomatoes,Juaboso,Juaboso Weekly Market,4.57,GHS,WFP-GIEWS-Ghana
2021-02-15,tomatoes,Juaboso,Juaboso Weekly Market,4.2,GHS,WFP-GIEWS-Ghana
2021-02-22,tomatoes,Juaboso,Juaboso Weekly Market,4.27,GHS,WFP-GIEWS-Ghana
2021-03-01,tomatoes,Juaboso,Juaboso Weekly Market,3.61,GHS,WFP-GIEWS-Ghana
2021-03-08,tomatoes,Juaboso,Juaboso Weekly Market,3.53,GHS,WFP-GIEWS-Ghana
2021-03-15,tomatoes,Juaboso,Juaboso Weekly Market,3.63,GHS,WFP-GIEWS-Ghana
2021-03-22,tomatoes,Juaboso,Juaboso Weekly Market,4.03,GHS,WFP-GIEWS-Ghana
2021-03-29,tomatoes,Juaboso,Juaboso Weekly Market,3.87,GHS,WFP-GIEWS-Ghana
2021-04-05,tomatoes,Juaboso,Juaboso Weekly Market,3.57,GHS,WFP-GIEWS-Ghana
2021-04-12,tomatoes,Juaboso,Juaboso Weekly Market,3.79,GHS,WFP-GIEWS-Ghana
2021-04-19,tomatoes,Juaboso,Juaboso Weekly Market,3.57,GHS,WFP-GIEWS-Ghana
2021-04-26,tomatoes,Juaboso,Juaboso Weekly Market,3.43,GHS,WFP-GIEWS-Ghana
2021-05-03,tomatoes,Juaboso,Juaboso Weekly Market,3.87,GHS,WFP-GIEWS-Ghana
2021-05-10,tomatoes,Juaboso,Juaboso Weekly Market,3.89,GHS,WFP-GIEWS-Ghana
2021-05-17,tomatoes,Juaboso,Juaboso Weekly Market,3.87,GHS,WFP-GIEWS-Ghana
2021-05-24,tomatoes,Juaboso,Juaboso Weekly Market,3.65,GHS,WFP-GIEWS-Ghana
2021-05-31,tomatoes,Juaboso,Juaboso Weekly Market,3.69,GHS,WFP-GIEWS-Ghana
2021-06-07,tomatoes,Juaboso,Juaboso Weekly Market,4.19,GHS,WFP-GIEWS-Ghana
2021-06-14,tomatoes,Juaboso,Juaboso Weekly Market,4.13,GHS,WFP-GIEWS-Ghana
2021-06-21,tomatoes,Juaboso,Juaboso Weekly Market,4.0,GHS,WFP-GIEWS-Ghana
2021-06-28,tomatoes,Juaboso,Juaboso Weekly Market,3.8,GHS,WFP-GIEWS-Ghana
2021-07-05,tomatoes,Juaboso,Juaboso Weekly Market,4.6,GHS,WFP-GIEWS-Ghana
2021-07-12,tomatoes,Juaboso,Juaboso Weekly Market,4.78,GHS,WFP-GIEWS-Ghana
2021-07-19,tomatoes,Juaboso,Juaboso Weekly Market,4.36,GHS,WFP-GIEWS-Ghana
2021-07-26,tomatoes,Juaboso,Juaboso Weekly Market,4.7,GHS,WFP-GIEWS-Ghana
2021-08-02,tomatoes,Juaboso,Juaboso Weekly Market,4.67,GHS,WFP-GIEWS-Ghana
2021-08-09,tomatoes,Juaboso,Juaboso Weekly Market,4.75,GHS,WFP-GIEWS-Ghana
2021-08-16,tomatoes,Juaboso,Juaboso Weekly Market,4.77,GHS,WFP-GIEWS-Ghana
2021-08-23,tomatoes,Juaboso,Juaboso Weekly Market,4.48,GHS,WFP-GIEWS-Ghana
2021-08-30,tomatoes,Juaboso,Juaboso Weekly Market,4.31,GHS,WFP-GIEWS-Ghana
2021-09-06,tomatoes,Juaboso,Juaboso Weekly Market,4.06,GHS,WFP-GIEWS-Ghana
2021-09-13,tomatoes,Juaboso,Juaboso Weekly Market,4.29,GHS,WFP-GIEWS-Ghana
2021-09-20,tomatoes,Juaboso,Juaboso Weekly Market,4.05,GHS,WFP-GIEWS-Ghana
2021-09-27,tomatoes,Juaboso,Juaboso Weekly Market,4.03,GHS,WFP-GIEWS-Ghana
2021-10-04,tomatoes,Juaboso,Juaboso Weekly Market,3.29,GHS,WFP-GIEWS-Ghana
2021-10-11,tomatoes,Juaboso,Juaboso Weekly Market,3.79,GHS,WFP-GIEWS-Ghana
2021-10-18,tomatoes,Juaboso,Juaboso Weekly Market,3.66,GHS,WFP-GIEWS-Ghana
2021-10-25,tomatoes,Juaboso,Juaboso Weekly Market,3.65,GHS,WFP-GIEWS-Ghana
2021-11-01,tomatoes,Juaboso,Juaboso Weekly Market,3.71,GHS,WFP-GIEWS-Ghana
2021-11-08,tomatoes,Juaboso,Juaboso Weekly Market,3.65,GHS,WFP-GIEWS-Ghana
2021-11-15,tomatoes,Juaboso,Juaboso Weekly Market,3.53,GHS,WFP-GIEWS-Ghana
2021-11-22,tomatoes,Juaboso,Juaboso Weekly Market,3.54,GHS,WFP-GIEWS-Ghana
2021-11-29,tomatoes,Juaboso,Juaboso Weekly Market,3.51,GHS,WFP-GIEWS-Ghana
2021-12-06,tomatoes,Juaboso,Juaboso Weekly Market,3.97,GHS,WFP-GIEWS-Ghana
2021-12-13,tomatoes,Juaboso,Juaboso Weekly Market,3.67,GHS,WFP-GIEWS-Ghana
2021-12-20,tomatoes,Juaboso,Juaboso Weekly Market,3.52,GHS,WFP-GIEWS-Ghana
2021-12-27,tomatoes,Juaboso,Juaboso Weekly Market,3.66,GHS,WFP-GIEWS-Ghana
2022-01-03,tomatoes,Juaboso,Juaboso Weekly Market,4.41,GHS,WFP-GIEWS-Ghana
2022-01-10,tomatoes,Juaboso,Juaboso Weekly Market,4.87,GHS,WFP-GIEWS-Ghana
2022-01-17,tomatoes,Juaboso,Juaboso Weekly Market,4.47,GHS,WFP-GIEWS-Ghana
2022-01-24,tomatoes,Juaboso,Juaboso Weekly Market,4.68,GHS,WFP-GIEWS-Ghana
2022-01-31,tomatoes,Juaboso,Juaboso Weekly Market,4.79,GHS,WFP-GIEWS-Ghana
2022-02-07,tomatoes,Juaboso,Juaboso Weekly Market,4.69,GHS,WFP-GIEWS-Ghana
2022-02-14,tomatoes,Juaboso,Juaboso Weekly Market,4.64,GHS,WFP-GIEWS-Ghana
2022-02-21,tomatoes,Juaboso,Juaboso Weekly Market,4.62,GHS,WFP-GIEWS-Ghana
2022-02-28,tomatoes,Juaboso,Juaboso Weekly Market,4.61,GHS,WFP-GIEWS-Ghana
2022-03-07,tomatoes,Juaboso,Juaboso Weekly Market,3.87,GHS,WFP-GIEWS-Ghana
2022-03-14,tomatoes,Juaboso,Juaboso Weekly Market,3.89,GHS,WFP-GIEWS-Ghana
2022-03-21,tomatoes,Juaboso,Juaboso Weekly Market,4.2,GHS,WFP-GIEWS-Ghana
2022-03-28,tomatoes,Juaboso,Juaboso Weekly Market,3.95,GHS,WFP-GIEWS-Ghana
2022-04-04,tomatoes,Juaboso,Juaboso Weekly Market,3.86,GHS,WFP-GIEWS-Ghana
2022-04-11,tomatoes,Juaboso,Juaboso Weekly Market,3.91,GHS,WFP-GIEWS-Ghana
2022-04-18,tomatoes,Juaboso,Juaboso Weekly Market,4.16,GHS,WFP-GIEWS-Ghana
2022-04-25,tomatoes,Juaboso,Juaboso Weekly Market,4.1,GHS,WFP-GIEWS-Ghana
2022-05-02,tomatoes,Juaboso,Juaboso Weekly Market,4.1,GHS,WFP-GIEWS-Ghana
2022-05-09,tomatoes,Juaboso,Juaboso Weekly Market,3.97,GHS,WFP-GIEWS-Ghana
2022-05-16,tomatoes,Juaboso,Juaboso Weekly Market,4.11,GHS,WFP-GIEWS-Ghana
2022-05-23,tomatoes,Juaboso,Juaboso Weekly Market,3.91,GHS,WFP-GIEWS-Ghana
2022-05-30,tomatoes,Juaboso,Juaboso Weekly Market,3.97,GHS,WFP-GIEWS-Ghana
2022-06-06,tomatoes,Juaboso,Juaboso Weekly Market,4.56,GHS,WFP-GIEWS-Ghana
2022-06-13,tomatoes,Juaboso,Juaboso Weekly Market,4.54,GHS,WFP-GIEWS-Ghana
2022-06-20,tomatoes,Juaboso,Juaboso Weekly Market,4.22,GHS,WFP-GIEWS-Ghana
2022-06-27,tomatoes,Juaboso,Juaboso Weekly Market,4.24,GHS,WFP-GIEWS-Ghana
2022-07-04,tomatoes,Juaboso,Juaboso Weekly Market,4.97,GHS,WFP-GIEWS-Ghana
2022-07-11,tomatoes,Juaboso,Juaboso Weekly Market,5.29,GHS,WFP-GIEWS-Ghana
2022-07-18,tomatoes,Juaboso,Juaboso Weekly Market,4.57,GHS,WFP-GIEWS-Ghana
2022-07-25,tomatoes,Juaboso,Juaboso Weekly Market,5.0,GHS,WFP-GIEWS-Ghana
2022-08-01,tomatoes,Juaboso,Juaboso Weekly Market,4.71,GHS,WFP-GIEWS-Ghana
2022-08-08,tomatoes,Juaboso,Juaboso Weekly Market,4.85,GHS,WFP-GIEWS-Ghana
2022-08-15,tomatoes,Juaboso,Juaboso Weekly Market,4.91,GHS,WFP-GIEWS-Ghana
2022-08-22,tomatoes,Juaboso,Juaboso Weekly Market,4.9,GHS,WFP-GIEWS-Ghana
2022-08-29,tomatoes,Juaboso,Juaboso Weekly Market,4.87,GHS,WFP-GIEWS-Ghana
2022-09-05,tomatoes,Juaboso,Juaboso Weekly Market,4.48,GHS,WFP-GIEWS-Ghana
2022-09-12,tomatoes,Juaboso,Juaboso Weekly Market,4.38,GHS,WFP-GIEWS-Ghana
2022-09-19,tomatoes,Juaboso,Juaboso Weekly Market,4.21,GHS,WFP-GIEWS-Ghana
2022-09-26,tomatoes,Juaboso,Juaboso Weekly Market,4.62,GHS,WFP-GIEWS-Ghana
2022-10-03,tomatoes,Juaboso,Juaboso Weekly Market,3.94,GHS,WFP-GIEWS-Ghana
2022-10-10,tomatoes,Juaboso,Juaboso Weekly Market,3.96,GHS,WFP-GIEWS-Ghana
2022-10-17,tomatoes,Juaboso,Juaboso Weekly Market,3.59,GHS,WFP-GIEWS-Ghana
2022-10-24,tomatoes,Juaboso,Juaboso Weekly Market,3.87,GHS,WFP-GIEWS-Ghana
2022-10-31,tomatoes,Juaboso,Juaboso Weekly Market,3.93,GHS,WFP-GIEWS-Ghana
2022-11-07,tomatoes,Juaboso,Juaboso Weekly Market,3.69,GHS,WFP-GIEWS-Ghana
2022-11-14,tomatoes,Juaboso,Juaboso Weekly Market,3.85,GHS,WFP-GIEWS-Ghana
2022-11-21,tomatoes,Juaboso,Juaboso Weekly Market,3.84,GHS,WFP-GIEWS-Ghana
2022-11-28,tomatoes,Juaboso,Juaboso Weekly Market,4.14,GHS,WFP-GIEWS-Ghana
2022-12-05,tomatoes,Juaboso,Juaboso Weekly Market,4.18,GHS,WFP-GIEWS-Ghana
2022-12-12,tomatoes,Juaboso,Juaboso Weekly Market,3.62,GHS,WFP-GIEWS-Ghana
2022-12-19,tomatoes,Juaboso,Juaboso Weekly Market,4.27,GHS,WFP-GIEWS-Ghana
2022-12-26,tomatoes,Juaboso,Juaboso Weekly Market,3.74,GHS,WFP-GIEWS-Ghana
2023-01-02,tomatoes,Juaboso,Juaboso Weekly Market,5.15,GHS,WFP-GIEWS-Ghana
2023-01-09,tomatoes,Juaboso,Juaboso Weekly Market,5.15,GHS,WFP-GIEWS-Ghana
2023-01-16,tomatoes,Juaboso,Juaboso Weekly Market,4.76,GHS,WFP-GIEWS-Ghana
2023-01-23,tomatoes,Juaboso,Juaboso Weekly Market,5.06,GHS,WFP-GIEWS-Ghana
2023-01-30,tomatoes,Juaboso,Juaboso Weekly Market,4.94,GHS,WFP-GIEWS-Ghana
2023-02-06,tomatoes,Juaboso,Juaboso Weekly Market,5.1,GHS,WFP-GIEWS-Ghana
2023-02-13,tomatoes,Juaboso,Juaboso Weekly Market,5.04,GHS,WFP-GIEWS-Ghana
2023-02-20,tomatoes,Juaboso,Juaboso Weekly Market,5.23,GHS,WFP-GIEWS-Ghana
2023-02-27,tomatoes,Juaboso,Juaboso Weekly Market,5.01,GHS,WFP-GIEWS-Ghana
2023-03-06,tomatoes,Juaboso,Juaboso Weekly Market,4.25,GHS,WFP-GIEWS-Ghana
2023-03-13,tomatoes,Juaboso,Juaboso Weekly Market,4.47,GHS,WFP-GIEWS-Ghana
2023-03-20,tomatoes,Juaboso,Juaboso Weekly Market,4.38,GHS,WFP-GIEWS-Ghana
2023-03-27,tomatoes,Juaboso,Juaboso Weekly Market,4.4,GHS,WFP-GIEWS-Ghana
2023-04-03,tomatoes,Juaboso,Juaboso Weekly Market,4.19,GHS,WFP-GIEWS-Ghana
2023-04-10,tomatoes,Juaboso,Juaboso Weekly Market,4.13,GHS,WFP-GIEWS-Ghana
2023-04-17,tomatoes,Juaboso,Juaboso Weekly Market,4.21,GHS,WFP-GIEWS-Ghana
2023-04-24,tomatoes,Juaboso,Juaboso Weekly Market,4.2,GHS,WFP-GIEWS-Ghana
2023-05-01,tomatoes,Juaboso,Juaboso Weekly Market,4.47,GHS,WFP-GIEWS-Ghana
2023-05-08,tomatoes,Juaboso,Juaboso Weekly Market,4.5,GHS,WFP-GIEWS-Ghana
2023-05-15,tomatoes,Juaboso,Juaboso Weekly Market,4.31,GHS,WFP-GIEWS-Ghana
2023-05-22,tomatoes,Juaboso,Juaboso Weekly Market,4.58,GHS,WFP-GIEWS-Ghana
2023-05-29,tomatoes,Juaboso,Juaboso Weekly Market,4.57,GHS,WFP-GIEWS-Ghana
2023-06-05,tomatoes,Juaboso,Juaboso Weekly Market,4.79,GHS,WFP-GIEWS-Ghana
2023-06-12,tomatoes,Juaboso,Juaboso Weekly Market,4.59,GHS,WFP-GIEWS-Ghana
2023-06-19,tomatoes,Juaboso,Juaboso Weekly Market,5.04,GHS,WFP-GIEWS-Ghana
2023-06-26,tomatoes,Juaboso,Juaboso Weekly Market,4.73,GHS,WFP-GIEWS-Ghana
2023-07-03,tomatoes,Juaboso,Juaboso Weekly Market,5.37,GHS,WFP-GIEWS-Ghana
2023-07-10,tomatoes,Juaboso,Juaboso Weekly Market,5.27,GHS,WFP-GIEWS-Ghana
2023-07-17,tomatoes,Juaboso,Juaboso Weekly Market,5.15,GHS,WFP-GIEWS-Ghana
2023-07-24,tomatoes,Juaboso,Juaboso Weekly Market,5.03,GHS,WFP-GIEWS-Ghana
2023-07-31,tomatoes,Juaboso,Juaboso Weekly Market,5.48,GHS,WFP-GIEWS-Ghana
2023-08-07,tomatoes,Juaboso,Juaboso Weekly Market,5.21,GHS,WFP-GIEWS-Ghana
2023-08-14,tomatoes,Juaboso,Juaboso Weekly Market,6.04,GHS,WFP-GIEWS-Ghana
2023-08-21,tomatoes,Juaboso,Juaboso Weekly Market,5.15,GHS,WFP-GIEWS-Ghana
2023-08-28,tomatoes,Juaboso,Juaboso Weekly Market,5.11,GHS,WFP-GIEWS-Ghana
2023-09-04,tomatoes,Juaboso,Juaboso Weekly Market,4.93,GHS,WFP-GIEWS-Ghana
2023-09-11,tomatoes,Juaboso,Juaboso Weekly Market,5.13,GHS,WFP-GIEWS-Ghana
2023-09-18,tomatoes,Juaboso,Juaboso Weekly Market,4.85,GHS,WFP-GIEWS-Ghana
2023-09-25,tomatoes,Juaboso,Juaboso Weekly Market,4.94,GHS,WFP-GIEWS-Ghana
2023-10-02,tomatoes,Juaboso,Juaboso Weekly Market,3.83,GHS,WFP-GIEWS-Ghana
2023-10-09,tomatoes,Juaboso,Juaboso Weekly Market,4.02,GHS,WFP-GIEWS-Ghana
2023-10-16,tomatoes,Juaboso,Juaboso Weekly Market,3.96,GHS,WFP-GIEWS-Ghana
2023-10-23,tomatoes,Juaboso,Juaboso Weekly Market,3.82,GHS,WFP-GIEWS-Ghana
2023-10-30,tomatoes,Juaboso,Juaboso Weekly Market,4.15,GHS,WFP-GIEWS-Ghana
2023-11-06,tomatoes,Juaboso,Juaboso Weekly Market,3.79,GHS,WFP-GIEWS-Ghana
2023-11-13,tomatoes,Juaboso,Juaboso Weekly Market,3.94,GHS,WFP-GIEWS-Ghana
2023-11-20,tomatoes,Juaboso,Juaboso Weekly Market,4.07,GHS,WFP-GIEWS-Ghana
2023-11-27,tomatoes,Juaboso,Juaboso Weekly Market,4.02,GHS,WFP-GIEWS-Ghana
2023-12-04,tomatoes,Juaboso,Juaboso Weekly Market,4.25,GHS,WFP-GIEWS-Ghana
2023-12-11,tomatoes,Juaboso,Juaboso Weekly Market,4.24,GHS,WFP-GIEWS-Ghana
2023-12-18,tomatoes,Juaboso,Juaboso Weekly Market,4.34,GHS,WFP-GIEWS-Ghana
2023-12-25,tomatoes,Juaboso,Juaboso Weekly Market,4.31,GHS,WFP-GIEWS-Ghana
2024-01-01,tomatoes,Juaboso,Juaboso Weekly Market,5.6,GHS,WFP-GIEWS-Ghana
2024-01-08,tomatoes,Juaboso,Juaboso Weekly Market,5.36,GHS,WFP-GIEWS-Ghana
2024-01-15,tomatoes,Juaboso,Juaboso Weekly Market,5.42,GHS,WFP-GIEWS-Ghana
2024-01-22,tomatoes,Juaboso,Juaboso Weekly Market,5.47,GHS,WFP-GIEWS-Ghana
2024-01-29,tomatoes,Juaboso,Juaboso Weekly Market,5.39,GHS,WFP-GIEWS-Ghana
2024-02-05,tomatoes,Juaboso,Juaboso Weekly Market,5.3,GHS,WFP-GIEWS-Ghana
2024-02-12,tomatoes,Juaboso,Juaboso Weekly Market,5.32,GHS,WFP-GIEWS-Ghana
2024-02-19,tomatoes,Juaboso,Juaboso Weekly Market,5.21,GHS,WFP-GIEWS-Ghana
2024-02-26,tomatoes,Juaboso,Juaboso Weekly Market,5.48,GHS,WFP-GIEWS-Ghana
2024-03-04,tomatoes,Juaboso,Juaboso Weekly Market,4.6,GHS,WFP-GIEWS-Ghana
2024-03-11,tomatoes,Juaboso,Juaboso Weekly Market,4.5,GHS,WFP-GIEWS-Ghana
2024-03-18,tomatoes,Juaboso,Juaboso Weekly Market,4.5,GHS,WFP-GIEWS-Ghana
2024-03-25,tomatoes,Juaboso,Juaboso Weekly Market,4.4,GHS,WFP-GIEWS-Ghana
2024-04-01,tomatoes,Juaboso,Juaboso Weekly Market,4.83,GHS,WFP-GIEWS-Ghana
2024-04-08,tomatoes,Juaboso,Juaboso Weekly Market,4.67,GHS,WFP-GIEWS-Ghana
2024-04-15,tomatoes,Juaboso,Juaboso Weekly Market,4.49,GHS,WFP-GIEWS-Ghana
2024-04-22,tomatoes,Juaboso,Juaboso Weekly Market,4.8,GHS,WFP-GIEWS-Ghana
2024-04-29,tomatoes,Juaboso,Juaboso Weekly Market,4.55,GHS,WFP-GIEWS-Ghana
2024-05-06,tomatoes,Juaboso,Juaboso Weekly Market,4.42,GHS,WFP-GIEWS-Ghana
2024-05-13,tomatoes,Juaboso,Juaboso Weekly Market,4.87,GHS,WFP-GIEWS-Ghana
2024-05-20,tomatoes,Juaboso,Juaboso Weekly Market,4.58,GHS,WFP-GIEWS-Ghana
2024-05-27,tomatoes,Juaboso,Juaboso Weekly Market,4.6,GHS,WFP-GIEWS-Ghana
2024-06-03,tomatoes,Juaboso,Juaboso Weekly Market,5.13,GHS,WFP-GIEWS-Ghana
2024-06-10,tomatoes,Juaboso,Juaboso Weekly Market,5.36,GHS,WFP-GIEWS-Ghana
2024-06-17,tomatoes,Juaboso,Juaboso Weekly Market,5.13,GHS,WFP-GIEWS-Ghana
2024-06-24,tomatoes,Juaboso,Juaboso Weekly Market,4.88,GHS,WFP-GIEWS-Ghana
2024-07-01,tomatoes,Juaboso,Juaboso Weekly Market,5.9,GHS,WFP-GIEWS-Ghana
2024-07-08,tomatoes,Juaboso,Juaboso Weekly Market,5.66,GHS,WFP-GIEWS-Ghana
2024-07-15,tomatoes,Juaboso,Juaboso Weekly Market,6.21,GHS,WFP-GIEWS-Ghana
2024-07-22,tomatoes,Juaboso,Juaboso Weekly Market,5.77,GHS,WFP-GIEWS-Ghana
2024-07-29,tomatoes,Juaboso,Juaboso Weekly Market,5.26,GHS,WFP-GIEWS-Ghana
2024-08-05,tomatoes,Juaboso,Juaboso Weekly Market,5.89,GHS,WFP-GIEWS-Ghana
2024-08-12,tomatoes,Juaboso,Juaboso Weekly Market,6.26,GHS,WFP-GIEWS-Ghana
2024-08-19,tomatoes,Juaboso,Juaboso Weekly Market,6.18,GHS,WFP-GIEWS-Ghana
2024-08-26,tomatoes,Juaboso,Juaboso Weekly Market,6.24,GHS,WFP-GIEWS-Ghana
2024-09-02,tomatoes,Juaboso,Juaboso Weekly Market,5.01,GHS,WFP-GIEWS-Ghana
2024-09-09,tomatoes,Juaboso,Juaboso Weekly Market,5.41,GHS,WFP-GIEWS-Ghana
2024-09-16,tomatoes,Juaboso,Juaboso Weekly Market,5.07,GHS,WFP-GIEWS-Ghana
2024-09-23,tomatoes,Juaboso,Juaboso Weekly Market,5.27,GHS,WFP-GIEWS-Ghana
2024-09-30,tomatoes,Juaboso,Juaboso Weekly Market,4.95,GHS,WFP-GIEWS-Ghana
2024-10-07,tomatoes,Juaboso,Juaboso Weekly Market,4.35,GHS,WFP-GIEWS-Ghana
2024-10-14,tomatoes,Juaboso,Juaboso Weekly Market,4.35,GHS,WFP-GIEWS-Ghana
2024-10-21,tomatoes,Juaboso,Juaboso Weekly Market,4.63,GHS,WFP-GIEWS-Ghana
2024-10-28,tomatoes,Juaboso,Juaboso Weekly Market,4.61,GHS,WFP-GIEWS-Ghana
2024-11-04,tomatoes,Juaboso,Juaboso Weekly Market,4.54,GHS,WFP-GIEWS-Ghana
2024-11-11,tomatoes,Juaboso,Juaboso Weekly Market,4.25,GHS,WFP-GIEWS-Ghana
2024-11-18,tomatoes,Juaboso,Juaboso Weekly Market,4.44,GHS,WFP-GIEWS-Ghana
2024-11-25,tomatoes,Juaboso,Juaboso Weekly Market,4.36,GHS,WFP-GIEWS-Ghana
2024-12-02,tomatoes,Juaboso,Juaboso Weekly Market,4.68,GHS,WFP-GIEWS-Ghana
2024-12-09,tomatoes,Juaboso,Juaboso Weekly Market,4.74,GHS,WFP-GIEWS-Ghana
2024-12-16,tomatoes,Juaboso,Juaboso Weekly Market,4.71,GHS,WFP-GIEWS-Ghana
2024-12-23,tomatoes,Juaboso,Juaboso Weekly Market,4.39,GHS,WFP-GIEWS-Ghana
2024-12-30,tomatoes,Juaboso,Juaboso Weekly Market,4.03,GHS,WFP-GIEWS-Ghana
2018-01-01,tomatoes,Sefwi Wiawso,Sefwi Wiawso District Market,3.8,GHS,WFP-GIEWS-Ghana
2018-01-08,tomatoes,Sefwi Wiawso,Sefwi Wiawso District Market,3.54,GHS,WFP-GIEWS-Ghana
2018-01-15,tomatoes,Sefwi Wiawso,Sefwi Wiawso District Market,3.49,GHS,WFP-GIEWS-Ghana
2018-01-22,tomatoes,Sefwi Wiawso,Sefwi Wiawso District Market,3.83,GHS,WFP-GIEWS-Ghana
2018-01-29,tomatoes,Sefwi Wiawso,Sefwi Wiawso District Market,3.78,GHS,WFP-GIEWS-Ghana
2018-02-05,tomatoes,Sefwi Wiawso,Sefwi Wiawso District Market,3.62,GHS,WFP-GIEWS-Ghana
2018-02-12,tomatoes,Sefwi Wiawso,Sefwi Wiawso District Market,3.58,GHS,WFP-GIEWS-Ghana
2018-02-19,tomatoes,Sefwi Wiawso,Sefwi Wiawso District Market,3.6,GHS,WFP-GIEWS-Ghana
2018-02-26,tomatoes,Sefwi Wiawso,Sefwi Wiawso District Market,3.65,GHS,WFP-GIEWS-Ghana
2018-03-05,tomatoes,Sefwi Wiawso,Sefwi Wiawso District Market,3.3,GHS,WFP-GIEWS-Ghana
2018-03-12,tomatoes,Sefwi Wiawso,Sefwi Wiawso District Market,3.16,GHS,WFP-GIEWS-Ghana
2018-03-19,tomatoes,Sefwi Wiawso,Sefwi Wiawso District Market,3.19,GHS,WFP-GIEWS-Ghana
2018-03-26,tomatoes,Sefwi Wiawso,Sefwi Wiawso District Market,3.25,GHS,WFP-GIEWS-Ghana
2018-04-02,tomatoes,Sefwi Wiawso,Sefwi Wiawso District Market,2.98,GHS,WFP-GIEWS-Ghana
2018-04-09,tomatoes,Sefwi Wiawso,Sefwi Wiawso District Market,3.22,GHS,WFP-GIEWS-Ghana
2018-04-16,tomatoes,Sefwi Wiawso,Sefwi Wiawso District Market,3.09,GHS,WFP-GIEWS-Ghana
2018-04-23,tomatoes,Sefwi Wiawso,Sefwi Wiawso District Market,2.81,GHS,WFP-GIEWS-Ghana
2018-04-30,tomatoes,Sefwi Wiawso,Sefwi Wiawso District Market,2.86,GHS,WFP-GIEWS-Ghana
2018-05-07,tomatoes,Sefwi Wiawso,Sefwi Wiawso District Market,3.02,GHS,WFP-GIEWS-Ghana
2018-05-14,tomatoes,Sefwi Wiawso,Sefwi Wiawso District Market,3.21,GHS,WFP-GIEWS-Ghana
2018-05-21,tomatoes,Sefwi Wiawso,Sefwi Wiawso District Market,3.16,GHS,WFP-GIEWS-Ghana
2018-05-28,tomatoes,Sefwi Wiawso,Sefwi Wiawso District Market,3.17,GHS,WFP-GIEWS-Ghana
2018-06-04,tomatoes,Sefwi Wiawso,Sefwi Wiawso District Market,3.71,GHS,WFP-GIEWS-Ghana
2018-06-11,tomatoes,Sefwi Wiawso,Sefwi Wiawso District Market,3.27,GHS,WFP-GIEWS-Ghana
2018-06-18,tomatoes,Sefwi Wiawso,Sefwi Wiawso District Market,3.44,GHS,WFP-GIEWS-Ghana
2018-06-25,tomatoes,Sefwi Wiawso,Sefwi Wiawso District Market,3.48,GHS,WFP-GIEWS-Ghana
2018-07-02,tomatoes,Sefwi Wiawso,Sefwi Wiawso District Market,3.76,GHS,WFP-GIEWS-Ghana
2018-07-09,tomatoes,Sefwi Wiawso,Sefwi Wiawso District Market,3.88,GHS,WFP-GIEWS-Ghana
2018-07-16,tomatoes,Sefwi Wiawso,Sefwi Wiawso District Market,3.63,GHS,WFP-GIEWS-Ghana
2018-07-23,tomatoes,Sefwi Wiawso,Sefwi Wiawso District Market,4.1,GHS,WFP-GIEWS-Ghana
2018-07-30,tomatoes,Sefwi Wiawso,Sefwi Wiawso District Market,3.77,GHS,WFP-GIEWS-Ghana
2018-08-06,tomatoes,Sefwi Wiawso,Sefwi Wiawso District Market,4.22,GHS,WFP-GIEWS-Ghana
2018-08-13,tomatoes,Sefwi Wiawso,Sefwi Wiawso District Market,3.9,GHS,WFP-GIEWS-Ghana
2018-08-20,tomatoes,Sefwi Wiawso,Sefwi Wiawso District Market,4.06,GHS,WFP-GIEWS-Ghana
2018-08-27,tomatoes,Sefwi Wiawso,Sefwi Wiawso District Market,3.89,GHS,WFP-GIEWS-Ghana
2018-09-03,tomatoes,Sefwi Wiawso,Sefwi Wiawso District Market,3.5,GHS,WFP-GIEWS-Ghana
2018-09-10,tomatoes,Sefwi Wiawso,Sefwi Wiawso District Market,3.42,GHS,WFP-GIEWS-Ghana
2018-09-17,tomatoes,Sefwi Wiawso,Sefwi Wiawso District Market,3.52,GHS,WFP-GIEWS-Ghana
2018-09-24,tomatoes,Sefwi Wiawso,Sefwi Wiawso District Market,3.55,GHS,WFP-GIEWS-Ghana
2018-10-01,tomatoes,Sefwi Wiawso,Sefwi Wiawso District Market,2.91,GHS,WFP-GIEWS-Ghana
2018-10-08,tomatoes,Sefwi Wiawso,Sefwi Wiawso District Market,2.98,GHS,WFP-GIEWS-Ghana
2018-10-15,tomatoes,Sefwi Wiawso,Sefwi Wiawso District Market,2.93,GHS,WFP-GIEWS-Ghana
2018-10-22,tomatoes,Sefwi Wiawso,Sefwi Wiawso District Market,3.28,GHS,WFP-GIEWS-Ghana
2018-10-29,tomatoes,Sefwi Wiawso,Sefwi Wiawso District Market,2.99,GHS,WFP-GIEWS-Ghana
2018-11-05,tomatoes,Sefwi Wiawso,Sefwi Wiawso District Market,3.21,GHS,WFP-GIEWS-Ghana
2018-11-12,tomatoes,Sefwi Wiawso,Sefwi Wiawso District Market,3.0,GHS,WFP-GIEWS-Ghana
2018-11-19,tomatoes,Sefwi Wiawso,Sefwi Wiawso District Market,3.05,GHS,WFP-GIEWS-Ghana
2018-11-26,tomatoes,Sefwi Wiawso,Sefwi Wiawso District Market,2.86,GHS,WFP-GIEWS-Ghana
2018-12-03,tomatoes,Sefwi Wiawso,Sefwi Wiawso District Market,2.98,GHS,WFP-GIEWS-Ghana
2018-12-10,tomatoes,Sefwi Wiawso,Sefwi Wiawso District Market,3.06,GHS,WFP-GIEWS-Ghana
2018-12-17,tomatoes,Sefwi Wiawso,Sefwi Wiawso District Market,3.23,GHS,WFP-GIEWS-Ghana
2018-12-24,tomatoes,Sefwi Wiawso,Sefwi Wiawso District Market,3.07,GHS,WFP-GIEWS-Ghana
2018-12-31,tomatoes,Sefwi Wiawso,Sefwi Wiawso District Market,3.21,GHS,WFP-GIEWS-Ghana
2019-01-07,tomatoes,Sefwi Wiawso,Sefwi Wiawso District Market,3.99,GHS,WFP-GIEWS-Ghana
2019-01-14,tomatoes,Sefwi Wiawso,Sefwi Wiawso District Market,4.14,GHS,WFP-GIEWS-Ghana
2019-01-21,tomatoes,Sefwi Wiawso,Sefwi Wiawso District Market,3.88,GHS,WFP-GIEWS-Ghana
2019-01-28,tomatoes,Sefwi Wiawso,Sefwi Wiawso District Market,4.26,GHS,WFP-GIEWS-Ghana
2019-02-04,tomatoes,Sefwi Wiawso,Sefwi Wiawso District Market,3.83,GHS,WFP-GIEWS-Ghana
2019-02-11,tomatoes,Sefwi Wiawso,Sefwi Wiawso District Market,3.79,GHS,WFP-GIEWS-Ghana
2019-02-18,tomatoes,Sefwi Wiawso,Sefwi Wiawso District Market,3.72,GHS,WFP-GIEWS-Ghana
2019-02-25,tomatoes,Sefwi Wiawso,Sefwi Wiawso District Market,4.28,GHS,WFP-GIEWS-Ghana
2019-03-04,tomatoes,Sefwi Wiawso,Sefwi Wiawso District Market,3.46,GHS,WFP-GIEWS-Ghana
2019-03-11,tomatoes,Sefwi Wiawso,Sefwi Wiawso District Market,3.31,GHS,WFP-GIEWS-Ghana
2019-03-18,tomatoes,Sefwi Wiawso,Sefwi Wiawso District Market,3.52,GHS,WFP-GIEWS-Ghana
2019-03-25,tomatoes,Sefwi Wiawso,Sefwi Wiawso District Market,3.44,GHS,WFP-GIEWS-Ghana
2019-04-01,tomatoes,Sefwi Wiawso,Sefwi Wiawso District Market,3.64,GHS,WFP-GIEWS-Ghana
2019-04-08,tomatoes,Sefwi Wiawso,Sefwi Wiawso District Market,3.17,GHS,WFP-GIEWS-Ghana
2019-04-15,tomatoes,Sefwi Wiawso,Sefwi Wiawso District Market,3.34,GHS,WFP-GIEWS-Ghana
2019-04-22,tomatoes,Sefwi Wiawso,Sefwi Wiawso District Market,3.31,GHS,WFP-GIEWS-Ghana
2019-04-29,tomatoes,Sefwi Wiawso,Sefwi Wiawso District Market,3.11,GHS,WFP-GIEWS-Ghana
2019-05-06,tomatoes,Sefwi Wiawso,Sefwi Wiawso District Market,3.54,GHS,WFP-GIEWS-Ghana
2019-05-13,tomatoes,Sefwi Wiawso,Sefwi Wiawso District Market,3.36,GHS,WFP-GIEWS-Ghana
2019-05-20,tomatoes,Sefwi Wiawso,Sefwi Wiawso District Market,3.5,GHS,WFP-GIEWS-Ghana
2019-05-27,tomatoes,Sefwi Wiawso,Sefwi Wiawso District Market,3.72,GHS,WFP-GIEWS-Ghana
2019-06-03,tomatoes,Sefwi Wiawso,Sefwi Wiawso District Market,3.66,GHS,WFP-GIEWS-Ghana
2019-06-10,tomatoes,Sefwi Wiawso,Sefwi Wiawso District Market,3.65,GHS,WFP-GIEWS-Ghana
2019-06-17,tomatoes,Sefwi Wiawso,Sefwi Wiawso District Market,3.73,GHS,WFP-GIEWS-Ghana
2019-06-24,tomatoes,Sefwi Wiawso,Sefwi Wiawso District Market,3.86,GHS,WFP-GIEWS-Ghana
2019-07-01,tomatoes,Sefwi Wiawso,Sefwi Wiawso District Market,4.09,GHS,WFP-GIEWS-Ghana
2019-07-08,tomatoes,Sefwi Wiawso,Sefwi Wiawso District Market,4.08,GHS,WFP-GIEWS-Ghana
2019-07-15,tomatoes,Sefwi Wiawso,Sefwi Wiawso District Market,4.36,GHS,WFP-GIEWS-Ghana
2019-07-22,tomatoes,Sefwi Wiawso,Sefwi Wiawso District Market,4.25,GHS,WFP-GIEWS-Ghana
2019-07-29,tomatoes,Sefwi Wiawso,Sefwi Wiawso District Market,3.85,GHS,WFP-GIEWS-Ghana
2019-08-05,tomatoes,Sefwi Wiawso,Sefwi Wiawso District Market,4.01,GHS,WFP-GIEWS-Ghana
2019-08-12,tomatoes,Sefwi Wiawso,Sefwi Wiawso District Market,4.47,GHS,WFP-GIEWS-Ghana
2019-08-19,tomatoes,Sefwi Wiawso,Sefwi Wiawso District Market,4.28,GHS,WFP-GIEWS-Ghana
2019-08-26,tomatoes,Sefwi Wiawso,Sefwi Wiawso District Market,4.09,GHS,WFP-GIEWS-Ghana
2019-09-02,tomatoes,Sefwi Wiawso,Sefwi Wiawso District Market,3.76,GHS,WFP-GIEWS-Ghana
2019-09-09,tomatoes,Sefwi Wiawso,Sefwi Wiawso District Market,3.79,GHS,WFP-GIEWS-Ghana
2019-09-16,tomatoes,Sefwi Wiawso,Sefwi Wiawso District Market,3.9,GHS,WFP-GIEWS-Ghana
2019-09-23,tomatoes,Sefwi Wiawso,Sefwi Wiawso District Market,3.58,GHS,WFP-GIEWS-Ghana
2019-09-30,tomatoes,Sefwi Wiawso,Sefwi Wiawso District Market,3.66,GHS,WFP-GIEWS-Ghana
2019-10-07,tomatoes,Sefwi Wiawso,Sefwi Wiawso District Market,3.28,GHS,WFP-GIEWS-Ghana
2019-10-14,tomatoes,Sefwi Wiawso,Sefwi Wiawso District Market,3.23,GHS,WFP-GIEWS-Ghana
2019-10-21,tomatoes,Sefwi Wiawso,Sefwi Wiawso District Market,3.31,GHS,WFP-GIEWS-Ghana
2019-10-28,tomatoes,Sefwi Wiawso,Sefwi Wiawso District Market,3.08,GHS,WFP-GIEWS-Ghana
2019-11-04,tomatoes,Sefwi Wiawso,Sefwi Wiawso District Market,3.31,GHS,WFP-GIEWS-Ghana
2019-11-11,tomatoes,Sefwi Wiawso,Sefwi Wiawso District Market,3.4,GHS,WFP-GIEWS-Ghana
2019-11-18,tomatoes,Sefwi Wiawso,Sefwi Wiawso District Market,3.32,GHS,WFP-GIEWS-Ghana
2019-11-25,tomatoes,Sefwi Wiawso,Sefwi Wiawso District Market,3.28,GHS,WFP-GIEWS-Ghana
2019-12-02,tomatoes,Sefwi Wiawso,Sefwi Wiawso District Market,3.27,GHS,WFP-GIEWS-Ghana
2019-12-09,tomatoes,Sefwi Wiawso,Sefwi Wiawso District Market,3.17,GHS,WFP-GIEWS-Ghana
2019-12-16,tomatoes,Sefwi Wiawso,Sefwi Wiawso District Market,3.27,GHS,WFP-GIEWS-Ghana
2019-12-23,tomatoes,Sefwi Wiawso,Sefwi Wiawso District Market,3.45,GHS,WFP-GIEWS-Ghana
2019-12-30,tomatoes,Sefwi Wiawso,Sefwi Wiawso District Market,3.27,GHS,WFP-GIEWS-Ghana
2020-01-06,tomatoes,Sefwi Wiawso,Sefwi Wiawso District Market,4.05,GHS,WFP-GIEWS-Ghana
2020-01-13,tomatoes,Sefwi Wiawso,Sefwi Wiawso District Market,4.11,GHS,WFP-GIEWS-Ghana
2020-01-20,tomatoes,Sefwi Wiawso,Sefwi Wiawso District Market,4.23,GHS,WFP-GIEWS-Ghana
2020-01-27,tomatoes,Sefwi Wiawso,Sefwi Wiawso District Market,4.13,GHS,WFP-GIEWS-Ghana
2020-02-03,tomatoes,Sefwi Wiawso,Sefwi Wiawso District Market,4.31,GHS,WFP-GIEWS-Ghana
2020-02-10,tomatoes,Sefwi Wiawso,Sefwi Wiawso District Market,4.31,GHS,WFP-GIEWS-Ghana
2020-02-17,tomatoes,Sefwi Wiawso,Sefwi Wiawso District Market,4.37,GHS,WFP-GIEWS-Ghana
2020-02-24,tomatoes,Sefwi Wiawso,Sefwi Wiawso District Market,4.46,GHS,WFP-GIEWS-Ghana
2020-03-02,tomatoes,Sefwi Wiawso,Sefwi Wiawso District Market,3.77,GHS,WFP-GIEWS-Ghana
2020-03-09,tomatoes,Sefwi Wiawso,Sefwi Wiawso District Market,3.49,GHS,WFP-GIEWS-Ghana
2020-03-16,tomatoes,Sefwi Wiawso,Sefwi Wiawso District Market,3.49,GHS,WFP-GIEWS-Ghana
2020-03-23,tomatoes,Sefwi Wiawso,Sefwi Wiawso District Market,3.61,GHS,WFP-GIEWS-Ghana
2020-03-30,tomatoes,Sefwi Wiawso,Sefwi Wiawso District Market,3.56,GHS,WFP-GIEWS-Ghana
2020-04-06,tomatoes,Sefwi Wiawso,Sefwi Wiawso District Market,3.48,GHS,WFP-GIEWS-Ghana
2020-04-13,tomatoes,Sefwi Wiawso,Sefwi Wiawso District Market,3.58,GHS,WFP-GIEWS-Ghana
2020-04-20,tomatoes,Sefwi Wiawso,Sefwi Wiawso District Market,3.58,GHS,WFP-GIEWS-Ghana
2020-04-27,tomatoes,Sefwi Wiawso,Sefwi Wiawso District Market,3.55,GHS,WFP-GIEWS-Ghana
2020-05-04,tomatoes,Sefwi Wiawso,Sefwi Wiawso District Market,3.62,GHS,WFP-GIEWS-Ghana
2020-05-11,tomatoes,Sefwi Wiawso,Sefwi Wiawso District Market,3.84,GHS,WFP-GIEWS-Ghana
2020-05-18,tomatoes,Sefwi Wiawso,Sefwi Wiawso District Market,3.7,GHS,WFP-GIEWS-Ghana
2020-05-25,tomatoes,Sefwi Wiawso,Sefwi Wiawso District Market,4.03,GHS,WFP-GIEWS-Ghana
2020-06-01,tomatoes,Sefwi Wiawso,Sefwi Wiawso District Market,4.04,GHS,WFP-GIEWS-Ghana
2020-06-08,tomatoes,Sefwi Wiawso,Sefwi Wiawso District Market,3.97,GHS,WFP-GIEWS-Ghana
2020-06-15,tomatoes,Sefwi Wiawso,Sefwi Wiawso District Market,4.01,GHS,WFP-GIEWS-Ghana
2020-06-22,tomatoes,Sefwi Wiawso,Sefwi Wiawso District Market,4.05,GHS,WFP-GIEWS-Ghana
2020-06-29,tomatoes,Sefwi Wiawso,Sefwi Wiawso District Market,4.08,GHS,WFP-GIEWS-Ghana
2020-07-06,tomatoes,Sefwi Wiawso,Sefwi Wiawso District Market,4.9,GHS,WFP-GIEWS-Ghana
2020-07-13,tomatoes,Sefwi Wiawso,Sefwi Wiawso District Market,4.37,GHS,WFP-GIEWS-Ghana
2020-07-20,tomatoes,Sefwi Wiawso,Sefwi Wiawso District Market,4.68,GHS,WFP-GIEWS-Ghana
2020-07-27,tomatoes,Sefwi Wiawso,Sefwi Wiawso District Market,4.56,GHS,WFP-GIEWS-Ghana
2020-08-03,tomatoes,Sefwi Wiawso,Sefwi Wiawso District Market,4.27,GHS,WFP-GIEWS-Ghana
2020-08-10,tomatoes,Sefwi Wiawso,Sefwi Wiawso District Market,4.69,GHS,WFP-GIEWS-Ghana
2020-08-17,tomatoes,Sefwi Wiawso,Sefwi Wiawso District Market,4.78,GHS,WFP-GIEWS-Ghana
2020-08-24,tomatoes,Sefwi Wiawso,Sefwi Wiawso District Market,4.4,GHS,WFP-GIEWS-Ghana
2020-08-31,tomatoes,Sefwi Wiawso,Sefwi Wiawso District Market,4.55,GHS,WFP-GIEWS-Ghana
2020-09-07,tomatoes,Sefwi Wiawso,Sefwi Wiawso District Market,3.81,GHS,WFP-GIEWS-Ghana
2020-09-14,tomatoes,Sefwi Wiawso,Sefwi Wiawso District Market,3.88,GHS,WFP-GIEWS-Ghana
2020-09-21,tomatoes,Sefwi Wiawso,Sefwi Wiawso District Market,4.26,GHS,WFP-GIEWS-Ghana
2020-09-28,tomatoes,Sefwi Wiawso,Sefwi Wiawso District Market,4.01,GHS,WFP-GIEWS-Ghana
2020-10-05,tomatoes,Sefwi Wiawso,Sefwi Wiawso District Market,3.34,GHS,WFP-GIEWS-Ghana
2020-10-12,tomatoes,Sefwi Wiawso,Sefwi Wiawso District Market,3.53,GHS,WFP-GIEWS-Ghana
2020-10-19,tomatoes,Sefwi Wiawso,Sefwi Wiawso District Market,3.43,GHS,WFP-GIEWS-Ghana
2020-10-26,tomatoes,Sefwi Wiawso,Sefwi Wiawso District Market,3.43,GHS,WFP-GIEWS-Ghana
2020-11-02,tomatoes,Sefwi Wiawso,Sefwi Wiawso District Market,3.63,GHS,WFP-GIEWS-Ghana
2020-11-09,tomatoes,Sefwi Wiawso,Sefwi Wiawso District Market,3.36,GHS,WFP-GIEWS-Ghana
2020-11-16,tomatoes,Sefwi Wiawso,Sefwi Wiawso District Market,3.39,GHS,WFP-GIEWS-Ghana
2020-11-23,tomatoes,Sefwi Wiawso,Sefwi Wiawso District Market,3.54,GHS,WFP-GIEWS-Ghana
2020-11-30,tomatoes,Sefwi Wiawso,Sefwi Wiawso District Market,3.66,GHS,WFP-GIEWS-Ghana
2020-12-07,tomatoes,Sefwi Wiawso,Sefwi Wiawso District Market,3.72,GHS,WFP-GIEWS-Ghana
2020-12-14,tomatoes,Sefwi Wiawso,Sefwi Wiawso District Market,3.45,GHS,WFP-GIEWS-Ghana
2020-12-21,tomatoes,Sefwi Wiawso,Sefwi Wiawso District Market,3.68,GHS,WFP-GIEWS-Ghana
2020-12-28,tomatoes,Sefwi Wiawso,Sefwi Wiawso District Market,3.43,GHS,WFP-GIEWS-Ghana
2021-01-04,tomatoes,Sefwi Wiawso,Sefwi Wiawso District Market,4.86,GHS,WFP-GIEWS-Ghana
2021-01-11,tomatoes,Sefwi Wiawso,Sefwi Wiawso District Market,4.33,GHS,WFP-GIEWS-Ghana
2021-01-18,tomatoes,Sefwi Wiawso,Sefwi Wiawso District Market,4.77,GHS,WFP-GIEWS-Ghana
2021-01-25,tomatoes,Sefwi Wiawso,Sefwi Wiawso District Market,4.41,GHS,WFP-GIEWS-Ghana
2021-02-01,tomatoes,Sefwi Wiawso,Sefwi Wiawso District Market,4.93,GHS,WFP-GIEWS-Ghana
2021-02-08,tomatoes,Sefwi Wiawso,Sefwi Wiawso District Market,4.67,GHS,WFP-GIEWS-Ghana
2021-02-15,tomatoes,Sefwi Wiawso,Sefwi Wiawso District Market,4.38,GHS,WFP-GIEWS-Ghana
2021-02-22,tomatoes,Sefwi Wiawso,Sefwi Wiawso District Market,4.47,GHS,WFP-GIEWS-Ghana
2021-03-01,tomatoes,Sefwi Wiawso,Sefwi Wiawso District Market,4.03,GHS,WFP-GIEWS-Ghana
2021-03-08,tomatoes,Sefwi Wiawso,Sefwi Wiawso District Market,4.08,GHS,WFP-GIEWS-Ghana
2021-03-15,tomatoes,Sefwi Wiawso,Sefwi Wiawso District Market,3.9,GHS,WFP-GIEWS-Ghana
2021-03-22,tomatoes,Sefwi Wiawso,Sefwi Wiawso District Market,3.92,GHS,WFP-GIEWS-Ghana
2021-03-29,tomatoes,Sefwi Wiawso,Sefwi Wiawso District Market,4.03,GHS,WFP-GIEWS-Ghana
2021-04-05,tomatoes,Sefwi Wiawso,Sefwi Wiawso District Market,3.96,GHS,WFP-GIEWS-Ghana
2021-04-12,tomatoes,Sefwi Wiawso,Sefwi Wiawso District Market,3.73,GHS,WFP-GIEWS-Ghana
2021-04-19,tomatoes,Sefwi Wiawso,Sefwi Wiawso District Market,3.81,GHS,WFP-GIEWS-Ghana
2021-04-26,tomatoes,Sefwi Wiawso,Sefwi Wiawso District Market,3.97,GHS,WFP-GIEWS-Ghana
2021-05-03,tomatoes,Sefwi Wiawso,Sefwi Wiawso District Market,4.15,GHS,WFP-GIEWS-Ghana
2021-05-10,tomatoes,Sefwi Wiawso,Sefwi Wiawso District Market,4.22,GHS,WFP-GIEWS-Ghana
2021-05-17,tomatoes,Sefwi Wiawso,Sefwi Wiawso District Market,4.08,GHS,WFP-GIEWS-Ghana
2021-05-24,tomatoes,Sefwi Wiawso,Sefwi Wiawso District Market,4.01,GHS,WFP-GIEWS-Ghana
2021-05-31,tomatoes,Sefwi Wiawso,Sefwi Wiawso District Market,4.08,GHS,WFP-GIEWS-Ghana
2021-06-07,tomatoes,Sefwi Wiawso,Sefwi Wiawso District Market,4.22,GHS,WFP-GIEWS-Ghana
2021-06-14,tomatoes,Sefwi Wiawso,Sefwi Wiawso District Market,4.31,GHS,WFP-GIEWS-Ghana
2021-06-21,tomatoes,Sefwi Wiawso,Sefwi Wiawso District Market,4.19,GHS,WFP-GIEWS-Ghana
2021-06-28,tomatoes,Sefwi Wiawso,Sefwi Wiawso District Market,4.12,GHS,WFP-GIEWS-Ghana
2021-07-05,tomatoes,Sefwi Wiawso,Sefwi Wiawso District Market,4.95,GHS,WFP-GIEWS-Ghana
2021-07-12,tomatoes,Sefwi Wiawso,Sefwi Wiawso District Market,4.92,GHS,WFP-GIEWS-Ghana
2021-07-19,tomatoes,Sefwi Wiawso,Sefwi Wiawso District Market,5.02,GHS,WFP-GIEWS-Ghana
2021-07-26,tomatoes,Sefwi Wiawso,Sefwi Wiawso District Market,4.99,GHS,WFP-GIEWS-Ghana
2021-08-02,tomatoes,Sefwi Wiawso,Sefwi Wiawso District Market,4.96,GHS,WFP-GIEWS-Ghana
2021-08-09,tomatoes,Sefwi Wiawso,Sefwi Wiawso District Market,5.03,GHS,WFP-GIEWS-Ghana
2021-08-16,tomatoes,Sefwi Wiawso,Sefwi Wiawso District Market,4.91,GHS,WFP-GIEWS-Ghana
2021-08-23,tomatoes,Sefwi Wiawso,Sefwi Wiawso District Market,5.0,GHS,WFP-GIEWS-Ghana
2021-08-30,tomatoes,Sefwi Wiawso,Sefwi Wiawso District Market,4.77,GHS,WFP-GIEWS-Ghana
2021-09-06,tomatoes,Sefwi Wiawso,Sefwi Wiawso District Market,4.48,GHS,WFP-GIEWS-Ghana
2021-09-13,tomatoes,Sefwi Wiawso,Sefwi Wiawso District Market,4.54,GHS,WFP-GIEWS-Ghana
2021-09-20,tomatoes,Sefwi Wiawso,Sefwi Wiawso District Market,4.3,GHS,WFP-GIEWS-Ghana
2021-09-27,tomatoes,Sefwi Wiawso,Sefwi Wiawso District Market,4.43,GHS,WFP-GIEWS-Ghana
2021-10-04,tomatoes,Sefwi Wiawso,Sefwi Wiawso District Market,3.68,GHS,WFP-GIEWS-Ghana
2021-10-11,tomatoes,Sefwi Wiawso,Sefwi Wiawso District Market,3.7,GHS,WFP-GIEWS-Ghana
2021-10-18,tomatoes,Sefwi Wiawso,Sefwi Wiawso District Market,3.61,GHS,WFP-GIEWS-Ghana
2021-10-25,tomatoes,Sefwi Wiawso,Sefwi Wiawso District Market,3.97,GHS,WFP-GIEWS-Ghana
2021-11-01,tomatoes,Sefwi Wiawso,Sefwi Wiawso District Market,3.97,GHS,WFP-GIEWS-Ghana
2021-11-08,tomatoes,Sefwi Wiawso,Sefwi Wiawso District Market,3.89,GHS,WFP-GIEWS-Ghana
2021-11-15,tomatoes,Sefwi Wiawso,Sefwi Wiawso District Market,4.1,GHS,WFP-GIEWS-Ghana
2021-11-22,tomatoes,Sefwi Wiawso,Sefwi Wiawso District Market,3.77,GHS,WFP-GIEWS-Ghana
2021-11-29,tomatoes,Sefwi Wiawso,Sefwi Wiawso District Market,4.26,GHS,WFP-GIEWS-Ghana
2021-12-06,tomatoes,Sefwi Wiawso,Sefwi Wiawso District Market,3.79,GHS,WFP-GIEWS-Ghana
2021-12-13,tomatoes,Sefwi Wiawso,Sefwi Wiawso District Market,3.87,GHS,WFP-GIEWS-Ghana
2021-12-20,tomatoes,Sefwi Wiawso,Sefwi Wiawso District Market,3.77,GHS,WFP-GIEWS-Ghana
2021-12-27,tomatoes,Sefwi Wiawso,Sefwi Wiawso District Market,3.88,GHS,WFP-GIEWS-Ghana
2022-01-03,tomatoes,Sefwi Wiawso,Sefwi Wiawso District Market,5.06,GHS,WFP-GIEWS-Ghana
2022-01-10,tomatoes,Sefwi Wiawso,Sefwi Wiawso District Market,4.87,GHS,WFP-GIEWS-Ghana
2022-01-17,tomatoes,Sefwi Wiawso,Sefwi Wiawso District Market,5.24,GHS,WFP-GIEWS-Ghana
2022-01-24,tomatoes,Sefwi Wiawso,Sefwi Wiawso District Market,4.94,GHS,WFP-GIEWS-Ghana
2022-01-31,tomatoes,Sefwi Wiawso,Sefwi Wiawso District Market,4.95,GHS,WFP-GIEWS-Ghana
2022-02-07,tomatoes,Sefwi Wiawso,Sefwi Wiawso District Market,4.75,GHS,WFP-GIEWS-Ghana
2022-02-14,tomatoes,Sefwi Wiawso,Sefwi Wiawso District Market,5.01,GHS,WFP-GIEWS-Ghana
2022-02-21,tomatoes,Sefwi Wiawso,Sefwi Wiawso District Market,4.9,GHS,WFP-GIEWS-Ghana
2022-02-28,tomatoes,Sefwi Wiawso,Sefwi Wiawso District Market,4.81,GHS,WFP-GIEWS-Ghana
2022-03-07,tomatoes,Sefwi Wiawso,Sefwi Wiawso District Market,4.09,GHS,WFP-GIEWS-Ghana
2022-03-14,tomatoes,Sefwi Wiawso,Sefwi Wiawso District Market,4.67,GHS,WFP-GIEWS-Ghana
2022-03-21,tomatoes,Sefwi Wiawso,Sefwi Wiawso District Market,4.18,GHS,WFP-GIEWS-Ghana
2022-03-28,tomatoes,Sefwi Wiawso,Sefwi Wiawso District Market,3.98,GHS,WFP-GIEWS-Ghana
2022-04-04,tomatoes,Sefwi Wiawso,Sefwi Wiawso District Market,4.13,GHS,WFP-GIEWS-Ghana
2022-04-11,tomatoes,Sefwi Wiawso,Sefwi Wiawso District Market,4.24,GHS,WFP-GIEWS-Ghana
2022-04-18,tomatoes,Sefwi Wiawso,Sefwi Wiawso District Market,4.34,GHS,WFP-GIEWS-Ghana
2022-04-25,tomatoes,Sefwi Wiawso,Sefwi Wiawso District Market,4.35,GHS,WFP-GIEWS-Ghana
2022-05-02,tomatoes,Sefwi Wiawso,Sefwi Wiawso District Market,4.39,GHS,WFP-GIEWS-Ghana
2022-05-09,tomatoes,Sefwi Wiawso,Sefwi Wiawso District Market,4.17,GHS,WFP-GIEWS-Ghana
2022-05-16,tomatoes,Sefwi Wiawso,Sefwi Wiawso District Market,4.34,GHS,WFP-GIEWS-Ghana
2022-05-23,tomatoes,Sefwi Wiawso,Sefwi Wiawso District Market,4.13,GHS,WFP-GIEWS-Ghana
2022-05-30,tomatoes,Sefwi Wiawso,Sefwi Wiawso District Market,4.17,GHS,WFP-GIEWS-Ghana
2022-06-06,tomatoes,Sefwi Wiawso,Sefwi Wiawso District Market,4.51,GHS,WFP-GIEWS-Ghana
2022-06-13,tomatoes,Sefwi Wiawso,Sefwi Wiawso District Market,4.46,GHS,WFP-GIEWS-Ghana
2022-06-20,tomatoes,Sefwi Wiawso,Sefwi Wiawso District Market,4.88,GHS,WFP-GIEWS-Ghana
2022-06-27,tomatoes,Sefwi Wiawso,Sefwi Wiawso District Market,4.81,GHS,WFP-GIEWS-Ghana
2022-07-04,tomatoes,Sefwi Wiawso,Sefwi Wiawso District Market,5.48,GHS,WFP-GIEWS-Ghana
2022-07-11,tomatoes,Sefwi Wiawso,Sefwi Wiawso District Market,5.28,GHS,WFP-GIEWS-Ghana
2022-07-18,tomatoes,Sefwi Wiawso,Sefwi Wiawso District Market,5.44,GHS,WFP-GIEWS-Ghana
2022-07-25,tomatoes,Sefwi Wiawso,Sefwi Wiawso District Market,4.9,GHS,WFP-GIEWS-Ghana
2022-08-01,tomatoes,Sefwi Wiawso,Sefwi Wiawso District Market,5.49,GHS,WFP-GIEWS-Ghana
2022-08-08,tomatoes,Sefwi Wiawso,Sefwi Wiawso District Market,5.35,GHS,WFP-GIEWS-Ghana
2022-08-15,tomatoes,Sefwi Wiawso,Sefwi Wiawso District Market,5.44,GHS,WFP-GIEWS-Ghana
2022-08-22,tomatoes,Sefwi Wiawso,Sefwi Wiawso District Market,5.39,GHS,WFP-GIEWS-Ghana
2022-08-29,tomatoes,Sefwi Wiawso,Sefwi Wiawso District Market,5.1,GHS,WFP-GIEWS-Ghana
2022-09-05,tomatoes,Sefwi Wiawso,Sefwi Wiawso District Market,4.49,GHS,WFP-GIEWS-Ghana
2022-09-12,tomatoes,Sefwi Wiawso,Sefwi Wiawso District Market,4.64,GHS,WFP-GIEWS-Ghana
2022-09-19,tomatoes,Sefwi Wiawso,Sefwi Wiawso District Market,4.88,GHS,WFP-GIEWS-Ghana
2022-09-26,tomatoes,Sefwi Wiawso,Sefwi Wiawso District Market,4.9,GHS,WFP-GIEWS-Ghana
2022-10-03,tomatoes,Sefwi Wiawso,Sefwi Wiawso District Market,3.86,GHS,WFP-GIEWS-Ghana
2022-10-10,tomatoes,Sefwi Wiawso,Sefwi Wiawso District Market,3.92,GHS,WFP-GIEWS-Ghana
2022-10-17,tomatoes,Sefwi Wiawso,Sefwi Wiawso District Market,3.96,GHS,WFP-GIEWS-Ghana
2022-10-24,tomatoes,Sefwi Wiawso,Sefwi Wiawso District Market,4.02,GHS,WFP-GIEWS-Ghana
2022-10-31,tomatoes,Sefwi Wiawso,Sefwi Wiawso District Market,3.86,GHS,WFP-GIEWS-Ghana
2022-11-07,tomatoes,Sefwi Wiawso,Sefwi Wiawso District Market,3.87,GHS,WFP-GIEWS-Ghana
2022-11-14,tomatoes,Sefwi Wiawso,Sefwi Wiawso District Market,3.97,GHS,WFP-GIEWS-Ghana
2022-11-21,tomatoes,Sefwi Wiawso,Sefwi Wiawso District Market,4.12,GHS,WFP-GIEWS-Ghana
2022-11-28,tomatoes,Sefwi Wiawso,Sefwi Wiawso District Market,3.91,GHS,WFP-GIEWS-Ghana
2022-12-05,tomatoes,Sefwi Wiawso,Sefwi Wiawso District Market,4.11,GHS,WFP-GIEWS-Ghana
2022-12-12,tomatoes,Sefwi Wiawso,Sefwi Wiawso District Market,4.31,GHS,WFP-GIEWS-Ghana
2022-12-19,tomatoes,Sefwi Wiawso,Sefwi Wiawso District Market,3.92,GHS,WFP-GIEWS-Ghana
2022-12-26,tomatoes,Sefwi Wiawso,Sefwi Wiawso District Market,4.1,GHS,WFP-GIEWS-Ghana
2023-01-02,tomatoes,Sefwi Wiawso,Sefwi Wiawso District Market,5.5,GHS,WFP-GIEWS-Ghana
2023-01-09,tomatoes,Sefwi Wiawso,Sefwi Wiawso District Market,5.2,GHS,WFP-GIEWS-Ghana
2023-01-16,tomatoes,Sefwi Wiawso,Sefwi Wiawso District Market,5.17,GHS,WFP-GIEWS-Ghana
2023-01-23,tomatoes,Sefwi Wiawso,Sefwi Wiawso District Market,5.53,GHS,WFP-GIEWS-Ghana
2023-01-30,tomatoes,Sefwi Wiawso,Sefwi Wiawso District Market,5.22,GHS,WFP-GIEWS-Ghana
2023-02-06,tomatoes,Sefwi Wiawso,Sefwi Wiawso District Market,5.56,GHS,WFP-GIEWS-Ghana
2023-02-13,tomatoes,Sefwi Wiawso,Sefwi Wiawso District Market,5.41,GHS,WFP-GIEWS-Ghana
2023-02-20,tomatoes,Sefwi Wiawso,Sefwi Wiawso District Market,5.25,GHS,WFP-GIEWS-Ghana
2023-02-27,tomatoes,Sefwi Wiawso,Sefwi Wiawso District Market,5.42,GHS,WFP-GIEWS-Ghana
2023-03-06,tomatoes,Sefwi Wiawso,Sefwi Wiawso District Market,4.62,GHS,WFP-GIEWS-Ghana
2023-03-13,tomatoes,Sefwi Wiawso,Sefwi Wiawso District Market,4.75,GHS,WFP-GIEWS-Ghana
2023-03-20,tomatoes,Sefwi Wiawso,Sefwi Wiawso District Market,4.46,GHS,WFP-GIEWS-Ghana
2023-03-27,tomatoes,Sefwi Wiawso,Sefwi Wiawso District Market,4.57,GHS,WFP-GIEWS-Ghana
2023-04-03,tomatoes,Sefwi Wiawso,Sefwi Wiawso District Market,4.58,GHS,WFP-GIEWS-Ghana
2023-04-10,tomatoes,Sefwi Wiawso,Sefwi Wiawso District Market,4.72,GHS,WFP-GIEWS-Ghana
2023-04-17,tomatoes,Sefwi Wiawso,Sefwi Wiawso District Market,4.4,GHS,WFP-GIEWS-Ghana
2023-04-24,tomatoes,Sefwi Wiawso,Sefwi Wiawso District Market,4.78,GHS,WFP-GIEWS-Ghana
2023-05-01,tomatoes,Sefwi Wiawso,Sefwi Wiawso District Market,4.71,GHS,WFP-GIEWS-Ghana
2023-05-08,tomatoes,Sefwi Wiawso,Sefwi Wiawso District Market,4.38,GHS,WFP-GIEWS-Ghana
2023-05-15,tomatoes,Sefwi Wiawso,Sefwi Wiawso District Market,4.84,GHS,WFP-GIEWS-Ghana
2023-05-22,tomatoes,Sefwi Wiawso,Sefwi Wiawso District Market,5.03,GHS,WFP-GIEWS-Ghana
2023-05-29,tomatoes,Sefwi Wiawso,Sefwi Wiawso District Market,4.81,GHS,WFP-GIEWS-Ghana
2023-06-05,tomatoes,Sefwi Wiawso,Sefwi Wiawso District Market,5.34,GHS,WFP-GIEWS-Ghana
2023-06-12,tomatoes,Sefwi Wiawso,Sefwi Wiawso District Market,5.07,GHS,WFP-GIEWS-Ghana
2023-06-19,tomatoes,Sefwi Wiawso,Sefwi Wiawso District Market,4.72,GHS,WFP-GIEWS-Ghana
2023-06-26,tomatoes,Sefwi Wiawso,Sefwi Wiawso District Market,4.68,GHS,WFP-GIEWS-Ghana
2023-07-03,tomatoes,Sefwi Wiawso,Sefwi Wiawso District Market,5.76,GHS,WFP-GIEWS-Ghana
2023-07-10,tomatoes,Sefwi Wiawso,Sefwi Wiawso District Market,5.56,GHS,WFP-GIEWS-Ghana
2023-07-17,tomatoes,Sefwi Wiawso,Sefwi Wiawso District Market,5.49,GHS,WFP-GIEWS-Ghana
2023-07-24,tomatoes,Sefwi Wiawso,Sefwi Wiawso District Market,5.68,GHS,WFP-GIEWS-Ghana
2023-07-31,tomatoes,Sefwi Wiawso,Sefwi Wiawso District Market,5.84,GHS,WFP-GIEWS-Ghana
2023-08-07,tomatoes,Sefwi Wiawso,Sefwi Wiawso District Market,5.4,GHS,WFP-GIEWS-Ghana
2023-08-14,tomatoes,Sefwi Wiawso,Sefwi Wiawso District Market,5.63,GHS,WFP-GIEWS-Ghana
2023-08-21,tomatoes,Sefwi Wiawso,Sefwi Wiawso District Market,6.08,GHS,WFP-GIEWS-Ghana
2023-08-28,tomatoes,Sefwi Wiawso,Sefwi Wiawso District Market,5.49,GHS,WFP-GIEWS-Ghana
2023-09-04,tomatoes,Sefwi Wiawso,Sefwi Wiawso District Market,5.33,GHS,WFP-GIEWS-Ghana
2023-09-11,tomatoes,Sefwi Wiawso,Sefwi Wiawso District Market,5.05,GHS,WFP-GIEWS-Ghana
2023-09-18,tomatoes,Sefwi Wiawso,Sefwi Wiawso District Market,5.27,GHS,WFP-GIEWS-Ghana
2023-09-25,tomatoes,Sefwi Wiawso,Sefwi Wiawso District Market,5.38,GHS,WFP-GIEWS-Ghana
2023-10-02,tomatoes,Sefwi Wiawso,Sefwi Wiawso District Market,4.54,GHS,WFP-GIEWS-Ghana
2023-10-09,tomatoes,Sefwi Wiawso,Sefwi Wiawso District Market,4.57,GHS,WFP-GIEWS-Ghana
2023-10-16,tomatoes,Sefwi Wiawso,Sefwi Wiawso District Market,4.2,GHS,WFP-GIEWS-Ghana
2023-10-23,tomatoes,Sefwi Wiawso,Sefwi Wiawso District Market,4.6,GHS,WFP-GIEWS-Ghana
2023-10-30,tomatoes,Sefwi Wiawso,Sefwi Wiawso District Market,4.26,GHS,WFP-GIEWS-Ghana
2023-11-06,tomatoes,Sefwi Wiawso,Sefwi Wiawso District Market,4.48,GHS,WFP-GIEWS-Ghana
2023-11-13,tomatoes,Sefwi Wiawso,Sefwi Wiawso District Market,4.48,GHS,WFP-GIEWS-Ghana
2023-11-20,tomatoes,Sefwi Wiawso,Sefwi Wiawso District Market,4.52,GHS,WFP-GIEWS-Ghana
2023-11-27,tomatoes,Sefwi Wiawso,Sefwi Wiawso District Market,4.5,GHS,WFP-GIEWS-Ghana
2023-12-04,tomatoes,Sefwi Wiawso,Sefwi Wiawso District Market,4.31,GHS,WFP-GIEWS-Ghana
2023-12-11,tomatoes,Sefwi Wiawso,Sefwi Wiawso District Market,4.22,GHS,WFP-GIEWS-Ghana
2023-12-18,tomatoes,Sefwi Wiawso,Sefwi Wiawso District Market,4.62,GHS,WFP-GIEWS-Ghana
2023-12-25,tomatoes,Sefwi Wiawso,Sefwi Wiawso District Market,4.5,GHS,WFP-GIEWS-Ghana
2024-01-01,tomatoes,Sefwi Wiawso,Sefwi Wiawso District Market,5.97,GHS,WFP-GIEWS-Ghana
2024-01-08,tomatoes,Sefwi Wiawso,Sefwi Wiawso District Market,5.7,GHS,WFP-GIEWS-Ghana
2024-01-15,tomatoes,Sefwi Wiawso,Sefwi Wiawso District Market,5.39,GHS,WFP-GIEWS-Ghana
2024-01-22,tomatoes,Sefwi Wiawso,Sefwi Wiawso District Market,5.93,GHS,WFP-GIEWS-Ghana
2024-01-29,tomatoes,Sefwi Wiawso,Sefwi Wiawso District Market,5.62,GHS,WFP-GIEWS-Ghana
2024-02-05,tomatoes,Sefwi Wiawso,Sefwi Wiawso District Market,5.82,GHS,WFP-GIEWS-Ghana
2024-02-12,tomatoes,Sefwi Wiawso,Sefwi Wiawso District Market,5.6,GHS,WFP-GIEWS-Ghana
2024-02-19,tomatoes,Sefwi Wiawso,Sefwi Wiawso District Market,6.12,GHS,WFP-GIEWS-Ghana
2024-02-26,tomatoes,Sefwi Wiawso,Sefwi Wiawso District Market,5.54,GHS,WFP-GIEWS-Ghana
2024-03-04,tomatoes,Sefwi Wiawso,Sefwi Wiawso District Market,4.86,GHS,WFP-GIEWS-Ghana
2024-03-11,tomatoes,Sefwi Wiawso,Sefwi Wiawso District Market,4.95,GHS,WFP-GIEWS-Ghana
2024-03-18,tomatoes,Sefwi Wiawso,Sefwi Wiawso District Market,4.71,GHS,WFP-GIEWS-Ghana
2024-03-25,tomatoes,Sefwi Wiawso,Sefwi Wiawso District Market,4.99,GHS,WFP-GIEWS-Ghana
2024-04-01,tomatoes,Sefwi Wiawso,Sefwi Wiawso District Market,5.28,GHS,WFP-GIEWS-Ghana
2024-04-08,tomatoes,Sefwi Wiawso,Sefwi Wiawso District Market,4.86,GHS,WFP-GIEWS-Ghana
2024-04-15,tomatoes,Sefwi Wiawso,Sefwi Wiawso District Market,5.04,GHS,WFP-GIEWS-Ghana
2024-04-22,tomatoes,Sefwi Wiawso,Sefwi Wiawso District Market,4.41,GHS,WFP-GIEWS-Ghana
2024-04-29,tomatoes,Sefwi Wiawso,Sefwi Wiawso District Market,4.95,GHS,WFP-GIEWS-Ghana
2024-05-06,tomatoes,Sefwi Wiawso,Sefwi Wiawso District Market,4.93,GHS,WFP-GIEWS-Ghana
2024-05-13,tomatoes,Sefwi Wiawso,Sefwi Wiawso District Market,4.83,GHS,WFP-GIEWS-Ghana
2024-05-20,tomatoes,Sefwi Wiawso,Sefwi Wiawso District Market,5.21,GHS,WFP-GIEWS-Ghana
2024-05-27,tomatoes,Sefwi Wiawso,Sefwi Wiawso District Market,4.92,GHS,WFP-GIEWS-Ghana
2024-06-03,tomatoes,Sefwi Wiawso,Sefwi Wiawso District Market,5.42,GHS,WFP-GIEWS-Ghana
2024-06-10,tomatoes,Sefwi Wiawso,Sefwi Wiawso District Market,5.38,GHS,WFP-GIEWS-Ghana
2024-06-17,tomatoes,Sefwi Wiawso,Sefwi Wiawso District Market,5.04,GHS,WFP-GIEWS-Ghana
2024-06-24,tomatoes,Sefwi Wiawso,Sefwi Wiawso District Market,5.21,GHS,WFP-GIEWS-Ghana
2024-07-01,tomatoes,Sefwi Wiawso,Sefwi Wiawso District Market,6.39,GHS,WFP-GIEWS-Ghana
2024-07-08,tomatoes,Sefwi Wiawso,Sefwi Wiawso District Market,5.63,GHS,WFP-GIEWS-Ghana
2024-07-15,tomatoes,Sefwi Wiawso,Sefwi Wiawso District Market,5.96,GHS,WFP-GIEWS-Ghana
2024-07-22,tomatoes,Sefwi Wiawso,Sefwi Wiawso District Market,6.05,GHS,WFP-GIEWS-Ghana
2024-07-29,tomatoes,Sefwi Wiawso,Sefwi Wiawso District Market,6.58,GHS,WFP-GIEWS-Ghana
2024-08-05,tomatoes,Sefwi Wiawso,Sefwi Wiawso District Market,6.38,GHS,WFP-GIEWS-Ghana
2024-08-12,tomatoes,Sefwi Wiawso,Sefwi Wiawso District Market,6.05,GHS,WFP-GIEWS-Ghana
2024-08-19,tomatoes,Sefwi Wiawso,Sefwi Wiawso District Market,6.52,GHS,WFP-GIEWS-Ghana
2024-08-26,tomatoes,Sefwi Wiawso,Sefwi Wiawso District Market,6.01,GHS,WFP-GIEWS-Ghana
2024-09-02,tomatoes,Sefwi Wiawso,Sefwi Wiawso District Market,5.79,GHS,WFP-GIEWS-Ghana
2024-09-09,tomatoes,Sefwi Wiawso,Sefwi Wiawso District Market,5.26,GHS,WFP-GIEWS-Ghana
2024-09-16,tomatoes,Sefwi Wiawso,Sefwi Wiawso District Market,5.8,GHS,WFP-GIEWS-Ghana
2024-09-23,tomatoes,Sefwi Wiawso,Sefwi Wiawso District Market,5.47,GHS,WFP-GIEWS-Ghana
2024-09-30,tomatoes,Sefwi Wiawso,Sefwi Wiawso District Market,5.34,GHS,WFP-GIEWS-Ghana
2024-10-07,tomatoes,Sefwi Wiawso,Sefwi Wiawso District Market,4.72,GHS,WFP-GIEWS-Ghana
2024-10-14,tomatoes,Sefwi Wiawso,Sefwi Wiawso District Market,4.81,GHS,WFP-GIEWS-Ghana
2024-10-21,tomatoes,Sefwi Wiawso,Sefwi Wiawso District Market,4.67,GHS,WFP-GIEWS-Ghana
2024-10-28,tomatoes,Sefwi Wiawso,Sefwi Wiawso District Market,4.87,GHS,WFP-GIEWS-Ghana
2024-11-04,tomatoes,Sefwi Wiawso,Sefwi Wiawso District Market,4.68,GHS,WFP-GIEWS-Ghana
2024-11-11,tomatoes,Sefwi Wiawso,Sefwi Wiawso District Market,4.91,GHS,WFP-GIEWS-Ghana
2024-11-18,tomatoes,Sefwi Wiawso,Sefwi Wiawso District Market,4.88,GHS,WFP-GIEWS-Ghana
2024-11-25,tomatoes,Sefwi Wiawso,Sefwi Wiawso District Market,4.78,GHS,WFP-GIEWS-Ghana
2024-12-02,tomatoes,Sefwi Wiawso,Sefwi Wiawso District Market,4.74,GHS,WFP-GIEWS-Ghana
2024-12-09,tomatoes,Sefwi Wiawso,Sefwi Wiawso District Market,4.85,GHS,WFP-GIEWS-Ghana
2024-12-16,tomatoes,Sefwi Wiawso,Sefwi Wiawso District Market,4.93,GHS,WFP-GIEWS-Ghana
2024-12-23,tomatoes,Sefwi Wiawso,Sefwi Wiawso District Market,5.22,GHS,WFP-GIEWS-Ghana
2024-12-30,tomatoes,Sefwi Wiawso,Sefwi Wiawso District Market,5.0,GHS,WFP-GIEWS-Ghana
2018-01-01,tomatoes,Wasa Amenfi,Asankragua Market (Wasa Amenfi),3.79,GHS,WFP-GIEWS-Ghana
2018-01-08,tomatoes,Wasa Amenfi,Asankragua Market (Wasa Amenfi),3.44,GHS,WFP-GIEWS-Ghana
2018-01-15,tomatoes,Wasa Amenfi,Asankragua Market (Wasa Amenfi),3.44,GHS,WFP-GIEWS-Ghana
2018-01-22,tomatoes,Wasa Amenfi,Asankragua Market (Wasa Amenfi),3.47,GHS,WFP-GIEWS-Ghana
2018-01-29,tomatoes,Wasa Amenfi,Asankragua Market (Wasa Amenfi),3.24,GHS,WFP-GIEWS-Ghana
2018-02-05,tomatoes,Wasa Amenfi,Asankragua Market (Wasa Amenfi),3.34,GHS,WFP-GIEWS-Ghana
2018-02-12,tomatoes,Wasa Amenfi,Asankragua Market (Wasa Amenfi),3.33,GHS,WFP-GIEWS-Ghana
2018-02-19,tomatoes,Wasa Amenfi,Asankragua Market (Wasa Amenfi),3.48,GHS,WFP-GIEWS-Ghana
2018-02-26,tomatoes,Wasa Amenfi,Asankragua Market (Wasa Amenfi),3.37,GHS,WFP-GIEWS-Ghana
2018-03-05,tomatoes,Wasa Amenfi,Asankragua Market (Wasa Amenfi),2.93,GHS,WFP-GIEWS-Ghana
2018-03-12,tomatoes,Wasa Amenfi,Asankragua Market (Wasa Amenfi),3.04,GHS,WFP-GIEWS-Ghana
2018-03-19,tomatoes,Wasa Amenfi,Asankragua Market (Wasa Amenfi),3.01,GHS,WFP-GIEWS-Ghana
2018-03-26,tomatoes,Wasa Amenfi,Asankragua Market (Wasa Amenfi),2.89,GHS,WFP-GIEWS-Ghana
2018-04-02,tomatoes,Wasa Amenfi,Asankragua Market (Wasa Amenfi),2.85,GHS,WFP-GIEWS-Ghana
2018-04-09,tomatoes,Wasa Amenfi,Asankragua Market (Wasa Amenfi),3.06,GHS,WFP-GIEWS-Ghana
2018-04-16,tomatoes,Wasa Amenfi,Asankragua Market (Wasa Amenfi),3.02,GHS,WFP-GIEWS-Ghana
2018-04-23,tomatoes,Wasa Amenfi,Asankragua Market (Wasa Amenfi),2.74,GHS,WFP-GIEWS-Ghana
2018-04-30,tomatoes,Wasa Amenfi,Asankragua Market (Wasa Amenfi),2.89,GHS,WFP-GIEWS-Ghana
2018-05-07,tomatoes,Wasa Amenfi,Asankragua Market (Wasa Amenfi),2.97,GHS,WFP-GIEWS-Ghana
2018-05-14,tomatoes,Wasa Amenfi,Asankragua Market (Wasa Amenfi),3.04,GHS,WFP-GIEWS-Ghana
2018-05-21,tomatoes,Wasa Amenfi,Asankragua Market (Wasa Amenfi),3.06,GHS,WFP-GIEWS-Ghana
2018-05-28,tomatoes,Wasa Amenfi,Asankragua Market (Wasa Amenfi),2.98,GHS,WFP-GIEWS-Ghana
2018-06-04,tomatoes,Wasa Amenfi,Asankragua Market (Wasa Amenfi),3.3,GHS,WFP-GIEWS-Ghana
2018-06-11,tomatoes,Wasa Amenfi,Asankragua Market (Wasa Amenfi),3.23,GHS,WFP-GIEWS-Ghana
2018-06-18,tomatoes,Wasa Amenfi,Asankragua Market (Wasa Amenfi),3.14,GHS,WFP-GIEWS-Ghana
2018-06-25,tomatoes,Wasa Amenfi,Asankragua Market (Wasa Amenfi),3.19,GHS,WFP-GIEWS-Ghana
2018-07-02,tomatoes,Wasa Amenfi,Asankragua Market (Wasa Amenfi),3.64,GHS,WFP-GIEWS-Ghana
2018-07-09,tomatoes,Wasa Amenfi,Asankragua Market (Wasa Amenfi),3.63,GHS,WFP-GIEWS-Ghana
2018-07-16,tomatoes,Wasa Amenfi,Asankragua Market (Wasa Amenfi),3.36,GHS,WFP-GIEWS-Ghana
2018-07-23,tomatoes,Wasa Amenfi,Asankragua Market (Wasa Amenfi),3.58,GHS,WFP-GIEWS-Ghana
2018-07-30,tomatoes,Wasa Amenfi,Asankragua Market (Wasa Amenfi),3.64,GHS,WFP-GIEWS-Ghana
2018-08-06,tomatoes,Wasa Amenfi,Asankragua Market (Wasa Amenfi),3.62,GHS,WFP-GIEWS-Ghana
2018-08-13,tomatoes,Wasa Amenfi,Asankragua Market (Wasa Amenfi),3.62,GHS,WFP-GIEWS-Ghana
2018-08-20,tomatoes,Wasa Amenfi,Asankragua Market (Wasa Amenfi),3.73,GHS,WFP-GIEWS-Ghana
2018-08-27,tomatoes,Wasa Amenfi,Asankragua Market (Wasa Amenfi),3.5,GHS,WFP-GIEWS-Ghana
2018-09-03,tomatoes,Wasa Amenfi,Asankragua Market (Wasa Amenfi),3.07,GHS,WFP-GIEWS-Ghana
2018-09-10,tomatoes,Wasa Amenfi,Asankragua Market (Wasa Amenfi),3.24,GHS,WFP-GIEWS-Ghana
2018-09-17,tomatoes,Wasa Amenfi,Asankragua Market (Wasa Amenfi),3.39,GHS,WFP-GIEWS-Ghana
2018-09-24,tomatoes,Wasa Amenfi,Asankragua Market (Wasa Amenfi),3.51,GHS,WFP-GIEWS-Ghana
2018-10-01,tomatoes,Wasa Amenfi,Asankragua Market (Wasa Amenfi),2.9,GHS,WFP-GIEWS-Ghana
2018-10-08,tomatoes,Wasa Amenfi,Asankragua Market (Wasa Amenfi),2.65,GHS,WFP-GIEWS-Ghana
2018-10-15,tomatoes,Wasa Amenfi,Asankragua Market (Wasa Amenfi),2.79,GHS,WFP-GIEWS-Ghana
2018-10-22,tomatoes,Wasa Amenfi,Asankragua Market (Wasa Amenfi),2.84,GHS,WFP-GIEWS-Ghana
2018-10-29,tomatoes,Wasa Amenfi,Asankragua Market (Wasa Amenfi),2.83,GHS,WFP-GIEWS-Ghana
2018-11-05,tomatoes,Wasa Amenfi,Asankragua Market (Wasa Amenfi),2.89,GHS,WFP-GIEWS-Ghana
2018-11-12,tomatoes,Wasa Amenfi,Asankragua Market (Wasa Amenfi),2.73,GHS,WFP-GIEWS-Ghana
2018-11-19,tomatoes,Wasa Amenfi,Asankragua Market (Wasa Amenfi),2.84,GHS,WFP-GIEWS-Ghana
2018-11-26,tomatoes,Wasa Amenfi,Asankragua Market (Wasa Amenfi),2.88,GHS,WFP-GIEWS-Ghana
2018-12-03,tomatoes,Wasa Amenfi,Asankragua Market (Wasa Amenfi),2.94,GHS,WFP-GIEWS-Ghana
2018-12-10,tomatoes,Wasa Amenfi,Asankragua Market (Wasa Amenfi),2.76,GHS,WFP-GIEWS-Ghana
2018-12-17,tomatoes,Wasa Amenfi,Asankragua Market (Wasa Amenfi),2.81,GHS,WFP-GIEWS-Ghana
2018-12-24,tomatoes,Wasa Amenfi,Asankragua Market (Wasa Amenfi),2.54,GHS,WFP-GIEWS-Ghana
2018-12-31,tomatoes,Wasa Amenfi,Asankragua Market (Wasa Amenfi),2.78,GHS,WFP-GIEWS-Ghana
2019-01-07,tomatoes,Wasa Amenfi,Asankragua Market (Wasa Amenfi),3.57,GHS,WFP-GIEWS-Ghana
2019-01-14,tomatoes,Wasa Amenfi,Asankragua Market (Wasa Amenfi),3.5,GHS,WFP-GIEWS-Ghana
2019-01-21,tomatoes,Wasa Amenfi,Asankragua Market (Wasa Amenfi),3.67,GHS,WFP-GIEWS-Ghana
2019-01-28,tomatoes,Wasa Amenfi,Asankragua Market (Wasa Amenfi),3.64,GHS,WFP-GIEWS-Ghana
2019-02-04,tomatoes,Wasa Amenfi,Asankragua Market (Wasa Amenfi),3.34,GHS,WFP-GIEWS-Ghana
2019-02-11,tomatoes,Wasa Amenfi,Asankragua Market (Wasa Amenfi),3.7,GHS,WFP-GIEWS-Ghana
2019-02-18,tomatoes,Wasa Amenfi,Asankragua Market (Wasa Amenfi),3.53,GHS,WFP-GIEWS-Ghana
2019-02-25,tomatoes,Wasa Amenfi,Asankragua Market (Wasa Amenfi),3.74,GHS,WFP-GIEWS-Ghana
2019-03-04,tomatoes,Wasa Amenfi,Asankragua Market (Wasa Amenfi),2.98,GHS,WFP-GIEWS-Ghana
2019-03-11,tomatoes,Wasa Amenfi,Asankragua Market (Wasa Amenfi),3.15,GHS,WFP-GIEWS-Ghana
2019-03-18,tomatoes,Wasa Amenfi,Asankragua Market (Wasa Amenfi),3.11,GHS,WFP-GIEWS-Ghana
2019-03-25,tomatoes,Wasa Amenfi,Asankragua Market (Wasa Amenfi),3.18,GHS,WFP-GIEWS-Ghana
2019-04-01,tomatoes,Wasa Amenfi,Asankragua Market (Wasa Amenfi),3.18,GHS,WFP-GIEWS-Ghana
2019-04-08,tomatoes,Wasa Amenfi,Asankragua Market (Wasa Amenfi),3.13,GHS,WFP-GIEWS-Ghana
2019-04-15,tomatoes,Wasa Amenfi,Asankragua Market (Wasa Amenfi),2.97,GHS,WFP-GIEWS-Ghana
2019-04-22,tomatoes,Wasa Amenfi,Asankragua Market (Wasa Amenfi),2.98,GHS,WFP-GIEWS-Ghana
2019-04-29,tomatoes,Wasa Amenfi,Asankragua Market (Wasa Amenfi),3.09,GHS,WFP-GIEWS-Ghana
2019-05-06,tomatoes,Wasa Amenfi,Asankragua Market (Wasa Amenfi),3.18,GHS,WFP-GIEWS-Ghana
2019-05-13,tomatoes,Wasa Amenfi,Asankragua Market (Wasa Amenfi),3.11,GHS,WFP-GIEWS-Ghana
2019-05-20,tomatoes,Wasa Amenfi,Asankragua Market (Wasa Amenfi),3.26,GHS,WFP-GIEWS-Ghana
2019-05-27,tomatoes,Wasa Amenfi,Asankragua Market (Wasa Amenfi),3.15,GHS,WFP-GIEWS-Ghana
2019-06-03,tomatoes,Wasa Amenfi,Asankragua Market (Wasa Amenfi),3.35,GHS,WFP-GIEWS-Ghana
2019-06-10,tomatoes,Wasa Amenfi,Asankragua Market (Wasa Amenfi),3.45,GHS,WFP-GIEWS-Ghana
2019-06-17,tomatoes,Wasa Amenfi,Asankragua Market (Wasa Amenfi),3.52,GHS,WFP-GIEWS-Ghana
2019-06-24,tomatoes,Wasa Amenfi,Asankragua Market (Wasa Amenfi),3.53,GHS,WFP-GIEWS-Ghana
2019-07-01,tomatoes,Wasa Amenfi,Asankragua Market (Wasa Amenfi),4.22,GHS,WFP-GIEWS-Ghana
2019-07-08,tomatoes,Wasa Amenfi,Asankragua Market (Wasa Amenfi),3.82,GHS,WFP-GIEWS-Ghana
2019-07-15,tomatoes,Wasa Amenfi,Asankragua Market (Wasa Amenfi),3.92,GHS,WFP-GIEWS-Ghana
2019-07-22,tomatoes,Wasa Amenfi,Asankragua Market (Wasa Amenfi),3.99,GHS,WFP-GIEWS-Ghana
2019-07-29,tomatoes,Wasa Amenfi,Asankragua Market (Wasa Amenfi),3.92,GHS,WFP-GIEWS-Ghana
2019-08-05,tomatoes,Wasa Amenfi,Asankragua Market (Wasa Amenfi),3.87,GHS,WFP-GIEWS-Ghana
2019-08-12,tomatoes,Wasa Amenfi,Asankragua Market (Wasa Amenfi),3.71,GHS,WFP-GIEWS-Ghana
2019-08-19,tomatoes,Wasa Amenfi,Asankragua Market (Wasa Amenfi),3.87,GHS,WFP-GIEWS-Ghana
2019-08-26,tomatoes,Wasa Amenfi,Asankragua Market (Wasa Amenfi),3.78,GHS,WFP-GIEWS-Ghana
2019-09-02,tomatoes,Wasa Amenfi,Asankragua Market (Wasa Amenfi),3.31,GHS,WFP-GIEWS-Ghana
2019-09-09,tomatoes,Wasa Amenfi,Asankragua Market (Wasa Amenfi),3.44,GHS,WFP-GIEWS-Ghana
2019-09-16,tomatoes,Wasa Amenfi,Asankragua Market (Wasa Amenfi),3.4,GHS,WFP-GIEWS-Ghana
2019-09-23,tomatoes,Wasa Amenfi,Asankragua Market (Wasa Amenfi),3.63,GHS,WFP-GIEWS-Ghana
2019-09-30,tomatoes,Wasa Amenfi,Asankragua Market (Wasa Amenfi),3.64,GHS,WFP-GIEWS-Ghana
2019-10-07,tomatoes,Wasa Amenfi,Asankragua Market (Wasa Amenfi),2.93,GHS,WFP-GIEWS-Ghana
2019-10-14,tomatoes,Wasa Amenfi,Asankragua Market (Wasa Amenfi),3.01,GHS,WFP-GIEWS-Ghana
2019-10-21,tomatoes,Wasa Amenfi,Asankragua Market (Wasa Amenfi),2.81,GHS,WFP-GIEWS-Ghana
2019-10-28,tomatoes,Wasa Amenfi,Asankragua Market (Wasa Amenfi),2.98,GHS,WFP-GIEWS-Ghana
2019-11-04,tomatoes,Wasa Amenfi,Asankragua Market (Wasa Amenfi),3.11,GHS,WFP-GIEWS-Ghana
2019-11-11,tomatoes,Wasa Amenfi,Asankragua Market (Wasa Amenfi),3.16,GHS,WFP-GIEWS-Ghana
2019-11-18,tomatoes,Wasa Amenfi,Asankragua Market (Wasa Amenfi),2.97,GHS,WFP-GIEWS-Ghana
2019-11-25,tomatoes,Wasa Amenfi,Asankragua Market (Wasa Amenfi),3.19,GHS,WFP-GIEWS-Ghana
2019-12-02,tomatoes,Wasa Amenfi,Asankragua Market (Wasa Amenfi),2.89,GHS,WFP-GIEWS-Ghana
2019-12-09,tomatoes,Wasa Amenfi,Asankragua Market (Wasa Amenfi),2.92,GHS,WFP-GIEWS-Ghana
2019-12-16,tomatoes,Wasa Amenfi,Asankragua Market (Wasa Amenfi),3.17,GHS,WFP-GIEWS-Ghana
2019-12-23,tomatoes,Wasa Amenfi,Asankragua Market (Wasa Amenfi),3.28,GHS,WFP-GIEWS-Ghana
2019-12-30,tomatoes,Wasa Amenfi,Asankragua Market (Wasa Amenfi),3.14,GHS,WFP-GIEWS-Ghana
2020-01-06,tomatoes,Wasa Amenfi,Asankragua Market (Wasa Amenfi),3.93,GHS,WFP-GIEWS-Ghana
2020-01-13,tomatoes,Wasa Amenfi,Asankragua Market (Wasa Amenfi),3.59,GHS,WFP-GIEWS-Ghana
2020-01-20,tomatoes,Wasa Amenfi,Asankragua Market (Wasa Amenfi),3.62,GHS,WFP-GIEWS-Ghana
2020-01-27,tomatoes,Wasa Amenfi,Asankragua Market (Wasa Amenfi),3.96,GHS,WFP-GIEWS-Ghana
2020-02-03,tomatoes,Wasa Amenfi,Asankragua Market (Wasa Amenfi),3.9,GHS,WFP-GIEWS-Ghana
2020-02-10,tomatoes,Wasa Amenfi,Asankragua Market (Wasa Amenfi),3.79,GHS,WFP-GIEWS-Ghana
2020-02-17,tomatoes,Wasa Amenfi,Asankragua Market (Wasa Amenfi),3.97,GHS,WFP-GIEWS-Ghana
2020-02-24,tomatoes,Wasa Amenfi,Asankragua Market (Wasa Amenfi),3.98,GHS,WFP-GIEWS-Ghana
2020-03-02,tomatoes,Wasa Amenfi,Asankragua Market (Wasa Amenfi),3.52,GHS,WFP-GIEWS-Ghana
2020-03-09,tomatoes,Wasa Amenfi,Asankragua Market (Wasa Amenfi),3.41,GHS,WFP-GIEWS-Ghana
2020-03-16,tomatoes,Wasa Amenfi,Asankragua Market (Wasa Amenfi),3.56,GHS,WFP-GIEWS-Ghana
2020-03-23,tomatoes,Wasa Amenfi,Asankragua Market (Wasa Amenfi),3.4,GHS,WFP-GIEWS-Ghana
2020-03-30,tomatoes,Wasa Amenfi,Asankragua Market (Wasa Amenfi),3.38,GHS,WFP-GIEWS-Ghana
2020-04-06,tomatoes,Wasa Amenfi,Asankragua Market (Wasa Amenfi),3.56,GHS,WFP-GIEWS-Ghana
2020-04-13,tomatoes,Wasa Amenfi,Asankragua Market (Wasa Amenfi),3.28,GHS,WFP-GIEWS-Ghana
2020-04-20,tomatoes,Wasa Amenfi,Asankragua Market (Wasa Amenfi),3.8,GHS,WFP-GIEWS-Ghana
2020-04-27,tomatoes,Wasa Amenfi,Asankragua Market (Wasa Amenfi),3.47,GHS,WFP-GIEWS-Ghana
2020-05-04,tomatoes,Wasa Amenfi,Asankragua Market (Wasa Amenfi),3.49,GHS,WFP-GIEWS-Ghana
2020-05-11,tomatoes,Wasa Amenfi,Asankragua Market (Wasa Amenfi),3.51,GHS,WFP-GIEWS-Ghana
2020-05-18,tomatoes,Wasa Amenfi,Asankragua Market (Wasa Amenfi),3.7,GHS,WFP-GIEWS-Ghana
2020-05-25,tomatoes,Wasa Amenfi,Asankragua Market (Wasa Amenfi),3.55,GHS,WFP-GIEWS-Ghana
2020-06-01,tomatoes,Wasa Amenfi,Asankragua Market (Wasa Amenfi),3.52,GHS,WFP-GIEWS-Ghana
2020-06-08,tomatoes,Wasa Amenfi,Asankragua Market (Wasa Amenfi),3.97,GHS,WFP-GIEWS-Ghana
2020-06-15,tomatoes,Wasa Amenfi,Asankragua Market (Wasa Amenfi),3.71,GHS,WFP-GIEWS-Ghana
2020-06-22,tomatoes,Wasa Amenfi,Asankragua Market (Wasa Amenfi),3.78,GHS,WFP-GIEWS-Ghana
2020-06-29,tomatoes,Wasa Amenfi,Asankragua Market (Wasa Amenfi),3.57,GHS,WFP-GIEWS-Ghana
2020-07-06,tomatoes,Wasa Amenfi,Asankragua Market (Wasa Amenfi),4.33,GHS,WFP-GIEWS-Ghana
2020-07-13,tomatoes,Wasa Amenfi,Asankragua Market (Wasa Amenfi),4.13,GHS,WFP-GIEWS-Ghana
2020-07-20,tomatoes,Wasa Amenfi,Asankragua Market (Wasa Amenfi),4.26,GHS,WFP-GIEWS-Ghana
2020-07-27,tomatoes,Wasa Amenfi,Asankragua Market (Wasa Amenfi),4.19,GHS,WFP-GIEWS-Ghana
2020-08-03,tomatoes,Wasa Amenfi,Asankragua Market (Wasa Amenfi),4.6,GHS,WFP-GIEWS-Ghana
2020-08-10,tomatoes,Wasa Amenfi,Asankragua Market (Wasa Amenfi),4.61,GHS,WFP-GIEWS-Ghana
2020-08-17,tomatoes,Wasa Amenfi,Asankragua Market (Wasa Amenfi),4.28,GHS,WFP-GIEWS-Ghana
2020-08-24,tomatoes,Wasa Amenfi,Asankragua Market (Wasa Amenfi),4.28,GHS,WFP-GIEWS-Ghana
2020-08-31,tomatoes,Wasa Amenfi,Asankragua Market (Wasa Amenfi),4.21,GHS,WFP-GIEWS-Ghana
2020-09-07,tomatoes,Wasa Amenfi,Asankragua Market (Wasa Amenfi),4.01,GHS,WFP-GIEWS-Ghana
2020-09-14,tomatoes,Wasa Amenfi,Asankragua Market (Wasa Amenfi),3.79,GHS,WFP-GIEWS-Ghana
2020-09-21,tomatoes,Wasa Amenfi,Asankragua Market (Wasa Amenfi),3.77,GHS,WFP-GIEWS-Ghana
2020-09-28,tomatoes,Wasa Amenfi,Asankragua Market (Wasa Amenfi),3.99,GHS,WFP-GIEWS-Ghana
2020-10-05,tomatoes,Wasa Amenfi,Asankragua Market (Wasa Amenfi),3.21,GHS,WFP-GIEWS-Ghana
2020-10-12,tomatoes,Wasa Amenfi,Asankragua Market (Wasa Amenfi),3.28,GHS,WFP-GIEWS-Ghana
2020-10-19,tomatoes,Wasa Amenfi,Asankragua Market (Wasa Amenfi),3.07,GHS,WFP-GIEWS-Ghana
2020-10-26,tomatoes,Wasa Amenfi,Asankragua Market (Wasa Amenfi),3.37,GHS,WFP-GIEWS-Ghana
2020-11-02,tomatoes,Wasa Amenfi,Asankragua Market (Wasa Amenfi),3.56,GHS,WFP-GIEWS-Ghana
2020-11-09,tomatoes,Wasa Amenfi,Asankragua Market (Wasa Amenfi),3.4,GHS,WFP-GIEWS-Ghana
2020-11-16,tomatoes,Wasa Amenfi,Asankragua Market (Wasa Amenfi),3.5,GHS,WFP-GIEWS-Ghana
2020-11-23,tomatoes,Wasa Amenfi,Asankragua Market (Wasa Amenfi),3.19,GHS,WFP-GIEWS-Ghana
2020-11-30,tomatoes,Wasa Amenfi,Asankragua Market (Wasa Amenfi),3.33,GHS,WFP-GIEWS-Ghana
2020-12-07,tomatoes,Wasa Amenfi,Asankragua Market (Wasa Amenfi),3.2,GHS,WFP-GIEWS-Ghana
2020-12-14,tomatoes,Wasa Amenfi,Asankragua Market (Wasa Amenfi),3.29,GHS,WFP-GIEWS-Ghana
2020-12-21,tomatoes,Wasa Amenfi,Asankragua Market (Wasa Amenfi),3.43,GHS,WFP-GIEWS-Ghana
2020-12-28,tomatoes,Wasa Amenfi,Asankragua Market (Wasa Amenfi),3.34,GHS,WFP-GIEWS-Ghana
2021-01-04,tomatoes,Wasa Amenfi,Asankragua Market (Wasa Amenfi),4.01,GHS,WFP-GIEWS-Ghana
2021-01-11,tomatoes,Wasa Amenfi,Asankragua Market (Wasa Amenfi),4.03,GHS,WFP-GIEWS-Ghana
2021-01-18,tomatoes,Wasa Amenfi,Asankragua Market (Wasa Amenfi),4.02,GHS,WFP-GIEWS-Ghana
2021-01-25,tomatoes,Wasa Amenfi,Asankragua Market (Wasa Amenfi),4.33,GHS,WFP-GIEWS-Ghana
2021-02-01,tomatoes,Wasa Amenfi,Asankragua Market (Wasa Amenfi),4.63,GHS,WFP-GIEWS-Ghana
2021-02-08,tomatoes,Wasa Amenfi,Asankragua Market (Wasa Amenfi),4.51,GHS,WFP-GIEWS-Ghana
2021-02-15,tomatoes,Wasa Amenfi,Asankragua Market (Wasa Amenfi),3.95,GHS,WFP-GIEWS-Ghana
2021-02-22,tomatoes,Wasa Amenfi,Asankragua Market (Wasa Amenfi),4.52,GHS,WFP-GIEWS-Ghana
2021-03-01,tomatoes,Wasa Amenfi,Asankragua Market (Wasa Amenfi),3.81,GHS,WFP-GIEWS-Ghana
2021-03-08,tomatoes,Wasa Amenfi,Asankragua Market (Wasa Amenfi),3.44,GHS,WFP-GIEWS-Ghana
2021-03-15,tomatoes,Wasa Amenfi,Asankragua Market (Wasa Amenfi),3.62,GHS,WFP-GIEWS-Ghana
2021-03-22,tomatoes,Wasa Amenfi,Asankragua Market (Wasa Amenfi),3.83,GHS,WFP-GIEWS-Ghana
2021-03-29,tomatoes,Wasa Amenfi,Asankragua Market (Wasa Amenfi),3.75,GHS,WFP-GIEWS-Ghana
2021-04-05,tomatoes,Wasa Amenfi,Asankragua Market (Wasa Amenfi),3.5,GHS,WFP-GIEWS-Ghana
2021-04-12,tomatoes,Wasa Amenfi,Asankragua Market (Wasa Amenfi),3.78,GHS,WFP-GIEWS-Ghana
2021-04-19,tomatoes,Wasa Amenfi,Asankragua Market (Wasa Amenfi),3.38,GHS,WFP-GIEWS-Ghana
2021-04-26,tomatoes,Wasa Amenfi,Asankragua Market (Wasa Amenfi),3.66,GHS,WFP-GIEWS-Ghana
2021-05-03,tomatoes,Wasa Amenfi,Asankragua Market (Wasa Amenfi),3.88,GHS,WFP-GIEWS-Ghana
2021-05-10,tomatoes,Wasa Amenfi,Asankragua Market (Wasa Amenfi),3.72,GHS,WFP-GIEWS-Ghana
2021-05-17,tomatoes,Wasa Amenfi,Asankragua Market (Wasa Amenfi),3.64,GHS,WFP-GIEWS-Ghana
2021-05-24,tomatoes,Wasa Amenfi,Asankragua Market (Wasa Amenfi),3.85,GHS,WFP-GIEWS-Ghana
2021-05-31,tomatoes,Wasa Amenfi,Asankragua Market (Wasa Amenfi),3.86,GHS,WFP-GIEWS-Ghana
2021-06-07,tomatoes,Wasa Amenfi,Asankragua Market (Wasa Amenfi),4.28,GHS,WFP-GIEWS-Ghana
2021-06-14,tomatoes,Wasa Amenfi,Asankragua Market (Wasa Amenfi),4.21,GHS,WFP-GIEWS-Ghana
2021-06-21,tomatoes,Wasa Amenfi,Asankragua Market (Wasa Amenfi),4.24,GHS,WFP-GIEWS-Ghana
2021-06-28,tomatoes,Wasa Amenfi,Asankragua Market (Wasa Amenfi),4.18,GHS,WFP-GIEWS-Ghana
2021-07-05,tomatoes,Wasa Amenfi,Asankragua Market (Wasa Amenfi),4.63,GHS,WFP-GIEWS-Ghana
2021-07-12,tomatoes,Wasa Amenfi,Asankragua Market (Wasa Amenfi),4.6,GHS,WFP-GIEWS-Ghana
2021-07-19,tomatoes,Wasa Amenfi,Asankragua Market (Wasa Amenfi),4.54,GHS,WFP-GIEWS-Ghana
2021-07-26,tomatoes,Wasa Amenfi,Asankragua Market (Wasa Amenfi),4.36,GHS,WFP-GIEWS-Ghana
2021-08-02,tomatoes,Wasa Amenfi,Asankragua Market (Wasa Amenfi),4.43,GHS,WFP-GIEWS-Ghana
2021-08-09,tomatoes,Wasa Amenfi,Asankragua Market (Wasa Amenfi),4.56,GHS,WFP-GIEWS-Ghana
2021-08-16,tomatoes,Wasa Amenfi,Asankragua Market (Wasa Amenfi),4.66,GHS,WFP-GIEWS-Ghana
2021-08-23,tomatoes,Wasa Amenfi,Asankragua Market (Wasa Amenfi),4.88,GHS,WFP-GIEWS-Ghana
2021-08-30,tomatoes,Wasa Amenfi,Asankragua Market (Wasa Amenfi),4.6,GHS,WFP-GIEWS-Ghana
2021-09-06,tomatoes,Wasa Amenfi,Asankragua Market (Wasa Amenfi),4.31,GHS,WFP-GIEWS-Ghana
2021-09-13,tomatoes,Wasa Amenfi,Asankragua Market (Wasa Amenfi),4.32,GHS,WFP-GIEWS-Ghana
2021-09-20,tomatoes,Wasa Amenfi,Asankragua Market (Wasa Amenfi),4.1,GHS,WFP-GIEWS-Ghana
2021-09-27,tomatoes,Wasa Amenfi,Asankragua Market (Wasa Amenfi),4.24,GHS,WFP-GIEWS-Ghana
2021-10-04,tomatoes,Wasa Amenfi,Asankragua Market (Wasa Amenfi),3.51,GHS,WFP-GIEWS-Ghana
2021-10-11,tomatoes,Wasa Amenfi,Asankragua Market (Wasa Amenfi),3.73,GHS,WFP-GIEWS-Ghana
2021-10-18,tomatoes,Wasa Amenfi,Asankragua Market (Wasa Amenfi),3.63,GHS,WFP-GIEWS-Ghana
2021-10-25,tomatoes,Wasa Amenfi,Asankragua Market (Wasa Amenfi),3.38,GHS,WFP-GIEWS-Ghana
2021-11-01,tomatoes,Wasa Amenfi,Asankragua Market (Wasa Amenfi),3.59,GHS,WFP-GIEWS-Ghana
2021-11-08,tomatoes,Wasa Amenfi,Asankragua Market (Wasa Amenfi),3.8,GHS,WFP-GIEWS-Ghana
2021-11-15,tomatoes,Wasa Amenfi,Asankragua Market (Wasa Amenfi),3.54,GHS,WFP-GIEWS-Ghana
2021-11-22,tomatoes,Wasa Amenfi,Asankragua Market (Wasa Amenfi),3.63,GHS,WFP-GIEWS-Ghana
2021-11-29,tomatoes,Wasa Amenfi,Asankragua Market (Wasa Amenfi),3.64,GHS,WFP-GIEWS-Ghana
2021-12-06,tomatoes,Wasa Amenfi,Asankragua Market (Wasa Amenfi),3.44,GHS,WFP-GIEWS-Ghana
2021-12-13,tomatoes,Wasa Amenfi,Asankragua Market (Wasa Amenfi),3.66,GHS,WFP-GIEWS-Ghana
2021-12-20,tomatoes,Wasa Amenfi,Asankragua Market (Wasa Amenfi),3.39,GHS,WFP-GIEWS-Ghana
2021-12-27,tomatoes,Wasa Amenfi,Asankragua Market (Wasa Amenfi),3.5,GHS,WFP-GIEWS-Ghana
2022-01-03,tomatoes,Wasa Amenfi,Asankragua Market (Wasa Amenfi),4.79,GHS,WFP-GIEWS-Ghana
2022-01-10,tomatoes,Wasa Amenfi,Asankragua Market (Wasa Amenfi),4.66,GHS,WFP-GIEWS-Ghana
2022-01-17,tomatoes,Wasa Amenfi,Asankragua Market (Wasa Amenfi),4.53,GHS,WFP-GIEWS-Ghana
2022-01-24,tomatoes,Wasa Amenfi,Asankragua Market (Wasa Amenfi),4.67,GHS,WFP-GIEWS-Ghana
2022-01-31,tomatoes,Wasa Amenfi,Asankragua Market (Wasa Amenfi),4.58,GHS,WFP-GIEWS-Ghana
2022-02-07,tomatoes,Wasa Amenfi,Asankragua Market (Wasa Amenfi),4.62,GHS,WFP-GIEWS-Ghana
2022-02-14,tomatoes,Wasa Amenfi,Asankragua Market (Wasa Amenfi),4.74,GHS,WFP-GIEWS-Ghana
2022-02-21,tomatoes,Wasa Amenfi,Asankragua Market (Wasa Amenfi),4.49,GHS,WFP-GIEWS-Ghana
2022-02-28,tomatoes,Wasa Amenfi,Asankragua Market (Wasa Amenfi),4.63,GHS,WFP-GIEWS-Ghana
2022-03-07,tomatoes,Wasa Amenfi,Asankragua Market (Wasa Amenfi),3.91,GHS,WFP-GIEWS-Ghana
2022-03-14,tomatoes,Wasa Amenfi,Asankragua Market (Wasa Amenfi),3.71,GHS,WFP-GIEWS-Ghana
2022-03-21,tomatoes,Wasa Amenfi,Asankragua Market (Wasa Amenfi),3.82,GHS,WFP-GIEWS-Ghana
2022-03-28,tomatoes,Wasa Amenfi,Asankragua Market (Wasa Amenfi),4.21,GHS,WFP-GIEWS-Ghana
2022-04-04,tomatoes,Wasa Amenfi,Asankragua Market (Wasa Amenfi),4.05,GHS,WFP-GIEWS-Ghana
2022-04-11,tomatoes,Wasa Amenfi,Asankragua Market (Wasa Amenfi),3.78,GHS,WFP-GIEWS-Ghana
2022-04-18,tomatoes,Wasa Amenfi,Asankragua Market (Wasa Amenfi),3.74,GHS,WFP-GIEWS-Ghana
2022-04-25,tomatoes,Wasa Amenfi,Asankragua Market (Wasa Amenfi),3.97,GHS,WFP-GIEWS-Ghana
2022-05-02,tomatoes,Wasa Amenfi,Asankragua Market (Wasa Amenfi),4.26,GHS,WFP-GIEWS-Ghana
2022-05-09,tomatoes,Wasa Amenfi,Asankragua Market (Wasa Amenfi),3.98,GHS,WFP-GIEWS-Ghana
2022-05-16,tomatoes,Wasa Amenfi,Asankragua Market (Wasa Amenfi),4.22,GHS,WFP-GIEWS-Ghana
2022-05-23,tomatoes,Wasa Amenfi,Asankragua Market (Wasa Amenfi),4.07,GHS,WFP-GIEWS-Ghana
2022-05-30,tomatoes,Wasa Amenfi,Asankragua Market (Wasa Amenfi),4.09,GHS,WFP-GIEWS-Ghana
2022-06-06,tomatoes,Wasa Amenfi,Asankragua Market (Wasa Amenfi),4.15,GHS,WFP-GIEWS-Ghana
2022-06-13,tomatoes,Wasa Amenfi,Asankragua Market (Wasa Amenfi),4.55,GHS,WFP-GIEWS-Ghana
2022-06-20,tomatoes,Wasa Amenfi,Asankragua Market (Wasa Amenfi),4.33,GHS,WFP-GIEWS-Ghana
2022-06-27,tomatoes,Wasa Amenfi,Asankragua Market (Wasa Amenfi),4.54,GHS,WFP-GIEWS-Ghana
2022-07-04,tomatoes,Wasa Amenfi,Asankragua Market (Wasa Amenfi),4.79,GHS,WFP-GIEWS-Ghana
2022-07-11,tomatoes,Wasa Amenfi,Asankragua Market (Wasa Amenfi),4.98,GHS,WFP-GIEWS-Ghana
2022-07-18,tomatoes,Wasa Amenfi,Asankragua Market (Wasa Amenfi),5.02,GHS,WFP-GIEWS-Ghana
2022-07-25,tomatoes,Wasa Amenfi,Asankragua Market (Wasa Amenfi),4.92,GHS,WFP-GIEWS-Ghana
2022-08-01,tomatoes,Wasa Amenfi,Asankragua Market (Wasa Amenfi),5.06,GHS,WFP-GIEWS-Ghana
2022-08-08,tomatoes,Wasa Amenfi,Asankragua Market (Wasa Amenfi),4.93,GHS,WFP-GIEWS-Ghana
2022-08-15,tomatoes,Wasa Amenfi,Asankragua Market (Wasa Amenfi),4.85,GHS,WFP-GIEWS-Ghana
2022-08-22,tomatoes,Wasa Amenfi,Asankragua Market (Wasa Amenfi),5.3,GHS,WFP-GIEWS-Ghana
2022-08-29,tomatoes,Wasa Amenfi,Asankragua Market (Wasa Amenfi),5.19,GHS,WFP-GIEWS-Ghana
2022-09-05,tomatoes,Wasa Amenfi,Asankragua Market (Wasa Amenfi),4.34,GHS,WFP-GIEWS-Ghana
2022-09-12,tomatoes,Wasa Amenfi,Asankragua Market (Wasa Amenfi),4.58,GHS,WFP-GIEWS-Ghana
2022-09-19,tomatoes,Wasa Amenfi,Asankragua Market (Wasa Amenfi),4.34,GHS,WFP-GIEWS-Ghana
2022-09-26,tomatoes,Wasa Amenfi,Asankragua Market (Wasa Amenfi),4.26,GHS,WFP-GIEWS-Ghana
2022-10-03,tomatoes,Wasa Amenfi,Asankragua Market (Wasa Amenfi),3.99,GHS,WFP-GIEWS-Ghana
2022-10-10,tomatoes,Wasa Amenfi,Asankragua Market (Wasa Amenfi),3.57,GHS,WFP-GIEWS-Ghana
2022-10-17,tomatoes,Wasa Amenfi,Asankragua Market (Wasa Amenfi),3.97,GHS,WFP-GIEWS-Ghana
2022-10-24,tomatoes,Wasa Amenfi,Asankragua Market (Wasa Amenfi),3.79,GHS,WFP-GIEWS-Ghana
2022-10-31,tomatoes,Wasa Amenfi,Asankragua Market (Wasa Amenfi),3.8,GHS,WFP-GIEWS-Ghana
2022-11-07,tomatoes,Wasa Amenfi,Asankragua Market (Wasa Amenfi),3.92,GHS,WFP-GIEWS-Ghana
2022-11-14,tomatoes,Wasa Amenfi,Asankragua Market (Wasa Amenfi),3.94,GHS,WFP-GIEWS-Ghana
2022-11-21,tomatoes,Wasa Amenfi,Asankragua Market (Wasa Amenfi),3.73,GHS,WFP-GIEWS-Ghana
2022-11-28,tomatoes,Wasa Amenfi,Asankragua Market (Wasa Amenfi),3.96,GHS,WFP-GIEWS-Ghana
2022-12-05,tomatoes,Wasa Amenfi,Asankragua Market (Wasa Amenfi),3.89,GHS,WFP-GIEWS-Ghana
2022-12-12,tomatoes,Wasa Amenfi,Asankragua Market (Wasa Amenfi),3.68,GHS,WFP-GIEWS-Ghana
2022-12-19,tomatoes,Wasa Amenfi,Asankragua Market (Wasa Amenfi),3.85,GHS,WFP-GIEWS-Ghana
2022-12-26,tomatoes,Wasa Amenfi,Asankragua Market (Wasa Amenfi),4.09,GHS,WFP-GIEWS-Ghana
2023-01-02,tomatoes,Wasa Amenfi,Asankragua Market (Wasa Amenfi),5.29,GHS,WFP-GIEWS-Ghana
2023-01-09,tomatoes,Wasa Amenfi,Asankragua Market (Wasa Amenfi),5.1,GHS,WFP-GIEWS-Ghana
2023-01-16,tomatoes,Wasa Amenfi,Asankragua Market (Wasa Amenfi),4.72,GHS,WFP-GIEWS-Ghana
2023-01-23,tomatoes,Wasa Amenfi,Asankragua Market (Wasa Amenfi),5.06,GHS,WFP-GIEWS-Ghana
2023-01-30,tomatoes,Wasa Amenfi,Asankragua Market (Wasa Amenfi),5.13,GHS,WFP-GIEWS-Ghana
2023-02-06,tomatoes,Wasa Amenfi,Asankragua Market (Wasa Amenfi),5.13,GHS,WFP-GIEWS-Ghana
2023-02-13,tomatoes,Wasa Amenfi,Asankragua Market (Wasa Amenfi),5.15,GHS,WFP-GIEWS-Ghana
2023-02-20,tomatoes,Wasa Amenfi,Asankragua Market (Wasa Amenfi),5.06,GHS,WFP-GIEWS-Ghana
2023-02-27,tomatoes,Wasa Amenfi,Asankragua Market (Wasa Amenfi),4.98,GHS,WFP-GIEWS-Ghana
2023-03-06,tomatoes,Wasa Amenfi,Asankragua Market (Wasa Amenfi),4.17,GHS,WFP-GIEWS-Ghana
2023-03-13,tomatoes,Wasa Amenfi,Asankragua Market (Wasa Amenfi),3.95,GHS,WFP-GIEWS-Ghana
2023-03-20,tomatoes,Wasa Amenfi,Asankragua Market (Wasa Amenfi),4.34,GHS,WFP-GIEWS-Ghana
2023-03-27,tomatoes,Wasa Amenfi,Asankragua Market (Wasa Amenfi),4.31,GHS,WFP-GIEWS-Ghana
2023-04-03,tomatoes,Wasa Amenfi,Asankragua Market (Wasa Amenfi),4.4,GHS,WFP-GIEWS-Ghana
2023-04-10,tomatoes,Wasa Amenfi,Asankragua Market (Wasa Amenfi),4.08,GHS,WFP-GIEWS-Ghana
2023-04-17,tomatoes,Wasa Amenfi,Asankragua Market (Wasa Amenfi),4.42,GHS,WFP-GIEWS-Ghana
2023-04-24,tomatoes,Wasa Amenfi,Asankragua Market (Wasa Amenfi),4.66,GHS,WFP-GIEWS-Ghana
2023-05-01,tomatoes,Wasa Amenfi,Asankragua Market (Wasa Amenfi),4.35,GHS,WFP-GIEWS-Ghana
2023-05-08,tomatoes,Wasa Amenfi,Asankragua Market (Wasa Amenfi),4.32,GHS,WFP-GIEWS-Ghana
2023-05-15,tomatoes,Wasa Amenfi,Asankragua Market (Wasa Amenfi),4.39,GHS,WFP-GIEWS-Ghana
2023-05-22,tomatoes,Wasa Amenfi,Asankragua Market (Wasa Amenfi),4.69,GHS,WFP-GIEWS-Ghana
2023-05-29,tomatoes,Wasa Amenfi,Asankragua Market (Wasa Amenfi),4.16,GHS,WFP-GIEWS-Ghana
2023-06-05,tomatoes,Wasa Amenfi,Asankragua Market (Wasa Amenfi),4.78,GHS,WFP-GIEWS-Ghana
2023-06-12,tomatoes,Wasa Amenfi,Asankragua Market (Wasa Amenfi),4.59,GHS,WFP-GIEWS-Ghana
2023-06-19,tomatoes,Wasa Amenfi,Asankragua Market (Wasa Amenfi),4.64,GHS,WFP-GIEWS-Ghana
2023-06-26,tomatoes,Wasa Amenfi,Asankragua Market (Wasa Amenfi),4.73,GHS,WFP-GIEWS-Ghana
2023-07-03,tomatoes,Wasa Amenfi,Asankragua Market (Wasa Amenfi),5.63,GHS,WFP-GIEWS-Ghana
2023-07-10,tomatoes,Wasa Amenfi,Asankragua Market (Wasa Amenfi),5.73,GHS,WFP-GIEWS-Ghana
2023-07-17,tomatoes,Wasa Amenfi,Asankragua Market (Wasa Amenfi),5.44,GHS,WFP-GIEWS-Ghana
2023-07-24,tomatoes,Wasa Amenfi,Asankragua Market (Wasa Amenfi),5.26,GHS,WFP-GIEWS-Ghana
2023-07-31,tomatoes,Wasa Amenfi,Asankragua Market (Wasa Amenfi),5.88,GHS,WFP-GIEWS-Ghana
2023-08-07,tomatoes,Wasa Amenfi,Asankragua Market (Wasa Amenfi),5.29,GHS,WFP-GIEWS-Ghana
2023-08-14,tomatoes,Wasa Amenfi,Asankragua Market (Wasa Amenfi),5.25,GHS,WFP-GIEWS-Ghana
2023-08-21,tomatoes,Wasa Amenfi,Asankragua Market (Wasa Amenfi),5.0,GHS,WFP-GIEWS-Ghana
2023-08-28,tomatoes,Wasa Amenfi,Asankragua Market (Wasa Amenfi),5.68,GHS,WFP-GIEWS-Ghana
2023-09-04,tomatoes,Wasa Amenfi,Asankragua Market (Wasa Amenfi),5.02,GHS,WFP-GIEWS-Ghana
2023-09-11,tomatoes,Wasa Amenfi,Asankragua Market (Wasa Amenfi),5.3,GHS,WFP-GIEWS-Ghana
2023-09-18,tomatoes,Wasa Amenfi,Asankragua Market (Wasa Amenfi),4.56,GHS,WFP-GIEWS-Ghana
2023-09-25,tomatoes,Wasa Amenfi,Asankragua Market (Wasa Amenfi),5.11,GHS,WFP-GIEWS-Ghana
2023-10-02,tomatoes,Wasa Amenfi,Asankragua Market (Wasa Amenfi),4.15,GHS,WFP-GIEWS-Ghana
2023-10-09,tomatoes,Wasa Amenfi,Asankragua Market (Wasa Amenfi),4.27,GHS,WFP-GIEWS-Ghana
2023-10-16,tomatoes,Wasa Amenfi,Asankragua Market (Wasa Amenfi),3.86,GHS,WFP-GIEWS-Ghana
2023-10-23,tomatoes,Wasa Amenfi,Asankragua Market (Wasa Amenfi),4.38,GHS,WFP-GIEWS-Ghana
2023-10-30,tomatoes,Wasa Amenfi,Asankragua Market (Wasa Amenfi),4.26,GHS,WFP-GIEWS-Ghana
2023-11-06,tomatoes,Wasa Amenfi,Asankragua Market (Wasa Amenfi),4.15,GHS,WFP-GIEWS-Ghana
2023-11-13,tomatoes,Wasa Amenfi,Asankragua Market (Wasa Amenfi),4.27,GHS,WFP-GIEWS-Ghana
2023-11-20,tomatoes,Wasa Amenfi,Asankragua Market (Wasa Amenfi),4.03,GHS,WFP-GIEWS-Ghana
2023-11-27,tomatoes,Wasa Amenfi,Asankragua Market (Wasa Amenfi),4.06,GHS,WFP-GIEWS-Ghana
2023-12-04,tomatoes,Wasa Amenfi,Asankragua Market (Wasa Amenfi),4.11,GHS,WFP-GIEWS-Ghana
2023-12-11,tomatoes,Wasa Amenfi,Asankragua Market (Wasa Amenfi),3.88,GHS,WFP-GIEWS-Ghana
2023-12-18,tomatoes,Wasa Amenfi,Asankragua Market (Wasa Amenfi),4.33,GHS,WFP-GIEWS-Ghana
2023-12-25,tomatoes,Wasa Amenfi,Asankragua Market (Wasa Amenfi),4.39,GHS,WFP-GIEWS-Ghana
2024-01-01,tomatoes,Wasa Amenfi,Asankragua Market (Wasa Amenfi),5.2,GHS,WFP-GIEWS-Ghana
2024-01-08,tomatoes,Wasa Amenfi,Asankragua Market (Wasa Amenfi),5.43,GHS,WFP-GIEWS-Ghana
2024-01-15,tomatoes,Wasa Amenfi,Asankragua Market (Wasa Amenfi),5.3,GHS,WFP-GIEWS-Ghana
2024-01-22,tomatoes,Wasa Amenfi,Asankragua Market (Wasa Amenfi),5.43,GHS,WFP-GIEWS-Ghana
2024-01-29,tomatoes,Wasa Amenfi,Asankragua Market (Wasa Amenfi),5.22,GHS,WFP-GIEWS-Ghana
2024-02-05,tomatoes,Wasa Amenfi,Asankragua Market (Wasa Amenfi),5.2,GHS,WFP-GIEWS-Ghana
2024-02-12,tomatoes,Wasa Amenfi,Asankragua Market (Wasa Amenfi),5.62,GHS,WFP-GIEWS-Ghana
2024-02-19,tomatoes,Wasa Amenfi,Asankragua Market (Wasa Amenfi),5.38,GHS,WFP-GIEWS-Ghana
2024-02-26,tomatoes,Wasa Amenfi,Asankragua Market (Wasa Amenfi),5.83,GHS,WFP-GIEWS-Ghana
2024-03-04,tomatoes,Wasa Amenfi,Asankragua Market (Wasa Amenfi),4.63,GHS,WFP-GIEWS-Ghana
2024-03-11,tomatoes,Wasa Amenfi,Asankragua Market (Wasa Amenfi),4.45,GHS,WFP-GIEWS-Ghana
2024-03-18,tomatoes,Wasa Amenfi,Asankragua Market (Wasa Amenfi),4.85,GHS,WFP-GIEWS-Ghana
2024-03-25,tomatoes,Wasa Amenfi,Asankragua Market (Wasa Amenfi),4.74,GHS,WFP-GIEWS-Ghana
2024-04-01,tomatoes,Wasa Amenfi,Asankragua Market (Wasa Amenfi),4.79,GHS,WFP-GIEWS-Ghana
2024-04-08,tomatoes,Wasa Amenfi,Asankragua Market (Wasa Amenfi),4.87,GHS,WFP-GIEWS-Ghana
2024-04-15,tomatoes,Wasa Amenfi,Asankragua Market (Wasa Amenfi),4.53,GHS,WFP-GIEWS-Ghana
2024-04-22,tomatoes,Wasa Amenfi,Asankragua Market (Wasa Amenfi),4.63,GHS,WFP-GIEWS-Ghana
2024-04-29,tomatoes,Wasa Amenfi,Asankragua Market (Wasa Amenfi),4.62,GHS,WFP-GIEWS-Ghana
2024-05-06,tomatoes,Wasa Amenfi,Asankragua Market (Wasa Amenfi),4.44,GHS,WFP-GIEWS-Ghana
2024-05-13,tomatoes,Wasa Amenfi,Asankragua Market (Wasa Amenfi),4.63,GHS,WFP-GIEWS-Ghana
2024-05-20,tomatoes,Wasa Amenfi,Asankragua Market (Wasa Amenfi),4.93,GHS,WFP-GIEWS-Ghana
2024-05-27,tomatoes,Wasa Amenfi,Asankragua Market (Wasa Amenfi),4.72,GHS,WFP-GIEWS-Ghana
2024-06-03,tomatoes,Wasa Amenfi,Asankragua Market (Wasa Amenfi),4.84,GHS,WFP-GIEWS-Ghana
2024-06-10,tomatoes,Wasa Amenfi,Asankragua Market (Wasa Amenfi),4.8,GHS,WFP-GIEWS-Ghana
2024-06-17,tomatoes,Wasa Amenfi,Asankragua Market (Wasa Amenfi),5.46,GHS,WFP-GIEWS-Ghana
2024-06-24,tomatoes,Wasa Amenfi,Asankragua Market (Wasa Amenfi),5.1,GHS,WFP-GIEWS-Ghana
2024-07-01,tomatoes,Wasa Amenfi,Asankragua Market (Wasa Amenfi),5.62,GHS,WFP-GIEWS-Ghana
2024-07-08,tomatoes,Wasa Amenfi,Asankragua Market (Wasa Amenfi),5.71,GHS,WFP-GIEWS-Ghana
2024-07-15,tomatoes,Wasa Amenfi,Asankragua Market (Wasa Amenfi),5.43,GHS,WFP-GIEWS-Ghana
2024-07-22,tomatoes,Wasa Amenfi,Asankragua Market (Wasa Amenfi),6.1,GHS,WFP-GIEWS-Ghana
2024-07-29,tomatoes,Wasa Amenfi,Asankragua Market (Wasa Amenfi),5.68,GHS,WFP-GIEWS-Ghana
2024-08-05,tomatoes,Wasa Amenfi,Asankragua Market (Wasa Amenfi),6.13,GHS,WFP-GIEWS-Ghana
2024-08-12,tomatoes,Wasa Amenfi,Asankragua Market (Wasa Amenfi),5.82,GHS,WFP-GIEWS-Ghana
2024-08-19,tomatoes,Wasa Amenfi,Asankragua Market (Wasa Amenfi),6.14,GHS,WFP-GIEWS-Ghana
2024-08-26,tomatoes,Wasa Amenfi,Asankragua Market (Wasa Amenfi),5.87,GHS,WFP-GIEWS-Ghana
2024-09-02,tomatoes,Wasa Amenfi,Asankragua Market (Wasa Amenfi),5.4,GHS,WFP-GIEWS-Ghana
2024-09-09,tomatoes,Wasa Amenfi,Asankragua Market (Wasa Amenfi),5.37,GHS,WFP-GIEWS-Ghana
2024-09-16,tomatoes,Wasa Amenfi,Asankragua Market (Wasa Amenfi),5.35,GHS,WFP-GIEWS-Ghana
2024-09-23,tomatoes,Wasa Amenfi,Asankragua Market (Wasa Amenfi),5.29,GHS,WFP-GIEWS-Ghana
2024-09-30,tomatoes,Wasa Amenfi,Asankragua Market (Wasa Amenfi),5.17,GHS,WFP-GIEWS-Ghana
2024-10-07,tomatoes,Wasa Amenfi,Asankragua Market (Wasa Amenfi),4.81,GHS,WFP-GIEWS-Ghana
2024-10-14,tomatoes,Wasa Amenfi,Asankragua Market (Wasa Amenfi),4.3,GHS,WFP-GIEWS-Ghana
2024-10-21,tomatoes,Wasa Amenfi,Asankragua Market (Wasa Amenfi),4.47,GHS,WFP-GIEWS-Ghana
2024-10-28,tomatoes,Wasa Amenfi,Asankragua Market (Wasa Amenfi),4.47,GHS,WFP-GIEWS-Ghana
2024-11-04,tomatoes,Wasa Amenfi,Asankragua Market (Wasa Amenfi),4.57,GHS,WFP-GIEWS-Ghana
2024-11-11,tomatoes,Wasa Amenfi,Asankragua Market (Wasa Amenfi),4.42,GHS,WFP-GIEWS-Ghana
2024-11-18,tomatoes,Wasa Amenfi,Asankragua Market (Wasa Amenfi),4.55,GHS,WFP-GIEWS-Ghana
2024-11-25,tomatoes,Wasa Amenfi,Asankragua Market (Wasa Amenfi),4.46,GHS,WFP-GIEWS-Ghana
2024-12-02,tomatoes,Wasa Amenfi,Asankragua Market (Wasa Amenfi),4.24,GHS,WFP-GIEWS-Ghana
2024-12-09,tomatoes,Wasa Amenfi,Asankragua Market (Wasa Amenfi),4.52,GHS,WFP-GIEWS-Ghana
2024-12-16,tomatoes,Wasa Amenfi,Asankragua Market (Wasa Amenfi),4.32,GHS,WFP-GIEWS-Ghana
2024-12-23,tomatoes,Wasa Amenfi,Asankragua Market (Wasa Amenfi),4.21,GHS,WFP-GIEWS-Ghana
2024-12-30,tomatoes,Wasa Amenfi,Asankragua Market (Wasa Amenfi),4.55,GHS,WFP-GIEWS-Ghana
2018-01-01,plantain,Aowin,Enchi Market (Aowin),1.94,GHS,WFP-GIEWS-Ghana
2018-01-08,plantain,Aowin,Enchi Market (Aowin),1.94,GHS,WFP-GIEWS-Ghana
2018-01-15,plantain,Aowin,Enchi Market (Aowin),1.75,GHS,WFP-GIEWS-Ghana
2018-01-22,plantain,Aowin,Enchi Market (Aowin),1.79,GHS,WFP-GIEWS-Ghana
2018-01-29,plantain,Aowin,Enchi Market (Aowin),2.05,GHS,WFP-GIEWS-Ghana
2018-02-05,plantain,Aowin,Enchi Market (Aowin),1.83,GHS,WFP-GIEWS-Ghana
2018-02-12,plantain,Aowin,Enchi Market (Aowin),1.95,GHS,WFP-GIEWS-Ghana
2018-02-19,plantain,Aowin,Enchi Market (Aowin),1.86,GHS,WFP-GIEWS-Ghana
2018-02-26,plantain,Aowin,Enchi Market (Aowin),1.91,GHS,WFP-GIEWS-Ghana
2018-03-05,plantain,Aowin,Enchi Market (Aowin),1.59,GHS,WFP-GIEWS-Ghana
2018-03-12,plantain,Aowin,Enchi Market (Aowin),1.67,GHS,WFP-GIEWS-Ghana
2018-03-19,plantain,Aowin,Enchi Market (Aowin),1.64,GHS,WFP-GIEWS-Ghana
2018-03-26,plantain,Aowin,Enchi Market (Aowin),1.61,GHS,WFP-GIEWS-Ghana
2018-04-02,plantain,Aowin,Enchi Market (Aowin),1.58,GHS,WFP-GIEWS-Ghana
2018-04-09,plantain,Aowin,Enchi Market (Aowin),1.66,GHS,WFP-GIEWS-Ghana
2018-04-16,plantain,Aowin,Enchi Market (Aowin),1.57,GHS,WFP-GIEWS-Ghana
2018-04-23,plantain,Aowin,Enchi Market (Aowin),1.67,GHS,WFP-GIEWS-Ghana
2018-04-30,plantain,Aowin,Enchi Market (Aowin),1.82,GHS,WFP-GIEWS-Ghana
2018-05-07,plantain,Aowin,Enchi Market (Aowin),1.75,GHS,WFP-GIEWS-Ghana
2018-05-14,plantain,Aowin,Enchi Market (Aowin),1.7,GHS,WFP-GIEWS-Ghana
2018-05-21,plantain,Aowin,Enchi Market (Aowin),1.65,GHS,WFP-GIEWS-Ghana
2018-05-28,plantain,Aowin,Enchi Market (Aowin),1.53,GHS,WFP-GIEWS-Ghana
2018-06-04,plantain,Aowin,Enchi Market (Aowin),1.72,GHS,WFP-GIEWS-Ghana
2018-06-11,plantain,Aowin,Enchi Market (Aowin),1.91,GHS,WFP-GIEWS-Ghana
2018-06-18,plantain,Aowin,Enchi Market (Aowin),1.76,GHS,WFP-GIEWS-Ghana
2018-06-25,plantain,Aowin,Enchi Market (Aowin),1.76,GHS,WFP-GIEWS-Ghana
2018-07-02,plantain,Aowin,Enchi Market (Aowin),2.03,GHS,WFP-GIEWS-Ghana
2018-07-09,plantain,Aowin,Enchi Market (Aowin),1.96,GHS,WFP-GIEWS-Ghana
2018-07-16,plantain,Aowin,Enchi Market (Aowin),1.94,GHS,WFP-GIEWS-Ghana
2018-07-23,plantain,Aowin,Enchi Market (Aowin),2.04,GHS,WFP-GIEWS-Ghana
2018-07-30,plantain,Aowin,Enchi Market (Aowin),1.97,GHS,WFP-GIEWS-Ghana
2018-08-06,plantain,Aowin,Enchi Market (Aowin),2.0,GHS,WFP-GIEWS-Ghana
2018-08-13,plantain,Aowin,Enchi Market (Aowin),1.99,GHS,WFP-GIEWS-Ghana
2018-08-20,plantain,Aowin,Enchi Market (Aowin),2.1,GHS,WFP-GIEWS-Ghana
2018-08-27,plantain,Aowin,Enchi Market (Aowin),2.04,GHS,WFP-GIEWS-Ghana
2018-09-03,plantain,Aowin,Enchi Market (Aowin),1.83,GHS,WFP-GIEWS-Ghana
2018-09-10,plantain,Aowin,Enchi Market (Aowin),1.89,GHS,WFP-GIEWS-Ghana
2018-09-17,plantain,Aowin,Enchi Market (Aowin),1.84,GHS,WFP-GIEWS-Ghana
2018-09-24,plantain,Aowin,Enchi Market (Aowin),1.83,GHS,WFP-GIEWS-Ghana
2018-10-01,plantain,Aowin,Enchi Market (Aowin),1.61,GHS,WFP-GIEWS-Ghana
2018-10-08,plantain,Aowin,Enchi Market (Aowin),1.62,GHS,WFP-GIEWS-Ghana
2018-10-15,plantain,Aowin,Enchi Market (Aowin),1.57,GHS,WFP-GIEWS-Ghana
2018-10-22,plantain,Aowin,Enchi Market (Aowin),1.59,GHS,WFP-GIEWS-Ghana
2018-10-29,plantain,Aowin,Enchi Market (Aowin),1.53,GHS,WFP-GIEWS-Ghana
2018-11-05,plantain,Aowin,Enchi Market (Aowin),1.54,GHS,WFP-GIEWS-Ghana
2018-11-12,plantain,Aowin,Enchi Market (Aowin),1.64,GHS,WFP-GIEWS-Ghana
2018-11-19,plantain,Aowin,Enchi Market (Aowin),1.62,GHS,WFP-GIEWS-Ghana
2018-11-26,plantain,Aowin,Enchi Market (Aowin),1.62,GHS,WFP-GIEWS-Ghana
2018-12-03,plantain,Aowin,Enchi Market (Aowin),1.62,GHS,WFP-GIEWS-Ghana
2018-12-10,plantain,Aowin,Enchi Market (Aowin),1.6,GHS,WFP-GIEWS-Ghana
2018-12-17,plantain,Aowin,Enchi Market (Aowin),1.65,GHS,WFP-GIEWS-Ghana
2018-12-24,plantain,Aowin,Enchi Market (Aowin),1.66,GHS,WFP-GIEWS-Ghana
2018-12-31,plantain,Aowin,Enchi Market (Aowin),1.66,GHS,WFP-GIEWS-Ghana
2019-01-07,plantain,Aowin,Enchi Market (Aowin),2.04,GHS,WFP-GIEWS-Ghana
2019-01-14,plantain,Aowin,Enchi Market (Aowin),2.16,GHS,WFP-GIEWS-Ghana
2019-01-21,plantain,Aowin,Enchi Market (Aowin),2.07,GHS,WFP-GIEWS-Ghana
2019-01-28,plantain,Aowin,Enchi Market (Aowin),2.1,GHS,WFP-GIEWS-Ghana
2019-02-04,plantain,Aowin,Enchi Market (Aowin),2.08,GHS,WFP-GIEWS-Ghana
2019-02-11,plantain,Aowin,Enchi Market (Aowin),2.08,GHS,WFP-GIEWS-Ghana
2019-02-18,plantain,Aowin,Enchi Market (Aowin),2.0,GHS,WFP-GIEWS-Ghana
2019-02-25,plantain,Aowin,Enchi Market (Aowin),2.12,GHS,WFP-GIEWS-Ghana
2019-03-04,plantain,Aowin,Enchi Market (Aowin),1.97,GHS,WFP-GIEWS-Ghana
2019-03-11,plantain,Aowin,Enchi Market (Aowin),1.74,GHS,WFP-GIEWS-Ghana
2019-03-18,plantain,Aowin,Enchi Market (Aowin),1.77,GHS,WFP-GIEWS-Ghana
2019-03-25,plantain,Aowin,Enchi Market (Aowin),1.74,GHS,WFP-GIEWS-Ghana
2019-04-01,plantain,Aowin,Enchi Market (Aowin),1.74,GHS,WFP-GIEWS-Ghana
2019-04-08,plantain,Aowin,Enchi Market (Aowin),1.89,GHS,WFP-GIEWS-Ghana
2019-04-15,plantain,Aowin,Enchi Market (Aowin),1.73,GHS,WFP-GIEWS-Ghana
2019-04-22,plantain,Aowin,Enchi Market (Aowin),1.74,GHS,WFP-GIEWS-Ghana
2019-04-29,plantain,Aowin,Enchi Market (Aowin),1.67,GHS,WFP-GIEWS-Ghana
2019-05-06,plantain,Aowin,Enchi Market (Aowin),1.74,GHS,WFP-GIEWS-Ghana
2019-05-13,plantain,Aowin,Enchi Market (Aowin),1.67,GHS,WFP-GIEWS-Ghana
2019-05-20,plantain,Aowin,Enchi Market (Aowin),1.83,GHS,WFP-GIEWS-Ghana
2019-05-27,plantain,Aowin,Enchi Market (Aowin),1.99,GHS,WFP-GIEWS-Ghana
2019-06-03,plantain,Aowin,Enchi Market (Aowin),1.93,GHS,WFP-GIEWS-Ghana
2019-06-10,plantain,Aowin,Enchi Market (Aowin),1.83,GHS,WFP-GIEWS-Ghana
2019-06-17,plantain,Aowin,Enchi Market (Aowin),2.03,GHS,WFP-GIEWS-Ghana
2019-06-24,plantain,Aowin,Enchi Market (Aowin),1.9,GHS,WFP-GIEWS-Ghana
2019-07-01,plantain,Aowin,Enchi Market (Aowin),2.32,GHS,WFP-GIEWS-Ghana
2019-07-08,plantain,Aowin,Enchi Market (Aowin),2.18,GHS,WFP-GIEWS-Ghana
2019-07-15,plantain,Aowin,Enchi Market (Aowin),2.15,GHS,WFP-GIEWS-Ghana
2019-07-22,plantain,Aowin,Enchi Market (Aowin),2.19,GHS,WFP-GIEWS-Ghana
2019-07-29,plantain,Aowin,Enchi Market (Aowin),2.27,GHS,WFP-GIEWS-Ghana
2019-08-05,plantain,Aowin,Enchi Market (Aowin),2.2,GHS,WFP-GIEWS-Ghana
2019-08-12,plantain,Aowin,Enchi Market (Aowin),2.18,GHS,WFP-GIEWS-Ghana
2019-08-19,plantain,Aowin,Enchi Market (Aowin),2.2,GHS,WFP-GIEWS-Ghana
2019-08-26,plantain,Aowin,Enchi Market (Aowin),2.11,GHS,WFP-GIEWS-Ghana
2019-09-02,plantain,Aowin,Enchi Market (Aowin),2.03,GHS,WFP-GIEWS-Ghana
2019-09-09,plantain,Aowin,Enchi Market (Aowin),1.85,GHS,WFP-GIEWS-Ghana
2019-09-16,plantain,Aowin,Enchi Market (Aowin),1.96,GHS,WFP-GIEWS-Ghana
2019-09-23,plantain,Aowin,Enchi Market (Aowin),2.06,GHS,WFP-GIEWS-Ghana
2019-09-30,plantain,Aowin,Enchi Market (Aowin),2.02,GHS,WFP-GIEWS-Ghana
2019-10-07,plantain,Aowin,Enchi Market (Aowin),1.75,GHS,WFP-GIEWS-Ghana
2019-10-14,plantain,Aowin,Enchi Market (Aowin),1.7,GHS,WFP-GIEWS-Ghana
2019-10-21,plantain,Aowin,Enchi Market (Aowin),1.79,GHS,WFP-GIEWS-Ghana
2019-10-28,plantain,Aowin,Enchi Market (Aowin),1.77,GHS,WFP-GIEWS-Ghana
2019-11-04,plantain,Aowin,Enchi Market (Aowin),1.75,GHS,WFP-GIEWS-Ghana
2019-11-11,plantain,Aowin,Enchi Market (Aowin),1.78,GHS,WFP-GIEWS-Ghana
2019-11-18,plantain,Aowin,Enchi Market (Aowin),1.77,GHS,WFP-GIEWS-Ghana
2019-11-25,plantain,Aowin,Enchi Market (Aowin),1.69,GHS,WFP-GIEWS-Ghana
2019-12-02,plantain,Aowin,Enchi Market (Aowin),1.64,GHS,WFP-GIEWS-Ghana
2019-12-09,plantain,Aowin,Enchi Market (Aowin),1.76,GHS,WFP-GIEWS-Ghana
2019-12-16,plantain,Aowin,Enchi Market (Aowin),1.77,GHS,WFP-GIEWS-Ghana
2019-12-23,plantain,Aowin,Enchi Market (Aowin),1.8,GHS,WFP-GIEWS-Ghana
2019-12-30,plantain,Aowin,Enchi Market (Aowin),1.66,GHS,WFP-GIEWS-Ghana
2020-01-06,plantain,Aowin,Enchi Market (Aowin),2.13,GHS,WFP-GIEWS-Ghana
2020-01-13,plantain,Aowin,Enchi Market (Aowin),2.25,GHS,WFP-GIEWS-Ghana
2020-01-20,plantain,Aowin,Enchi Market (Aowin),2.2,GHS,WFP-GIEWS-Ghana
2020-01-27,plantain,Aowin,Enchi Market (Aowin),2.04,GHS,WFP-GIEWS-Ghana
2020-02-03,plantain,Aowin,Enchi Market (Aowin),2.26,GHS,WFP-GIEWS-Ghana
2020-02-10,plantain,Aowin,Enchi Market (Aowin),2.06,GHS,WFP-GIEWS-Ghana
2020-02-17,plantain,Aowin,Enchi Market (Aowin),2.14,GHS,WFP-GIEWS-Ghana
2020-02-24,plantain,Aowin,Enchi Market (Aowin),2.35,GHS,WFP-GIEWS-Ghana
2020-03-02,plantain,Aowin,Enchi Market (Aowin),2.05,GHS,WFP-GIEWS-Ghana
2020-03-09,plantain,Aowin,Enchi Market (Aowin),1.82,GHS,WFP-GIEWS-Ghana
2020-03-16,plantain,Aowin,Enchi Market (Aowin),1.88,GHS,WFP-GIEWS-Ghana
2020-03-23,plantain,Aowin,Enchi Market (Aowin),1.91,GHS,WFP-GIEWS-Ghana
2020-03-30,plantain,Aowin,Enchi Market (Aowin),2.04,GHS,WFP-GIEWS-Ghana
2020-04-06,plantain,Aowin,Enchi Market (Aowin),1.88,GHS,WFP-GIEWS-Ghana
2020-04-13,plantain,Aowin,Enchi Market (Aowin),1.88,GHS,WFP-GIEWS-Ghana
2020-04-20,plantain,Aowin,Enchi Market (Aowin),2.04,GHS,WFP-GIEWS-Ghana
2020-04-27,plantain,Aowin,Enchi Market (Aowin),1.89,GHS,WFP-GIEWS-Ghana
2020-05-04,plantain,Aowin,Enchi Market (Aowin),1.99,GHS,WFP-GIEWS-Ghana
2020-05-11,plantain,Aowin,Enchi Market (Aowin),1.82,GHS,WFP-GIEWS-Ghana
2020-05-18,plantain,Aowin,Enchi Market (Aowin),1.92,GHS,WFP-GIEWS-Ghana
2020-05-25,plantain,Aowin,Enchi Market (Aowin),1.8,GHS,WFP-GIEWS-Ghana
2020-06-01,plantain,Aowin,Enchi Market (Aowin),2.02,GHS,WFP-GIEWS-Ghana
2020-06-08,plantain,Aowin,Enchi Market (Aowin),2.19,GHS,WFP-GIEWS-Ghana
2020-06-15,plantain,Aowin,Enchi Market (Aowin),2.11,GHS,WFP-GIEWS-Ghana
2020-06-22,plantain,Aowin,Enchi Market (Aowin),2.09,GHS,WFP-GIEWS-Ghana
2020-06-29,plantain,Aowin,Enchi Market (Aowin),2.05,GHS,WFP-GIEWS-Ghana
2020-07-06,plantain,Aowin,Enchi Market (Aowin),2.36,GHS,WFP-GIEWS-Ghana
2020-07-13,plantain,Aowin,Enchi Market (Aowin),2.41,GHS,WFP-GIEWS-Ghana
2020-07-20,plantain,Aowin,Enchi Market (Aowin),2.48,GHS,WFP-GIEWS-Ghana
2020-07-27,plantain,Aowin,Enchi Market (Aowin),2.13,GHS,WFP-GIEWS-Ghana
2020-08-03,plantain,Aowin,Enchi Market (Aowin),2.32,GHS,WFP-GIEWS-Ghana
2020-08-10,plantain,Aowin,Enchi Market (Aowin),2.41,GHS,WFP-GIEWS-Ghana
2020-08-17,plantain,Aowin,Enchi Market (Aowin),2.39,GHS,WFP-GIEWS-Ghana
2020-08-24,plantain,Aowin,Enchi Market (Aowin),2.44,GHS,WFP-GIEWS-Ghana
2020-08-31,plantain,Aowin,Enchi Market (Aowin),2.42,GHS,WFP-GIEWS-Ghana
2020-09-07,plantain,Aowin,Enchi Market (Aowin),2.13,GHS,WFP-GIEWS-Ghana
2020-09-14,plantain,Aowin,Enchi Market (Aowin),2.11,GHS,WFP-GIEWS-Ghana
2020-09-21,plantain,Aowin,Enchi Market (Aowin),2.13,GHS,WFP-GIEWS-Ghana
2020-09-28,plantain,Aowin,Enchi Market (Aowin),2.25,GHS,WFP-GIEWS-Ghana
2020-10-05,plantain,Aowin,Enchi Market (Aowin),1.79,GHS,WFP-GIEWS-Ghana
2020-10-12,plantain,Aowin,Enchi Market (Aowin),1.84,GHS,WFP-GIEWS-Ghana
2020-10-19,plantain,Aowin,Enchi Market (Aowin),1.86,GHS,WFP-GIEWS-Ghana
2020-10-26,plantain,Aowin,Enchi Market (Aowin),1.96,GHS,WFP-GIEWS-Ghana
2020-11-02,plantain,Aowin,Enchi Market (Aowin),1.83,GHS,WFP-GIEWS-Ghana
2020-11-09,plantain,Aowin,Enchi Market (Aowin),1.93,GHS,WFP-GIEWS-Ghana
2020-11-16,plantain,Aowin,Enchi Market (Aowin),1.95,GHS,WFP-GIEWS-Ghana
2020-11-23,plantain,Aowin,Enchi Market (Aowin),1.85,GHS,WFP-GIEWS-Ghana
2020-11-30,plantain,Aowin,Enchi Market (Aowin),1.84,GHS,WFP-GIEWS-Ghana
2020-12-07,plantain,Aowin,Enchi Market (Aowin),1.84,GHS,WFP-GIEWS-Ghana
2020-12-14,plantain,Aowin,Enchi Market (Aowin),1.85,GHS,WFP-GIEWS-Ghana
2020-12-21,plantain,Aowin,Enchi Market (Aowin),1.93,GHS,WFP-GIEWS-Ghana
2020-12-28,plantain,Aowin,Enchi Market (Aowin),1.88,GHS,WFP-GIEWS-Ghana
2021-01-04,plantain,Aowin,Enchi Market (Aowin),2.41,GHS,WFP-GIEWS-Ghana
2021-01-11,plantain,Aowin,Enchi Market (Aowin),2.28,GHS,WFP-GIEWS-Ghana
2021-01-18,plantain,Aowin,Enchi Market (Aowin),2.3,GHS,WFP-GIEWS-Ghana
2021-01-25,plantain,Aowin,Enchi Market (Aowin),2.59,GHS,WFP-GIEWS-Ghana
2021-02-01,plantain,Aowin,Enchi Market (Aowin),2.39,GHS,WFP-GIEWS-Ghana
2021-02-08,plantain,Aowin,Enchi Market (Aowin),2.33,GHS,WFP-GIEWS-Ghana
2021-02-15,plantain,Aowin,Enchi Market (Aowin),2.54,GHS,WFP-GIEWS-Ghana
2021-02-22,plantain,Aowin,Enchi Market (Aowin),2.43,GHS,WFP-GIEWS-Ghana
2021-03-01,plantain,Aowin,Enchi Market (Aowin),2.11,GHS,WFP-GIEWS-Ghana
2021-03-08,plantain,Aowin,Enchi Market (Aowin),2.05,GHS,WFP-GIEWS-Ghana
2021-03-15,plantain,Aowin,Enchi Market (Aowin),2.03,GHS,WFP-GIEWS-Ghana
2021-03-22,plantain,Aowin,Enchi Market (Aowin),2.05,GHS,WFP-GIEWS-Ghana
2021-03-29,plantain,Aowin,Enchi Market (Aowin),1.95,GHS,WFP-GIEWS-Ghana
2021-04-05,plantain,Aowin,Enchi Market (Aowin),2.07,GHS,WFP-GIEWS-Ghana
2021-04-12,plantain,Aowin,Enchi Market (Aowin),2.1,GHS,WFP-GIEWS-Ghana
2021-04-19,plantain,Aowin,Enchi Market (Aowin),2.23,GHS,WFP-GIEWS-Ghana
2021-04-26,plantain,Aowin,Enchi Market (Aowin),2.08,GHS,WFP-GIEWS-Ghana
2021-05-03,plantain,Aowin,Enchi Market (Aowin),1.89,GHS,WFP-GIEWS-Ghana
2021-05-10,plantain,Aowin,Enchi Market (Aowin),2.08,GHS,WFP-GIEWS-Ghana
2021-05-17,plantain,Aowin,Enchi Market (Aowin),2.32,GHS,WFP-GIEWS-Ghana
2021-05-24,plantain,Aowin,Enchi Market (Aowin),2.16,GHS,WFP-GIEWS-Ghana
2021-05-31,plantain,Aowin,Enchi Market (Aowin),2.02,GHS,WFP-GIEWS-Ghana
2021-06-07,plantain,Aowin,Enchi Market (Aowin),2.34,GHS,WFP-GIEWS-Ghana
2021-06-14,plantain,Aowin,Enchi Market (Aowin),2.22,GHS,WFP-GIEWS-Ghana
2021-06-21,plantain,Aowin,Enchi Market (Aowin),2.16,GHS,WFP-GIEWS-Ghana
2021-06-28,plantain,Aowin,Enchi Market (Aowin),2.25,GHS,WFP-GIEWS-Ghana
2021-07-05,plantain,Aowin,Enchi Market (Aowin),2.58,GHS,WFP-GIEWS-Ghana
2021-07-12,plantain,Aowin,Enchi Market (Aowin),2.38,GHS,WFP-GIEWS-Ghana
2021-07-19,plantain,Aowin,Enchi Market (Aowin),2.46,GHS,WFP-GIEWS-Ghana
2021-07-26,plantain,Aowin,Enchi Market (Aowin),2.57,GHS,WFP-GIEWS-Ghana
2021-08-02,plantain,Aowin,Enchi Market (Aowin),2.55,GHS,WFP-GIEWS-Ghana
2021-08-09,plantain,Aowin,Enchi Market (Aowin),2.63,GHS,WFP-GIEWS-Ghana
2021-08-16,plantain,Aowin,Enchi Market (Aowin),2.46,GHS,WFP-GIEWS-Ghana
2021-08-23,plantain,Aowin,Enchi Market (Aowin),2.66,GHS,WFP-GIEWS-Ghana
2021-08-30,plantain,Aowin,Enchi Market (Aowin),2.47,GHS,WFP-GIEWS-Ghana
2021-09-06,plantain,Aowin,Enchi Market (Aowin),2.48,GHS,WFP-GIEWS-Ghana
2021-09-13,plantain,Aowin,Enchi Market (Aowin),2.17,GHS,WFP-GIEWS-Ghana
2021-09-20,plantain,Aowin,Enchi Market (Aowin),2.23,GHS,WFP-GIEWS-Ghana
2021-09-27,plantain,Aowin,Enchi Market (Aowin),2.37,GHS,WFP-GIEWS-Ghana
2021-10-04,plantain,Aowin,Enchi Market (Aowin),2.12,GHS,WFP-GIEWS-Ghana
2021-10-11,plantain,Aowin,Enchi Market (Aowin),2.02,GHS,WFP-GIEWS-Ghana
2021-10-18,plantain,Aowin,Enchi Market (Aowin),2.04,GHS,WFP-GIEWS-Ghana
2021-10-25,plantain,Aowin,Enchi Market (Aowin),1.99,GHS,WFP-GIEWS-Ghana
2021-11-01,plantain,Aowin,Enchi Market (Aowin),1.92,GHS,WFP-GIEWS-Ghana
2021-11-08,plantain,Aowin,Enchi Market (Aowin),1.96,GHS,WFP-GIEWS-Ghana
2021-11-15,plantain,Aowin,Enchi Market (Aowin),1.91,GHS,WFP-GIEWS-Ghana
2021-11-22,plantain,Aowin,Enchi Market (Aowin),1.9,GHS,WFP-GIEWS-Ghana
2021-11-29,plantain,Aowin,Enchi Market (Aowin),2.04,GHS,WFP-GIEWS-Ghana
2021-12-06,plantain,Aowin,Enchi Market (Aowin),1.93,GHS,WFP-GIEWS-Ghana
2021-12-13,plantain,Aowin,Enchi Market (Aowin),2.04,GHS,WFP-GIEWS-Ghana
2021-12-20,plantain,Aowin,Enchi Market (Aowin),1.91,GHS,WFP-GIEWS-Ghana
2021-12-27,plantain,Aowin,Enchi Market (Aowin),2.04,GHS,WFP-GIEWS-Ghana
2022-01-03,plantain,Aowin,Enchi Market (Aowin),2.53,GHS,WFP-GIEWS-Ghana
2022-01-10,plantain,Aowin,Enchi Market (Aowin),2.72,GHS,WFP-GIEWS-Ghana
2022-01-17,plantain,Aowin,Enchi Market (Aowin),2.61,GHS,WFP-GIEWS-Ghana
2022-01-24,plantain,Aowin,Enchi Market (Aowin),2.71,GHS,WFP-GIEWS-Ghana
2022-01-31,plantain,Aowin,Enchi Market (Aowin),2.5,GHS,WFP-GIEWS-Ghana
2022-02-07,plantain,Aowin,Enchi Market (Aowin),2.6,GHS,WFP-GIEWS-Ghana
2022-02-14,plantain,Aowin,Enchi Market (Aowin),2.49,GHS,WFP-GIEWS-Ghana
2022-02-21,plantain,Aowin,Enchi Market (Aowin),2.55,GHS,WFP-GIEWS-Ghana
2022-02-28,plantain,Aowin,Enchi Market (Aowin),2.57,GHS,WFP-GIEWS-Ghana
2022-03-07,plantain,Aowin,Enchi Market (Aowin),2.16,GHS,WFP-GIEWS-Ghana
2022-03-14,plantain,Aowin,Enchi Market (Aowin),2.12,GHS,WFP-GIEWS-Ghana
2022-03-21,plantain,Aowin,Enchi Market (Aowin),2.1,GHS,WFP-GIEWS-Ghana
2022-03-28,plantain,Aowin,Enchi Market (Aowin),2.02,GHS,WFP-GIEWS-Ghana
2022-04-04,plantain,Aowin,Enchi Market (Aowin),2.15,GHS,WFP-GIEWS-Ghana
2022-04-11,plantain,Aowin,Enchi Market (Aowin),2.3,GHS,WFP-GIEWS-Ghana
2022-04-18,plantain,Aowin,Enchi Market (Aowin),2.1,GHS,WFP-GIEWS-Ghana
2022-04-25,plantain,Aowin,Enchi Market (Aowin),2.12,GHS,WFP-GIEWS-Ghana
2022-05-02,plantain,Aowin,Enchi Market (Aowin),2.42,GHS,WFP-GIEWS-Ghana
2022-05-09,plantain,Aowin,Enchi Market (Aowin),2.2,GHS,WFP-GIEWS-Ghana
2022-05-16,plantain,Aowin,Enchi Market (Aowin),2.28,GHS,WFP-GIEWS-Ghana
2022-05-23,plantain,Aowin,Enchi Market (Aowin),2.31,GHS,WFP-GIEWS-Ghana
2022-05-30,plantain,Aowin,Enchi Market (Aowin),2.31,GHS,WFP-GIEWS-Ghana
2022-06-06,plantain,Aowin,Enchi Market (Aowin),2.32,GHS,WFP-GIEWS-Ghana
2022-06-13,plantain,Aowin,Enchi Market (Aowin),2.44,GHS,WFP-GIEWS-Ghana
2022-06-20,plantain,Aowin,Enchi Market (Aowin),2.31,GHS,WFP-GIEWS-Ghana
2022-06-27,plantain,Aowin,Enchi Market (Aowin),2.71,GHS,WFP-GIEWS-Ghana
2022-07-04,plantain,Aowin,Enchi Market (Aowin),2.6,GHS,WFP-GIEWS-Ghana
2022-07-11,plantain,Aowin,Enchi Market (Aowin),2.66,GHS,WFP-GIEWS-Ghana
2022-07-18,plantain,Aowin,Enchi Market (Aowin),2.66,GHS,WFP-GIEWS-Ghana
2022-07-25,plantain,Aowin,Enchi Market (Aowin),2.61,GHS,WFP-GIEWS-Ghana
2022-08-01,plantain,Aowin,Enchi Market (Aowin),2.95,GHS,WFP-GIEWS-Ghana
2022-08-08,plantain,Aowin,Enchi Market (Aowin),3.07,GHS,WFP-GIEWS-Ghana
2022-08-15,plantain,Aowin,Enchi Market (Aowin),2.74,GHS,WFP-GIEWS-Ghana
2022-08-22,plantain,Aowin,Enchi Market (Aowin),2.65,GHS,WFP-GIEWS-Ghana
2022-08-29,plantain,Aowin,Enchi Market (Aowin),2.55,GHS,WFP-GIEWS-Ghana
2022-09-05,plantain,Aowin,Enchi Market (Aowin),2.49,GHS,WFP-GIEWS-Ghana
2022-09-12,plantain,Aowin,Enchi Market (Aowin),2.48,GHS,WFP-GIEWS-Ghana
2022-09-19,plantain,Aowin,Enchi Market (Aowin),2.45,GHS,WFP-GIEWS-Ghana
2022-09-26,plantain,Aowin,Enchi Market (Aowin),2.54,GHS,WFP-GIEWS-Ghana
2022-10-03,plantain,Aowin,Enchi Market (Aowin),2.18,GHS,WFP-GIEWS-Ghana
2022-10-10,plantain,Aowin,Enchi Market (Aowin),2.18,GHS,WFP-GIEWS-Ghana
2022-10-17,plantain,Aowin,Enchi Market (Aowin),2.12,GHS,WFP-GIEWS-Ghana
2022-10-24,plantain,Aowin,Enchi Market (Aowin),2.06,GHS,WFP-GIEWS-Ghana
2022-10-31,plantain,Aowin,Enchi Market (Aowin),2.21,GHS,WFP-GIEWS-Ghana
2022-11-07,plantain,Aowin,Enchi Market (Aowin),2.17,GHS,WFP-GIEWS-Ghana
2022-11-14,plantain,Aowin,Enchi Market (Aowin),2.24,GHS,WFP-GIEWS-Ghana
2022-11-21,plantain,Aowin,Enchi Market (Aowin),2.23,GHS,WFP-GIEWS-Ghana
2022-11-28,plantain,Aowin,Enchi Market (Aowin),2.04,GHS,WFP-GIEWS-Ghana
2022-12-05,plantain,Aowin,Enchi Market (Aowin),2.05,GHS,WFP-GIEWS-Ghana
2022-12-12,plantain,Aowin,Enchi Market (Aowin),2.11,GHS,WFP-GIEWS-Ghana
2022-12-19,plantain,Aowin,Enchi Market (Aowin),2.09,GHS,WFP-GIEWS-Ghana
2022-12-26,plantain,Aowin,Enchi Market (Aowin),2.24,GHS,WFP-GIEWS-Ghana
2023-01-02,plantain,Aowin,Enchi Market (Aowin),2.82,GHS,WFP-GIEWS-Ghana
2023-01-09,plantain,Aowin,Enchi Market (Aowin),2.91,GHS,WFP-GIEWS-Ghana
2023-01-16,plantain,Aowin,Enchi Market (Aowin),2.83,GHS,WFP-GIEWS-Ghana
2023-01-23,plantain,Aowin,Enchi Market (Aowin),2.81,GHS,WFP-GIEWS-Ghana
2023-01-30,plantain,Aowin,Enchi Market (Aowin),2.92,GHS,WFP-GIEWS-Ghana
2023-02-06,plantain,Aowin,Enchi Market (Aowin),2.86,GHS,WFP-GIEWS-Ghana
2023-02-13,plantain,Aowin,Enchi Market (Aowin),2.81,GHS,WFP-GIEWS-Ghana
2023-02-20,plantain,Aowin,Enchi Market (Aowin),2.97,GHS,WFP-GIEWS-Ghana
2023-02-27,plantain,Aowin,Enchi Market (Aowin),2.82,GHS,WFP-GIEWS-Ghana
2023-03-06,plantain,Aowin,Enchi Market (Aowin),2.37,GHS,WFP-GIEWS-Ghana
2023-03-13,plantain,Aowin,Enchi Market (Aowin),2.32,GHS,WFP-GIEWS-Ghana
2023-03-20,plantain,Aowin,Enchi Market (Aowin),2.47,GHS,WFP-GIEWS-Ghana
2023-03-27,plantain,Aowin,Enchi Market (Aowin),2.52,GHS,WFP-GIEWS-Ghana
2023-04-03,plantain,Aowin,Enchi Market (Aowin),2.41,GHS,WFP-GIEWS-Ghana
2023-04-10,plantain,Aowin,Enchi Market (Aowin),2.55,GHS,WFP-GIEWS-Ghana
2023-04-17,plantain,Aowin,Enchi Market (Aowin),2.23,GHS,WFP-GIEWS-Ghana
2023-04-24,plantain,Aowin,Enchi Market (Aowin),2.41,GHS,WFP-GIEWS-Ghana
2023-05-01,plantain,Aowin,Enchi Market (Aowin),2.43,GHS,WFP-GIEWS-Ghana
2023-05-08,plantain,Aowin,Enchi Market (Aowin),2.36,GHS,WFP-GIEWS-Ghana
2023-05-15,plantain,Aowin,Enchi Market (Aowin),2.67,GHS,WFP-GIEWS-Ghana
2023-05-22,plantain,Aowin,Enchi Market (Aowin),2.43,GHS,WFP-GIEWS-Ghana
2023-05-29,plantain,Aowin,Enchi Market (Aowin),2.39,GHS,WFP-GIEWS-Ghana
2023-06-05,plantain,Aowin,Enchi Market (Aowin),2.67,GHS,WFP-GIEWS-Ghana
2023-06-12,plantain,Aowin,Enchi Market (Aowin),2.45,GHS,WFP-GIEWS-Ghana
2023-06-19,plantain,Aowin,Enchi Market (Aowin),2.58,GHS,WFP-GIEWS-Ghana
2023-06-26,plantain,Aowin,Enchi Market (Aowin),2.77,GHS,WFP-GIEWS-Ghana
2023-07-03,plantain,Aowin,Enchi Market (Aowin),2.93,GHS,WFP-GIEWS-Ghana
2023-07-10,plantain,Aowin,Enchi Market (Aowin),2.9,GHS,WFP-GIEWS-Ghana
2023-07-17,plantain,Aowin,Enchi Market (Aowin),3.16,GHS,WFP-GIEWS-Ghana
2023-07-24,plantain,Aowin,Enchi Market (Aowin),3.16,GHS,WFP-GIEWS-Ghana
2023-07-31,plantain,Aowin,Enchi Market (Aowin),3.06,GHS,WFP-GIEWS-Ghana
2023-08-07,plantain,Aowin,Enchi Market (Aowin),2.97,GHS,WFP-GIEWS-Ghana
2023-08-14,plantain,Aowin,Enchi Market (Aowin),2.99,GHS,WFP-GIEWS-Ghana
2023-08-21,plantain,Aowin,Enchi Market (Aowin),2.92,GHS,WFP-GIEWS-Ghana
2023-08-28,plantain,Aowin,Enchi Market (Aowin),2.9,GHS,WFP-GIEWS-Ghana
2023-09-04,plantain,Aowin,Enchi Market (Aowin),2.6,GHS,WFP-GIEWS-Ghana
2023-09-11,plantain,Aowin,Enchi Market (Aowin),2.65,GHS,WFP-GIEWS-Ghana
2023-09-18,plantain,Aowin,Enchi Market (Aowin),2.6,GHS,WFP-GIEWS-Ghana
2023-09-25,plantain,Aowin,Enchi Market (Aowin),2.55,GHS,WFP-GIEWS-Ghana
2023-10-02,plantain,Aowin,Enchi Market (Aowin),2.34,GHS,WFP-GIEWS-Ghana
2023-10-09,plantain,Aowin,Enchi Market (Aowin),2.34,GHS,WFP-GIEWS-Ghana
2023-10-16,plantain,Aowin,Enchi Market (Aowin),2.48,GHS,WFP-GIEWS-Ghana
2023-10-23,plantain,Aowin,Enchi Market (Aowin),2.26,GHS,WFP-GIEWS-Ghana
2023-10-30,plantain,Aowin,Enchi Market (Aowin),2.35,GHS,WFP-GIEWS-Ghana
2023-11-06,plantain,Aowin,Enchi Market (Aowin),2.37,GHS,WFP-GIEWS-Ghana
2023-11-13,plantain,Aowin,Enchi Market (Aowin),2.31,GHS,WFP-GIEWS-Ghana
2023-11-20,plantain,Aowin,Enchi Market (Aowin),2.41,GHS,WFP-GIEWS-Ghana
2023-11-27,plantain,Aowin,Enchi Market (Aowin),2.41,GHS,WFP-GIEWS-Ghana
2023-12-04,plantain,Aowin,Enchi Market (Aowin),2.38,GHS,WFP-GIEWS-Ghana
2023-12-11,plantain,Aowin,Enchi Market (Aowin),2.33,GHS,WFP-GIEWS-Ghana
2023-12-18,plantain,Aowin,Enchi Market (Aowin),2.32,GHS,WFP-GIEWS-Ghana
2023-12-25,plantain,Aowin,Enchi Market (Aowin),2.22,GHS,WFP-GIEWS-Ghana
2024-01-01,plantain,Aowin,Enchi Market (Aowin),2.91,GHS,WFP-GIEWS-Ghana
2024-01-08,plantain,Aowin,Enchi Market (Aowin),2.93,GHS,WFP-GIEWS-Ghana
2024-01-15,plantain,Aowin,Enchi Market (Aowin),2.87,GHS,WFP-GIEWS-Ghana
2024-01-22,plantain,Aowin,Enchi Market (Aowin),3.06,GHS,WFP-GIEWS-Ghana
2024-01-29,plantain,Aowin,Enchi Market (Aowin),3.15,GHS,WFP-GIEWS-Ghana
2024-02-05,plantain,Aowin,Enchi Market (Aowin),2.92,GHS,WFP-GIEWS-Ghana
2024-02-12,plantain,Aowin,Enchi Market (Aowin),3.06,GHS,WFP-GIEWS-Ghana
2024-02-19,plantain,Aowin,Enchi Market (Aowin),2.9,GHS,WFP-GIEWS-Ghana
2024-02-26,plantain,Aowin,Enchi Market (Aowin),2.99,GHS,WFP-GIEWS-Ghana
2024-03-04,plantain,Aowin,Enchi Market (Aowin),2.52,GHS,WFP-GIEWS-Ghana
2024-03-11,plantain,Aowin,Enchi Market (Aowin),2.66,GHS,WFP-GIEWS-Ghana
2024-03-18,plantain,Aowin,Enchi Market (Aowin),2.53,GHS,WFP-GIEWS-Ghana
2024-03-25,plantain,Aowin,Enchi Market (Aowin),2.7,GHS,WFP-GIEWS-Ghana
2024-04-01,plantain,Aowin,Enchi Market (Aowin),2.59,GHS,WFP-GIEWS-Ghana
2024-04-08,plantain,Aowin,Enchi Market (Aowin),2.54,GHS,WFP-GIEWS-Ghana
2024-04-15,plantain,Aowin,Enchi Market (Aowin),2.48,GHS,WFP-GIEWS-Ghana
2024-04-22,plantain,Aowin,Enchi Market (Aowin),2.64,GHS,WFP-GIEWS-Ghana
2024-04-29,plantain,Aowin,Enchi Market (Aowin),2.71,GHS,WFP-GIEWS-Ghana
2024-05-06,plantain,Aowin,Enchi Market (Aowin),2.66,GHS,WFP-GIEWS-Ghana
2024-05-13,plantain,Aowin,Enchi Market (Aowin),2.86,GHS,WFP-GIEWS-Ghana
2024-05-20,plantain,Aowin,Enchi Market (Aowin),2.78,GHS,WFP-GIEWS-Ghana
2024-05-27,plantain,Aowin,Enchi Market (Aowin),2.6,GHS,WFP-GIEWS-Ghana
2024-06-03,plantain,Aowin,Enchi Market (Aowin),2.84,GHS,WFP-GIEWS-Ghana
2024-06-10,plantain,Aowin,Enchi Market (Aowin),2.93,GHS,WFP-GIEWS-Ghana
2024-06-17,plantain,Aowin,Enchi Market (Aowin),2.78,GHS,WFP-GIEWS-Ghana
2024-06-24,plantain,Aowin,Enchi Market (Aowin),3.01,GHS,WFP-GIEWS-Ghana
2024-07-01,plantain,Aowin,Enchi Market (Aowin),3.29,GHS,WFP-GIEWS-Ghana
2024-07-08,plantain,Aowin,Enchi Market (Aowin),3.28,GHS,WFP-GIEWS-Ghana
2024-07-15,plantain,Aowin,Enchi Market (Aowin),3.33,GHS,WFP-GIEWS-Ghana
2024-07-22,plantain,Aowin,Enchi Market (Aowin),3.47,GHS,WFP-GIEWS-Ghana
2024-07-29,plantain,Aowin,Enchi Market (Aowin),3.26,GHS,WFP-GIEWS-Ghana
2024-08-05,plantain,Aowin,Enchi Market (Aowin),3.25,GHS,WFP-GIEWS-Ghana
2024-08-12,plantain,Aowin,Enchi Market (Aowin),3.46,GHS,WFP-GIEWS-Ghana
2024-08-19,plantain,Aowin,Enchi Market (Aowin),3.39,GHS,WFP-GIEWS-Ghana
2024-08-26,plantain,Aowin,Enchi Market (Aowin),3.22,GHS,WFP-GIEWS-Ghana
2024-09-02,plantain,Aowin,Enchi Market (Aowin),2.93,GHS,WFP-GIEWS-Ghana
2024-09-09,plantain,Aowin,Enchi Market (Aowin),2.96,GHS,WFP-GIEWS-Ghana
2024-09-16,plantain,Aowin,Enchi Market (Aowin),2.97,GHS,WFP-GIEWS-Ghana
2024-09-23,plantain,Aowin,Enchi Market (Aowin),2.77,GHS,WFP-GIEWS-Ghana
2024-09-30,plantain,Aowin,Enchi Market (Aowin),2.75,GHS,WFP-GIEWS-Ghana
2024-10-07,plantain,Aowin,Enchi Market (Aowin),2.42,GHS,WFP-GIEWS-Ghana
2024-10-14,plantain,Aowin,Enchi Market (Aowin),2.41,GHS,WFP-GIEWS-Ghana
2024-10-21,plantain,Aowin,Enchi Market (Aowin),2.44,GHS,WFP-GIEWS-Ghana
2024-10-28,plantain,Aowin,Enchi Market (Aowin),2.57,GHS,WFP-GIEWS-Ghana
2024-11-04,plantain,Aowin,Enchi Market (Aowin),2.51,GHS,WFP-GIEWS-Ghana
2024-11-11,plantain,Aowin,Enchi Market (Aowin),2.54,GHS,WFP-GIEWS-Ghana
2024-11-18,plantain,Aowin,Enchi Market (Aowin),2.4,GHS,WFP-GIEWS-Ghana
2024-11-25,plantain,Aowin,Enchi Market (Aowin),2.48,GHS,WFP-GIEWS-Ghana
2024-12-02,plantain,Aowin,Enchi Market (Aowin),2.6,GHS,WFP-GIEWS-Ghana
2024-12-09,plantain,Aowin,Enchi Market (Aowin),2.6,GHS,WFP-GIEWS-Ghana
2024-12-16,plantain,Aowin,Enchi Market (Aowin),2.47,GHS,WFP-GIEWS-Ghana
2024-12-23,plantain,Aowin,Enchi Market (Aowin),2.56,GHS,WFP-GIEWS-Ghana
2024-12-30,plantain,Aowin,Enchi Market (Aowin),2.76,GHS,WFP-GIEWS-Ghana
2018-01-01,plantain,Bibiani,Bibiani Central Market,1.94,GHS,WFP-GIEWS-Ghana
2018-01-08,plantain,Bibiani,Bibiani Central Market,1.98,GHS,WFP-GIEWS-Ghana
2018-01-15,plantain,Bibiani,Bibiani Central Market,2.0,GHS,WFP-GIEWS-Ghana
2018-01-22,plantain,Bibiani,Bibiani Central Market,1.98,GHS,WFP-GIEWS-Ghana
2018-01-29,plantain,Bibiani,Bibiani Central Market,1.99,GHS,WFP-GIEWS-Ghana
2018-02-05,plantain,Bibiani,Bibiani Central Market,1.89,GHS,WFP-GIEWS-Ghana
2018-02-12,plantain,Bibiani,Bibiani Central Market,1.93,GHS,WFP-GIEWS-Ghana
2018-02-19,plantain,Bibiani,Bibiani Central Market,1.99,GHS,WFP-GIEWS-Ghana
2018-02-26,plantain,Bibiani,Bibiani Central Market,1.99,GHS,WFP-GIEWS-Ghana
2018-03-05,plantain,Bibiani,Bibiani Central Market,1.68,GHS,WFP-GIEWS-Ghana
2018-03-12,plantain,Bibiani,Bibiani Central Market,1.71,GHS,WFP-GIEWS-Ghana
2018-03-19,plantain,Bibiani,Bibiani Central Market,1.72,GHS,WFP-GIEWS-Ghana
2018-03-26,plantain,Bibiani,Bibiani Central Market,1.78,GHS,WFP-GIEWS-Ghana
2018-04-02,plantain,Bibiani,Bibiani Central Market,1.72,GHS,WFP-GIEWS-Ghana
2018-04-09,plantain,Bibiani,Bibiani Central Market,1.76,GHS,WFP-GIEWS-Ghana
2018-04-16,plantain,Bibiani,Bibiani Central Market,1.69,GHS,WFP-GIEWS-Ghana
2018-04-23,plantain,Bibiani,Bibiani Central Market,1.77,GHS,WFP-GIEWS-Ghana
2018-04-30,plantain,Bibiani,Bibiani Central Market,1.76,GHS,WFP-GIEWS-Ghana
2018-05-07,plantain,Bibiani,Bibiani Central Market,1.8,GHS,WFP-GIEWS-Ghana
2018-05-14,plantain,Bibiani,Bibiani Central Market,1.79,GHS,WFP-GIEWS-Ghana
2018-05-21,plantain,Bibiani,Bibiani Central Market,1.78,GHS,WFP-GIEWS-Ghana
2018-05-28,plantain,Bibiani,Bibiani Central Market,1.73,GHS,WFP-GIEWS-Ghana
2018-06-04,plantain,Bibiani,Bibiani Central Market,1.92,GHS,WFP-GIEWS-Ghana
2018-06-11,plantain,Bibiani,Bibiani Central Market,1.98,GHS,WFP-GIEWS-Ghana
2018-06-18,plantain,Bibiani,Bibiani Central Market,1.85,GHS,WFP-GIEWS-Ghana
2018-06-25,plantain,Bibiani,Bibiani Central Market,1.86,GHS,WFP-GIEWS-Ghana
2018-07-02,plantain,Bibiani,Bibiani Central Market,2.16,GHS,WFP-GIEWS-Ghana
2018-07-09,plantain,Bibiani,Bibiani Central Market,2.18,GHS,WFP-GIEWS-Ghana
2018-07-16,plantain,Bibiani,Bibiani Central Market,2.08,GHS,WFP-GIEWS-Ghana
2018-07-23,plantain,Bibiani,Bibiani Central Market,2.14,GHS,WFP-GIEWS-Ghana
2018-07-30,plantain,Bibiani,Bibiani Central Market,2.14,GHS,WFP-GIEWS-Ghana
2018-08-06,plantain,Bibiani,Bibiani Central Market,1.97,GHS,WFP-GIEWS-Ghana
2018-08-13,plantain,Bibiani,Bibiani Central Market,2.14,GHS,WFP-GIEWS-Ghana
2018-08-20,plantain,Bibiani,Bibiani Central Market,2.15,GHS,WFP-GIEWS-Ghana
2018-08-27,plantain,Bibiani,Bibiani Central Market,2.15,GHS,WFP-GIEWS-Ghana
2018-09-03,plantain,Bibiani,Bibiani Central Market,2.05,GHS,WFP-GIEWS-Ghana
2018-09-10,plantain,Bibiani,Bibiani Central Market,1.85,GHS,WFP-GIEWS-Ghana
2018-09-17,plantain,Bibiani,Bibiani Central Market,1.88,GHS,WFP-GIEWS-Ghana
2018-09-24,plantain,Bibiani,Bibiani Central Market,1.74,GHS,WFP-GIEWS-Ghana
2018-10-01,plantain,Bibiani,Bibiani Central Market,1.63,GHS,WFP-GIEWS-Ghana
2018-10-08,plantain,Bibiani,Bibiani Central Market,1.63,GHS,WFP-GIEWS-Ghana
2018-10-15,plantain,Bibiani,Bibiani Central Market,1.63,GHS,WFP-GIEWS-Ghana
2018-10-22,plantain,Bibiani,Bibiani Central Market,1.73,GHS,WFP-GIEWS-Ghana
2018-10-29,plantain,Bibiani,Bibiani Central Market,1.72,GHS,WFP-GIEWS-Ghana
2018-11-05,plantain,Bibiani,Bibiani Central Market,1.68,GHS,WFP-GIEWS-Ghana
2018-11-12,plantain,Bibiani,Bibiani Central Market,1.65,GHS,WFP-GIEWS-Ghana
2018-11-19,plantain,Bibiani,Bibiani Central Market,1.74,GHS,WFP-GIEWS-Ghana
2018-11-26,plantain,Bibiani,Bibiani Central Market,1.67,GHS,WFP-GIEWS-Ghana
2018-12-03,plantain,Bibiani,Bibiani Central Market,1.63,GHS,WFP-GIEWS-Ghana
2018-12-10,plantain,Bibiani,Bibiani Central Market,1.57,GHS,WFP-GIEWS-Ghana
2018-12-17,plantain,Bibiani,Bibiani Central Market,1.65,GHS,WFP-GIEWS-Ghana
2018-12-24,plantain,Bibiani,Bibiani Central Market,1.73,GHS,WFP-GIEWS-Ghana
2018-12-31,plantain,Bibiani,Bibiani Central Market,1.83,GHS,WFP-GIEWS-Ghana
2019-01-07,plantain,Bibiani,Bibiani Central Market,2.16,GHS,WFP-GIEWS-Ghana
2019-01-14,plantain,Bibiani,Bibiani Central Market,2.08,GHS,WFP-GIEWS-Ghana
2019-01-21,plantain,Bibiani,Bibiani Central Market,2.05,GHS,WFP-GIEWS-Ghana
2019-01-28,plantain,Bibiani,Bibiani Central Market,2.2,GHS,WFP-GIEWS-Ghana
2019-02-04,plantain,Bibiani,Bibiani Central Market,2.01,GHS,WFP-GIEWS-Ghana
2019-02-11,plantain,Bibiani,Bibiani Central Market,2.21,GHS,WFP-GIEWS-Ghana
2019-02-18,plantain,Bibiani,Bibiani Central Market,2.24,GHS,WFP-GIEWS-Ghana
2019-02-25,plantain,Bibiani,Bibiani Central Market,2.2,GHS,WFP-GIEWS-Ghana
2019-03-04,plantain,Bibiani,Bibiani Central Market,1.84,GHS,WFP-GIEWS-Ghana
2019-03-11,plantain,Bibiani,Bibiani Central Market,1.9,GHS,WFP-GIEWS-Ghana
2019-03-18,plantain,Bibiani,Bibiani Central Market,1.87,GHS,WFP-GIEWS-Ghana
2019-03-25,plantain,Bibiani,Bibiani Central Market,1.8,GHS,WFP-GIEWS-Ghana
2019-04-01,plantain,Bibiani,Bibiani Central Market,2.01,GHS,WFP-GIEWS-Ghana
2019-04-08,plantain,Bibiani,Bibiani Central Market,1.84,GHS,WFP-GIEWS-Ghana
2019-04-15,plantain,Bibiani,Bibiani Central Market,1.93,GHS,WFP-GIEWS-Ghana
2019-04-22,plantain,Bibiani,Bibiani Central Market,1.69,GHS,WFP-GIEWS-Ghana
2019-04-29,plantain,Bibiani,Bibiani Central Market,1.96,GHS,WFP-GIEWS-Ghana
2019-05-06,plantain,Bibiani,Bibiani Central Market,1.99,GHS,WFP-GIEWS-Ghana
2019-05-13,plantain,Bibiani,Bibiani Central Market,1.88,GHS,WFP-GIEWS-Ghana
2019-05-20,plantain,Bibiani,Bibiani Central Market,1.92,GHS,WFP-GIEWS-Ghana
2019-05-27,plantain,Bibiani,Bibiani Central Market,1.92,GHS,WFP-GIEWS-Ghana
2019-06-03,plantain,Bibiani,Bibiani Central Market,2.0,GHS,WFP-GIEWS-Ghana
2019-06-10,plantain,Bibiani,Bibiani Central Market,2.1,GHS,WFP-GIEWS-Ghana
2019-06-17,plantain,Bibiani,Bibiani Central Market,1.99,GHS,WFP-GIEWS-Ghana
2019-06-24,plantain,Bibiani,Bibiani Central Market,2.01,GHS,WFP-GIEWS-Ghana
2019-07-01,plantain,Bibiani,Bibiani Central Market,2.42,GHS,WFP-GIEWS-Ghana
2019-07-08,plantain,Bibiani,Bibiani Central Market,2.41,GHS,WFP-GIEWS-Ghana
2019-07-15,plantain,Bibiani,Bibiani Central Market,2.25,GHS,WFP-GIEWS-Ghana
2019-07-22,plantain,Bibiani,Bibiani Central Market,2.25,GHS,WFP-GIEWS-Ghana
2019-07-29,plantain,Bibiani,Bibiani Central Market,2.26,GHS,WFP-GIEWS-Ghana
2019-08-05,plantain,Bibiani,Bibiani Central Market,2.4,GHS,WFP-GIEWS-Ghana
2019-08-12,plantain,Bibiani,Bibiani Central Market,2.24,GHS,WFP-GIEWS-Ghana
2019-08-19,plantain,Bibiani,Bibiani Central Market,2.37,GHS,WFP-GIEWS-Ghana
2019-08-26,plantain,Bibiani,Bibiani Central Market,2.4,GHS,WFP-GIEWS-Ghana
2019-09-02,plantain,Bibiani,Bibiani Central Market,2.09,GHS,WFP-GIEWS-Ghana
2019-09-09,plantain,Bibiani,Bibiani Central Market,2.18,GHS,WFP-GIEWS-Ghana
2019-09-16,plantain,Bibiani,Bibiani Central Market,2.07,GHS,WFP-GIEWS-Ghana
2019-09-23,plantain,Bibiani,Bibiani Central Market,2.08,GHS,WFP-GIEWS-Ghana
2019-09-30,plantain,Bibiani,Bibiani Central Market,2.01,GHS,WFP-GIEWS-Ghana
2019-10-07,plantain,Bibiani,Bibiani Central Market,1.87,GHS,WFP-GIEWS-Ghana
2019-10-14,plantain,Bibiani,Bibiani Central Market,1.74,GHS,WFP-GIEWS-Ghana
2019-10-21,plantain,Bibiani,Bibiani Central Market,1.82,GHS,WFP-GIEWS-Ghana
2019-10-28,plantain,Bibiani,Bibiani Central Market,1.79,GHS,WFP-GIEWS-Ghana
2019-11-04,plantain,Bibiani,Bibiani Central Market,1.73,GHS,WFP-GIEWS-Ghana
2019-11-11,plantain,Bibiani,Bibiani Central Market,1.76,GHS,WFP-GIEWS-Ghana
2019-11-18,plantain,Bibiani,Bibiani Central Market,1.9,GHS,WFP-GIEWS-Ghana
2019-11-25,plantain,Bibiani,Bibiani Central Market,1.82,GHS,WFP-GIEWS-Ghana
2019-12-02,plantain,Bibiani,Bibiani Central Market,1.74,GHS,WFP-GIEWS-Ghana
2019-12-09,plantain,Bibiani,Bibiani Central Market,1.84,GHS,WFP-GIEWS-Ghana
2019-12-16,plantain,Bibiani,Bibiani Central Market,1.81,GHS,WFP-GIEWS-Ghana
2019-12-23,plantain,Bibiani,Bibiani Central Market,2.07,GHS,WFP-GIEWS-Ghana
2019-12-30,plantain,Bibiani,Bibiani Central Market,1.84,GHS,WFP-GIEWS-Ghana
2020-01-06,plantain,Bibiani,Bibiani Central Market,2.29,GHS,WFP-GIEWS-Ghana
2020-01-13,plantain,Bibiani,Bibiani Central Market,2.45,GHS,WFP-GIEWS-Ghana
2020-01-20,plantain,Bibiani,Bibiani Central Market,2.15,GHS,WFP-GIEWS-Ghana
2020-01-27,plantain,Bibiani,Bibiani Central Market,2.33,GHS,WFP-GIEWS-Ghana
2020-02-03,plantain,Bibiani,Bibiani Central Market,2.52,GHS,WFP-GIEWS-Ghana
2020-02-10,plantain,Bibiani,Bibiani Central Market,2.33,GHS,WFP-GIEWS-Ghana
2020-02-17,plantain,Bibiani,Bibiani Central Market,2.18,GHS,WFP-GIEWS-Ghana
2020-02-24,plantain,Bibiani,Bibiani Central Market,2.3,GHS,WFP-GIEWS-Ghana
2020-03-02,plantain,Bibiani,Bibiani Central Market,2.12,GHS,WFP-GIEWS-Ghana
2020-03-09,plantain,Bibiani,Bibiani Central Market,2.03,GHS,WFP-GIEWS-Ghana
2020-03-16,plantain,Bibiani,Bibiani Central Market,1.94,GHS,WFP-GIEWS-Ghana
2020-03-23,plantain,Bibiani,Bibiani Central Market,1.95,GHS,WFP-GIEWS-Ghana
2020-03-30,plantain,Bibiani,Bibiani Central Market,1.96,GHS,WFP-GIEWS-Ghana
2020-04-06,plantain,Bibiani,Bibiani Central Market,2.05,GHS,WFP-GIEWS-Ghana
2020-04-13,plantain,Bibiani,Bibiani Central Market,2.12,GHS,WFP-GIEWS-Ghana
2020-04-20,plantain,Bibiani,Bibiani Central Market,2.1,GHS,WFP-GIEWS-Ghana
2020-04-27,plantain,Bibiani,Bibiani Central Market,2.05,GHS,WFP-GIEWS-Ghana
2020-05-04,plantain,Bibiani,Bibiani Central Market,1.92,GHS,WFP-GIEWS-Ghana
2020-05-11,plantain,Bibiani,Bibiani Central Market,1.92,GHS,WFP-GIEWS-Ghana
2020-05-18,plantain,Bibiani,Bibiani Central Market,2.07,GHS,WFP-GIEWS-Ghana
2020-05-25,plantain,Bibiani,Bibiani Central Market,1.92,GHS,WFP-GIEWS-Ghana
2020-06-01,plantain,Bibiani,Bibiani Central Market,2.2,GHS,WFP-GIEWS-Ghana
2020-06-08,plantain,Bibiani,Bibiani Central Market,2.25,GHS,WFP-GIEWS-Ghana
2020-06-15,plantain,Bibiani,Bibiani Central Market,2.12,GHS,WFP-GIEWS-Ghana
2020-06-22,plantain,Bibiani,Bibiani Central Market,2.13,GHS,WFP-GIEWS-Ghana
2020-06-29,plantain,Bibiani,Bibiani Central Market,2.21,GHS,WFP-GIEWS-Ghana
2020-07-06,plantain,Bibiani,Bibiani Central Market,2.55,GHS,WFP-GIEWS-Ghana
2020-07-13,plantain,Bibiani,Bibiani Central Market,2.61,GHS,WFP-GIEWS-Ghana
2020-07-20,plantain,Bibiani,Bibiani Central Market,2.56,GHS,WFP-GIEWS-Ghana
2020-07-27,plantain,Bibiani,Bibiani Central Market,2.51,GHS,WFP-GIEWS-Ghana
2020-08-03,plantain,Bibiani,Bibiani Central Market,2.44,GHS,WFP-GIEWS-Ghana
2020-08-10,plantain,Bibiani,Bibiani Central Market,2.41,GHS,WFP-GIEWS-Ghana
2020-08-17,plantain,Bibiani,Bibiani Central Market,2.47,GHS,WFP-GIEWS-Ghana
2020-08-24,plantain,Bibiani,Bibiani Central Market,2.56,GHS,WFP-GIEWS-Ghana
2020-08-31,plantain,Bibiani,Bibiani Central Market,2.55,GHS,WFP-GIEWS-Ghana
2020-09-07,plantain,Bibiani,Bibiani Central Market,2.07,GHS,WFP-GIEWS-Ghana
2020-09-14,plantain,Bibiani,Bibiani Central Market,2.19,GHS,WFP-GIEWS-Ghana
2020-09-21,plantain,Bibiani,Bibiani Central Market,2.37,GHS,WFP-GIEWS-Ghana
2020-09-28,plantain,Bibiani,Bibiani Central Market,2.27,GHS,WFP-GIEWS-Ghana
2020-10-05,plantain,Bibiani,Bibiani Central Market,1.83,GHS,WFP-GIEWS-Ghana
2020-10-12,plantain,Bibiani,Bibiani Central Market,2.12,GHS,WFP-GIEWS-Ghana
2020-10-19,plantain,Bibiani,Bibiani Central Market,1.93,GHS,WFP-GIEWS-Ghana
2020-10-26,plantain,Bibiani,Bibiani Central Market,1.97,GHS,WFP-GIEWS-Ghana
2020-11-02,plantain,Bibiani,Bibiani Central Market,1.98,GHS,WFP-GIEWS-Ghana
2020-11-09,plantain,Bibiani,Bibiani Central Market,1.92,GHS,WFP-GIEWS-Ghana
2020-11-16,plantain,Bibiani,Bibiani Central Market,1.89,GHS,WFP-GIEWS-Ghana
2020-11-23,plantain,Bibiani,Bibiani Central Market,2.11,GHS,WFP-GIEWS-Ghana
2020-11-30,plantain,Bibiani,Bibiani Central Market,2.03,GHS,WFP-GIEWS-Ghana
2020-12-07,plantain,Bibiani,Bibiani Central Market,2.03,GHS,WFP-GIEWS-Ghana
2020-12-14,plantain,Bibiani,Bibiani Central Market,2.01,GHS,WFP-GIEWS-Ghana
2020-12-21,plantain,Bibiani,Bibiani Central Market,1.88,GHS,WFP-GIEWS-Ghana
2020-12-28,plantain,Bibiani,Bibiani Central Market,2.06,GHS,WFP-GIEWS-Ghana
2021-01-04,plantain,Bibiani,Bibiani Central Market,2.42,GHS,WFP-GIEWS-Ghana
2021-01-11,plantain,Bibiani,Bibiani Central Market,2.54,GHS,WFP-GIEWS-Ghana
2021-01-18,plantain,Bibiani,Bibiani Central Market,2.34,GHS,WFP-GIEWS-Ghana
2021-01-25,plantain,Bibiani,Bibiani Central Market,2.3,GHS,WFP-GIEWS-Ghana
2021-02-01,plantain,Bibiani,Bibiani Central Market,2.56,GHS,WFP-GIEWS-Ghana
2021-02-08,plantain,Bibiani,Bibiani Central Market,2.44,GHS,WFP-GIEWS-Ghana
2021-02-15,plantain,Bibiani,Bibiani Central Market,2.32,GHS,WFP-GIEWS-Ghana
2021-02-22,plantain,Bibiani,Bibiani Central Market,2.58,GHS,WFP-GIEWS-Ghana
2021-03-01,plantain,Bibiani,Bibiani Central Market,2.35,GHS,WFP-GIEWS-Ghana
2021-03-08,plantain,Bibiani,Bibiani Central Market,2.28,GHS,WFP-GIEWS-Ghana
2021-03-15,plantain,Bibiani,Bibiani Central Market,2.14,GHS,WFP-GIEWS-Ghana
2021-03-22,plantain,Bibiani,Bibiani Central Market,2.17,GHS,WFP-GIEWS-Ghana
2021-03-29,plantain,Bibiani,Bibiani Central Market,2.24,GHS,WFP-GIEWS-Ghana
2021-04-05,plantain,Bibiani,Bibiani Central Market,2.28,GHS,WFP-GIEWS-Ghana
2021-04-12,plantain,Bibiani,Bibiani Central Market,2.15,GHS,WFP-GIEWS-Ghana
2021-04-19,plantain,Bibiani,Bibiani Central Market,2.18,GHS,WFP-GIEWS-Ghana
2021-04-26,plantain,Bibiani,Bibiani Central Market,2.2,GHS,WFP-GIEWS-Ghana
2021-05-03,plantain,Bibiani,Bibiani Central Market,2.24,GHS,WFP-GIEWS-Ghana
2021-05-10,plantain,Bibiani,Bibiani Central Market,2.18,GHS,WFP-GIEWS-Ghana
2021-05-17,plantain,Bibiani,Bibiani Central Market,2.18,GHS,WFP-GIEWS-Ghana
2021-05-24,plantain,Bibiani,Bibiani Central Market,2.31,GHS,WFP-GIEWS-Ghana
2021-05-31,plantain,Bibiani,Bibiani Central Market,2.3,GHS,WFP-GIEWS-Ghana
2021-06-07,plantain,Bibiani,Bibiani Central Market,2.44,GHS,WFP-GIEWS-Ghana
2021-06-14,plantain,Bibiani,Bibiani Central Market,2.56,GHS,WFP-GIEWS-Ghana
2021-06-21,plantain,Bibiani,Bibiani Central Market,2.36,GHS,WFP-GIEWS-Ghana
2021-06-28,plantain,Bibiani,Bibiani Central Market,2.55,GHS,WFP-GIEWS-Ghana
2021-07-05,plantain,Bibiani,Bibiani Central Market,2.76,GHS,WFP-GIEWS-Ghana
2021-07-12,plantain,Bibiani,Bibiani Central Market,3.06,GHS,WFP-GIEWS-Ghana
2021-07-19,plantain,Bibiani,Bibiani Central Market,2.57,GHS,WFP-GIEWS-Ghana
2021-07-26,plantain,Bibiani,Bibiani Central Market,2.63,GHS,WFP-GIEWS-Ghana
2021-08-02,plantain,Bibiani,Bibiani Central Market,2.77,GHS,WFP-GIEWS-Ghana
2021-08-09,plantain,Bibiani,Bibiani Central Market,2.76,GHS,WFP-GIEWS-Ghana
2021-08-16,plantain,Bibiani,Bibiani Central Market,2.93,GHS,WFP-GIEWS-Ghana
2021-08-23,plantain,Bibiani,Bibiani Central Market,2.65,GHS,WFP-GIEWS-Ghana
2021-08-30,plantain,Bibiani,Bibiani Central Market,2.82,GHS,WFP-GIEWS-Ghana
2021-09-06,plantain,Bibiani,Bibiani Central Market,2.56,GHS,WFP-GIEWS-Ghana
2021-09-13,plantain,Bibiani,Bibiani Central Market,2.51,GHS,WFP-GIEWS-Ghana
2021-09-20,plantain,Bibiani,Bibiani Central Market,2.35,GHS,WFP-GIEWS-Ghana
2021-09-27,plantain,Bibiani,Bibiani Central Market,2.58,GHS,WFP-GIEWS-Ghana
2021-10-04,plantain,Bibiani,Bibiani Central Market,2.19,GHS,WFP-GIEWS-Ghana
2021-10-11,plantain,Bibiani,Bibiani Central Market,2.14,GHS,WFP-GIEWS-Ghana
2021-10-18,plantain,Bibiani,Bibiani Central Market,2.11,GHS,WFP-GIEWS-Ghana
2021-10-25,plantain,Bibiani,Bibiani Central Market,2.11,GHS,WFP-GIEWS-Ghana
2021-11-01,plantain,Bibiani,Bibiani Central Market,2.1,GHS,WFP-GIEWS-Ghana
2021-11-08,plantain,Bibiani,Bibiani Central Market,2.16,GHS,WFP-GIEWS-Ghana
2021-11-15,plantain,Bibiani,Bibiani Central Market,2.11,GHS,WFP-GIEWS-Ghana
2021-11-22,plantain,Bibiani,Bibiani Central Market,2.03,GHS,WFP-GIEWS-Ghana
2021-11-29,plantain,Bibiani,Bibiani Central Market,2.02,GHS,WFP-GIEWS-Ghana
2021-12-06,plantain,Bibiani,Bibiani Central Market,2.05,GHS,WFP-GIEWS-Ghana
2021-12-13,plantain,Bibiani,Bibiani Central Market,2.14,GHS,WFP-GIEWS-Ghana
2021-12-20,plantain,Bibiani,Bibiani Central Market,2.12,GHS,WFP-GIEWS-Ghana
2021-12-27,plantain,Bibiani,Bibiani Central Market,2.14,GHS,WFP-GIEWS-Ghana
2022-01-03,plantain,Bibiani,Bibiani Central Market,2.76,GHS,WFP-GIEWS-Ghana
2022-01-10,plantain,Bibiani,Bibiani Central Market,2.64,GHS,WFP-GIEWS-Ghana
2022-01-17,plantain,Bibiani,Bibiani Central Market,2.87,GHS,WFP-GIEWS-Ghana
2022-01-24,plantain,Bibiani,Bibiani Central Market,2.68,GHS,WFP-GIEWS-Ghana
2022-01-31,plantain,Bibiani,Bibiani Central Market,2.66,GHS,WFP-GIEWS-Ghana
2022-02-07,plantain,Bibiani,Bibiani Central Market,2.78,GHS,WFP-GIEWS-Ghana
2022-02-14,plantain,Bibiani,Bibiani Central Market,2.53,GHS,WFP-GIEWS-Ghana
2022-02-21,plantain,Bibiani,Bibiani Central Market,2.64,GHS,WFP-GIEWS-Ghana
2022-02-28,plantain,Bibiani,Bibiani Central Market,2.83,GHS,WFP-GIEWS-Ghana
2022-03-07,plantain,Bibiani,Bibiani Central Market,2.18,GHS,WFP-GIEWS-Ghana
2022-03-14,plantain,Bibiani,Bibiani Central Market,2.44,GHS,WFP-GIEWS-Ghana
2022-03-21,plantain,Bibiani,Bibiani Central Market,2.48,GHS,WFP-GIEWS-Ghana
2022-03-28,plantain,Bibiani,Bibiani Central Market,2.3,GHS,WFP-GIEWS-Ghana
2022-04-04,plantain,Bibiani,Bibiani Central Market,2.38,GHS,WFP-GIEWS-Ghana
2022-04-11,plantain,Bibiani,Bibiani Central Market,2.46,GHS,WFP-GIEWS-Ghana
2022-04-18,plantain,Bibiani,Bibiani Central Market,2.31,GHS,WFP-GIEWS-Ghana
2022-04-25,plantain,Bibiani,Bibiani Central Market,2.43,GHS,WFP-GIEWS-Ghana
2022-05-02,plantain,Bibiani,Bibiani Central Market,2.3,GHS,WFP-GIEWS-Ghana
2022-05-09,plantain,Bibiani,Bibiani Central Market,2.32,GHS,WFP-GIEWS-Ghana
2022-05-16,plantain,Bibiani,Bibiani Central Market,2.29,GHS,WFP-GIEWS-Ghana
2022-05-23,plantain,Bibiani,Bibiani Central Market,2.4,GHS,WFP-GIEWS-Ghana
2022-05-30,plantain,Bibiani,Bibiani Central Market,2.48,GHS,WFP-GIEWS-Ghana
2022-06-06,plantain,Bibiani,Bibiani Central Market,2.57,GHS,WFP-GIEWS-Ghana
2022-06-13,plantain,Bibiani,Bibiani Central Market,2.46,GHS,WFP-GIEWS-Ghana
2022-06-20,plantain,Bibiani,Bibiani Central Market,2.48,GHS,WFP-GIEWS-Ghana
2022-06-27,plantain,Bibiani,Bibiani Central Market,2.63,GHS,WFP-GIEWS-Ghana
2022-07-04,plantain,Bibiani,Bibiani Central Market,3.13,GHS,WFP-GIEWS-Ghana
2022-07-11,plantain,Bibiani,Bibiani Central Market,2.97,GHS,WFP-GIEWS-Ghana
2022-07-18,plantain,Bibiani,Bibiani Central Market,2.87,GHS,WFP-GIEWS-Ghana
2022-07-25,plantain,Bibiani,Bibiani Central Market,3.01,GHS,WFP-GIEWS-Ghana
2022-08-01,plantain,Bibiani,Bibiani Central Market,2.91,GHS,WFP-GIEWS-Ghana
2022-08-08,plantain,Bibiani,Bibiani Central Market,2.89,GHS,WFP-GIEWS-Ghana
2022-08-15,plantain,Bibiani,Bibiani Central Market,2.83,GHS,WFP-GIEWS-Ghana
2022-08-22,plantain,Bibiani,Bibiani Central Market,3.1,GHS,WFP-GIEWS-Ghana
2022-08-29,plantain,Bibiani,Bibiani Central Market,2.64,GHS,WFP-GIEWS-Ghana
2022-09-05,plantain,Bibiani,Bibiani Central Market,2.72,GHS,WFP-GIEWS-Ghana
2022-09-12,plantain,Bibiani,Bibiani Central Market,2.59,GHS,WFP-GIEWS-Ghana
2022-09-19,plantain,Bibiani,Bibiani Central Market,2.6,GHS,WFP-GIEWS-Ghana
2022-09-26,plantain,Bibiani,Bibiani Central Market,2.82,GHS,WFP-GIEWS-Ghana
2022-10-03,plantain,Bibiani,Bibiani Central Market,2.19,GHS,WFP-GIEWS-Ghana
2022-10-10,plantain,Bibiani,Bibiani Central Market,2.2,GHS,WFP-GIEWS-Ghana
2022-10-17,plantain,Bibiani,Bibiani Central Market,2.25,GHS,WFP-GIEWS-Ghana
2022-10-24,plantain,Bibiani,Bibiani Central Market,2.3,GHS,WFP-GIEWS-Ghana
2022-10-31,plantain,Bibiani,Bibiani Central Market,2.22,GHS,WFP-GIEWS-Ghana
2022-11-07,plantain,Bibiani,Bibiani Central Market,2.13,GHS,WFP-GIEWS-Ghana
2022-11-14,plantain,Bibiani,Bibiani Central Market,2.19,GHS,WFP-GIEWS-Ghana
2022-11-21,plantain,Bibiani,Bibiani Central Market,2.39,GHS,WFP-GIEWS-Ghana
2022-11-28,plantain,Bibiani,Bibiani Central Market,2.28,GHS,WFP-GIEWS-Ghana
2022-12-05,plantain,Bibiani,Bibiani Central Market,2.33,GHS,WFP-GIEWS-Ghana
2022-12-12,plantain,Bibiani,Bibiani Central Market,2.26,GHS,WFP-GIEWS-Ghana
2022-12-19,plantain,Bibiani,Bibiani Central Market,2.23,GHS,WFP-GIEWS-Ghana
2022-12-26,plantain,Bibiani,Bibiani Central Market,2.44,GHS,WFP-GIEWS-Ghana
2023-01-02,plantain,Bibiani,Bibiani Central Market,2.9,GHS,WFP-GIEWS-Ghana
2023-01-09,plantain,Bibiani,Bibiani Central Market,2.87,GHS,WFP-GIEWS-Ghana
2023-01-16,plantain,Bibiani,Bibiani Central Market,3.05,GHS,WFP-GIEWS-Ghana
2023-01-23,plantain,Bibiani,Bibiani Central Market,2.84,GHS,WFP-GIEWS-Ghana
2023-01-30,plantain,Bibiani,Bibiani Central Market,2.86,GHS,WFP-GIEWS-Ghana
2023-02-06,plantain,Bibiani,Bibiani Central Market,2.95,GHS,WFP-GIEWS-Ghana
2023-02-13,plantain,Bibiani,Bibiani Central Market,2.94,GHS,WFP-GIEWS-Ghana
2023-02-20,plantain,Bibiani,Bibiani Central Market,2.98,GHS,WFP-GIEWS-Ghana
2023-02-27,plantain,Bibiani,Bibiani Central Market,3.19,GHS,WFP-GIEWS-Ghana
2023-03-06,plantain,Bibiani,Bibiani Central Market,2.56,GHS,WFP-GIEWS-Ghana
2023-03-13,plantain,Bibiani,Bibiani Central Market,2.28,GHS,WFP-GIEWS-Ghana
2023-03-20,plantain,Bibiani,Bibiani Central Market,2.56,GHS,WFP-GIEWS-Ghana
2023-03-27,plantain,Bibiani,Bibiani Central Market,2.53,GHS,WFP-GIEWS-Ghana
2023-04-03,plantain,Bibiani,Bibiani Central Market,2.55,GHS,WFP-GIEWS-Ghana
2023-04-10,plantain,Bibiani,Bibiani Central Market,2.57,GHS,WFP-GIEWS-Ghana
2023-04-17,plantain,Bibiani,Bibiani Central Market,2.54,GHS,WFP-GIEWS-Ghana
2023-04-24,plantain,Bibiani,Bibiani Central Market,2.54,GHS,WFP-GIEWS-Ghana
2023-05-01,plantain,Bibiani,Bibiani Central Market,2.62,GHS,WFP-GIEWS-Ghana
2023-05-08,plantain,Bibiani,Bibiani Central Market,2.5,GHS,WFP-GIEWS-Ghana
2023-05-15,plantain,Bibiani,Bibiani Central Market,2.46,GHS,WFP-GIEWS-Ghana
2023-05-22,plantain,Bibiani,Bibiani Central Market,2.87,GHS,WFP-GIEWS-Ghana
2023-05-29,plantain,Bibiani,Bibiani Central Market,2.48,GHS,WFP-GIEWS-Ghana
2023-06-05,plantain,Bibiani,Bibiani Central Market,2.81,GHS,WFP-GIEWS-Ghana
2023-06-12,plantain,Bibiani,Bibiani Central Market,2.63,GHS,WFP-GIEWS-Ghana
2023-06-19,plantain,Bibiani,Bibiani Central Market,2.81,GHS,WFP-GIEWS-Ghana
2023-06-26,plantain,Bibiani,Bibiani Central Market,2.69,GHS,WFP-GIEWS-Ghana
2023-07-03,plantain,Bibiani,Bibiani Central Market,3.1,GHS,WFP-GIEWS-Ghana
2023-07-10,plantain,Bibiani,Bibiani Central Market,3.28,GHS,WFP-GIEWS-Ghana
2023-07-17,plantain,Bibiani,Bibiani Central Market,3.21,GHS,WFP-GIEWS-Ghana
2023-07-24,plantain,Bibiani,Bibiani Central Market,3.22,GHS,WFP-GIEWS-Ghana
2023-07-31,plantain,Bibiani,Bibiani Central Market,2.93,GHS,WFP-GIEWS-Ghana
2023-08-07,plantain,Bibiani,Bibiani Central Market,3.41,GHS,WFP-GIEWS-Ghana
2023-08-14,plantain,Bibiani,Bibiani Central Market,3.02,GHS,WFP-GIEWS-Ghana
2023-08-21,plantain,Bibiani,Bibiani Central Market,3.37,GHS,WFP-GIEWS-Ghana
2023-08-28,plantain,Bibiani,Bibiani Central Market,3.3,GHS,WFP-GIEWS-Ghana
2023-09-04,plantain,Bibiani,Bibiani Central Market,2.92,GHS,WFP-GIEWS-Ghana
2023-09-11,plantain,Bibiani,Bibiani Central Market,2.75,GHS,WFP-GIEWS-Ghana
2023-09-18,plantain,Bibiani,Bibiani Central Market,2.87,GHS,WFP-GIEWS-Ghana
2023-09-25,plantain,Bibiani,Bibiani Central Market,2.8,GHS,WFP-GIEWS-Ghana
2023-10-02,plantain,Bibiani,Bibiani Central Market,2.44,GHS,WFP-GIEWS-Ghana
2023-10-09,plantain,Bibiani,Bibiani Central Market,2.42,GHS,WFP-GIEWS-Ghana
2023-10-16,plantain,Bibiani,Bibiani Central Market,2.24,GHS,WFP-GIEWS-Ghana
2023-10-23,plantain,Bibiani,Bibiani Central Market,2.55,GHS,WFP-GIEWS-Ghana
2023-10-30,plantain,Bibiani,Bibiani Central Market,2.43,GHS,WFP-GIEWS-Ghana
2023-11-06,plantain,Bibiani,Bibiani Central Market,2.41,GHS,WFP-GIEWS-Ghana
2023-11-13,plantain,Bibiani,Bibiani Central Market,2.4,GHS,WFP-GIEWS-Ghana
2023-11-20,plantain,Bibiani,Bibiani Central Market,2.49,GHS,WFP-GIEWS-Ghana
2023-11-27,plantain,Bibiani,Bibiani Central Market,2.37,GHS,WFP-GIEWS-Ghana
2023-12-04,plantain,Bibiani,Bibiani Central Market,2.25,GHS,WFP-GIEWS-Ghana
2023-12-11,plantain,Bibiani,Bibiani Central Market,2.51,GHS,WFP-GIEWS-Ghana
2023-12-18,plantain,Bibiani,Bibiani Central Market,2.52,GHS,WFP-GIEWS-Ghana
2023-12-25,plantain,Bibiani,Bibiani Central Market,2.45,GHS,WFP-GIEWS-Ghana
2024-01-01,plantain,Bibiani,Bibiani Central Market,3.01,GHS,WFP-GIEWS-Ghana
2024-01-08,plantain,Bibiani,Bibiani Central Market,3.17,GHS,WFP-GIEWS-Ghana
2024-01-15,plantain,Bibiani,Bibiani Central Market,2.97,GHS,WFP-GIEWS-Ghana
2024-01-22,plantain,Bibiani,Bibiani Central Market,3.03,GHS,WFP-GIEWS-Ghana
2024-01-29,plantain,Bibiani,Bibiani Central Market,3.06,GHS,WFP-GIEWS-Ghana
2024-02-05,plantain,Bibiani,Bibiani Central Market,3.29,GHS,WFP-GIEWS-Ghana
2024-02-12,plantain,Bibiani,Bibiani Central Market,3.13,GHS,WFP-GIEWS-Ghana
2024-02-19,plantain,Bibiani,Bibiani Central Market,3.12,GHS,WFP-GIEWS-Ghana
2024-02-26,plantain,Bibiani,Bibiani Central Market,3.43,GHS,WFP-GIEWS-Ghana
2024-03-04,plantain,Bibiani,Bibiani Central Market,2.76,GHS,WFP-GIEWS-Ghana
2024-03-11,plantain,Bibiani,Bibiani Central Market,2.76,GHS,WFP-GIEWS-Ghana
2024-03-18,plantain,Bibiani,Bibiani Central Market,2.69,GHS,WFP-GIEWS-Ghana
2024-03-25,plantain,Bibiani,Bibiani Central Market,2.66,GHS,WFP-GIEWS-Ghana
2024-04-01,plantain,Bibiani,Bibiani Central Market,2.5,GHS,WFP-GIEWS-Ghana
2024-04-08,plantain,Bibiani,Bibiani Central Market,2.85,GHS,WFP-GIEWS-Ghana
2024-04-15,plantain,Bibiani,Bibiani Central Market,2.79,GHS,WFP-GIEWS-Ghana
2024-04-22,plantain,Bibiani,Bibiani Central Market,2.72,GHS,WFP-GIEWS-Ghana
2024-04-29,plantain,Bibiani,Bibiani Central Market,2.73,GHS,WFP-GIEWS-Ghana
2024-05-06,plantain,Bibiani,Bibiani Central Market,2.84,GHS,WFP-GIEWS-Ghana
2024-05-13,plantain,Bibiani,Bibiani Central Market,2.59,GHS,WFP-GIEWS-Ghana
2024-05-20,plantain,Bibiani,Bibiani Central Market,2.7,GHS,WFP-GIEWS-Ghana
2024-05-27,plantain,Bibiani,Bibiani Central Market,2.64,GHS,WFP-GIEWS-Ghana
2024-06-03,plantain,Bibiani,Bibiani Central Market,3.24,GHS,WFP-GIEWS-Ghana
2024-06-10,plantain,Bibiani,Bibiani Central Market,3.13,GHS,WFP-GIEWS-Ghana
2024-06-17,plantain,Bibiani,Bibiani Central Market,2.75,GHS,WFP-GIEWS-Ghana
2024-06-24,plantain,Bibiani,Bibiani Central Market,2.84,GHS,WFP-GIEWS-Ghana
2024-07-01,plantain,Bibiani,Bibiani Central Market,3.39,GHS,WFP-GIEWS-Ghana
2024-07-08,plantain,Bibiani,Bibiani Central Market,3.34,GHS,WFP-GIEWS-Ghana
2024-07-15,plantain,Bibiani,Bibiani Central Market,3.23,GHS,WFP-GIEWS-Ghana
2024-07-22,plantain,Bibiani,Bibiani Central Market,3.67,GHS,WFP-GIEWS-Ghana
2024-07-29,plantain,Bibiani,Bibiani Central Market,3.45,GHS,WFP-GIEWS-Ghana
2024-08-05,plantain,Bibiani,Bibiani Central Market,3.49,GHS,WFP-GIEWS-Ghana
2024-08-12,plantain,Bibiani,Bibiani Central Market,3.33,GHS,WFP-GIEWS-Ghana
2024-08-19,plantain,Bibiani,Bibiani Central Market,3.53,GHS,WFP-GIEWS-Ghana
2024-08-26,plantain,Bibiani,Bibiani Central Market,3.38,GHS,WFP-GIEWS-Ghana
2024-09-02,plantain,Bibiani,Bibiani Central Market,3.04,GHS,WFP-GIEWS-Ghana
2024-09-09,plantain,Bibiani,Bibiani Central Market,3.16,GHS,WFP-GIEWS-Ghana
2024-09-16,plantain,Bibiani,Bibiani Central Market,2.88,GHS,WFP-GIEWS-Ghana
2024-09-23,plantain,Bibiani,Bibiani Central Market,3.28,GHS,WFP-GIEWS-Ghana
2024-09-30,plantain,Bibiani,Bibiani Central Market,3.1,GHS,WFP-GIEWS-Ghana
2024-10-07,plantain,Bibiani,Bibiani Central Market,2.77,GHS,WFP-GIEWS-Ghana
2024-10-14,plantain,Bibiani,Bibiani Central Market,2.52,GHS,WFP-GIEWS-Ghana
2024-10-21,plantain,Bibiani,Bibiani Central Market,2.54,GHS,WFP-GIEWS-Ghana
2024-10-28,plantain,Bibiani,Bibiani Central Market,2.51,GHS,WFP-GIEWS-Ghana
2024-11-04,plantain,Bibiani,Bibiani Central Market,2.68,GHS,WFP-GIEWS-Ghana
2024-11-11,plantain,Bibiani,Bibiani Central Market,2.66,GHS,WFP-GIEWS-Ghana
2024-11-18,plantain,Bibiani,Bibiani Central Market,2.6,GHS,WFP-GIEWS-Ghana
2024-11-25,plantain,Bibiani,Bibiani Central Market,2.54,GHS,WFP-GIEWS-Ghana
2024-12-02,plantain,Bibiani,Bibiani Central Market,2.53,GHS,WFP-GIEWS-Ghana
2024-12-09,plantain,Bibiani,Bibiani Central Market,2.66,GHS,WFP-GIEWS-Ghana
2024-12-16,plantain,Bibiani,Bibiani Central Market,2.62,GHS,WFP-GIEWS-Ghana
2024-12-23,plantain,Bibiani,Bibiani Central Market,2.6,GHS,WFP-GIEWS-Ghana
2024-12-30,plantain,Bibiani,Bibiani Central Market,2.83,GHS,WFP-GIEWS-Ghana
2018-01-01,plantain,Juaboso,Juaboso Weekly Market,2.13,GHS,WFP-GIEWS-Ghana
2018-01-08,plantain,Juaboso,Juaboso Weekly Market,1.98,GHS,WFP-GIEWS-Ghana
2018-01-15,plantain,Juaboso,Juaboso Weekly Market,2.05,GHS,WFP-GIEWS-Ghana
2018-01-22,plantain,Juaboso,Juaboso Weekly Market,2.02,GHS,WFP-GIEWS-Ghana
2018-01-29,plantain,Juaboso,Juaboso Weekly Market,1.89,GHS,WFP-GIEWS-Ghana
2018-02-05,plantain,Juaboso,Juaboso Weekly Market,2.16,GHS,WFP-GIEWS-Ghana
2018-02-12,plantain,Juaboso,Juaboso Weekly Market,2.03,GHS,WFP-GIEWS-Ghana
2018-02-19,plantain,Juaboso,Juaboso Weekly Market,2.1,GHS,WFP-GIEWS-Ghana
2018-02-26,plantain,Juaboso,Juaboso Weekly Market,1.98,GHS,WFP-GIEWS-Ghana
2018-03-05,plantain,Juaboso,Juaboso Weekly Market,1.74,GHS,WFP-GIEWS-Ghana
2018-03-12,plantain,Juaboso,Juaboso Weekly Market,1.69,GHS,WFP-GIEWS-Ghana
2018-03-19,plantain,Juaboso,Juaboso Weekly Market,1.84,GHS,WFP-GIEWS-Ghana
2018-03-26,plantain,Juaboso,Juaboso Weekly Market,1.77,GHS,WFP-GIEWS-Ghana
2018-04-02,plantain,Juaboso,Juaboso Weekly Market,1.79,GHS,WFP-GIEWS-Ghana
2018-04-09,plantain,Juaboso,Juaboso Weekly Market,1.86,GHS,WFP-GIEWS-Ghana
2018-04-16,plantain,Juaboso,Juaboso Weekly Market,1.84,GHS,WFP-GIEWS-Ghana
2018-04-23,plantain,Juaboso,Juaboso Weekly Market,1.81,GHS,WFP-GIEWS-Ghana
2018-04-30,plantain,Juaboso,Juaboso Weekly Market,1.66,GHS,WFP-GIEWS-Ghana
2018-05-07,plantain,Juaboso,Juaboso Weekly Market,1.72,GHS,WFP-GIEWS-Ghana
2018-05-14,plantain,Juaboso,Juaboso Weekly Market,1.7,GHS,WFP-GIEWS-Ghana
2018-05-21,plantain,Juaboso,Juaboso Weekly Market,1.82,GHS,WFP-GIEWS-Ghana
2018-05-28,plantain,Juaboso,Juaboso Weekly Market,1.78,GHS,WFP-GIEWS-Ghana
2018-06-04,plantain,Juaboso,Juaboso Weekly Market,1.83,GHS,WFP-GIEWS-Ghana
2018-06-11,plantain,Juaboso,Juaboso Weekly Market,1.92,GHS,WFP-GIEWS-Ghana
2018-06-18,plantain,Juaboso,Juaboso Weekly Market,1.82,GHS,WFP-GIEWS-Ghana
2018-06-25,plantain,Juaboso,Juaboso Weekly Market,1.93,GHS,WFP-GIEWS-Ghana
2018-07-02,plantain,Juaboso,Juaboso Weekly Market,2.04,GHS,WFP-GIEWS-Ghana
2018-07-09,plantain,Juaboso,Juaboso Weekly Market,2.23,GHS,WFP-GIEWS-Ghana
2018-07-16,plantain,Juaboso,Juaboso Weekly Market,2.22,GHS,WFP-GIEWS-Ghana
2018-07-23,plantain,Juaboso,Juaboso Weekly Market,2.35,GHS,WFP-GIEWS-Ghana
2018-07-30,plantain,Juaboso,Juaboso Weekly Market,2.26,GHS,WFP-GIEWS-Ghana
2018-08-06,plantain,Juaboso,Juaboso Weekly Market,2.16,GHS,WFP-GIEWS-Ghana
2018-08-13,plantain,Juaboso,Juaboso Weekly Market,2.27,GHS,WFP-GIEWS-Ghana
2018-08-20,plantain,Juaboso,Juaboso Weekly Market,2.08,GHS,WFP-GIEWS-Ghana
2018-08-27,plantain,Juaboso,Juaboso Weekly Market,2.11,GHS,WFP-GIEWS-Ghana
2018-09-03,plantain,Juaboso,Juaboso Weekly Market,2.0,GHS,WFP-GIEWS-Ghana
2018-09-10,plantain,Juaboso,Juaboso Weekly Market,1.8,GHS,WFP-GIEWS-Ghana
2018-09-17,plantain,Juaboso,Juaboso Weekly Market,1.97,GHS,WFP-GIEWS-Ghana
2018-09-24,plantain,Juaboso,Juaboso Weekly Market,1.89,GHS,WFP-GIEWS-Ghana
2018-10-01,plantain,Juaboso,Juaboso Weekly Market,1.7,GHS,WFP-GIEWS-Ghana
2018-10-08,plantain,Juaboso,Juaboso Weekly Market,1.62,GHS,WFP-GIEWS-Ghana
2018-10-15,plantain,Juaboso,Juaboso Weekly Market,1.72,GHS,WFP-GIEWS-Ghana
2018-10-22,plantain,Juaboso,Juaboso Weekly Market,1.69,GHS,WFP-GIEWS-Ghana
2018-10-29,plantain,Juaboso,Juaboso Weekly Market,1.78,GHS,WFP-GIEWS-Ghana
2018-11-05,plantain,Juaboso,Juaboso Weekly Market,1.7,GHS,WFP-GIEWS-Ghana
2018-11-12,plantain,Juaboso,Juaboso Weekly Market,1.65,GHS,WFP-GIEWS-Ghana
2018-11-19,plantain,Juaboso,Juaboso Weekly Market,1.68,GHS,WFP-GIEWS-Ghana
2018-11-26,plantain,Juaboso,Juaboso Weekly Market,1.61,GHS,WFP-GIEWS-Ghana
2018-12-03,plantain,Juaboso,Juaboso Weekly Market,1.74,GHS,WFP-GIEWS-Ghana
2018-12-10,plantain,Juaboso,Juaboso Weekly Market,1.75,GHS,WFP-GIEWS-Ghana
2018-12-17,plantain,Juaboso,Juaboso Weekly Market,1.88,GHS,WFP-GIEWS-Ghana
2018-12-24,plantain,Juaboso,Juaboso Weekly Market,1.67,GHS,WFP-GIEWS-Ghana
2018-12-31,plantain,Juaboso,Juaboso Weekly Market,1.69,GHS,WFP-GIEWS-Ghana
2019-01-07,plantain,Juaboso,Juaboso Weekly Market,2.14,GHS,WFP-GIEWS-Ghana
2019-01-14,plantain,Juaboso,Juaboso Weekly Market,2.21,GHS,WFP-GIEWS-Ghana
2019-01-21,plantain,Juaboso,Juaboso Weekly Market,2.22,GHS,WFP-GIEWS-Ghana
2019-01-28,plantain,Juaboso,Juaboso Weekly Market,2.18,GHS,WFP-GIEWS-Ghana
2019-02-04,plantain,Juaboso,Juaboso Weekly Market,2.3,GHS,WFP-GIEWS-Ghana
2019-02-11,plantain,Juaboso,Juaboso Weekly Market,2.15,GHS,WFP-GIEWS-Ghana
2019-02-18,plantain,Juaboso,Juaboso Weekly Market,2.29,GHS,WFP-GIEWS-Ghana
2019-02-25,plantain,Juaboso,Juaboso Weekly Market,2.25,GHS,WFP-GIEWS-Ghana
2019-03-04,plantain,Juaboso,Juaboso Weekly Market,1.89,GHS,WFP-GIEWS-Ghana
2019-03-11,plantain,Juaboso,Juaboso Weekly Market,1.86,GHS,WFP-GIEWS-Ghana
2019-03-18,plantain,Juaboso,Juaboso Weekly Market,2.07,GHS,WFP-GIEWS-Ghana
2019-03-25,plantain,Juaboso,Juaboso Weekly Market,1.83,GHS,WFP-GIEWS-Ghana
2019-04-01,plantain,Juaboso,Juaboso Weekly Market,1.92,GHS,WFP-GIEWS-Ghana
2019-04-08,plantain,Juaboso,Juaboso Weekly Market,1.84,GHS,WFP-GIEWS-Ghana
2019-04-15,plantain,Juaboso,Juaboso Weekly Market,2.04,GHS,WFP-GIEWS-Ghana
2019-04-22,plantain,Juaboso,Juaboso Weekly Market,1.97,GHS,WFP-GIEWS-Ghana
2019-04-29,plantain,Juaboso,Juaboso Weekly Market,1.85,GHS,WFP-GIEWS-Ghana
2019-05-06,plantain,Juaboso,Juaboso Weekly Market,1.95,GHS,WFP-GIEWS-Ghana
2019-05-13,plantain,Juaboso,Juaboso Weekly Market,1.93,GHS,WFP-GIEWS-Ghana
2019-05-20,plantain,Juaboso,Juaboso Weekly Market,1.87,GHS,WFP-GIEWS-Ghana
2019-05-27,plantain,Juaboso,Juaboso Weekly Market,1.97,GHS,WFP-GIEWS-Ghana
2019-06-03,plantain,Juaboso,Juaboso Weekly Market,2.13,GHS,WFP-GIEWS-Ghana
2019-06-10,plantain,Juaboso,Juaboso Weekly Market,2.11,GHS,WFP-GIEWS-Ghana
2019-06-17,plantain,Juaboso,Juaboso Weekly Market,2.09,GHS,WFP-GIEWS-Ghana
2019-06-24,plantain,Juaboso,Juaboso Weekly Market,2.13,GHS,WFP-GIEWS-Ghana
2019-07-01,plantain,Juaboso,Juaboso Weekly Market,2.38,GHS,WFP-GIEWS-Ghana
2019-07-08,plantain,Juaboso,Juaboso Weekly Market,2.36,GHS,WFP-GIEWS-Ghana
2019-07-15,plantain,Juaboso,Juaboso Weekly Market,2.3,GHS,WFP-GIEWS-Ghana
2019-07-22,plantain,Juaboso,Juaboso Weekly Market,2.52,GHS,WFP-GIEWS-Ghana
2019-07-29,plantain,Juaboso,Juaboso Weekly Market,2.26,GHS,WFP-GIEWS-Ghana
2019-08-05,plantain,Juaboso,Juaboso Weekly Market,2.41,GHS,WFP-GIEWS-Ghana
2019-08-12,plantain,Juaboso,Juaboso Weekly Market,2.34,GHS,WFP-GIEWS-Ghana
2019-08-19,plantain,Juaboso,Juaboso Weekly Market,2.54,GHS,WFP-GIEWS-Ghana
2019-08-26,plantain,Juaboso,Juaboso Weekly Market,2.29,GHS,WFP-GIEWS-Ghana
2019-09-02,plantain,Juaboso,Juaboso Weekly Market,2.07,GHS,WFP-GIEWS-Ghana
2019-09-09,plantain,Juaboso,Juaboso Weekly Market,2.05,GHS,WFP-GIEWS-Ghana
2019-09-16,plantain,Juaboso,Juaboso Weekly Market,2.16,GHS,WFP-GIEWS-Ghana
2019-09-23,plantain,Juaboso,Juaboso Weekly Market,2.02,GHS,WFP-GIEWS-Ghana
2019-09-30,plantain,Juaboso,Juaboso Weekly Market,2.09,GHS,WFP-GIEWS-Ghana
2019-10-07,plantain,Juaboso,Juaboso Weekly Market,1.67,GHS,WFP-GIEWS-Ghana
2019-10-14,plantain,Juaboso,Juaboso Weekly Market,1.84,GHS,WFP-GIEWS-Ghana
2019-10-21,plantain,Juaboso,Juaboso Weekly Market,1.79,GHS,WFP-GIEWS-Ghana
2019-10-28,plantain,Juaboso,Juaboso Weekly Market,1.72,GHS,WFP-GIEWS-Ghana
2019-11-04,plantain,Juaboso,Juaboso Weekly Market,1.92,GHS,WFP-GIEWS-Ghana
2019-11-11,plantain,Juaboso,Juaboso Weekly Market,1.74,GHS,WFP-GIEWS-Ghana
2019-11-18,plantain,Juaboso,Juaboso Weekly Market,1.9,GHS,WFP-GIEWS-Ghana
2019-11-25,plantain,Juaboso,Juaboso Weekly Market,1.79,GHS,WFP-GIEWS-Ghana
2019-12-02,plantain,Juaboso,Juaboso Weekly Market,1.97,GHS,WFP-GIEWS-Ghana
2019-12-09,plantain,Juaboso,Juaboso Weekly Market,1.9,GHS,WFP-GIEWS-Ghana
2019-12-16,plantain,Juaboso,Juaboso Weekly Market,1.77,GHS,WFP-GIEWS-Ghana
2019-12-23,plantain,Juaboso,Juaboso Weekly Market,1.78,GHS,WFP-GIEWS-Ghana
2019-12-30,plantain,Juaboso,Juaboso Weekly Market,1.89,GHS,WFP-GIEWS-Ghana
2020-01-06,plantain,Juaboso,Juaboso Weekly Market,2.34,GHS,WFP-GIEWS-Ghana
2020-01-13,plantain,Juaboso,Juaboso Weekly Market,2.35,GHS,WFP-GIEWS-Ghana
2020-01-20,plantain,Juaboso,Juaboso Weekly Market,2.48,GHS,WFP-GIEWS-Ghana
2020-01-27,plantain,Juaboso,Juaboso Weekly Market,2.29,GHS,WFP-GIEWS-Ghana
2020-02-03,plantain,Juaboso,Juaboso Weekly Market,2.39,GHS,WFP-GIEWS-Ghana
2020-02-10,plantain,Juaboso,Juaboso Weekly Market,2.47,GHS,WFP-GIEWS-Ghana
2020-02-17,plantain,Juaboso,Juaboso Weekly Market,2.46,GHS,WFP-GIEWS-Ghana
2020-02-24,plantain,Juaboso,Juaboso Weekly Market,2.36,GHS,WFP-GIEWS-Ghana
2020-03-02,plantain,Juaboso,Juaboso Weekly Market,2.02,GHS,WFP-GIEWS-Ghana
2020-03-09,plantain,Juaboso,Juaboso Weekly Market,1.9,GHS,WFP-GIEWS-Ghana
2020-03-16,plantain,Juaboso,Juaboso Weekly Market,1.95,GHS,WFP-GIEWS-Ghana
2020-03-23,plantain,Juaboso,Juaboso Weekly Market,2.07,GHS,WFP-GIEWS-Ghana
2020-03-30,plantain,Juaboso,Juaboso Weekly Market,2.03,GHS,WFP-GIEWS-Ghana
2020-04-06,plantain,Juaboso,Juaboso Weekly Market,2.06,GHS,WFP-GIEWS-Ghana
2020-04-13,plantain,Juaboso,Juaboso Weekly Market,2.14,GHS,WFP-GIEWS-Ghana
2020-04-20,plantain,Juaboso,Juaboso Weekly Market,1.96,GHS,WFP-GIEWS-Ghana
2020-04-27,plantain,Juaboso,Juaboso Weekly Market,2.03,GHS,WFP-GIEWS-Ghana
2020-05-04,plantain,Juaboso,Juaboso Weekly Market,2.08,GHS,WFP-GIEWS-Ghana
2020-05-11,plantain,Juaboso,Juaboso Weekly Market,2.01,GHS,WFP-GIEWS-Ghana
2020-05-18,plantain,Juaboso,Juaboso Weekly Market,2.18,GHS,WFP-GIEWS-Ghana
2020-05-25,plantain,Juaboso,Juaboso Weekly Market,2.14,GHS,WFP-GIEWS-Ghana
2020-06-01,plantain,Juaboso,Juaboso Weekly Market,2.29,GHS,WFP-GIEWS-Ghana
2020-06-08,plantain,Juaboso,Juaboso Weekly Market,2.42,GHS,WFP-GIEWS-Ghana
2020-06-15,plantain,Juaboso,Juaboso Weekly Market,2.12,GHS,WFP-GIEWS-Ghana
2020-06-22,plantain,Juaboso,Juaboso Weekly Market,2.26,GHS,WFP-GIEWS-Ghana
2020-06-29,plantain,Juaboso,Juaboso Weekly Market,2.29,GHS,WFP-GIEWS-Ghana
2020-07-06,plantain,Juaboso,Juaboso Weekly Market,2.45,GHS,WFP-GIEWS-Ghana
2020-07-13,plantain,Juaboso,Juaboso Weekly Market,2.58,GHS,WFP-GIEWS-Ghana
2020-07-20,plantain,Juaboso,Juaboso Weekly Market,2.43,GHS,WFP-GIEWS-Ghana
2020-07-27,plantain,Juaboso,Juaboso Weekly Market,2.62,GHS,WFP-GIEWS-Ghana
2020-08-03,plantain,Juaboso,Juaboso Weekly Market,2.67,GHS,WFP-GIEWS-Ghana
2020-08-10,plantain,Juaboso,Juaboso Weekly Market,2.59,GHS,WFP-GIEWS-Ghana
2020-08-17,plantain,Juaboso,Juaboso Weekly Market,2.37,GHS,WFP-GIEWS-Ghana
2020-08-24,plantain,Juaboso,Juaboso Weekly Market,2.46,GHS,WFP-GIEWS-Ghana
2020-08-31,plantain,Juaboso,Juaboso Weekly Market,2.62,GHS,WFP-GIEWS-Ghana
2020-09-07,plantain,Juaboso,Juaboso Weekly Market,2.31,GHS,WFP-GIEWS-Ghana
2020-09-14,plantain,Juaboso,Juaboso Weekly Market,2.06,GHS,WFP-GIEWS-Ghana
2020-09-21,plantain,Juaboso,Juaboso Weekly Market,2.42,GHS,WFP-GIEWS-Ghana
2020-09-28,plantain,Juaboso,Juaboso Weekly Market,2.32,GHS,WFP-GIEWS-Ghana
2020-10-05,plantain,Juaboso,Juaboso Weekly Market,1.91,GHS,WFP-GIEWS-Ghana
2020-10-12,plantain,Juaboso,Juaboso Weekly Market,2.05,GHS,WFP-GIEWS-Ghana
2020-10-19,plantain,Juaboso,Juaboso Weekly Market,1.92,GHS,WFP-GIEWS-Ghana
2020-10-26,plantain,Juaboso,Juaboso Weekly Market,1.92,GHS,WFP-GIEWS-Ghana
2020-11-02,plantain,Juaboso,Juaboso Weekly Market,2.01,GHS,WFP-GIEWS-Ghana
2020-11-09,plantain,Juaboso,Juaboso Weekly Market,2.13,GHS,WFP-GIEWS-Ghana
2020-11-16,plantain,Juaboso,Juaboso Weekly Market,2.11,GHS,WFP-GIEWS-Ghana
2020-11-23,plantain,Juaboso,Juaboso Weekly Market,2.01,GHS,WFP-GIEWS-Ghana
2020-11-30,plantain,Juaboso,Juaboso Weekly Market,2.02,GHS,WFP-GIEWS-Ghana
2020-12-07,plantain,Juaboso,Juaboso Weekly Market,2.06,GHS,WFP-GIEWS-Ghana
2020-12-14,plantain,Juaboso,Juaboso Weekly Market,1.9,GHS,WFP-GIEWS-Ghana
2020-12-21,plantain,Juaboso,Juaboso Weekly Market,2.05,GHS,WFP-GIEWS-Ghana
2020-12-28,plantain,Juaboso,Juaboso Weekly Market,1.94,GHS,WFP-GIEWS-Ghana
2021-01-04,plantain,Juaboso,Juaboso Weekly Market,2.59,GHS,WFP-GIEWS-Ghana
2021-01-11,plantain,Juaboso,Juaboso Weekly Market,2.53,GHS,WFP-GIEWS-Ghana
2021-01-18,plantain,Juaboso,Juaboso Weekly Market,2.6,GHS,WFP-GIEWS-Ghana
2021-01-25,plantain,Juaboso,Juaboso Weekly Market,2.57,GHS,WFP-GIEWS-Ghana
2021-02-01,plantain,Juaboso,Juaboso Weekly Market,2.25,GHS,WFP-GIEWS-Ghana
2021-02-08,plantain,Juaboso,Juaboso Weekly Market,2.59,GHS,WFP-GIEWS-Ghana
2021-02-15,plantain,Juaboso,Juaboso Weekly Market,2.64,GHS,WFP-GIEWS-Ghana
2021-02-22,plantain,Juaboso,Juaboso Weekly Market,2.62,GHS,WFP-GIEWS-Ghana
2021-03-01,plantain,Juaboso,Juaboso Weekly Market,2.19,GHS,WFP-GIEWS-Ghana
2021-03-08,plantain,Juaboso,Juaboso Weekly Market,2.35,GHS,WFP-GIEWS-Ghana
2021-03-15,plantain,Juaboso,Juaboso Weekly Market,2.23,GHS,WFP-GIEWS-Ghana
2021-03-22,plantain,Juaboso,Juaboso Weekly Market,2.24,GHS,WFP-GIEWS-Ghana
2021-03-29,plantain,Juaboso,Juaboso Weekly Market,2.29,GHS,WFP-GIEWS-Ghana
2021-04-05,plantain,Juaboso,Juaboso Weekly Market,2.25,GHS,WFP-GIEWS-Ghana
2021-04-12,plantain,Juaboso,Juaboso Weekly Market,2.14,GHS,WFP-GIEWS-Ghana
2021-04-19,plantain,Juaboso,Juaboso Weekly Market,2.0,GHS,WFP-GIEWS-Ghana
2021-04-26,plantain,Juaboso,Juaboso Weekly Market,2.17,GHS,WFP-GIEWS-Ghana
2021-05-03,plantain,Juaboso,Juaboso Weekly Market,2.3,GHS,WFP-GIEWS-Ghana
2021-05-10,plantain,Juaboso,Juaboso Weekly Market,2.2,GHS,WFP-GIEWS-Ghana
2021-05-17,plantain,Juaboso,Juaboso Weekly Market,2.3,GHS,WFP-GIEWS-Ghana
2021-05-24,plantain,Juaboso,Juaboso Weekly Market,2.24,GHS,WFP-GIEWS-Ghana
2021-05-31,plantain,Juaboso,Juaboso Weekly Market,2.35,GHS,WFP-GIEWS-Ghana
2021-06-07,plantain,Juaboso,Juaboso Weekly Market,2.41,GHS,WFP-GIEWS-Ghana
2021-06-14,plantain,Juaboso,Juaboso Weekly Market,2.49,GHS,WFP-GIEWS-Ghana
2021-06-21,plantain,Juaboso,Juaboso Weekly Market,2.49,GHS,WFP-GIEWS-Ghana
2021-06-28,plantain,Juaboso,Juaboso Weekly Market,2.59,GHS,WFP-GIEWS-Ghana
2021-07-05,plantain,Juaboso,Juaboso Weekly Market,2.56,GHS,WFP-GIEWS-Ghana
2021-07-12,plantain,Juaboso,Juaboso Weekly Market,2.7,GHS,WFP-GIEWS-Ghana
2021-07-19,plantain,Juaboso,Juaboso Weekly Market,2.84,GHS,WFP-GIEWS-Ghana
2021-07-26,plantain,Juaboso,Juaboso Weekly Market,2.92,GHS,WFP-GIEWS-Ghana
2021-08-02,plantain,Juaboso,Juaboso Weekly Market,2.8,GHS,WFP-GIEWS-Ghana
2021-08-09,plantain,Juaboso,Juaboso Weekly Market,2.74,GHS,WFP-GIEWS-Ghana
2021-08-16,plantain,Juaboso,Juaboso Weekly Market,2.85,GHS,WFP-GIEWS-Ghana
2021-08-23,plantain,Juaboso,Juaboso Weekly Market,2.87,GHS,WFP-GIEWS-Ghana
2021-08-30,plantain,Juaboso,Juaboso Weekly Market,2.73,GHS,WFP-GIEWS-Ghana
2021-09-06,plantain,Juaboso,Juaboso Weekly Market,2.52,GHS,WFP-GIEWS-Ghana
2021-09-13,plantain,Juaboso,Juaboso Weekly Market,2.61,GHS,WFP-GIEWS-Ghana
2021-09-20,plantain,Juaboso,Juaboso Weekly Market,2.68,GHS,WFP-GIEWS-Ghana
2021-09-27,plantain,Juaboso,Juaboso Weekly Market,2.56,GHS,WFP-GIEWS-Ghana
2021-10-04,plantain,Juaboso,Juaboso Weekly Market,2.13,GHS,WFP-GIEWS-Ghana
2021-10-11,plantain,Juaboso,Juaboso Weekly Market,2.12,GHS,WFP-GIEWS-Ghana
2021-10-18,plantain,Juaboso,Juaboso Weekly Market,2.18,GHS,WFP-GIEWS-Ghana
2021-10-25,plantain,Juaboso,Juaboso Weekly Market,2.12,GHS,WFP-GIEWS-Ghana
2021-11-01,plantain,Juaboso,Juaboso Weekly Market,2.16,GHS,WFP-GIEWS-Ghana
2021-11-08,plantain,Juaboso,Juaboso Weekly Market,2.05,GHS,WFP-GIEWS-Ghana
2021-11-15,plantain,Juaboso,Juaboso Weekly Market,2.25,GHS,WFP-GIEWS-Ghana
2021-11-22,plantain,Juaboso,Juaboso Weekly Market,2.04,GHS,WFP-GIEWS-Ghana
2021-11-29,plantain,Juaboso,Juaboso Weekly Market,2.11,GHS,WFP-GIEWS-Ghana
2021-12-06,plantain,Juaboso,Juaboso Weekly Market,2.16,GHS,WFP-GIEWS-Ghana
2021-12-13,plantain,Juaboso,Juaboso Weekly Market,2.33,GHS,WFP-GIEWS-Ghana
2021-12-20,plantain,Juaboso,Juaboso Weekly Market,2.12,GHS,WFP-GIEWS-Ghana
2021-12-27,plantain,Juaboso,Juaboso Weekly Market,2.1,GHS,WFP-GIEWS-Ghana
2022-01-03,plantain,Juaboso,Juaboso Weekly Market,2.7,GHS,WFP-GIEWS-Ghana
2022-01-10,plantain,Juaboso,Juaboso Weekly Market,2.94,GHS,WFP-GIEWS-Ghana
2022-01-17,plantain,Juaboso,Juaboso Weekly Market,2.45,GHS,WFP-GIEWS-Ghana
2022-01-24,plantain,Juaboso,Juaboso Weekly Market,2.65,GHS,WFP-GIEWS-Ghana
2022-01-31,plantain,Juaboso,Juaboso Weekly Market,3.06,GHS,WFP-GIEWS-Ghana
2022-02-07,plantain,Juaboso,Juaboso Weekly Market,2.84,GHS,WFP-GIEWS-Ghana
2022-02-14,plantain,Juaboso,Juaboso Weekly Market,2.65,GHS,WFP-GIEWS-Ghana
2022-02-21,plantain,Juaboso,Juaboso Weekly Market,2.77,GHS,WFP-GIEWS-Ghana
2022-02-28,plantain,Juaboso,Juaboso Weekly Market,2.78,GHS,WFP-GIEWS-Ghana
2022-03-07,plantain,Juaboso,Juaboso Weekly Market,2.46,GHS,WFP-GIEWS-Ghana
2022-03-14,plantain,Juaboso,Juaboso Weekly Market,2.55,GHS,WFP-GIEWS-Ghana
2022-03-21,plantain,Juaboso,Juaboso Weekly Market,2.42,GHS,WFP-GIEWS-Ghana
2022-03-28,plantain,Juaboso,Juaboso Weekly Market,2.33,GHS,WFP-GIEWS-Ghana
2022-04-04,plantain,Juaboso,Juaboso Weekly Market,2.47,GHS,WFP-GIEWS-Ghana
2022-04-11,plantain,Juaboso,Juaboso Weekly Market,2.33,GHS,WFP-GIEWS-Ghana
2022-04-18,plantain,Juaboso,Juaboso Weekly Market,2.3,GHS,WFP-GIEWS-Ghana
2022-04-25,plantain,Juaboso,Juaboso Weekly Market,2.23,GHS,WFP-GIEWS-Ghana
2022-05-02,plantain,Juaboso,Juaboso Weekly Market,2.26,GHS,WFP-GIEWS-Ghana
2022-05-09,plantain,Juaboso,Juaboso Weekly Market,2.32,GHS,WFP-GIEWS-Ghana
2022-05-16,plantain,Juaboso,Juaboso Weekly Market,2.3,GHS,WFP-GIEWS-Ghana
2022-05-23,plantain,Juaboso,Juaboso Weekly Market,2.44,GHS,WFP-GIEWS-Ghana
2022-05-30,plantain,Juaboso,Juaboso Weekly Market,2.29,GHS,WFP-GIEWS-Ghana
2022-06-06,plantain,Juaboso,Juaboso Weekly Market,2.3,GHS,WFP-GIEWS-Ghana
2022-06-13,plantain,Juaboso,Juaboso Weekly Market,2.53,GHS,WFP-GIEWS-Ghana
2022-06-20,plantain,Juaboso,Juaboso Weekly Market,2.59,GHS,WFP-GIEWS-Ghana
2022-06-27,plantain,Juaboso,Juaboso Weekly Market,2.57,GHS,WFP-GIEWS-Ghana
2022-07-04,plantain,Juaboso,Juaboso Weekly Market,3.15,GHS,WFP-GIEWS-Ghana
2022-07-11,plantain,Juaboso,Juaboso Weekly Market,2.9,GHS,WFP-GIEWS-Ghana
2022-07-18,plantain,Juaboso,Juaboso Weekly Market,3.08,GHS,WFP-GIEWS-Ghana
2022-07-25,plantain,Juaboso,Juaboso Weekly Market,2.97,GHS,WFP-GIEWS-Ghana
2022-08-01,plantain,Juaboso,Juaboso Weekly Market,2.99,GHS,WFP-GIEWS-Ghana
2022-08-08,plantain,Juaboso,Juaboso Weekly Market,2.89,GHS,WFP-GIEWS-Ghana
2022-08-15,plantain,Juaboso,Juaboso Weekly Market,2.98,GHS,WFP-GIEWS-Ghana
2022-08-22,plantain,Juaboso,Juaboso Weekly Market,2.9,GHS,WFP-GIEWS-Ghana
2022-08-29,plantain,Juaboso,Juaboso Weekly Market,3.01,GHS,WFP-GIEWS-Ghana
2022-09-05,plantain,Juaboso,Juaboso Weekly Market,2.66,GHS,WFP-GIEWS-Ghana
2022-09-12,plantain,Juaboso,Juaboso Weekly Market,2.59,GHS,WFP-GIEWS-Ghana
2022-09-19,plantain,Juaboso,Juaboso Weekly Market,2.79,GHS,WFP-GIEWS-Ghana
2022-09-26,plantain,Juaboso,Juaboso Weekly Market,2.73,GHS,WFP-GIEWS-Ghana
2022-10-03,plantain,Juaboso,Juaboso Weekly Market,2.26,GHS,WFP-GIEWS-Ghana
2022-10-10,plantain,Juaboso,Juaboso Weekly Market,2.31,GHS,WFP-GIEWS-Ghana
2022-10-17,plantain,Juaboso,Juaboso Weekly Market,2.29,GHS,WFP-GIEWS-Ghana
2022-10-24,plantain,Juaboso,Juaboso Weekly Market,2.22,GHS,WFP-GIEWS-Ghana
2022-10-31,plantain,Juaboso,Juaboso Weekly Market,2.31,GHS,WFP-GIEWS-Ghana
2022-11-07,plantain,Juaboso,Juaboso Weekly Market,2.26,GHS,WFP-GIEWS-Ghana
2022-11-14,plantain,Juaboso,Juaboso Weekly Market,2.23,GHS,WFP-GIEWS-Ghana
2022-11-21,plantain,Juaboso,Juaboso Weekly Market,2.16,GHS,WFP-GIEWS-Ghana
2022-11-28,plantain,Juaboso,Juaboso Weekly Market,2.28,GHS,WFP-GIEWS-Ghana
2022-12-05,plantain,Juaboso,Juaboso Weekly Market,2.38,GHS,WFP-GIEWS-Ghana
2022-12-12,plantain,Juaboso,Juaboso Weekly Market,2.26,GHS,WFP-GIEWS-Ghana
2022-12-19,plantain,Juaboso,Juaboso Weekly Market,2.56,GHS,WFP-GIEWS-Ghana
2022-12-26,plantain,Juaboso,Juaboso Weekly Market,2.41,GHS,WFP-GIEWS-Ghana
2023-01-02,plantain,Juaboso,Juaboso Weekly Market,3.13,GHS,WFP-GIEWS-Ghana
2023-01-09,plantain,Juaboso,Juaboso Weekly Market,3.07,GHS,WFP-GIEWS-Ghana
2023-01-16,plantain,Juaboso,Juaboso Weekly Market,3.2,GHS,WFP-GIEWS-Ghana
2023-01-23,plantain,Juaboso,Juaboso Weekly Market,2.88,GHS,WFP-GIEWS-Ghana
2023-01-30,plantain,Juaboso,Juaboso Weekly Market,2.67,GHS,WFP-GIEWS-Ghana
2023-02-06,plantain,Juaboso,Juaboso Weekly Market,2.94,GHS,WFP-GIEWS-Ghana
2023-02-13,plantain,Juaboso,Juaboso Weekly Market,3.06,GHS,WFP-GIEWS-Ghana
2023-02-20,plantain,Juaboso,Juaboso Weekly Market,3.02,GHS,WFP-GIEWS-Ghana
2023-02-27,plantain,Juaboso,Juaboso Weekly Market,3.03,GHS,WFP-GIEWS-Ghana
2023-03-06,plantain,Juaboso,Juaboso Weekly Market,2.71,GHS,WFP-GIEWS-Ghana
2023-03-13,plantain,Juaboso,Juaboso Weekly Market,2.61,GHS,WFP-GIEWS-Ghana
2023-03-20,plantain,Juaboso,Juaboso Weekly Market,2.65,GHS,WFP-GIEWS-Ghana
2023-03-27,plantain,Juaboso,Juaboso Weekly Market,2.47,GHS,WFP-GIEWS-Ghana
2023-04-03,plantain,Juaboso,Juaboso Weekly Market,2.47,GHS,WFP-GIEWS-Ghana
2023-04-10,plantain,Juaboso,Juaboso Weekly Market,2.75,GHS,WFP-GIEWS-Ghana
2023-04-17,plantain,Juaboso,Juaboso Weekly Market,2.6,GHS,WFP-GIEWS-Ghana
2023-04-24,plantain,Juaboso,Juaboso Weekly Market,2.52,GHS,WFP-GIEWS-Ghana
2023-05-01,plantain,Juaboso,Juaboso Weekly Market,2.54,GHS,WFP-GIEWS-Ghana
2023-05-08,plantain,Juaboso,Juaboso Weekly Market,2.54,GHS,WFP-GIEWS-Ghana
2023-05-15,plantain,Juaboso,Juaboso Weekly Market,2.53,GHS,WFP-GIEWS-Ghana
2023-05-22,plantain,Juaboso,Juaboso Weekly Market,2.47,GHS,WFP-GIEWS-Ghana
2023-05-29,plantain,Juaboso,Juaboso Weekly Market,2.45,GHS,WFP-GIEWS-Ghana
2023-06-05,plantain,Juaboso,Juaboso Weekly Market,2.82,GHS,WFP-GIEWS-Ghana
2023-06-12,plantain,Juaboso,Juaboso Weekly Market,2.78,GHS,WFP-GIEWS-Ghana
2023-06-19,plantain,Juaboso,Juaboso Weekly Market,2.97,GHS,WFP-GIEWS-Ghana
2023-06-26,plantain,Juaboso,Juaboso Weekly Market,2.88,GHS,WFP-GIEWS-Ghana
2023-07-03,plantain,Juaboso,Juaboso Weekly Market,3.24,GHS,WFP-GIEWS-Ghana
2023-07-10,plantain,Juaboso,Juaboso Weekly Market,3.11,GHS,WFP-GIEWS-Ghana
2023-07-17,plantain,Juaboso,Juaboso Weekly Market,3.19,GHS,WFP-GIEWS-Ghana
2023-07-24,plantain,Juaboso,Juaboso Weekly Market,3.26,GHS,WFP-GIEWS-Ghana
2023-07-31,plantain,Juaboso,Juaboso Weekly Market,3.3,GHS,WFP-GIEWS-Ghana
2023-08-07,plantain,Juaboso,Juaboso Weekly Market,3.22,GHS,WFP-GIEWS-Ghana
2023-08-14,plantain,Juaboso,Juaboso Weekly Market,3.37,GHS,WFP-GIEWS-Ghana
2023-08-21,plantain,Juaboso,Juaboso Weekly Market,3.23,GHS,WFP-GIEWS-Ghana
2023-08-28,plantain,Juaboso,Juaboso Weekly Market,3.33,GHS,WFP-GIEWS-Ghana
2023-09-04,plantain,Juaboso,Juaboso Weekly Market,2.85,GHS,WFP-GIEWS-Ghana
2023-09-11,plantain,Juaboso,Juaboso Weekly Market,2.69,GHS,WFP-GIEWS-Ghana
2023-09-18,plantain,Juaboso,Juaboso Weekly Market,2.93,GHS,WFP-GIEWS-Ghana
2023-09-25,plantain,Juaboso,Juaboso Weekly Market,2.99,GHS,WFP-GIEWS-Ghana
2023-10-02,plantain,Juaboso,Juaboso Weekly Market,2.54,GHS,WFP-GIEWS-Ghana
2023-10-09,plantain,Juaboso,Juaboso Weekly Market,2.52,GHS,WFP-GIEWS-Ghana
2023-10-16,plantain,Juaboso,Juaboso Weekly Market,2.45,GHS,WFP-GIEWS-Ghana
2023-10-23,plantain,Juaboso,Juaboso Weekly Market,2.4,GHS,WFP-GIEWS-Ghana
2023-10-30,plantain,Juaboso,Juaboso Weekly Market,2.54,GHS,WFP-GIEWS-Ghana
2023-11-06,plantain,Juaboso,Juaboso Weekly Market,2.54,GHS,WFP-GIEWS-Ghana
2023-11-13,plantain,Juaboso,Juaboso Weekly Market,2.44,GHS,WFP-GIEWS-Ghana
2023-11-20,plantain,Juaboso,Juaboso Weekly Market,2.61,GHS,WFP-GIEWS-Ghana
2023-11-27,plantain,Juaboso,Juaboso Weekly Market,2.41,GHS,WFP-GIEWS-Ghana
2023-12-04,plantain,Juaboso,Juaboso Weekly Market,2.46,GHS,WFP-GIEWS-Ghana
2023-12-11,plantain,Juaboso,Juaboso Weekly Market,2.68,GHS,WFP-GIEWS-Ghana
2023-12-18,plantain,Juaboso,Juaboso Weekly Market,2.6,GHS,WFP-GIEWS-Ghana
2023-12-25,plantain,Juaboso,Juaboso Weekly Market,2.48,GHS,WFP-GIEWS-Ghana
2024-01-01,plantain,Juaboso,Juaboso Weekly Market,3.25,GHS,WFP-GIEWS-Ghana
2024-01-08,plantain,Juaboso,Juaboso Weekly Market,3.24,GHS,WFP-GIEWS-Ghana
2024-01-15,plantain,Juaboso,Juaboso Weekly Market,2.86,GHS,WFP-GIEWS-Ghana
2024-01-22,plantain,Juaboso,Juaboso Weekly Market,3.1,GHS,WFP-GIEWS-Ghana
2024-01-29,plantain,Juaboso,Juaboso Weekly Market,3.21,GHS,WFP-GIEWS-Ghana
2024-02-05,plantain,Juaboso,Juaboso Weekly Market,3.19,GHS,WFP-GIEWS-Ghana
2024-02-12,plantain,Juaboso,Juaboso Weekly Market,3.27,GHS,WFP-GIEWS-Ghana
2024-02-19,plantain,Juaboso,Juaboso Weekly Market,3.38,GHS,WFP-GIEWS-Ghana
2024-02-26,plantain,Juaboso,Juaboso Weekly Market,3.2,GHS,WFP-GIEWS-Ghana
2024-03-04,plantain,Juaboso,Juaboso Weekly Market,2.66,GHS,WFP-GIEWS-Ghana
2024-03-11,plantain,Juaboso,Juaboso Weekly Market,2.81,GHS,WFP-GIEWS-Ghana
2024-03-18,plantain,Juaboso,Juaboso Weekly Market,2.74,GHS,WFP-GIEWS-Ghana
2024-03-25,plantain,Juaboso,Juaboso Weekly Market,2.76,GHS,WFP-GIEWS-Ghana
2024-04-01,plantain,Juaboso,Juaboso Weekly Market,2.76,GHS,WFP-GIEWS-Ghana
2024-04-08,plantain,Juaboso,Juaboso Weekly Market,3.04,GHS,WFP-GIEWS-Ghana
2024-04-15,plantain,Juaboso,Juaboso Weekly Market,2.54,GHS,WFP-GIEWS-Ghana
2024-04-22,plantain,Juaboso,Juaboso Weekly Market,2.75,GHS,WFP-GIEWS-Ghana
2024-04-29,plantain,Juaboso,Juaboso Weekly Market,2.79,GHS,WFP-GIEWS-Ghana
2024-05-06,plantain,Juaboso,Juaboso Weekly Market,2.72,GHS,WFP-GIEWS-Ghana
2024-05-13,plantain,Juaboso,Juaboso Weekly Market,2.91,GHS,WFP-GIEWS-Ghana
2024-05-20,plantain,Juaboso,Juaboso Weekly Market,2.9,GHS,WFP-GIEWS-Ghana
2024-05-27,plantain,Juaboso,Juaboso Weekly Market,2.81,GHS,WFP-GIEWS-Ghana
2024-06-03,plantain,Juaboso,Juaboso Weekly Market,3.04,GHS,WFP-GIEWS-Ghana
2024-06-10,plantain,Juaboso,Juaboso Weekly Market,3.06,GHS,WFP-GIEWS-Ghana
2024-06-17,plantain,Juaboso,Juaboso Weekly Market,3.06,GHS,WFP-GIEWS-Ghana
2024-06-24,plantain,Juaboso,Juaboso Weekly Market,3.07,GHS,WFP-GIEWS-Ghana
2024-07-01,plantain,Juaboso,Juaboso Weekly Market,3.44,GHS,WFP-GIEWS-Ghana
2024-07-08,plantain,Juaboso,Juaboso Weekly Market,3.5,GHS,WFP-GIEWS-Ghana
2024-07-15,plantain,Juaboso,Juaboso Weekly Market,3.57,GHS,WFP-GIEWS-Ghana
2024-07-22,plantain,Juaboso,Juaboso Weekly Market,3.3,GHS,WFP-GIEWS-Ghana
2024-07-29,plantain,Juaboso,Juaboso Weekly Market,3.32,GHS,WFP-GIEWS-Ghana
2024-08-05,plantain,Juaboso,Juaboso Weekly Market,3.24,GHS,WFP-GIEWS-Ghana
2024-08-12,plantain,Juaboso,Juaboso Weekly Market,3.61,GHS,WFP-GIEWS-Ghana
2024-08-19,plantain,Juaboso,Juaboso Weekly Market,3.52,GHS,WFP-GIEWS-Ghana
2024-08-26,plantain,Juaboso,Juaboso Weekly Market,3.56,GHS,WFP-GIEWS-Ghana
2024-09-02,plantain,Juaboso,Juaboso Weekly Market,2.96,GHS,WFP-GIEWS-Ghana
2024-09-09,plantain,Juaboso,Juaboso Weekly Market,3.36,GHS,WFP-GIEWS-Ghana
2024-09-16,plantain,Juaboso,Juaboso Weekly Market,3.06,GHS,WFP-GIEWS-Ghana
2024-09-23,plantain,Juaboso,Juaboso Weekly Market,3.16,GHS,WFP-GIEWS-Ghana
2024-09-30,plantain,Juaboso,Juaboso Weekly Market,3.24,GHS,WFP-GIEWS-Ghana
2024-10-07,plantain,Juaboso,Juaboso Weekly Market,2.58,GHS,WFP-GIEWS-Ghana
2024-10-14,plantain,Juaboso,Juaboso Weekly Market,2.62,GHS,WFP-GIEWS-Ghana
2024-10-21,plantain,Juaboso,Juaboso Weekly Market,2.7,GHS,WFP-GIEWS-Ghana
2024-10-28,plantain,Juaboso,Juaboso Weekly Market,2.99,GHS,WFP-GIEWS-Ghana
2024-11-04,plantain,Juaboso,Juaboso Weekly Market,2.73,GHS,WFP-GIEWS-Ghana
2024-11-11,plantain,Juaboso,Juaboso Weekly Market,2.87,GHS,WFP-GIEWS-Ghana
2024-11-18,plantain,Juaboso,Juaboso Weekly Market,2.83,GHS,WFP-GIEWS-Ghana
2024-11-25,plantain,Juaboso,Juaboso Weekly Market,2.74,GHS,WFP-GIEWS-Ghana
2024-12-02,plantain,Juaboso,Juaboso Weekly Market,2.61,GHS,WFP-GIEWS-Ghana
2024-12-09,plantain,Juaboso,Juaboso Weekly Market,2.83,GHS,WFP-GIEWS-Ghana
2024-12-16,plantain,Juaboso,Juaboso Weekly Market,2.55,GHS,WFP-GIEWS-Ghana
2024-12-23,plantain,Juaboso,Juaboso Weekly Market,2.89,GHS,WFP-GIEWS-Ghana
2024-12-30,plantain,Juaboso,Juaboso Weekly Market,2.74,GHS,WFP-GIEWS-Ghana
2018-01-01,plantain,Sefwi Wiawso,Sefwi Wiawso District Market,2.25,GHS,WFP-GIEWS-Ghana
2018-01-08,plantain,Sefwi Wiawso,Sefwi Wiawso District Market,2.06,GHS,WFP-GIEWS-Ghana
2018-01-15,plantain,Sefwi Wiawso,Sefwi Wiawso District Market,2.15,GHS,WFP-GIEWS-Ghana
2018-01-22,plantain,Sefwi Wiawso,Sefwi Wiawso District Market,2.07,GHS,WFP-GIEWS-Ghana
2018-01-29,plantain,Sefwi Wiawso,Sefwi Wiawso District Market,2.15,GHS,WFP-GIEWS-Ghana
2018-02-05,plantain,Sefwi Wiawso,Sefwi Wiawso District Market,2.04,GHS,WFP-GIEWS-Ghana
2018-02-12,plantain,Sefwi Wiawso,Sefwi Wiawso District Market,2.0,GHS,WFP-GIEWS-Ghana
2018-02-19,plantain,Sefwi Wiawso,Sefwi Wiawso District Market,2.1,GHS,WFP-GIEWS-Ghana
2018-02-26,plantain,Sefwi Wiawso,Sefwi Wiawso District Market,2.11,GHS,WFP-GIEWS-Ghana
2018-03-05,plantain,Sefwi Wiawso,Sefwi Wiawso District Market,1.78,GHS,WFP-GIEWS-Ghana
2018-03-12,plantain,Sefwi Wiawso,Sefwi Wiawso District Market,1.89,GHS,WFP-GIEWS-Ghana
2018-03-19,plantain,Sefwi Wiawso,Sefwi Wiawso District Market,1.74,GHS,WFP-GIEWS-Ghana
2018-03-26,plantain,Sefwi Wiawso,Sefwi Wiawso District Market,1.83,GHS,WFP-GIEWS-Ghana
2018-04-02,plantain,Sefwi Wiawso,Sefwi Wiawso District Market,1.82,GHS,WFP-GIEWS-Ghana
2018-04-09,plantain,Sefwi Wiawso,Sefwi Wiawso District Market,1.7,GHS,WFP-GIEWS-Ghana
2018-04-16,plantain,Sefwi Wiawso,Sefwi Wiawso District Market,1.72,GHS,WFP-GIEWS-Ghana
2018-04-23,plantain,Sefwi Wiawso,Sefwi Wiawso District Market,1.82,GHS,WFP-GIEWS-Ghana
2018-04-30,plantain,Sefwi Wiawso,Sefwi Wiawso District Market,1.96,GHS,WFP-GIEWS-Ghana
2018-05-07,plantain,Sefwi Wiawso,Sefwi Wiawso District Market,1.87,GHS,WFP-GIEWS-Ghana
2018-05-14,plantain,Sefwi Wiawso,Sefwi Wiawso District Market,1.7,GHS,WFP-GIEWS-Ghana
2018-05-21,plantain,Sefwi Wiawso,Sefwi Wiawso District Market,1.6,GHS,WFP-GIEWS-Ghana
2018-05-28,plantain,Sefwi Wiawso,Sefwi Wiawso District Market,1.88,GHS,WFP-GIEWS-Ghana
2018-06-04,plantain,Sefwi Wiawso,Sefwi Wiawso District Market,1.99,GHS,WFP-GIEWS-Ghana
2018-06-11,plantain,Sefwi Wiawso,Sefwi Wiawso District Market,2.09,GHS,WFP-GIEWS-Ghana
2018-06-18,plantain,Sefwi Wiawso,Sefwi Wiawso District Market,1.93,GHS,WFP-GIEWS-Ghana
2018-06-25,plantain,Sefwi Wiawso,Sefwi Wiawso District Market,2.03,GHS,WFP-GIEWS-Ghana
2018-07-02,plantain,Sefwi Wiawso,Sefwi Wiawso District Market,2.33,GHS,WFP-GIEWS-Ghana
2018-07-09,plantain,Sefwi Wiawso,Sefwi Wiawso District Market,2.22,GHS,WFP-GIEWS-Ghana
2018-07-16,plantain,Sefwi Wiawso,Sefwi Wiawso District Market,2.22,GHS,WFP-GIEWS-Ghana
2018-07-23,plantain,Sefwi Wiawso,Sefwi Wiawso District Market,2.26,GHS,WFP-GIEWS-Ghana
2018-07-30,plantain,Sefwi Wiawso,Sefwi Wiawso District Market,2.31,GHS,WFP-GIEWS-Ghana
2018-08-06,plantain,Sefwi Wiawso,Sefwi Wiawso District Market,2.27,GHS,WFP-GIEWS-Ghana
2018-08-13,plantain,Sefwi Wiawso,Sefwi Wiawso District Market,2.36,GHS,WFP-GIEWS-Ghana
2018-08-20,plantain,Sefwi Wiawso,Sefwi Wiawso District Market,2.23,GHS,WFP-GIEWS-Ghana
2018-08-27,plantain,Sefwi Wiawso,Sefwi Wiawso District Market,2.15,GHS,WFP-GIEWS-Ghana
2018-09-03,plantain,Sefwi Wiawso,Sefwi Wiawso District Market,2.2,GHS,WFP-GIEWS-Ghana
2018-09-10,plantain,Sefwi Wiawso,Sefwi Wiawso District Market,1.99,GHS,WFP-GIEWS-Ghana
2018-09-17,plantain,Sefwi Wiawso,Sefwi Wiawso District Market,1.99,GHS,WFP-GIEWS-Ghana
2018-09-24,plantain,Sefwi Wiawso,Sefwi Wiawso District Market,2.03,GHS,WFP-GIEWS-Ghana
2018-10-01,plantain,Sefwi Wiawso,Sefwi Wiawso District Market,1.75,GHS,WFP-GIEWS-Ghana
2018-10-08,plantain,Sefwi Wiawso,Sefwi Wiawso District Market,1.72,GHS,WFP-GIEWS-Ghana
2018-10-15,plantain,Sefwi Wiawso,Sefwi Wiawso District Market,1.74,GHS,WFP-GIEWS-Ghana
2018-10-22,plantain,Sefwi Wiawso,Sefwi Wiawso District Market,1.74,GHS,WFP-GIEWS-Ghana
2018-10-29,plantain,Sefwi Wiawso,Sefwi Wiawso District Market,1.76,GHS,WFP-GIEWS-Ghana
2018-11-05,plantain,Sefwi Wiawso,Sefwi Wiawso District Market,1.59,GHS,WFP-GIEWS-Ghana
2018-11-12,plantain,Sefwi Wiawso,Sefwi Wiawso District Market,1.89,GHS,WFP-GIEWS-Ghana
2018-11-19,plantain,Sefwi Wiawso,Sefwi Wiawso District Market,1.75,GHS,WFP-GIEWS-Ghana
2018-11-26,plantain,Sefwi Wiawso,Sefwi Wiawso District Market,1.8,GHS,WFP-GIEWS-Ghana
2018-12-03,plantain,Sefwi Wiawso,Sefwi Wiawso District Market,1.67,GHS,WFP-GIEWS-Ghana
2018-12-10,plantain,Sefwi Wiawso,Sefwi Wiawso District Market,1.73,GHS,WFP-GIEWS-Ghana
2018-12-17,plantain,Sefwi Wiawso,Sefwi Wiawso District Market,1.72,GHS,WFP-GIEWS-Ghana
2018-12-24,plantain,Sefwi Wiawso,Sefwi Wiawso District Market,1.87,GHS,WFP-GIEWS-Ghana
2018-12-31,plantain,Sefwi Wiawso,Sefwi Wiawso District Market,1.73,GHS,WFP-GIEWS-Ghana
2019-01-07,plantain,Sefwi Wiawso,Sefwi Wiawso District Market,2.33,GHS,WFP-GIEWS-Ghana
2019-01-14,plantain,Sefwi Wiawso,Sefwi Wiawso District Market,2.2,GHS,WFP-GIEWS-Ghana
2019-01-21,plantain,Sefwi Wiawso,Sefwi Wiawso District Market,2.22,GHS,WFP-GIEWS-Ghana
2019-01-28,plantain,Sefwi Wiawso,Sefwi Wiawso District Market,2.24,GHS,WFP-GIEWS-Ghana
2019-02-04,plantain,Sefwi Wiawso,Sefwi Wiawso District Market,2.39,GHS,WFP-GIEWS-Ghana
2019-02-11,plantain,Sefwi Wiawso,Sefwi Wiawso District Market,2.1,GHS,WFP-GIEWS-Ghana
2019-02-18,plantain,Sefwi Wiawso,Sefwi Wiawso District Market,2.16,GHS,WFP-GIEWS-Ghana
2019-02-25,plantain,Sefwi Wiawso,Sefwi Wiawso District Market,2.1,GHS,WFP-GIEWS-Ghana
2019-03-04,plantain,Sefwi Wiawso,Sefwi Wiawso District Market,1.87,GHS,WFP-GIEWS-Ghana
2019-03-11,plantain,Sefwi Wiawso,Sefwi Wiawso District Market,1.89,GHS,WFP-GIEWS-Ghana
2019-03-18,plantain,Sefwi Wiawso,Sefwi Wiawso District Market,1.82,GHS,WFP-GIEWS-Ghana
2019-03-25,plantain,Sefwi Wiawso,Sefwi Wiawso District Market,1.89,GHS,WFP-GIEWS-Ghana
2019-04-01,plantain,Sefwi Wiawso,Sefwi Wiawso District Market,1.81,GHS,WFP-GIEWS-Ghana
2019-04-08,plantain,Sefwi Wiawso,Sefwi Wiawso District Market,1.88,GHS,WFP-GIEWS-Ghana
2019-04-15,plantain,Sefwi Wiawso,Sefwi Wiawso District Market,2.06,GHS,WFP-GIEWS-Ghana
2019-04-22,plantain,Sefwi Wiawso,Sefwi Wiawso District Market,2.0,GHS,WFP-GIEWS-Ghana
2019-04-29,plantain,Sefwi Wiawso,Sefwi Wiawso District Market,1.98,GHS,WFP-GIEWS-Ghana
2019-05-06,plantain,Sefwi Wiawso,Sefwi Wiawso District Market,1.9,GHS,WFP-GIEWS-Ghana
2019-05-13,plantain,Sefwi Wiawso,Sefwi Wiawso District Market,1.85,GHS,WFP-GIEWS-Ghana
2019-05-20,plantain,Sefwi Wiawso,Sefwi Wiawso District Market,1.89,GHS,WFP-GIEWS-Ghana
2019-05-27,plantain,Sefwi Wiawso,Sefwi Wiawso District Market,1.97,GHS,WFP-GIEWS-Ghana
2019-06-03,plantain,Sefwi Wiawso,Sefwi Wiawso District Market,2.24,GHS,WFP-GIEWS-Ghana
2019-06-10,plantain,Sefwi Wiawso,Sefwi Wiawso District Market,2.24,GHS,WFP-GIEWS-Ghana
2019-06-17,plantain,Sefwi Wiawso,Sefwi Wiawso District Market,2.22,GHS,WFP-GIEWS-Ghana
2019-06-24,plantain,Sefwi Wiawso,Sefwi Wiawso District Market,2.1,GHS,WFP-GIEWS-Ghana
2019-07-01,plantain,Sefwi Wiawso,Sefwi Wiawso District Market,2.44,GHS,WFP-GIEWS-Ghana
2019-07-08,plantain,Sefwi Wiawso,Sefwi Wiawso District Market,2.41,GHS,WFP-GIEWS-Ghana
2019-07-15,plantain,Sefwi Wiawso,Sefwi Wiawso District Market,2.42,GHS,WFP-GIEWS-Ghana
2019-07-22,plantain,Sefwi Wiawso,Sefwi Wiawso District Market,2.64,GHS,WFP-GIEWS-Ghana
2019-07-29,plantain,Sefwi Wiawso,Sefwi Wiawso District Market,2.26,GHS,WFP-GIEWS-Ghana
2019-08-05,plantain,Sefwi Wiawso,Sefwi Wiawso District Market,2.43,GHS,WFP-GIEWS-Ghana
2019-08-12,plantain,Sefwi Wiawso,Sefwi Wiawso District Market,2.57,GHS,WFP-GIEWS-Ghana
2019-08-19,plantain,Sefwi Wiawso,Sefwi Wiawso District Market,2.31,GHS,WFP-GIEWS-Ghana
2019-08-26,plantain,Sefwi Wiawso,Sefwi Wiawso District Market,2.39,GHS,WFP-GIEWS-Ghana
2019-09-02,plantain,Sefwi Wiawso,Sefwi Wiawso District Market,2.16,GHS,WFP-GIEWS-Ghana
2019-09-09,plantain,Sefwi Wiawso,Sefwi Wiawso District Market,2.18,GHS,WFP-GIEWS-Ghana
2019-09-16,plantain,Sefwi Wiawso,Sefwi Wiawso District Market,2.06,GHS,WFP-GIEWS-Ghana
2019-09-23,plantain,Sefwi Wiawso,Sefwi Wiawso District Market,2.26,GHS,WFP-GIEWS-Ghana
2019-09-30,plantain,Sefwi Wiawso,Sefwi Wiawso District Market,2.26,GHS,WFP-GIEWS-Ghana
2019-10-07,plantain,Sefwi Wiawso,Sefwi Wiawso District Market,1.92,GHS,WFP-GIEWS-Ghana
2019-10-14,plantain,Sefwi Wiawso,Sefwi Wiawso District Market,1.82,GHS,WFP-GIEWS-Ghana
2019-10-21,plantain,Sefwi Wiawso,Sefwi Wiawso District Market,1.89,GHS,WFP-GIEWS-Ghana
2019-10-28,plantain,Sefwi Wiawso,Sefwi Wiawso District Market,1.82,GHS,WFP-GIEWS-Ghana
2019-11-04,plantain,Sefwi Wiawso,Sefwi Wiawso District Market,1.87,GHS,WFP-GIEWS-Ghana
2019-11-11,plantain,Sefwi Wiawso,Sefwi Wiawso District Market,2.06,GHS,WFP-GIEWS-Ghana
2019-11-18,plantain,Sefwi Wiawso,Sefwi Wiawso District Market,1.9,GHS,WFP-GIEWS-Ghana
2019-11-25,plantain,Sefwi Wiawso,Sefwi Wiawso District Market,1.81,GHS,WFP-GIEWS-Ghana
2019-12-02,plantain,Sefwi Wiawso,Sefwi Wiawso District Market,1.92,GHS,WFP-GIEWS-Ghana
2019-12-09,plantain,Sefwi Wiawso,Sefwi Wiawso District Market,1.81,GHS,WFP-GIEWS-Ghana
2019-12-16,plantain,Sefwi Wiawso,Sefwi Wiawso District Market,1.82,GHS,WFP-GIEWS-Ghana
2019-12-23,plantain,Sefwi Wiawso,Sefwi Wiawso District Market,1.83,GHS,WFP-GIEWS-Ghana
2019-12-30,plantain,Sefwi Wiawso,Sefwi Wiawso District Market,1.88,GHS,WFP-GIEWS-Ghana
2020-01-06,plantain,Sefwi Wiawso,Sefwi Wiawso District Market,2.53,GHS,WFP-GIEWS-Ghana
2020-01-13,plantain,Sefwi Wiawso,Sefwi Wiawso District Market,2.5,GHS,WFP-GIEWS-Ghana
2020-01-20,plantain,Sefwi Wiawso,Sefwi Wiawso District Market,2.49,GHS,WFP-GIEWS-Ghana
2020-01-27,plantain,Sefwi Wiawso,Sefwi Wiawso District Market,2.33,GHS,WFP-GIEWS-Ghana
2020-02-03,plantain,Sefwi Wiawso,Sefwi Wiawso District Market,2.4,GHS,WFP-GIEWS-Ghana
2020-02-10,plantain,Sefwi Wiawso,Sefwi Wiawso District Market,2.48,GHS,WFP-GIEWS-Ghana
2020-02-17,plantain,Sefwi Wiawso,Sefwi Wiawso District Market,2.4,GHS,WFP-GIEWS-Ghana
2020-02-24,plantain,Sefwi Wiawso,Sefwi Wiawso District Market,2.43,GHS,WFP-GIEWS-Ghana
2020-03-02,plantain,Sefwi Wiawso,Sefwi Wiawso District Market,2.14,GHS,WFP-GIEWS-Ghana
2020-03-09,plantain,Sefwi Wiawso,Sefwi Wiawso District Market,2.08,GHS,WFP-GIEWS-Ghana
2020-03-16,plantain,Sefwi Wiawso,Sefwi Wiawso District Market,2.13,GHS,WFP-GIEWS-Ghana
2020-03-23,plantain,Sefwi Wiawso,Sefwi Wiawso District Market,2.24,GHS,WFP-GIEWS-Ghana
2020-03-30,plantain,Sefwi Wiawso,Sefwi Wiawso District Market,2.09,GHS,WFP-GIEWS-Ghana
2020-04-06,plantain,Sefwi Wiawso,Sefwi Wiawso District Market,2.22,GHS,WFP-GIEWS-Ghana
2020-04-13,plantain,Sefwi Wiawso,Sefwi Wiawso District Market,2.17,GHS,WFP-GIEWS-Ghana
2020-04-20,plantain,Sefwi Wiawso,Sefwi Wiawso District Market,2.0,GHS,WFP-GIEWS-Ghana
2020-04-27,plantain,Sefwi Wiawso,Sefwi Wiawso District Market,2.03,GHS,WFP-GIEWS-Ghana
2020-05-04,plantain,Sefwi Wiawso,Sefwi Wiawso District Market,2.06,GHS,WFP-GIEWS-Ghana
2020-05-11,plantain,Sefwi Wiawso,Sefwi Wiawso District Market,2.06,GHS,WFP-GIEWS-Ghana
2020-05-18,plantain,Sefwi Wiawso,Sefwi Wiawso District Market,2.13,GHS,WFP-GIEWS-Ghana
2020-05-25,plantain,Sefwi Wiawso,Sefwi Wiawso District Market,2.19,GHS,WFP-GIEWS-Ghana
2020-06-01,plantain,Sefwi Wiawso,Sefwi Wiawso District Market,2.45,GHS,WFP-GIEWS-Ghana
2020-06-08,plantain,Sefwi Wiawso,Sefwi Wiawso District Market,2.36,GHS,WFP-GIEWS-Ghana
2020-06-15,plantain,Sefwi Wiawso,Sefwi Wiawso District Market,2.29,GHS,WFP-GIEWS-Ghana
2020-06-22,plantain,Sefwi Wiawso,Sefwi Wiawso District Market,2.14,GHS,WFP-GIEWS-Ghana
2020-06-29,plantain,Sefwi Wiawso,Sefwi Wiawso District Market,2.34,GHS,WFP-GIEWS-Ghana
2020-07-06,plantain,Sefwi Wiawso,Sefwi Wiawso District Market,2.63,GHS,WFP-GIEWS-Ghana
2020-07-13,plantain,Sefwi Wiawso,Sefwi Wiawso District Market,2.65,GHS,WFP-GIEWS-Ghana
2020-07-20,plantain,Sefwi Wiawso,Sefwi Wiawso District Market,2.85,GHS,WFP-GIEWS-Ghana
2020-07-27,plantain,Sefwi Wiawso,Sefwi Wiawso District Market,2.76,GHS,WFP-GIEWS-Ghana
2020-08-03,plantain,Sefwi Wiawso,Sefwi Wiawso District Market,2.73,GHS,WFP-GIEWS-Ghana
2020-08-10,plantain,Sefwi Wiawso,Sefwi Wiawso District Market,2.55,GHS,WFP-GIEWS-Ghana
2020-08-17,plantain,Sefwi Wiawso,Sefwi Wiawso District Market,2.59,GHS,WFP-GIEWS-Ghana
2020-08-24,plantain,Sefwi Wiawso,Sefwi Wiawso District Market,2.64,GHS,WFP-GIEWS-Ghana
2020-08-31,plantain,Sefwi Wiawso,Sefwi Wiawso District Market,2.57,GHS,WFP-GIEWS-Ghana
2020-09-07,plantain,Sefwi Wiawso,Sefwi Wiawso District Market,2.43,GHS,WFP-GIEWS-Ghana
2020-09-14,plantain,Sefwi Wiawso,Sefwi Wiawso District Market,2.41,GHS,WFP-GIEWS-Ghana
2020-09-21,plantain,Sefwi Wiawso,Sefwi Wiawso District Market,2.28,GHS,WFP-GIEWS-Ghana
2020-09-28,plantain,Sefwi Wiawso,Sefwi Wiawso District Market,2.49,GHS,WFP-GIEWS-Ghana
2020-10-05,plantain,Sefwi Wiawso,Sefwi Wiawso District Market,2.04,GHS,WFP-GIEWS-Ghana
2020-10-12,plantain,Sefwi Wiawso,Sefwi Wiawso District Market,1.9,GHS,WFP-GIEWS-Ghana
2020-10-19,plantain,Sefwi Wiawso,Sefwi Wiawso District Market,2.03,GHS,WFP-GIEWS-Ghana
2020-10-26,plantain,Sefwi Wiawso,Sefwi Wiawso District Market,2.06,GHS,WFP-GIEWS-Ghana
2020-11-02,plantain,Sefwi Wiawso,Sefwi Wiawso District Market,2.13,GHS,WFP-GIEWS-Ghana
2020-11-09,plantain,Sefwi Wiawso,Sefwi Wiawso District Market,2.02,GHS,WFP-GIEWS-Ghana
2020-11-16,plantain,Sefwi Wiawso,Sefwi Wiawso District Market,2.12,GHS,WFP-GIEWS-Ghana
2020-11-23,plantain,Sefwi Wiawso,Sefwi Wiawso District Market,2.06,GHS,WFP-GIEWS-Ghana
2020-11-30,plantain,Sefwi Wiawso,Sefwi Wiawso District Market,1.94,GHS,WFP-GIEWS-Ghana
2020-12-07,plantain,Sefwi Wiawso,Sefwi Wiawso District Market,1.95,GHS,WFP-GIEWS-Ghana
2020-12-14,plantain,Sefwi Wiawso,Sefwi Wiawso District Market,2.15,GHS,WFP-GIEWS-Ghana
2020-12-21,plantain,Sefwi Wiawso,Sefwi Wiawso District Market,2.16,GHS,WFP-GIEWS-Ghana
2020-12-28,plantain,Sefwi Wiawso,Sefwi Wiawso District Market,2.09,GHS,WFP-GIEWS-Ghana
2021-01-04,plantain,Sefwi Wiawso,Sefwi Wiawso District Market,2.79,GHS,WFP-GIEWS-Ghana
2021-01-11,plantain,Sefwi Wiawso,Sefwi Wiawso District Market,2.75,GHS,WFP-GIEWS-Ghana
2021-01-18,plantain,Sefwi Wiawso,Sefwi Wiawso District Market,2.71,GHS,WFP-GIEWS-Ghana
2021-01-25,plantain,Sefwi Wiawso,Sefwi Wiawso District Market,2.54,GHS,WFP-GIEWS-Ghana
2021-02-01,plantain,Sefwi Wiawso,Sefwi Wiawso District Market,2.84,GHS,WFP-GIEWS-Ghana
2021-02-08,plantain,Sefwi Wiawso,Sefwi Wiawso District Market,2.71,GHS,WFP-GIEWS-Ghana
2021-02-15,plantain,Sefwi Wiawso,Sefwi Wiawso District Market,2.61,GHS,WFP-GIEWS-Ghana
2021-02-22,plantain,Sefwi Wiawso,Sefwi Wiawso District Market,2.58,GHS,WFP-GIEWS-Ghana
2021-03-01,plantain,Sefwi Wiawso,Sefwi Wiawso District Market,2.3,GHS,WFP-GIEWS-Ghana
2021-03-08,plantain,Sefwi Wiawso,Sefwi Wiawso District Market,2.12,GHS,WFP-GIEWS-Ghana
2021-03-15,plantain,Sefwi Wiawso,Sefwi Wiawso District Market,2.34,GHS,WFP-GIEWS-Ghana
2021-03-22,plantain,Sefwi Wiawso,Sefwi Wiawso District Market,2.19,GHS,WFP-GIEWS-Ghana
2021-03-29,plantain,Sefwi Wiawso,Sefwi Wiawso District Market,2.31,GHS,WFP-GIEWS-Ghana
2021-04-05,plantain,Sefwi Wiawso,Sefwi Wiawso District Market,2.24,GHS,WFP-GIEWS-Ghana
2021-04-12,plantain,Sefwi Wiawso,Sefwi Wiawso District Market,2.27,GHS,WFP-GIEWS-Ghana
2021-04-19,plantain,Sefwi Wiawso,Sefwi Wiawso District Market,2.22,GHS,WFP-GIEWS-Ghana
2021-04-26,plantain,Sefwi Wiawso,Sefwi Wiawso District Market,2.28,GHS,WFP-GIEWS-Ghana
2021-05-03,plantain,Sefwi Wiawso,Sefwi Wiawso District Market,2.48,GHS,WFP-GIEWS-Ghana
2021-05-10,plantain,Sefwi Wiawso,Sefwi Wiawso District Market,2.43,GHS,WFP-GIEWS-Ghana
2021-05-17,plantain,Sefwi Wiawso,Sefwi Wiawso District Market,2.34,GHS,WFP-GIEWS-Ghana
2021-05-24,plantain,Sefwi Wiawso,Sefwi Wiawso District Market,2.3,GHS,WFP-GIEWS-Ghana
2021-05-31,plantain,Sefwi Wiawso,Sefwi Wiawso District Market,2.38,GHS,WFP-GIEWS-Ghana
2021-06-07,plantain,Sefwi Wiawso,Sefwi Wiawso District Market,2.64,GHS,WFP-GIEWS-Ghana
2021-06-14,plantain,Sefwi Wiawso,Sefwi Wiawso District Market,2.44,GHS,WFP-GIEWS-Ghana
2021-06-21,plantain,Sefwi Wiawso,Sefwi Wiawso District Market,2.51,GHS,WFP-GIEWS-Ghana
2021-06-28,plantain,Sefwi Wiawso,Sefwi Wiawso District Market,2.34,GHS,WFP-GIEWS-Ghana
2021-07-05,plantain,Sefwi Wiawso,Sefwi Wiawso District Market,2.97,GHS,WFP-GIEWS-Ghana
2021-07-12,plantain,Sefwi Wiawso,Sefwi Wiawso District Market,3.08,GHS,WFP-GIEWS-Ghana
2021-07-19,plantain,Sefwi Wiawso,Sefwi Wiawso District Market,2.85,GHS,WFP-GIEWS-Ghana
2021-07-26,plantain,Sefwi Wiawso,Sefwi Wiawso District Market,2.6,GHS,WFP-GIEWS-Ghana
2021-08-02,plantain,Sefwi Wiawso,Sefwi Wiawso District Market,2.93,GHS,WFP-GIEWS-Ghana
2021-08-09,plantain,Sefwi Wiawso,Sefwi Wiawso District Market,2.76,GHS,WFP-GIEWS-Ghana
2021-08-16,plantain,Sefwi Wiawso,Sefwi Wiawso District Market,2.78,GHS,WFP-GIEWS-Ghana
2021-08-23,plantain,Sefwi Wiawso,Sefwi Wiawso District Market,2.93,GHS,WFP-GIEWS-Ghana
2021-08-30,plantain,Sefwi Wiawso,Sefwi Wiawso District Market,2.89,GHS,WFP-GIEWS-Ghana
2021-09-06,plantain,Sefwi Wiawso,Sefwi Wiawso District Market,2.52,GHS,WFP-GIEWS-Ghana
2021-09-13,plantain,Sefwi Wiawso,Sefwi Wiawso District Market,2.5,GHS,WFP-GIEWS-Ghana
2021-09-20,plantain,Sefwi Wiawso,Sefwi Wiawso District Market,2.58,GHS,WFP-GIEWS-Ghana
2021-09-27,plantain,Sefwi Wiawso,Sefwi Wiawso District Market,2.53,GHS,WFP-GIEWS-Ghana
2021-10-04,plantain,Sefwi Wiawso,Sefwi Wiawso District Market,2.1,GHS,WFP-GIEWS-Ghana
2021-10-11,plantain,Sefwi Wiawso,Sefwi Wiawso District Market,2.17,GHS,WFP-GIEWS-Ghana
2021-10-18,plantain,Sefwi Wiawso,Sefwi Wiawso District Market,2.23,GHS,WFP-GIEWS-Ghana
2021-10-25,plantain,Sefwi Wiawso,Sefwi Wiawso District Market,2.18,GHS,WFP-GIEWS-Ghana
2021-11-01,plantain,Sefwi Wiawso,Sefwi Wiawso District Market,2.09,GHS,WFP-GIEWS-Ghana
2021-11-08,plantain,Sefwi Wiawso,Sefwi Wiawso District Market,2.3,GHS,WFP-GIEWS-Ghana
2021-11-15,plantain,Sefwi Wiawso,Sefwi Wiawso District Market,1.97,GHS,WFP-GIEWS-Ghana
2021-11-22,plantain,Sefwi Wiawso,Sefwi Wiawso District Market,2.17,GHS,WFP-GIEWS-Ghana
2021-11-29,plantain,Sefwi Wiawso,Sefwi Wiawso District Market,2.16,GHS,WFP-GIEWS-Ghana
2021-12-06,plantain,Sefwi Wiawso,Sefwi Wiawso District Market,2.24,GHS,WFP-GIEWS-Ghana
2021-12-13,plantain,Sefwi Wiawso,Sefwi Wiawso District Market,2.28,GHS,WFP-GIEWS-Ghana
2021-12-20,plantain,Sefwi Wiawso,Sefwi Wiawso District Market,2.33,GHS,WFP-GIEWS-Ghana
2021-12-27,plantain,Sefwi Wiawso,Sefwi Wiawso District Market,2.16,GHS,WFP-GIEWS-Ghana
2022-01-03,plantain,Sefwi Wiawso,Sefwi Wiawso District Market,2.91,GHS,WFP-GIEWS-Ghana
2022-01-10,plantain,Sefwi Wiawso,Sefwi Wiawso District Market,2.87,GHS,WFP-GIEWS-Ghana
2022-01-17,plantain,Sefwi Wiawso,Sefwi Wiawso District Market,2.65,GHS,WFP-GIEWS-Ghana
2022-01-24,plantain,Sefwi Wiawso,Sefwi Wiawso District Market,3.06,GHS,WFP-GIEWS-Ghana
2022-01-31,plantain,Sefwi Wiawso,Sefwi Wiawso District Market,2.68,GHS,WFP-GIEWS-Ghana
2022-02-07,plantain,Sefwi Wiawso,Sefwi Wiawso District Market,2.91,GHS,WFP-GIEWS-Ghana
2022-02-14,plantain,Sefwi Wiawso,Sefwi Wiawso District Market,2.91,GHS,WFP-GIEWS-Ghana
2022-02-21,plantain,Sefwi Wiawso,Sefwi Wiawso District Market,2.9,GHS,WFP-GIEWS-Ghana
2022-02-28,plantain,Sefwi Wiawso,Sefwi Wiawso District Market,2.81,GHS,WFP-GIEWS-Ghana
2022-03-07,plantain,Sefwi Wiawso,Sefwi Wiawso District Market,2.54,GHS,WFP-GIEWS-Ghana
2022-03-14,plantain,Sefwi Wiawso,Sefwi Wiawso District Market,2.3,GHS,WFP-GIEWS-Ghana
2022-03-21,plantain,Sefwi Wiawso,Sefwi Wiawso District Market,2.45,GHS,WFP-GIEWS-Ghana
2022-03-28,plantain,Sefwi Wiawso,Sefwi Wiawso District Market,2.4,GHS,WFP-GIEWS-Ghana
2022-04-04,plantain,Sefwi Wiawso,Sefwi Wiawso District Market,2.41,GHS,WFP-GIEWS-Ghana
2022-04-11,plantain,Sefwi Wiawso,Sefwi Wiawso District Market,2.52,GHS,WFP-GIEWS-Ghana
2022-04-18,plantain,Sefwi Wiawso,Sefwi Wiawso District Market,2.58,GHS,WFP-GIEWS-Ghana
2022-04-25,plantain,Sefwi Wiawso,Sefwi Wiawso District Market,2.44,GHS,WFP-GIEWS-Ghana
2022-05-02,plantain,Sefwi Wiawso,Sefwi Wiawso District Market,2.57,GHS,WFP-GIEWS-Ghana
2022-05-09,plantain,Sefwi Wiawso,Sefwi Wiawso District Market,2.49,GHS,WFP-GIEWS-Ghana
2022-05-16,plantain,Sefwi Wiawso,Sefwi Wiawso District Market,2.4,GHS,WFP-GIEWS-Ghana
2022-05-23,plantain,Sefwi Wiawso,Sefwi Wiawso District Market,2.46,GHS,WFP-GIEWS-Ghana
2022-05-30,plantain,Sefwi Wiawso,Sefwi Wiawso District Market,2.46,GHS,WFP-GIEWS-Ghana
2022-06-06,plantain,Sefwi Wiawso,Sefwi Wiawso District Market,2.65,GHS,WFP-GIEWS-Ghana
2022-06-13,plantain,Sefwi Wiawso,Sefwi Wiawso District Market,2.77,GHS,WFP-GIEWS-Ghana
2022-06-20,plantain,Sefwi Wiawso,Sefwi Wiawso District Market,2.75,GHS,WFP-GIEWS-Ghana
2022-06-27,plantain,Sefwi Wiawso,Sefwi Wiawso District Market,2.55,GHS,WFP-GIEWS-Ghana
2022-07-04,plantain,Sefwi Wiawso,Sefwi Wiawso District Market,2.87,GHS,WFP-GIEWS-Ghana
2022-07-11,plantain,Sefwi Wiawso,Sefwi Wiawso District Market,3.12,GHS,WFP-GIEWS-Ghana
2022-07-18,plantain,Sefwi Wiawso,Sefwi Wiawso District Market,2.97,GHS,WFP-GIEWS-Ghana
2022-07-25,plantain,Sefwi Wiawso,Sefwi Wiawso District Market,3.11,GHS,WFP-GIEWS-Ghana
2022-08-01,plantain,Sefwi Wiawso,Sefwi Wiawso District Market,3.19,GHS,WFP-GIEWS-Ghana
2022-08-08,plantain,Sefwi Wiawso,Sefwi Wiawso District Market,2.93,GHS,WFP-GIEWS-Ghana
2022-08-15,plantain,Sefwi Wiawso,Sefwi Wiawso District Market,2.91,GHS,WFP-GIEWS-Ghana
2022-08-22,plantain,Sefwi Wiawso,Sefwi Wiawso District Market,3.3,GHS,WFP-GIEWS-Ghana
2022-08-29,plantain,Sefwi Wiawso,Sefwi Wiawso District Market,3.13,GHS,WFP-GIEWS-Ghana
2022-09-05,plantain,Sefwi Wiawso,Sefwi Wiawso District Market,2.73,GHS,WFP-GIEWS-Ghana
2022-09-12,plantain,Sefwi Wiawso,Sefwi Wiawso District Market,2.67,GHS,WFP-GIEWS-Ghana
2022-09-19,plantain,Sefwi Wiawso,Sefwi Wiawso District Market,2.72,GHS,WFP-GIEWS-Ghana
2022-09-26,plantain,Sefwi Wiawso,Sefwi Wiawso District Market,2.64,GHS,WFP-GIEWS-Ghana
2022-10-03,plantain,Sefwi Wiawso,Sefwi Wiawso District Market,2.46,GHS,WFP-GIEWS-Ghana
2022-10-10,plantain,Sefwi Wiawso,Sefwi Wiawso District Market,2.3,GHS,WFP-GIEWS-Ghana
2022-10-17,plantain,Sefwi Wiawso,Sefwi Wiawso District Market,2.48,GHS,WFP-GIEWS-Ghana
2022-10-24,plantain,Sefwi Wiawso,Sefwi Wiawso District Market,2.34,GHS,WFP-GIEWS-Ghana
2022-10-31,plantain,Sefwi Wiawso,Sefwi Wiawso District Market,2.28,GHS,WFP-GIEWS-Ghana
2022-11-07,plantain,Sefwi Wiawso,Sefwi Wiawso District Market,2.35,GHS,WFP-GIEWS-Ghana
2022-11-14,plantain,Sefwi Wiawso,Sefwi Wiawso District Market,2.14,GHS,WFP-GIEWS-Ghana
2022-11-21,plantain,Sefwi Wiawso,Sefwi Wiawso District Market,2.38,GHS,WFP-GIEWS-Ghana
2022-11-28,plantain,Sefwi Wiawso,Sefwi Wiawso District Market,2.37,GHS,WFP-GIEWS-Ghana
2022-12-05,plantain,Sefwi Wiawso,Sefwi Wiawso District Market,2.48,GHS,WFP-GIEWS-Ghana
2022-12-12,plantain,Sefwi Wiawso,Sefwi Wiawso District Market,2.22,GHS,WFP-GIEWS-Ghana
2022-12-19,plantain,Sefwi Wiawso,Sefwi Wiawso District Market,2.52,GHS,WFP-GIEWS-Ghana
2022-12-26,plantain,Sefwi Wiawso,Sefwi Wiawso District Market,2.48,GHS,WFP-GIEWS-Ghana
2023-01-02,plantain,Sefwi Wiawso,Sefwi Wiawso District Market,3.23,GHS,WFP-GIEWS-Ghana
2023-01-09,plantain,Sefwi Wiawso,Sefwi Wiawso District Market,3.07,GHS,WFP-GIEWS-Ghana
2023-01-16,plantain,Sefwi Wiawso,Sefwi Wiawso District Market,3.2,GHS,WFP-GIEWS-Ghana
2023-01-23,plantain,Sefwi Wiawso,Sefwi Wiawso District Market,2.89,GHS,WFP-GIEWS-Ghana
2023-01-30,plantain,Sefwi Wiawso,Sefwi Wiawso District Market,3.16,GHS,WFP-GIEWS-Ghana
2023-02-06,plantain,Sefwi Wiawso,Sefwi Wiawso District Market,3.0,GHS,WFP-GIEWS-Ghana
2023-02-13,plantain,Sefwi Wiawso,Sefwi Wiawso District Market,2.89,GHS,WFP-GIEWS-Ghana
2023-02-20,plantain,Sefwi Wiawso,Sefwi Wiawso District Market,2.96,GHS,WFP-GIEWS-Ghana
2023-02-27,plantain,Sefwi Wiawso,Sefwi Wiawso District Market,3.1,GHS,WFP-GIEWS-Ghana
2023-03-06,plantain,Sefwi Wiawso,Sefwi Wiawso District Market,2.57,GHS,WFP-GIEWS-Ghana
2023-03-13,plantain,Sefwi Wiawso,Sefwi Wiawso District Market,2.69,GHS,WFP-GIEWS-Ghana
2023-03-20,plantain,Sefwi Wiawso,Sefwi Wiawso District Market,2.46,GHS,WFP-GIEWS-Ghana
2023-03-27,plantain,Sefwi Wiawso,Sefwi Wiawso District Market,2.43,GHS,WFP-GIEWS-Ghana
2023-04-03,plantain,Sefwi Wiawso,Sefwi Wiawso District Market,2.82,GHS,WFP-GIEWS-Ghana
2023-04-10,plantain,Sefwi Wiawso,Sefwi Wiawso District Market,2.77,GHS,WFP-GIEWS-Ghana
2023-04-17,plantain,Sefwi Wiawso,Sefwi Wiawso District Market,2.56,GHS,WFP-GIEWS-Ghana
2023-04-24,plantain,Sefwi Wiawso,Sefwi Wiawso District Market,2.67,GHS,WFP-GIEWS-Ghana
2023-05-01,plantain,Sefwi Wiawso,Sefwi Wiawso District Market,2.8,GHS,WFP-GIEWS-Ghana
2023-05-08,plantain,Sefwi Wiawso,Sefwi Wiawso District Market,2.73,GHS,WFP-GIEWS-Ghana
2023-05-15,plantain,Sefwi Wiawso,Sefwi Wiawso District Market,2.7,GHS,WFP-GIEWS-Ghana
2023-05-22,plantain,Sefwi Wiawso,Sefwi Wiawso District Market,2.81,GHS,WFP-GIEWS-Ghana
2023-05-29,plantain,Sefwi Wiawso,Sefwi Wiawso District Market,2.61,GHS,WFP-GIEWS-Ghana
2023-06-05,plantain,Sefwi Wiawso,Sefwi Wiawso District Market,2.94,GHS,WFP-GIEWS-Ghana
2023-06-12,plantain,Sefwi Wiawso,Sefwi Wiawso District Market,2.94,GHS,WFP-GIEWS-Ghana
2023-06-19,plantain,Sefwi Wiawso,Sefwi Wiawso District Market,2.91,GHS,WFP-GIEWS-Ghana
2023-06-26,plantain,Sefwi Wiawso,Sefwi Wiawso District Market,2.89,GHS,WFP-GIEWS-Ghana
2023-07-03,plantain,Sefwi Wiawso,Sefwi Wiawso District Market,3.32,GHS,WFP-GIEWS-Ghana
2023-07-10,plantain,Sefwi Wiawso,Sefwi Wiawso District Market,3.32,GHS,WFP-GIEWS-Ghana
2023-07-17,plantain,Sefwi Wiawso,Sefwi Wiawso District Market,3.18,GHS,WFP-GIEWS-Ghana
2023-07-24,plantain,Sefwi Wiawso,Sefwi Wiawso District Market,3.42,GHS,WFP-GIEWS-Ghana
2023-07-31,plantain,Sefwi Wiawso,Sefwi Wiawso District Market,3.19,GHS,WFP-GIEWS-Ghana
2023-08-07,plantain,Sefwi Wiawso,Sefwi Wiawso District Market,3.31,GHS,WFP-GIEWS-Ghana
2023-08-14,plantain,Sefwi Wiawso,Sefwi Wiawso District Market,3.3,GHS,WFP-GIEWS-Ghana
2023-08-21,plantain,Sefwi Wiawso,Sefwi Wiawso District Market,3.38,GHS,WFP-GIEWS-Ghana
2023-08-28,plantain,Sefwi Wiawso,Sefwi Wiawso District Market,3.05,GHS,WFP-GIEWS-Ghana
2023-09-04,plantain,Sefwi Wiawso,Sefwi Wiawso District Market,3.1,GHS,WFP-GIEWS-Ghana
2023-09-11,plantain,Sefwi Wiawso,Sefwi Wiawso District Market,2.92,GHS,WFP-GIEWS-Ghana
2023-09-18,plantain,Sefwi Wiawso,Sefwi Wiawso District Market,3.14,GHS,WFP-GIEWS-Ghana
2023-09-25,plantain,Sefwi Wiawso,Sefwi Wiawso District Market,2.94,GHS,WFP-GIEWS-Ghana
2023-10-02,plantain,Sefwi Wiawso,Sefwi Wiawso District Market,2.56,GHS,WFP-GIEWS-Ghana
2023-10-09,plantain,Sefwi Wiawso,Sefwi Wiawso District Market,2.76,GHS,WFP-GIEWS-Ghana
2023-10-16,plantain,Sefwi Wiawso,Sefwi Wiawso District Market,2.54,GHS,WFP-GIEWS-Ghana
2023-10-23,plantain,Sefwi Wiawso,Sefwi Wiawso District Market,2.69,GHS,WFP-GIEWS-Ghana
2023-10-30,plantain,Sefwi Wiawso,Sefwi Wiawso District Market,2.57,GHS,WFP-GIEWS-Ghana
2023-11-06,plantain,Sefwi Wiawso,Sefwi Wiawso District Market,2.62,GHS,WFP-GIEWS-Ghana
2023-11-13,plantain,Sefwi Wiawso,Sefwi Wiawso District Market,2.59,GHS,WFP-GIEWS-Ghana
2023-11-20,plantain,Sefwi Wiawso,Sefwi Wiawso District Market,2.67,GHS,WFP-GIEWS-Ghana
2023-11-27,plantain,Sefwi Wiawso,Sefwi Wiawso District Market,2.51,GHS,WFP-GIEWS-Ghana
2023-12-04,plantain,Sefwi Wiawso,Sefwi Wiawso District Market,2.5,GHS,WFP-GIEWS-Ghana
2023-12-11,plantain,Sefwi Wiawso,Sefwi Wiawso District Market,2.53,GHS,WFP-GIEWS-Ghana
2023-12-18,plantain,Sefwi Wiawso,Sefwi Wiawso District Market,2.61,GHS,WFP-GIEWS-Ghana
2023-12-25,plantain,Sefwi Wiawso,Sefwi Wiawso District Market,2.57,GHS,WFP-GIEWS-Ghana
2024-01-01,plantain,Sefwi Wiawso,Sefwi Wiawso District Market,3.42,GHS,WFP-GIEWS-Ghana
2024-01-08,plantain,Sefwi Wiawso,Sefwi Wiawso District Market,3.5,GHS,WFP-GIEWS-Ghana
2024-01-15,plantain,Sefwi Wiawso,Sefwi Wiawso District Market,3.19,GHS,WFP-GIEWS-Ghana
2024-01-22,plantain,Sefwi Wiawso,Sefwi Wiawso District Market,3.22,GHS,WFP-GIEWS-Ghana
2024-01-29,plantain,Sefwi Wiawso,Sefwi Wiawso District Market,3.13,GHS,WFP-GIEWS-Ghana
2024-02-05,plantain,Sefwi Wiawso,Sefwi Wiawso District Market,3.61,GHS,WFP-GIEWS-Ghana
2024-02-12,plantain,Sefwi Wiawso,Sefwi Wiawso District Market,3.38,GHS,WFP-GIEWS-Ghana
2024-02-19,plantain,Sefwi Wiawso,Sefwi Wiawso District Market,3.41,GHS,WFP-GIEWS-Ghana
2024-02-26,plantain,Sefwi Wiawso,Sefwi Wiawso District Market,3.16,GHS,WFP-GIEWS-Ghana
2024-03-04,plantain,Sefwi Wiawso,Sefwi Wiawso District Market,2.87,GHS,WFP-GIEWS-Ghana
2024-03-11,plantain,Sefwi Wiawso,Sefwi Wiawso District Market,2.92,GHS,WFP-GIEWS-Ghana
2024-03-18,plantain,Sefwi Wiawso,Sefwi Wiawso District Market,2.84,GHS,WFP-GIEWS-Ghana
2024-03-25,plantain,Sefwi Wiawso,Sefwi Wiawso District Market,2.99,GHS,WFP-GIEWS-Ghana
2024-04-01,plantain,Sefwi Wiawso,Sefwi Wiawso District Market,3.15,GHS,WFP-GIEWS-Ghana
2024-04-08,plantain,Sefwi Wiawso,Sefwi Wiawso District Market,2.78,GHS,WFP-GIEWS-Ghana
2024-04-15,plantain,Sefwi Wiawso,Sefwi Wiawso District Market,2.77,GHS,WFP-GIEWS-Ghana
2024-04-22,plantain,Sefwi Wiawso,Sefwi Wiawso District Market,2.78,GHS,WFP-GIEWS-Ghana
2024-04-29,plantain,Sefwi Wiawso,Sefwi Wiawso District Market,3.07,GHS,WFP-GIEWS-Ghana
2024-05-06,plantain,Sefwi Wiawso,Sefwi Wiawso District Market,3.02,GHS,WFP-GIEWS-Ghana
2024-05-13,plantain,Sefwi Wiawso,Sefwi Wiawso District Market,2.89,GHS,WFP-GIEWS-Ghana
2024-05-20,plantain,Sefwi Wiawso,Sefwi Wiawso District Market,2.91,GHS,WFP-GIEWS-Ghana
2024-05-27,plantain,Sefwi Wiawso,Sefwi Wiawso District Market,2.81,GHS,WFP-GIEWS-Ghana
2024-06-03,plantain,Sefwi Wiawso,Sefwi Wiawso District Market,3.29,GHS,WFP-GIEWS-Ghana
2024-06-10,plantain,Sefwi Wiawso,Sefwi Wiawso District Market,3.13,GHS,WFP-GIEWS-Ghana
2024-06-17,plantain,Sefwi Wiawso,Sefwi Wiawso District Market,3.14,GHS,WFP-GIEWS-Ghana
2024-06-24,plantain,Sefwi Wiawso,Sefwi Wiawso District Market,3.25,GHS,WFP-GIEWS-Ghana
2024-07-01,plantain,Sefwi Wiawso,Sefwi Wiawso District Market,3.55,GHS,WFP-GIEWS-Ghana
2024-07-08,plantain,Sefwi Wiawso,Sefwi Wiawso District Market,3.55,GHS,WFP-GIEWS-Ghana
2024-07-15,plantain,Sefwi Wiawso,Sefwi Wiawso District Market,3.58,GHS,WFP-GIEWS-Ghana
2024-07-22,plantain,Sefwi Wiawso,Sefwi Wiawso District Market,3.69,GHS,WFP-GIEWS-Ghana
2024-07-29,plantain,Sefwi Wiawso,Sefwi Wiawso District Market,3.82,GHS,WFP-GIEWS-Ghana
2024-08-05,plantain,Sefwi Wiawso,Sefwi Wiawso District Market,3.69,GHS,WFP-GIEWS-Ghana
2024-08-12,plantain,Sefwi Wiawso,Sefwi Wiawso District Market,3.72,GHS,WFP-GIEWS-Ghana
2024-08-19,plantain,Sefwi Wiawso,Sefwi Wiawso District Market,3.57,GHS,WFP-GIEWS-Ghana
2024-08-26,plantain,Sefwi Wiawso,Sefwi Wiawso District Market,3.5,GHS,WFP-GIEWS-Ghana
2024-09-02,plantain,Sefwi Wiawso,Sefwi Wiawso District Market,3.32,GHS,WFP-GIEWS-Ghana
2024-09-09,plantain,Sefwi Wiawso,Sefwi Wiawso District Market,3.26,GHS,WFP-GIEWS-Ghana
2024-09-16,plantain,Sefwi Wiawso,Sefwi Wiawso District Market,3.05,GHS,WFP-GIEWS-Ghana
2024-09-23,plantain,Sefwi Wiawso,Sefwi Wiawso District Market,3.2,GHS,WFP-GIEWS-Ghana
2024-09-30,plantain,Sefwi Wiawso,Sefwi Wiawso District Market,3.23,GHS,WFP-GIEWS-Ghana
2024-10-07,plantain,Sefwi Wiawso,Sefwi Wiawso District Market,2.71,GHS,WFP-GIEWS-Ghana
2024-10-14,plantain,Sefwi Wiawso,Sefwi Wiawso District Market,2.93,GHS,WFP-GIEWS-Ghana
2024-10-21,plantain,Sefwi Wiawso,Sefwi Wiawso District Market,2.82,GHS,WFP-GIEWS-Ghana
2024-10-28,plantain,Sefwi Wiawso,Sefwi Wiawso District Market,2.92,GHS,WFP-GIEWS-Ghana
2024-11-04,plantain,Sefwi Wiawso,Sefwi Wiawso District Market,2.82,GHS,WFP-GIEWS-Ghana
2024-11-11,plantain,Sefwi Wiawso,Sefwi Wiawso District Market,2.8,GHS,WFP-GIEWS-Ghana
2024-11-18,plantain,Sefwi Wiawso,Sefwi Wiawso District Market,2.68,GHS,WFP-GIEWS-Ghana
2024-11-25,plantain,Sefwi Wiawso,Sefwi Wiawso District Market,2.79,GHS,WFP-GIEWS-Ghana
2024-12-02,plantain,Sefwi Wiawso,Sefwi Wiawso District Market,2.81,GHS,WFP-GIEWS-Ghana
2024-12-09,plantain,Sefwi Wiawso,Sefwi Wiawso District Market,2.65,GHS,WFP-GIEWS-Ghana
2024-12-16,plantain,Sefwi Wiawso,Sefwi Wiawso District Market,2.75,GHS,WFP-GIEWS-Ghana
2024-12-23,plantain,Sefwi Wiawso,Sefwi Wiawso District Market,2.77,GHS,WFP-GIEWS-Ghana
2024-12-30,plantain,Sefwi Wiawso,Sefwi Wiawso District Market,2.85,GHS,WFP-GIEWS-Ghana
2018-01-01,plantain,Wasa Amenfi,Asankragua Market (Wasa Amenfi),1.95,GHS,WFP-GIEWS-Ghana
2018-01-08,plantain,Wasa Amenfi,Asankragua Market (Wasa Amenfi),2.04,GHS,WFP-GIEWS-Ghana
2018-01-15,plantain,Wasa Amenfi,Asankragua Market (Wasa Amenfi),1.98,GHS,WFP-GIEWS-Ghana
2018-01-22,plantain,Wasa Amenfi,Asankragua Market (Wasa Amenfi),1.77,GHS,WFP-GIEWS-Ghana
2018-01-29,plantain,Wasa Amenfi,Asankragua Market (Wasa Amenfi),1.96,GHS,WFP-GIEWS-Ghana
2018-02-05,plantain,Wasa Amenfi,Asankragua Market (Wasa Amenfi),2.1,GHS,WFP-GIEWS-Ghana
2018-02-12,plantain,Wasa Amenfi,Asankragua Market (Wasa Amenfi),1.88,GHS,WFP-GIEWS-Ghana
2018-02-19,plantain,Wasa Amenfi,Asankragua Market (Wasa Amenfi),2.02,GHS,WFP-GIEWS-Ghana
2018-02-26,plantain,Wasa Amenfi,Asankragua Market (Wasa Amenfi),2.14,GHS,WFP-GIEWS-Ghana
2018-03-05,plantain,Wasa Amenfi,Asankragua Market (Wasa Amenfi),1.67,GHS,WFP-GIEWS-Ghana
2018-03-12,plantain,Wasa Amenfi,Asankragua Market (Wasa Amenfi),1.72,GHS,WFP-GIEWS-Ghana
2018-03-19,plantain,Wasa Amenfi,Asankragua Market (Wasa Amenfi),1.63,GHS,WFP-GIEWS-Ghana
2018-03-26,plantain,Wasa Amenfi,Asankragua Market (Wasa Amenfi),1.84,GHS,WFP-GIEWS-Ghana
2018-04-02,plantain,Wasa Amenfi,Asankragua Market (Wasa Amenfi),1.73,GHS,WFP-GIEWS-Ghana
2018-04-09,plantain,Wasa Amenfi,Asankragua Market (Wasa Amenfi),1.74,GHS,WFP-GIEWS-Ghana
2018-04-16,plantain,Wasa Amenfi,Asankragua Market (Wasa Amenfi),1.83,GHS,WFP-GIEWS-Ghana
2018-04-23,plantain,Wasa Amenfi,Asankragua Market (Wasa Amenfi),1.78,GHS,WFP-GIEWS-Ghana
2018-04-30,plantain,Wasa Amenfi,Asankragua Market (Wasa Amenfi),1.67,GHS,WFP-GIEWS-Ghana
2018-05-07,plantain,Wasa Amenfi,Asankragua Market (Wasa Amenfi),1.7,GHS,WFP-GIEWS-Ghana
2018-05-14,plantain,Wasa Amenfi,Asankragua Market (Wasa Amenfi),1.78,GHS,WFP-GIEWS-Ghana
2018-05-21,plantain,Wasa Amenfi,Asankragua Market (Wasa Amenfi),1.7,GHS,WFP-GIEWS-Ghana
2018-05-28,plantain,Wasa Amenfi,Asankragua Market (Wasa Amenfi),1.6,GHS,WFP-GIEWS-Ghana
2018-06-04,plantain,Wasa Amenfi,Asankragua Market (Wasa Amenfi),1.91,GHS,WFP-GIEWS-Ghana
2018-06-11,plantain,Wasa Amenfi,Asankragua Market (Wasa Amenfi),1.8,GHS,WFP-GIEWS-Ghana
2018-06-18,plantain,Wasa Amenfi,Asankragua Market (Wasa Amenfi),2.03,GHS,WFP-GIEWS-Ghana
2018-06-25,plantain,Wasa Amenfi,Asankragua Market (Wasa Amenfi),1.92,GHS,WFP-GIEWS-Ghana
2018-07-02,plantain,Wasa Amenfi,Asankragua Market (Wasa Amenfi),2.08,GHS,WFP-GIEWS-Ghana
2018-07-09,plantain,Wasa Amenfi,Asankragua Market (Wasa Amenfi),2.09,GHS,WFP-GIEWS-Ghana
2018-07-16,plantain,Wasa Amenfi,Asankragua Market (Wasa Amenfi),1.99,GHS,WFP-GIEWS-Ghana
2018-07-23,plantain,Wasa Amenfi,Asankragua Market (Wasa Amenfi),2.06,GHS,WFP-GIEWS-Ghana
2018-07-30,plantain,Wasa Amenfi,Asankragua Market (Wasa Amenfi),2.24,GHS,WFP-GIEWS-Ghana
2018-08-06,plantain,Wasa Amenfi,Asankragua Market (Wasa Amenfi),2.36,GHS,WFP-GIEWS-Ghana
2018-08-13,plantain,Wasa Amenfi,Asankragua Market (Wasa Amenfi),2.23,GHS,WFP-GIEWS-Ghana
2018-08-20,plantain,Wasa Amenfi,Asankragua Market (Wasa Amenfi),2.16,GHS,WFP-GIEWS-Ghana
2018-08-27,plantain,Wasa Amenfi,Asankragua Market (Wasa Amenfi),2.13,GHS,WFP-GIEWS-Ghana
2018-09-03,plantain,Wasa Amenfi,Asankragua Market (Wasa Amenfi),1.87,GHS,WFP-GIEWS-Ghana
2018-09-10,plantain,Wasa Amenfi,Asankragua Market (Wasa Amenfi),2.11,GHS,WFP-GIEWS-Ghana
2018-09-17,plantain,Wasa Amenfi,Asankragua Market (Wasa Amenfi),1.93,GHS,WFP-GIEWS-Ghana
2018-09-24,plantain,Wasa Amenfi,Asankragua Market (Wasa Amenfi),2.11,GHS,WFP-GIEWS-Ghana
2018-10-01,plantain,Wasa Amenfi,Asankragua Market (Wasa Amenfi),1.76,GHS,WFP-GIEWS-Ghana
2018-10-08,plantain,Wasa Amenfi,Asankragua Market (Wasa Amenfi),1.55,GHS,WFP-GIEWS-Ghana
2018-10-15,plantain,Wasa Amenfi,Asankragua Market (Wasa Amenfi),1.62,GHS,WFP-GIEWS-Ghana
2018-10-22,plantain,Wasa Amenfi,Asankragua Market (Wasa Amenfi),1.62,GHS,WFP-GIEWS-Ghana
2018-10-29,plantain,Wasa Amenfi,Asankragua Market (Wasa Amenfi),1.66,GHS,WFP-GIEWS-Ghana
2018-11-05,plantain,Wasa Amenfi,Asankragua Market (Wasa Amenfi),1.67,GHS,WFP-GIEWS-Ghana
2018-11-12,plantain,Wasa Amenfi,Asankragua Market (Wasa Amenfi),1.88,GHS,WFP-GIEWS-Ghana
2018-11-19,plantain,Wasa Amenfi,Asankragua Market (Wasa Amenfi),1.6,GHS,WFP-GIEWS-Ghana
2018-11-26,plantain,Wasa Amenfi,Asankragua Market (Wasa Amenfi),1.69,GHS,WFP-GIEWS-Ghana
2018-12-03,plantain,Wasa Amenfi,Asankragua Market (Wasa Amenfi),1.73,GHS,WFP-GIEWS-Ghana
2018-12-10,plantain,Wasa Amenfi,Asankragua Market (Wasa Amenfi),1.69,GHS,WFP-GIEWS-Ghana
2018-12-17,plantain,Wasa Amenfi,Asankragua Market (Wasa Amenfi),1.69,GHS,WFP-GIEWS-Ghana
2018-12-24,plantain,Wasa Amenfi,Asankragua Market (Wasa Amenfi),1.62,GHS,WFP-GIEWS-Ghana
2018-12-31,plantain,Wasa Amenfi,Asankragua Market (Wasa Amenfi),1.69,GHS,WFP-GIEWS-Ghana
2019-01-07,plantain,Wasa Amenfi,Asankragua Market (Wasa Amenfi),2.2,GHS,WFP-GIEWS-Ghana
2019-01-14,plantain,Wasa Amenfi,Asankragua Market (Wasa Amenfi),2.19,GHS,WFP-GIEWS-Ghana
2019-01-21,plantain,Wasa Amenfi,Asankragua Market (Wasa Amenfi),2.21,GHS,WFP-GIEWS-Ghana
2019-01-28,plantain,Wasa Amenfi,Asankragua Market (Wasa Amenfi),2.28,GHS,WFP-GIEWS-Ghana
2019-02-04,plantain,Wasa Amenfi,Asankragua Market (Wasa Amenfi),2.25,GHS,WFP-GIEWS-Ghana
2019-02-11,plantain,Wasa Amenfi,Asankragua Market (Wasa Amenfi),2.18,GHS,WFP-GIEWS-Ghana
2019-02-18,plantain,Wasa Amenfi,Asankragua Market (Wasa Amenfi),2.07,GHS,WFP-GIEWS-Ghana
2019-02-25,plantain,Wasa Amenfi,Asankragua Market (Wasa Amenfi),2.12,GHS,WFP-GIEWS-Ghana
2019-03-04,plantain,Wasa Amenfi,Asankragua Market (Wasa Amenfi),1.85,GHS,WFP-GIEWS-Ghana
2019-03-11,plantain,Wasa Amenfi,Asankragua Market (Wasa Amenfi),1.88,GHS,WFP-GIEWS-Ghana
2019-03-18,plantain,Wasa Amenfi,Asankragua Market (Wasa Amenfi),1.83,GHS,WFP-GIEWS-Ghana
2019-03-25,plantain,Wasa Amenfi,Asankragua Market (Wasa Amenfi),1.79,GHS,WFP-GIEWS-Ghana
2019-04-01,plantain,Wasa Amenfi,Asankragua Market (Wasa Amenfi),1.78,GHS,WFP-GIEWS-Ghana
2019-04-08,plantain,Wasa Amenfi,Asankragua Market (Wasa Amenfi),1.75,GHS,WFP-GIEWS-Ghana
2019-04-15,plantain,Wasa Amenfi,Asankragua Market (Wasa Amenfi),1.86,GHS,WFP-GIEWS-Ghana
2019-04-22,plantain,Wasa Amenfi,Asankragua Market (Wasa Amenfi),1.76,GHS,WFP-GIEWS-Ghana
2019-04-29,plantain,Wasa Amenfi,Asankragua Market (Wasa Amenfi),1.8,GHS,WFP-GIEWS-Ghana
2019-05-06,plantain,Wasa Amenfi,Asankragua Market (Wasa Amenfi),1.86,GHS,WFP-GIEWS-Ghana
2019-05-13,plantain,Wasa Amenfi,Asankragua Market (Wasa Amenfi),1.78,GHS,WFP-GIEWS-Ghana
2019-05-20,plantain,Wasa Amenfi,Asankragua Market (Wasa Amenfi),1.91,GHS,WFP-GIEWS-Ghana
2019-05-27,plantain,Wasa Amenfi,Asankragua Market (Wasa Amenfi),1.94,GHS,WFP-GIEWS-Ghana
2019-06-03,plantain,Wasa Amenfi,Asankragua Market (Wasa Amenfi),2.02,GHS,WFP-GIEWS-Ghana
2019-06-10,plantain,Wasa Amenfi,Asankragua Market (Wasa Amenfi),2.03,GHS,WFP-GIEWS-Ghana
2019-06-17,plantain,Wasa Amenfi,Asankragua Market (Wasa Amenfi),2.11,GHS,WFP-GIEWS-Ghana
2019-06-24,plantain,Wasa Amenfi,Asankragua Market (Wasa Amenfi),2.0,GHS,WFP-GIEWS-Ghana
2019-07-01,plantain,Wasa Amenfi,Asankragua Market (Wasa Amenfi),2.25,GHS,WFP-GIEWS-Ghana
2019-07-08,plantain,Wasa Amenfi,Asankragua Market (Wasa Amenfi),2.44,GHS,WFP-GIEWS-Ghana
2019-07-15,plantain,Wasa Amenfi,Asankragua Market (Wasa Amenfi),2.41,GHS,WFP-GIEWS-Ghana
2019-07-22,plantain,Wasa Amenfi,Asankragua Market (Wasa Amenfi),2.38,GHS,WFP-GIEWS-Ghana
2019-07-29,plantain,Wasa Amenfi,Asankragua Market (Wasa Amenfi),2.41,GHS,WFP-GIEWS-Ghana
2019-08-05,plantain,Wasa Amenfi,Asankragua Market (Wasa Amenfi),2.16,GHS,WFP-GIEWS-Ghana
2019-08-12,plantain,Wasa Amenfi,Asankragua Market (Wasa Amenfi),2.47,GHS,WFP-GIEWS-Ghana
2019-08-19,plantain,Wasa Amenfi,Asankragua Market (Wasa Amenfi),2.38,GHS,WFP-GIEWS-Ghana
2019-08-26,plantain,Wasa Amenfi,Asankragua Market (Wasa Amenfi),2.43,GHS,WFP-GIEWS-Ghana
2019-09-02,plantain,Wasa Amenfi,Asankragua Market (Wasa Amenfi),2.14,GHS,WFP-GIEWS-Ghana
2019-09-09,plantain,Wasa Amenfi,Asankragua Market (Wasa Amenfi),2.11,GHS,WFP-GIEWS-Ghana
2019-09-16,plantain,Wasa Amenfi,Asankragua Market (Wasa Amenfi),2.08,GHS,WFP-GIEWS-Ghana
2019-09-23,plantain,Wasa Amenfi,Asankragua Market (Wasa Amenfi),2.13,GHS,WFP-GIEWS-Ghana
2019-09-30,plantain,Wasa Amenfi,Asankragua Market (Wasa Amenfi),2.08,GHS,WFP-GIEWS-Ghana
2019-10-07,plantain,Wasa Amenfi,Asankragua Market (Wasa Amenfi),1.86,GHS,WFP-GIEWS-Ghana
2019-10-14,plantain,Wasa Amenfi,Asankragua Market (Wasa Amenfi),1.68,GHS,WFP-GIEWS-Ghana
2019-10-21,plantain,Wasa Amenfi,Asankragua Market (Wasa Amenfi),1.76,GHS,WFP-GIEWS-Ghana
2019-10-28,plantain,Wasa Amenfi,Asankragua Market (Wasa Amenfi),1.95,GHS,WFP-GIEWS-Ghana
2019-11-04,plantain,Wasa Amenfi,Asankragua Market (Wasa Amenfi),1.77,GHS,WFP-GIEWS-Ghana
2019-11-11,plantain,Wasa Amenfi,Asankragua Market (Wasa Amenfi),1.79,GHS,WFP-GIEWS-Ghana
2019-11-18,plantain,Wasa Amenfi,Asankragua Market (Wasa Amenfi),1.75,GHS,WFP-GIEWS-Ghana
2019-11-25,plantain,Wasa Amenfi,Asankragua Market (Wasa Amenfi),1.83,GHS,WFP-GIEWS-Ghana
2019-12-02,plantain,Wasa Amenfi,Asankragua Market (Wasa Amenfi),1.77,GHS,WFP-GIEWS-Ghana
2019-12-09,plantain,Wasa Amenfi,Asankragua Market (Wasa Amenfi),1.81,GHS,WFP-GIEWS-Ghana
2019-12-16,plantain,Wasa Amenfi,Asankragua Market (Wasa Amenfi),1.88,GHS,WFP-GIEWS-Ghana
2019-12-23,plantain,Wasa Amenfi,Asankragua Market (Wasa Amenfi),1.77,GHS,WFP-GIEWS-Ghana
2019-12-30,plantain,Wasa Amenfi,Asankragua Market (Wasa Amenfi),1.88,GHS,WFP-GIEWS-Ghana
2020-01-06,plantain,Wasa Amenfi,Asankragua Market (Wasa Amenfi),2.41,GHS,WFP-GIEWS-Ghana
2020-01-13,plantain,Wasa Amenfi,Asankragua Market (Wasa Amenfi),2.43,GHS,WFP-GIEWS-Ghana
2020-01-20,plantain,Wasa Amenfi,Asankragua Market (Wasa Amenfi),2.34,GHS,WFP-GIEWS-Ghana
2020-01-27,plantain,Wasa Amenfi,Asankragua Market (Wasa Amenfi),2.63,GHS,WFP-GIEWS-Ghana
2020-02-03,plantain,Wasa Amenfi,Asankragua Market (Wasa Amenfi),2.44,GHS,WFP-GIEWS-Ghana
2020-02-10,plantain,Wasa Amenfi,Asankragua Market (Wasa Amenfi),2.38,GHS,WFP-GIEWS-Ghana
2020-02-17,plantain,Wasa Amenfi,Asankragua Market (Wasa Amenfi),2.26,GHS,WFP-GIEWS-Ghana
2020-02-24,plantain,Wasa Amenfi,Asankragua Market (Wasa Amenfi),2.34,GHS,WFP-GIEWS-Ghana
2020-03-02,plantain,Wasa Amenfi,Asankragua Market (Wasa Amenfi),2.13,GHS,WFP-GIEWS-Ghana
2020-03-09,plantain,Wasa Amenfi,Asankragua Market (Wasa Amenfi),2.15,GHS,WFP-GIEWS-Ghana
2020-03-16,plantain,Wasa Amenfi,Asankragua Market (Wasa Amenfi),2.13,GHS,WFP-GIEWS-Ghana
2020-03-23,plantain,Wasa Amenfi,Asankragua Market (Wasa Amenfi),2.07,GHS,WFP-GIEWS-Ghana
2020-03-30,plantain,Wasa Amenfi,Asankragua Market (Wasa Amenfi),1.91,GHS,WFP-GIEWS-Ghana
2020-04-06,plantain,Wasa Amenfi,Asankragua Market (Wasa Amenfi),2.06,GHS,WFP-GIEWS-Ghana
2020-04-13,plantain,Wasa Amenfi,Asankragua Market (Wasa Amenfi),1.92,GHS,WFP-GIEWS-Ghana
2020-04-20,plantain,Wasa Amenfi,Asankragua Market (Wasa Amenfi),1.9,GHS,WFP-GIEWS-Ghana
2020-04-27,plantain,Wasa Amenfi,Asankragua Market (Wasa Amenfi),2.04,GHS,WFP-GIEWS-Ghana
2020-05-04,plantain,Wasa Amenfi,Asankragua Market (Wasa Amenfi),2.08,GHS,WFP-GIEWS-Ghana
2020-05-11,plantain,Wasa Amenfi,Asankragua Market (Wasa Amenfi),2.11,GHS,WFP-GIEWS-Ghana
2020-05-18,plantain,Wasa Amenfi,Asankragua Market (Wasa Amenfi),2.08,GHS,WFP-GIEWS-Ghana
2020-05-25,plantain,Wasa Amenfi,Asankragua Market (Wasa Amenfi),2.08,GHS,WFP-GIEWS-Ghana
2020-06-01,plantain,Wasa Amenfi,Asankragua Market (Wasa Amenfi),2.14,GHS,WFP-GIEWS-Ghana
2020-06-08,plantain,Wasa Amenfi,Asankragua Market (Wasa Amenfi),2.22,GHS,WFP-GIEWS-Ghana
2020-06-15,plantain,Wasa Amenfi,Asankragua Market (Wasa Amenfi),2.09,GHS,WFP-GIEWS-Ghana
2020-06-22,plantain,Wasa Amenfi,Asankragua Market (Wasa Amenfi),2.05,GHS,WFP-GIEWS-Ghana
2020-06-29,plantain,Wasa Amenfi,Asankragua Market (Wasa Amenfi),2.29,GHS,WFP-GIEWS-Ghana
2020-07-06,plantain,Wasa Amenfi,Asankragua Market (Wasa Amenfi),2.44,GHS,WFP-GIEWS-Ghana
2020-07-13,plantain,Wasa Amenfi,Asankragua Market (Wasa Amenfi),2.6,GHS,WFP-GIEWS-Ghana
2020-07-20,plantain,Wasa Amenfi,Asankragua Market (Wasa Amenfi),2.62,GHS,WFP-GIEWS-Ghana
2020-07-27,plantain,Wasa Amenfi,Asankragua Market (Wasa Amenfi),2.45,GHS,WFP-GIEWS-Ghana
2020-08-03,plantain,Wasa Amenfi,Asankragua Market (Wasa Amenfi),2.59,GHS,WFP-GIEWS-Ghana
2020-08-10,plantain,Wasa Amenfi,Asankragua Market (Wasa Amenfi),2.46,GHS,WFP-GIEWS-Ghana
2020-08-17,plantain,Wasa Amenfi,Asankragua Market (Wasa Amenfi),2.34,GHS,WFP-GIEWS-Ghana
2020-08-24,plantain,Wasa Amenfi,Asankragua Market (Wasa Amenfi),2.54,GHS,WFP-GIEWS-Ghana
2020-08-31,plantain,Wasa Amenfi,Asankragua Market (Wasa Amenfi),2.48,GHS,WFP-GIEWS-Ghana
2020-09-07,plantain,Wasa Amenfi,Asankragua Market (Wasa Amenfi),2.23,GHS,WFP-GIEWS-Ghana
2020-09-14,plantain,Wasa Amenfi,Asankragua Market (Wasa Amenfi),2.45,GHS,WFP-GIEWS-Ghana
2020-09-21,plantain,Wasa Amenfi,Asankragua Market (Wasa Amenfi),2.13,GHS,WFP-GIEWS-Ghana
2020-09-28,plantain,Wasa Amenfi,Asankragua Market (Wasa Amenfi),2.31,GHS,WFP-GIEWS-Ghana
2020-10-05,plantain,Wasa Amenfi,Asankragua Market (Wasa Amenfi),1.87,GHS,WFP-GIEWS-Ghana
2020-10-12,plantain,Wasa Amenfi,Asankragua Market (Wasa Amenfi),2.01,GHS,WFP-GIEWS-Ghana
2020-10-19,plantain,Wasa Amenfi,Asankragua Market (Wasa Amenfi),1.97,GHS,WFP-GIEWS-Ghana
2020-10-26,plantain,Wasa Amenfi,Asankragua Market (Wasa Amenfi),1.97,GHS,WFP-GIEWS-Ghana
2020-11-02,plantain,Wasa Amenfi,Asankragua Market (Wasa Amenfi),1.88,GHS,WFP-GIEWS-Ghana
2020-11-09,plantain,Wasa Amenfi,Asankragua Market (Wasa Amenfi),1.9,GHS,WFP-GIEWS-Ghana
2020-11-16,plantain,Wasa Amenfi,Asankragua Market (Wasa Amenfi),2.03,GHS,WFP-GIEWS-Ghana
2020-11-23,plantain,Wasa Amenfi,Asankragua Market (Wasa Amenfi),2.09,GHS,WFP-GIEWS-Ghana
2020-11-30,plantain,Wasa Amenfi,Asankragua Market (Wasa Amenfi),1.99,GHS,WFP-GIEWS-Ghana
2020-12-07,plantain,Wasa Amenfi,Asankragua Market (Wasa Amenfi),1.9,GHS,WFP-GIEWS-Ghana
2020-12-14,plantain,Wasa Amenfi,Asankragua Market (Wasa Amenfi),1.99,GHS,WFP-GIEWS-Ghana
2020-12-21,plantain,Wasa Amenfi,Asankragua Market (Wasa Amenfi),2.16,GHS,WFP-GIEWS-Ghana
2020-12-28,plantain,Wasa Amenfi,Asankragua Market (Wasa Amenfi),1.98,GHS,WFP-GIEWS-Ghana
2021-01-04,plantain,Wasa Amenfi,Asankragua Market (Wasa Amenfi),2.66,GHS,WFP-GIEWS-Ghana
2021-01-11,plantain,Wasa Amenfi,Asankragua Market (Wasa Amenfi),2.44,GHS,WFP-GIEWS-Ghana
2021-01-18,plantain,Wasa Amenfi,Asankragua Market (Wasa Amenfi),2.51,GHS,WFP-GIEWS-Ghana
2021-01-25,plantain,Wasa Amenfi,Asankragua Market (Wasa Amenfi),2.58,GHS,WFP-GIEWS-Ghana
2021-02-01,plantain,Wasa Amenfi,Asankragua Market (Wasa Amenfi),2.57,GHS,WFP-GIEWS-Ghana
2021-02-08,plantain,Wasa Amenfi,Asankragua Market (Wasa Amenfi),2.46,GHS,WFP-GIEWS-Ghana
2021-02-15,plantain,Wasa Amenfi,Asankragua Market (Wasa Amenfi),2.45,GHS,WFP-GIEWS-Ghana
2021-02-22,plantain,Wasa Amenfi,Asankragua Market (Wasa Amenfi),2.63,GHS,WFP-GIEWS-Ghana
2021-03-01,plantain,Wasa Amenfi,Asankragua Market (Wasa Amenfi),2.28,GHS,WFP-GIEWS-Ghana
2021-03-08,plantain,Wasa Amenfi,Asankragua Market (Wasa Amenfi),2.3,GHS,WFP-GIEWS-Ghana
2021-03-15,plantain,Wasa Amenfi,Asankragua Market (Wasa Amenfi),2.33,GHS,WFP-GIEWS-Ghana
2021-03-22,plantain,Wasa Amenfi,Asankragua Market (Wasa Amenfi),2.18,GHS,WFP-GIEWS-Ghana
2021-03-29,plantain,Wasa Amenfi,Asankragua Market (Wasa Amenfi),2.14,GHS,WFP-GIEWS-Ghana
2021-04-05,plantain,Wasa Amenfi,Asankragua Market (Wasa Amenfi),2.3,GHS,WFP-GIEWS-Ghana
2021-04-12,plantain,Wasa Amenfi,Asankragua Market (Wasa Amenfi),2.25,GHS,WFP-GIEWS-Ghana
2021-04-19,plantain,Wasa Amenfi,Asankragua Market (Wasa Amenfi),2.1,GHS,WFP-GIEWS-Ghana
2021-04-26,plantain,Wasa Amenfi,Asankragua Market (Wasa Amenfi),2.1,GHS,WFP-GIEWS-Ghana
2021-05-03,plantain,Wasa Amenfi,Asankragua Market (Wasa Amenfi),2.24,GHS,WFP-GIEWS-Ghana
2021-05-10,plantain,Wasa Amenfi,Asankragua Market (Wasa Amenfi),2.18,GHS,WFP-GIEWS-Ghana
2021-05-17,plantain,Wasa Amenfi,Asankragua Market (Wasa Amenfi),2.2,GHS,WFP-GIEWS-Ghana
2021-05-24,plantain,Wasa Amenfi,Asankragua Market (Wasa Amenfi),2.29,GHS,WFP-GIEWS-Ghana
2021-05-31,plantain,Wasa Amenfi,Asankragua Market (Wasa Amenfi),2.27,GHS,WFP-GIEWS-Ghana
2021-06-07,plantain,Wasa Amenfi,Asankragua Market (Wasa Amenfi),2.53,GHS,WFP-GIEWS-Ghana
2021-06-14,plantain,Wasa Amenfi,Asankragua Market (Wasa Amenfi),2.22,GHS,WFP-GIEWS-Ghana
2021-06-21,plantain,Wasa Amenfi,Asankragua Market (Wasa Amenfi),2.43,GHS,WFP-GIEWS-Ghana
2021-06-28,plantain,Wasa Amenfi,Asankragua Market (Wasa Amenfi),2.47,GHS,WFP-GIEWS-Ghana
2021-07-05,plantain,Wasa Amenfi,Asankragua Market (Wasa Amenfi),2.55,GHS,WFP-GIEWS-Ghana
2021-07-12,plantain,Wasa Amenfi,Asankragua Market (Wasa Amenfi),2.64,GHS,WFP-GIEWS-Ghana
2021-07-19,plantain,Wasa Amenfi,Asankragua Market (Wasa Amenfi),2.62,GHS,WFP-GIEWS-Ghana
2021-07-26,plantain,Wasa Amenfi,Asankragua Market (Wasa Amenfi),2.71,GHS,WFP-GIEWS-Ghana
2021-08-02,plantain,Wasa Amenfi,Asankragua Market (Wasa Amenfi),2.91,GHS,WFP-GIEWS-Ghana
2021-08-09,plantain,Wasa Amenfi,Asankragua Market (Wasa Amenfi),2.95,GHS,WFP-GIEWS-Ghana
2021-08-16,plantain,Wasa Amenfi,Asankragua Market (Wasa Amenfi),2.64,GHS,WFP-GIEWS-Ghana
2021-08-23,plantain,Wasa Amenfi,Asankragua Market (Wasa Amenfi),2.79,GHS,WFP-GIEWS-Ghana
2021-08-30,plantain,Wasa Amenfi,Asankragua Market (Wasa Amenfi),2.79,GHS,WFP-GIEWS-Ghana
2021-09-06,plantain,Wasa Amenfi,Asankragua Market (Wasa Amenfi),2.49,GHS,WFP-GIEWS-Ghana
2021-09-13,plantain,Wasa Amenfi,Asankragua Market (Wasa Amenfi),2.49,GHS,WFP-GIEWS-Ghana
2021-09-20,plantain,Wasa Amenfi,Asankragua Market (Wasa Amenfi),2.48,GHS,WFP-GIEWS-Ghana
2021-09-27,plantain,Wasa Amenfi,Asankragua Market (Wasa Amenfi),2.62,GHS,WFP-GIEWS-Ghana
2021-10-04,plantain,Wasa Amenfi,Asankragua Market (Wasa Amenfi),2.19,GHS,WFP-GIEWS-Ghana
2021-10-11,plantain,Wasa Amenfi,Asankragua Market (Wasa Amenfi),2.01,GHS,WFP-GIEWS-Ghana
2021-10-18,plantain,Wasa Amenfi,Asankragua Market (Wasa Amenfi),2.17,GHS,WFP-GIEWS-Ghana
2021-10-25,plantain,Wasa Amenfi,Asankragua Market (Wasa Amenfi),2.17,GHS,WFP-GIEWS-Ghana
2021-11-01,plantain,Wasa Amenfi,Asankragua Market (Wasa Amenfi),2.14,GHS,WFP-GIEWS-Ghana
2021-11-08,plantain,Wasa Amenfi,Asankragua Market (Wasa Amenfi),2.21,GHS,WFP-GIEWS-Ghana
2021-11-15,plantain,Wasa Amenfi,Asankragua Market (Wasa Amenfi),2.13,GHS,WFP-GIEWS-Ghana
2021-11-22,plantain,Wasa Amenfi,Asankragua Market (Wasa Amenfi),2.13,GHS,WFP-GIEWS-Ghana
2021-11-29,plantain,Wasa Amenfi,Asankragua Market (Wasa Amenfi),2.12,GHS,WFP-GIEWS-Ghana
2021-12-06,plantain,Wasa Amenfi,Asankragua Market (Wasa Amenfi),1.95,GHS,WFP-GIEWS-Ghana
2021-12-13,plantain,Wasa Amenfi,Asankragua Market (Wasa Amenfi),2.12,GHS,WFP-GIEWS-Ghana
2021-12-20,plantain,Wasa Amenfi,Asankragua Market (Wasa Amenfi),2.07,GHS,WFP-GIEWS-Ghana
2021-12-27,plantain,Wasa Amenfi,Asankragua Market (Wasa Amenfi),2.02,GHS,WFP-GIEWS-Ghana
2022-01-03,plantain,Wasa Amenfi,Asankragua Market (Wasa Amenfi),2.87,GHS,WFP-GIEWS-Ghana
2022-01-10,plantain,Wasa Amenfi,Asankragua Market (Wasa Amenfi),2.77,GHS,WFP-GIEWS-Ghana
2022-01-17,plantain,Wasa Amenfi,Asankragua Market (Wasa Amenfi),2.71,GHS,WFP-GIEWS-Ghana
2022-01-24,plantain,Wasa Amenfi,Asankragua Market (Wasa Amenfi),2.66,GHS,WFP-GIEWS-Ghana
2022-01-31,plantain,Wasa Amenfi,Asankragua Market (Wasa Amenfi),2.75,GHS,WFP-GIEWS-Ghana
2022-02-07,plantain,Wasa Amenfi,Asankragua Market (Wasa Amenfi),2.84,GHS,WFP-GIEWS-Ghana
2022-02-14,plantain,Wasa Amenfi,Asankragua Market (Wasa Amenfi),2.65,GHS,WFP-GIEWS-Ghana
2022-02-21,plantain,Wasa Amenfi,Asankragua Market (Wasa Amenfi),2.73,GHS,WFP-GIEWS-Ghana
2022-02-28,plantain,Wasa Amenfi,Asankragua Market (Wasa Amenfi),2.83,GHS,WFP-GIEWS-Ghana
2022-03-07,plantain,Wasa Amenfi,Asankragua Market (Wasa Amenfi),2.16,GHS,WFP-GIEWS-Ghana
2022-03-14,plantain,Wasa Amenfi,Asankragua Market (Wasa Amenfi),2.34,GHS,WFP-GIEWS-Ghana
2022-03-21,plantain,Wasa Amenfi,Asankragua Market (Wasa Amenfi),2.3,GHS,WFP-GIEWS-Ghana
2022-03-28,plantain,Wasa Amenfi,Asankragua Market (Wasa Amenfi),2.33,GHS,WFP-GIEWS-Ghana
2022-04-04,plantain,Wasa Amenfi,Asankragua Market (Wasa Amenfi),2.31,GHS,WFP-GIEWS-Ghana
2022-04-11,plantain,Wasa Amenfi,Asankragua Market (Wasa Amenfi),2.37,GHS,WFP-GIEWS-Ghana
2022-04-18,plantain,Wasa Amenfi,Asankragua Market (Wasa Amenfi),2.54,GHS,WFP-GIEWS-Ghana
2022-04-25,plantain,Wasa Amenfi,Asankragua Market (Wasa Amenfi),2.33,GHS,WFP-GIEWS-Ghana
2022-05-02,plantain,Wasa Amenfi,Asankragua Market (Wasa Amenfi),2.4,GHS,WFP-GIEWS-Ghana
2022-05-09,plantain,Wasa Amenfi,Asankragua Market (Wasa Amenfi),2.57,GHS,WFP-GIEWS-Ghana
2022-05-16,plantain,Wasa Amenfi,Asankragua Market (Wasa Amenfi),2.32,GHS,WFP-GIEWS-Ghana
2022-05-23,plantain,Wasa Amenfi,Asankragua Market (Wasa Amenfi),2.55,GHS,WFP-GIEWS-Ghana
2022-05-30,plantain,Wasa Amenfi,Asankragua Market (Wasa Amenfi),2.38,GHS,WFP-GIEWS-Ghana
2022-06-06,plantain,Wasa Amenfi,Asankragua Market (Wasa Amenfi),2.78,GHS,WFP-GIEWS-Ghana
2022-06-13,plantain,Wasa Amenfi,Asankragua Market (Wasa Amenfi),2.68,GHS,WFP-GIEWS-Ghana
2022-06-20,plantain,Wasa Amenfi,Asankragua Market (Wasa Amenfi),2.63,GHS,WFP-GIEWS-Ghana
2022-06-27,plantain,Wasa Amenfi,Asankragua Market (Wasa Amenfi),2.59,GHS,WFP-GIEWS-Ghana
2022-07-04,plantain,Wasa Amenfi,Asankragua Market (Wasa Amenfi),2.86,GHS,WFP-GIEWS-Ghana
2022-07-11,plantain,Wasa Amenfi,Asankragua Market (Wasa Amenfi),2.94,GHS,WFP-GIEWS-Ghana
2022-07-18,plantain,Wasa Amenfi,Asankragua Market (Wasa Amenfi),3.03,GHS,WFP-GIEWS-Ghana
2022-07-25,plantain,Wasa Amenfi,Asankragua Market (Wasa Amenfi),2.93,GHS,WFP-GIEWS-Ghana
2022-08-01,plantain,Wasa Amenfi,Asankragua Market (Wasa Amenfi),2.91,GHS,WFP-GIEWS-Ghana
2022-08-08,plantain,Wasa Amenfi,Asankragua Market (Wasa Amenfi),2.92,GHS,WFP-GIEWS-Ghana
2022-08-15,plantain,Wasa Amenfi,Asankragua Market (Wasa Amenfi),3.07,GHS,WFP-GIEWS-Ghana
2022-08-22,plantain,Wasa Amenfi,Asankragua Market (Wasa Amenfi),3.09,GHS,WFP-GIEWS-Ghana
2022-08-29,plantain,Wasa Amenfi,Asankragua Market (Wasa Amenfi),2.87,GHS,WFP-GIEWS-Ghana
2022-09-05,plantain,Wasa Amenfi,Asankragua Market (Wasa Amenfi),2.58,GHS,WFP-GIEWS-Ghana
2022-09-12,plantain,Wasa Amenfi,Asankragua Market (Wasa Amenfi),2.69,GHS,WFP-GIEWS-Ghana
2022-09-19,plantain,Wasa Amenfi,Asankragua Market (Wasa Amenfi),2.81,GHS,WFP-GIEWS-Ghana
2022-09-26,plantain,Wasa Amenfi,Asankragua Market (Wasa Amenfi),2.77,GHS,WFP-GIEWS-Ghana
2022-10-03,plantain,Wasa Amenfi,Asankragua Market (Wasa Amenfi),2.15,GHS,WFP-GIEWS-Ghana
2022-10-10,plantain,Wasa Amenfi,Asankragua Market (Wasa Amenfi),2.24,GHS,WFP-GIEWS-Ghana
2022-10-17,plantain,Wasa Amenfi,Asankragua Market (Wasa Amenfi),2.18,GHS,WFP-GIEWS-Ghana
2022-10-24,plantain,Wasa Amenfi,Asankragua Market (Wasa Amenfi),2.24,GHS,WFP-GIEWS-Ghana
2022-10-31,plantain,Wasa Amenfi,Asankragua Market (Wasa Amenfi),2.41,GHS,WFP-GIEWS-Ghana
2022-11-07,plantain,Wasa Amenfi,Asankragua Market (Wasa Amenfi),2.15,GHS,WFP-GIEWS-Ghana
2022-11-14,plantain,Wasa Amenfi,Asankragua Market (Wasa Amenfi),2.13,GHS,WFP-GIEWS-Ghana
2022-11-21,plantain,Wasa Amenfi,Asankragua Market (Wasa Amenfi),2.21,GHS,WFP-GIEWS-Ghana
2022-11-28,plantain,Wasa Amenfi,Asankragua Market (Wasa Amenfi),2.31,GHS,WFP-GIEWS-Ghana
2022-12-05,plantain,Wasa Amenfi,Asankragua Market (Wasa Amenfi),2.35,GHS,WFP-GIEWS-Ghana
2022-12-12,plantain,Wasa Amenfi,Asankragua Market (Wasa Amenfi),2.34,GHS,WFP-GIEWS-Ghana
2022-12-19,plantain,Wasa Amenfi,Asankragua Market (Wasa Amenfi),2.4,GHS,WFP-GIEWS-Ghana
2022-12-26,plantain,Wasa Amenfi,Asankragua Market (Wasa Amenfi),2.13,GHS,WFP-GIEWS-Ghana
2023-01-02,plantain,Wasa Amenfi,Asankragua Market (Wasa Amenfi),3.07,GHS,WFP-GIEWS-Ghana
2023-01-09,plantain,Wasa Amenfi,Asankragua Market (Wasa Amenfi),2.9,GHS,WFP-GIEWS-Ghana
2023-01-16,plantain,Wasa Amenfi,Asankragua Market (Wasa Amenfi),3.02,GHS,WFP-GIEWS-Ghana
2023-01-23,plantain,Wasa Amenfi,Asankragua Market (Wasa Amenfi),2.78,GHS,WFP-GIEWS-Ghana
2023-01-30,plantain,Wasa Amenfi,Asankragua Market (Wasa Amenfi),2.94,GHS,WFP-GIEWS-Ghana
2023-02-06,plantain,Wasa Amenfi,Asankragua Market (Wasa Amenfi),2.98,GHS,WFP-GIEWS-Ghana
2023-02-13,plantain,Wasa Amenfi,Asankragua Market (Wasa Amenfi),3.09,GHS,WFP-GIEWS-Ghana
2023-02-20,plantain,Wasa Amenfi,Asankragua Market (Wasa Amenfi),2.77,GHS,WFP-GIEWS-Ghana
2023-02-27,plantain,Wasa Amenfi,Asankragua Market (Wasa Amenfi),2.96,GHS,WFP-GIEWS-Ghana
2023-03-06,plantain,Wasa Amenfi,Asankragua Market (Wasa Amenfi),2.42,GHS,WFP-GIEWS-Ghana
2023-03-13,plantain,Wasa Amenfi,Asankragua Market (Wasa Amenfi),2.58,GHS,WFP-GIEWS-Ghana
2023-03-20,plantain,Wasa Amenfi,Asankragua Market (Wasa Amenfi),2.61,GHS,WFP-GIEWS-Ghana
2023-03-27,plantain,Wasa Amenfi,Asankragua Market (Wasa Amenfi),2.66,GHS,WFP-GIEWS-Ghana
2023-04-03,plantain,Wasa Amenfi,Asankragua Market (Wasa Amenfi),2.49,GHS,WFP-GIEWS-Ghana
2023-04-10,plantain,Wasa Amenfi,Asankragua Market (Wasa Amenfi),2.64,GHS,WFP-GIEWS-Ghana
2023-04-17,plantain,Wasa Amenfi,Asankragua Market (Wasa Amenfi),2.69,GHS,WFP-GIEWS-Ghana
2023-04-24,plantain,Wasa Amenfi,Asankragua Market (Wasa Amenfi),2.38,GHS,WFP-GIEWS-Ghana
2023-05-01,plantain,Wasa Amenfi,Asankragua Market (Wasa Amenfi),2.63,GHS,WFP-GIEWS-Ghana
2023-05-08,plantain,Wasa Amenfi,Asankragua Market (Wasa Amenfi),2.66,GHS,WFP-GIEWS-Ghana
2023-05-15,plantain,Wasa Amenfi,Asankragua Market (Wasa Amenfi),2.54,GHS,WFP-GIEWS-Ghana
2023-05-22,plantain,Wasa Amenfi,Asankragua Market (Wasa Amenfi),2.44,GHS,WFP-GIEWS-Ghana
2023-05-29,plantain,Wasa Amenfi,Asankragua Market (Wasa Amenfi),2.66,GHS,WFP-GIEWS-Ghana
2023-06-05,plantain,Wasa Amenfi,Asankragua Market (Wasa Amenfi),2.67,GHS,WFP-GIEWS-Ghana
2023-06-12,plantain,Wasa Amenfi,Asankragua Market (Wasa Amenfi),2.79,GHS,WFP-GIEWS-Ghana
2023-06-19,plantain,Wasa Amenfi,Asankragua Market (Wasa Amenfi),2.8,GHS,WFP-GIEWS-Ghana
2023-06-26,plantain,Wasa Amenfi,Asankragua Market (Wasa Amenfi),2.89,GHS,WFP-GIEWS-Ghana
2023-07-03,plantain,Wasa Amenfi,Asankragua Market (Wasa Amenfi),3.08,GHS,WFP-GIEWS-Ghana
2023-07-10,plantain,Wasa Amenfi,Asankragua Market (Wasa Amenfi),3.08,GHS,WFP-GIEWS-Ghana
2023-07-17,plantain,Wasa Amenfi,Asankragua Market (Wasa Amenfi),3.18,GHS,WFP-GIEWS-Ghana
2023-07-24,plantain,Wasa Amenfi,Asankragua Market (Wasa Amenfi),3.29,GHS,WFP-GIEWS-Ghana
2023-07-31,plantain,Wasa Amenfi,Asankragua Market (Wasa Amenfi),3.45,GHS,WFP-GIEWS-Ghana
2023-08-07,plantain,Wasa Amenfi,Asankragua Market (Wasa Amenfi),2.99,GHS,WFP-GIEWS-Ghana
2023-08-14,plantain,Wasa Amenfi,Asankragua Market (Wasa Amenfi),3.22,GHS,WFP-GIEWS-Ghana
2023-08-21,plantain,Wasa Amenfi,Asankragua Market (Wasa Amenfi),3.05,GHS,WFP-GIEWS-Ghana
2023-08-28,plantain,Wasa Amenfi,Asankragua Market (Wasa Amenfi),3.31,GHS,WFP-GIEWS-Ghana
2023-09-04,plantain,Wasa Amenfi,Asankragua Market (Wasa Amenfi),2.75,GHS,WFP-GIEWS-Ghana
2023-09-11,plantain,Wasa Amenfi,Asankragua Market (Wasa Amenfi),2.78,GHS,WFP-GIEWS-Ghana
2023-09-18,plantain,Wasa Amenfi,Asankragua Market (Wasa Amenfi),2.79,GHS,WFP-GIEWS-Ghana
2023-09-25,plantain,Wasa Amenfi,Asankragua Market (Wasa Amenfi),2.85,GHS,WFP-GIEWS-Ghana
2023-10-02,plantain,Wasa Amenfi,Asankragua Market (Wasa Amenfi),2.48,GHS,WFP-GIEWS-Ghana
2023-10-09,plantain,Wasa Amenfi,Asankragua Market (Wasa Amenfi),2.49,GHS,WFP-GIEWS-Ghana
2023-10-16,plantain,Wasa Amenfi,Asankragua Market (Wasa Amenfi),2.45,GHS,WFP-GIEWS-Ghana
2023-10-23,plantain,Wasa Amenfi,Asankragua Market (Wasa Amenfi),2.32,GHS,WFP-GIEWS-Ghana
2023-10-30,plantain,Wasa Amenfi,Asankragua Market (Wasa Amenfi),2.52,GHS,WFP-GIEWS-Ghana
2023-11-06,plantain,Wasa Amenfi,Asankragua Market (Wasa Amenfi),2.46,GHS,WFP-GIEWS-Ghana
2023-11-13,plantain,Wasa Amenfi,Asankragua Market (Wasa Amenfi),2.58,GHS,WFP-GIEWS-Ghana
2023-11-20,plantain,Wasa Amenfi,Asankragua Market (Wasa Amenfi),2.39,GHS,WFP-GIEWS-Ghana
2023-11-27,plantain,Wasa Amenfi,Asankragua Market (Wasa Amenfi),2.31,GHS,WFP-GIEWS-Ghana
2023-12-04,plantain,Wasa Amenfi,Asankragua Market (Wasa Amenfi),2.48,GHS,WFP-GIEWS-Ghana
2023-12-11,plantain,Wasa Amenfi,Asankragua Market (Wasa Amenfi),2.61,GHS,WFP-GIEWS-Ghana
2023-12-18,plantain,Wasa Amenfi,Asankragua Market (Wasa Amenfi),2.5,GHS,WFP-GIEWS-Ghana
2023-12-25,plantain,Wasa Amenfi,Asankragua Market (Wasa Amenfi),2.46,GHS,WFP-GIEWS-Ghana
2024-01-01,plantain,Wasa Amenfi,Asankragua Market (Wasa Amenfi),3.06,GHS,WFP-GIEWS-Ghana
2024-01-08,plantain,Wasa Amenfi,Asankragua Market (Wasa Amenfi),3.39,GHS,WFP-GIEWS-Ghana
2024-01-15,plantain,Wasa Amenfi,Asankragua Market (Wasa Amenfi),3.04,GHS,WFP-GIEWS-Ghana
2024-01-22,plantain,Wasa Amenfi,Asankragua Market (Wasa Amenfi),3.08,GHS,WFP-GIEWS-Ghana
2024-01-29,plantain,Wasa Amenfi,Asankragua Market (Wasa Amenfi),3.24,GHS,WFP-GIEWS-Ghana
2024-02-05,plantain,Wasa Amenfi,Asankragua Market (Wasa Amenfi),2.95,GHS,WFP-GIEWS-Ghana
2024-02-12,plantain,Wasa Amenfi,Asankragua Market (Wasa Amenfi),3.35,GHS,WFP-GIEWS-Ghana
2024-02-19,plantain,Wasa Amenfi,Asankragua Market (Wasa Amenfi),3.27,GHS,WFP-GIEWS-Ghana
2024-02-26,plantain,Wasa Amenfi,Asankragua Market (Wasa Amenfi),3.31,GHS,WFP-GIEWS-Ghana
2024-03-04,plantain,Wasa Amenfi,Asankragua Market (Wasa Amenfi),2.8,GHS,WFP-GIEWS-Ghana
2024-03-11,plantain,Wasa Amenfi,Asankragua Market (Wasa Amenfi),2.72,GHS,WFP-GIEWS-Ghana
2024-03-18,plantain,Wasa Amenfi,Asankragua Market (Wasa Amenfi),2.62,GHS,WFP-GIEWS-Ghana
2024-03-25,plantain,Wasa Amenfi,Asankragua Market (Wasa Amenfi),2.72,GHS,WFP-GIEWS-Ghana
2024-04-01,plantain,Wasa Amenfi,Asankragua Market (Wasa Amenfi),2.65,GHS,WFP-GIEWS-Ghana
2024-04-08,plantain,Wasa Amenfi,Asankragua Market (Wasa Amenfi),2.81,GHS,WFP-GIEWS-Ghana
2024-04-15,plantain,Wasa Amenfi,Asankragua Market (Wasa Amenfi),2.84,GHS,WFP-GIEWS-Ghana
2024-04-22,plantain,Wasa Amenfi,Asankragua Market (Wasa Amenfi),2.92,GHS,WFP-GIEWS-Ghana
2024-04-29,plantain,Wasa Amenfi,Asankragua Market (Wasa Amenfi),2.79,GHS,WFP-GIEWS-Ghana
2024-05-06,plantain,Wasa Amenfi,Asankragua Market (Wasa Amenfi),2.87,GHS,WFP-GIEWS-Ghana
2024-05-13,plantain,Wasa Amenfi,Asankragua Market (Wasa Amenfi),2.74,GHS,WFP-GIEWS-Ghana
2024-05-20,plantain,Wasa Amenfi,Asankragua Market (Wasa Amenfi),2.72,GHS,WFP-GIEWS-Ghana
2024-05-27,plantain,Wasa Amenfi,Asankragua Market (Wasa Amenfi),2.82,GHS,WFP-GIEWS-Ghana
2024-06-03,plantain,Wasa Amenfi,Asankragua Market (Wasa Amenfi),2.98,GHS,WFP-GIEWS-Ghana
2024-06-10,plantain,Wasa Amenfi,Asankragua Market (Wasa Amenfi),3.06,GHS,WFP-GIEWS-Ghana
2024-06-17,plantain,Wasa Amenfi,Asankragua Market (Wasa Amenfi),2.9,GHS,WFP-GIEWS-Ghana
2024-06-24,plantain,Wasa Amenfi,Asankragua Market (Wasa Amenfi),2.92,GHS,WFP-GIEWS-Ghana
2024-07-01,plantain,Wasa Amenfi,Asankragua Market (Wasa Amenfi),3.5,GHS,WFP-GIEWS-Ghana
2024-07-08,plantain,Wasa Amenfi,Asankragua Market (Wasa Amenfi),3.54,GHS,WFP-GIEWS-Ghana
2024-07-15,plantain,Wasa Amenfi,Asankragua Market (Wasa Amenfi),3.28,GHS,WFP-GIEWS-Ghana
2024-07-22,plantain,Wasa Amenfi,Asankragua Market (Wasa Amenfi),3.51,GHS,WFP-GIEWS-Ghana
2024-07-29,plantain,Wasa Amenfi,Asankragua Market (Wasa Amenfi),3.34,GHS,WFP-GIEWS-Ghana
2024-08-05,plantain,Wasa Amenfi,Asankragua Market (Wasa Amenfi),3.44,GHS,WFP-GIEWS-Ghana
2024-08-12,plantain,Wasa Amenfi,Asankragua Market (Wasa Amenfi),3.63,GHS,WFP-GIEWS-Ghana
2024-08-19,plantain,Wasa Amenfi,Asankragua Market (Wasa Amenfi),3.55,GHS,WFP-GIEWS-Ghana
2024-08-26,plantain,Wasa Amenfi,Asankragua Market (Wasa Amenfi),3.55,GHS,WFP-GIEWS-Ghana
2024-09-02,plantain,Wasa Amenfi,Asankragua Market (Wasa Amenfi),3.33,GHS,WFP-GIEWS-Ghana
2024-09-09,plantain,Wasa Amenfi,Asankragua Market (Wasa Amenfi),3.0,GHS,WFP-GIEWS-Ghana
2024-09-16,plantain,Wasa Amenfi,Asankragua Market (Wasa Amenfi),2.97,GHS,WFP-GIEWS-Ghana
2024-09-23,plantain,Wasa Amenfi,Asankragua Market (Wasa Amenfi),3.0,GHS,WFP-GIEWS-Ghana
2024-09-30,plantain,Wasa Amenfi,Asankragua Market (Wasa Amenfi),3.06,GHS,WFP-GIEWS-Ghana
2024-10-07,plantain,Wasa Amenfi,Asankragua Market (Wasa Amenfi),2.39,GHS,WFP-GIEWS-Ghana
2024-10-14,plantain,Wasa Amenfi,Asankragua Market (Wasa Amenfi),2.62,GHS,WFP-GIEWS-Ghana
2024-10-21,plantain,Wasa Amenfi,Asankragua Market (Wasa Amenfi),2.59,GHS,WFP-GIEWS-Ghana
2024-10-28,plantain,Wasa Amenfi,Asankragua Market (Wasa Amenfi),2.73,GHS,WFP-GIEWS-Ghana
2024-11-04,plantain,Wasa Amenfi,Asankragua Market (Wasa Amenfi),2.7,GHS,WFP-GIEWS-Ghana
2024-11-11,plantain,Wasa Amenfi,Asankragua Market (Wasa Amenfi),2.6,GHS,WFP-GIEWS-Ghana
2024-11-18,plantain,Wasa Amenfi,Asankragua Market (Wasa Amenfi),2.72,GHS,WFP-GIEWS-Ghana
2024-11-25,plantain,Wasa Amenfi,Asankragua Market (Wasa Amenfi),2.74,GHS,WFP-GIEWS-Ghana
2024-12-02,plantain,Wasa Amenfi,Asankragua Market (Wasa Amenfi),2.6,GHS,WFP-GIEWS-Ghana
2024-12-09,plantain,Wasa Amenfi,Asankragua Market (Wasa Amenfi),2.62,GHS,WFP-GIEWS-Ghana
2024-12-16,plantain,Wasa Amenfi,Asankragua Market (Wasa Amenfi),2.44,GHS,WFP-GIEWS-Ghana
2024-12-23,plantain,Wasa Amenfi,Asankragua Market (Wasa Amenfi),2.56,GHS,WFP-GIEWS-Ghana
2024-12-30,plantain,Wasa Amenfi,Asankragua Market (Wasa Amenfi),2.6,GHS,WFP-GIEWS-Ghana
2018-01-01,cassava,Aowin,Enchi Market (Aowin),1.11,GHS,WFP-GIEWS-Ghana
2018-01-08,cassava,Aowin,Enchi Market (Aowin),1.13,GHS,WFP-GIEWS-Ghana
2018-01-15,cassava,Aowin,Enchi Market (Aowin),1.1,GHS,WFP-GIEWS-Ghana
2018-01-22,cassava,Aowin,Enchi Market (Aowin),1.16,GHS,WFP-GIEWS-Ghana
2018-01-29,cassava,Aowin,Enchi Market (Aowin),1.18,GHS,WFP-GIEWS-Ghana
2018-02-05,cassava,Aowin,Enchi Market (Aowin),1.18,GHS,WFP-GIEWS-Ghana
2018-02-12,cassava,Aowin,Enchi Market (Aowin),1.16,GHS,WFP-GIEWS-Ghana
2018-02-19,cassava,Aowin,Enchi Market (Aowin),1.09,GHS,WFP-GIEWS-Ghana
2018-02-26,cassava,Aowin,Enchi Market (Aowin),1.13,GHS,WFP-GIEWS-Ghana
2018-03-05,cassava,Aowin,Enchi Market (Aowin),0.98,GHS,WFP-GIEWS-Ghana
2018-03-12,cassava,Aowin,Enchi Market (Aowin),0.98,GHS,WFP-GIEWS-Ghana
2018-03-19,cassava,Aowin,Enchi Market (Aowin),1.0,GHS,WFP-GIEWS-Ghana
2018-03-26,cassava,Aowin,Enchi Market (Aowin),1.05,GHS,WFP-GIEWS-Ghana
2018-04-02,cassava,Aowin,Enchi Market (Aowin),1.04,GHS,WFP-GIEWS-Ghana
2018-04-09,cassava,Aowin,Enchi Market (Aowin),0.96,GHS,WFP-GIEWS-Ghana
2018-04-16,cassava,Aowin,Enchi Market (Aowin),1.03,GHS,WFP-GIEWS-Ghana
2018-04-23,cassava,Aowin,Enchi Market (Aowin),1.03,GHS,WFP-GIEWS-Ghana
2018-04-30,cassava,Aowin,Enchi Market (Aowin),0.97,GHS,WFP-GIEWS-Ghana
2018-05-07,cassava,Aowin,Enchi Market (Aowin),1.04,GHS,WFP-GIEWS-Ghana
2018-05-14,cassava,Aowin,Enchi Market (Aowin),1.0,GHS,WFP-GIEWS-Ghana
2018-05-21,cassava,Aowin,Enchi Market (Aowin),0.95,GHS,WFP-GIEWS-Ghana
2018-05-28,cassava,Aowin,Enchi Market (Aowin),1.03,GHS,WFP-GIEWS-Ghana
2018-06-04,cassava,Aowin,Enchi Market (Aowin),1.11,GHS,WFP-GIEWS-Ghana
2018-06-11,cassava,Aowin,Enchi Market (Aowin),1.1,GHS,WFP-GIEWS-Ghana
2018-06-18,cassava,Aowin,Enchi Market (Aowin),1.1,GHS,WFP-GIEWS-Ghana
2018-06-25,cassava,Aowin,Enchi Market (Aowin),1.07,GHS,WFP-GIEWS-Ghana
2018-07-02,cassava,Aowin,Enchi Market (Aowin),1.28,GHS,WFP-GIEWS-Ghana
2018-07-09,cassava,Aowin,Enchi Market (Aowin),1.24,GHS,WFP-GIEWS-Ghana
2018-07-16,cassava,Aowin,Enchi Market (Aowin),1.25,GHS,WFP-GIEWS-Ghana
2018-07-23,cassava,Aowin,Enchi Market (Aowin),1.26,GHS,WFP-GIEWS-Ghana
2018-07-30,cassava,Aowin,Enchi Market (Aowin),1.19,GHS,WFP-GIEWS-Ghana
2018-08-06,cassava,Aowin,Enchi Market (Aowin),1.21,GHS,WFP-GIEWS-Ghana
2018-08-13,cassava,Aowin,Enchi Market (Aowin),1.14,GHS,WFP-GIEWS-Ghana
2018-08-20,cassava,Aowin,Enchi Market (Aowin),1.28,GHS,WFP-GIEWS-Ghana
2018-08-27,cassava,Aowin,Enchi Market (Aowin),1.19,GHS,WFP-GIEWS-Ghana
2018-09-03,cassava,Aowin,Enchi Market (Aowin),1.13,GHS,WFP-GIEWS-Ghana
2018-09-10,cassava,Aowin,Enchi Market (Aowin),1.14,GHS,WFP-GIEWS-Ghana
2018-09-17,cassava,Aowin,Enchi Market (Aowin),1.15,GHS,WFP-GIEWS-Ghana
2018-09-24,cassava,Aowin,Enchi Market (Aowin),1.07,GHS,WFP-GIEWS-Ghana
2018-10-01,cassava,Aowin,Enchi Market (Aowin),0.96,GHS,WFP-GIEWS-Ghana
2018-10-08,cassava,Aowin,Enchi Market (Aowin),1.03,GHS,WFP-GIEWS-Ghana
2018-10-15,cassava,Aowin,Enchi Market (Aowin),1.03,GHS,WFP-GIEWS-Ghana
2018-10-22,cassava,Aowin,Enchi Market (Aowin),1.0,GHS,WFP-GIEWS-Ghana
2018-10-29,cassava,Aowin,Enchi Market (Aowin),0.98,GHS,WFP-GIEWS-Ghana
2018-11-05,cassava,Aowin,Enchi Market (Aowin),0.93,GHS,WFP-GIEWS-Ghana
2018-11-12,cassava,Aowin,Enchi Market (Aowin),1.0,GHS,WFP-GIEWS-Ghana
2018-11-19,cassava,Aowin,Enchi Market (Aowin),0.96,GHS,WFP-GIEWS-Ghana
2018-11-26,cassava,Aowin,Enchi Market (Aowin),0.99,GHS,WFP-GIEWS-Ghana
2018-12-03,cassava,Aowin,Enchi Market (Aowin),0.95,GHS,WFP-GIEWS-Ghana
2018-12-10,cassava,Aowin,Enchi Market (Aowin),0.97,GHS,WFP-GIEWS-Ghana
2018-12-17,cassava,Aowin,Enchi Market (Aowin),0.98,GHS,WFP-GIEWS-Ghana
2018-12-24,cassava,Aowin,Enchi Market (Aowin),0.99,GHS,WFP-GIEWS-Ghana
2018-12-31,cassava,Aowin,Enchi Market (Aowin),1.0,GHS,WFP-GIEWS-Ghana
2019-01-07,cassava,Aowin,Enchi Market (Aowin),1.22,GHS,WFP-GIEWS-Ghana
2019-01-14,cassava,Aowin,Enchi Market (Aowin),1.18,GHS,WFP-GIEWS-Ghana
2019-01-21,cassava,Aowin,Enchi Market (Aowin),1.33,GHS,WFP-GIEWS-Ghana
2019-01-28,cassava,Aowin,Enchi Market (Aowin),1.37,GHS,WFP-GIEWS-Ghana
2019-02-04,cassava,Aowin,Enchi Market (Aowin),1.28,GHS,WFP-GIEWS-Ghana
2019-02-11,cassava,Aowin,Enchi Market (Aowin),1.19,GHS,WFP-GIEWS-Ghana
2019-02-18,cassava,Aowin,Enchi Market (Aowin),1.22,GHS,WFP-GIEWS-Ghana
2019-02-25,cassava,Aowin,Enchi Market (Aowin),1.28,GHS,WFP-GIEWS-Ghana
2019-03-04,cassava,Aowin,Enchi Market (Aowin),1.13,GHS,WFP-GIEWS-Ghana
2019-03-11,cassava,Aowin,Enchi Market (Aowin),1.02,GHS,WFP-GIEWS-Ghana
2019-03-18,cassava,Aowin,Enchi Market (Aowin),1.07,GHS,WFP-GIEWS-Ghana
2019-03-25,cassava,Aowin,Enchi Market (Aowin),1.09,GHS,WFP-GIEWS-Ghana
2019-04-01,cassava,Aowin,Enchi Market (Aowin),1.12,GHS,WFP-GIEWS-Ghana
2019-04-08,cassava,Aowin,Enchi Market (Aowin),1.07,GHS,WFP-GIEWS-Ghana
2019-04-15,cassava,Aowin,Enchi Market (Aowin),1.02,GHS,WFP-GIEWS-Ghana
2019-04-22,cassava,Aowin,Enchi Market (Aowin),1.11,GHS,WFP-GIEWS-Ghana
2019-04-29,cassava,Aowin,Enchi Market (Aowin),1.13,GHS,WFP-GIEWS-Ghana
2019-05-06,cassava,Aowin,Enchi Market (Aowin),1.09,GHS,WFP-GIEWS-Ghana
2019-05-13,cassava,Aowin,Enchi Market (Aowin),1.11,GHS,WFP-GIEWS-Ghana
2019-05-20,cassava,Aowin,Enchi Market (Aowin),1.07,GHS,WFP-GIEWS-Ghana
2019-05-27,cassava,Aowin,Enchi Market (Aowin),1.05,GHS,WFP-GIEWS-Ghana
2019-06-03,cassava,Aowin,Enchi Market (Aowin),1.24,GHS,WFP-GIEWS-Ghana
2019-06-10,cassava,Aowin,Enchi Market (Aowin),1.21,GHS,WFP-GIEWS-Ghana
2019-06-17,cassava,Aowin,Enchi Market (Aowin),1.22,GHS,WFP-GIEWS-Ghana
2019-06-24,cassava,Aowin,Enchi Market (Aowin),1.27,GHS,WFP-GIEWS-Ghana
2019-07-01,cassava,Aowin,Enchi Market (Aowin),1.29,GHS,WFP-GIEWS-Ghana
2019-07-08,cassava,Aowin,Enchi Market (Aowin),1.32,GHS,WFP-GIEWS-Ghana
2019-07-15,cassava,Aowin,Enchi Market (Aowin),1.35,GHS,WFP-GIEWS-Ghana
2019-07-22,cassava,Aowin,Enchi Market (Aowin),1.32,GHS,WFP-GIEWS-Ghana
2019-07-29,cassava,Aowin,Enchi Market (Aowin),1.39,GHS,WFP-GIEWS-Ghana
2019-08-05,cassava,Aowin,Enchi Market (Aowin),1.34,GHS,WFP-GIEWS-Ghana
2019-08-12,cassava,Aowin,Enchi Market (Aowin),1.3,GHS,WFP-GIEWS-Ghana
2019-08-19,cassava,Aowin,Enchi Market (Aowin),1.36,GHS,WFP-GIEWS-Ghana
2019-08-26,cassava,Aowin,Enchi Market (Aowin),1.36,GHS,WFP-GIEWS-Ghana
2019-09-02,cassava,Aowin,Enchi Market (Aowin),1.26,GHS,WFP-GIEWS-Ghana
2019-09-09,cassava,Aowin,Enchi Market (Aowin),1.24,GHS,WFP-GIEWS-Ghana
2019-09-16,cassava,Aowin,Enchi Market (Aowin),1.24,GHS,WFP-GIEWS-Ghana
2019-09-23,cassava,Aowin,Enchi Market (Aowin),1.23,GHS,WFP-GIEWS-Ghana
2019-09-30,cassava,Aowin,Enchi Market (Aowin),1.21,GHS,WFP-GIEWS-Ghana
2019-10-07,cassava,Aowin,Enchi Market (Aowin),1.01,GHS,WFP-GIEWS-Ghana
2019-10-14,cassava,Aowin,Enchi Market (Aowin),1.05,GHS,WFP-GIEWS-Ghana
2019-10-21,cassava,Aowin,Enchi Market (Aowin),1.03,GHS,WFP-GIEWS-Ghana
2019-10-28,cassava,Aowin,Enchi Market (Aowin),1.11,GHS,WFP-GIEWS-Ghana
2019-11-04,cassava,Aowin,Enchi Market (Aowin),1.1,GHS,WFP-GIEWS-Ghana
2019-11-11,cassava,Aowin,Enchi Market (Aowin),1.07,GHS,WFP-GIEWS-Ghana
2019-11-18,cassava,Aowin,Enchi Market (Aowin),1.06,GHS,WFP-GIEWS-Ghana
2019-11-25,cassava,Aowin,Enchi Market (Aowin),1.04,GHS,WFP-GIEWS-Ghana
2019-12-02,cassava,Aowin,Enchi Market (Aowin),1.0,GHS,WFP-GIEWS-Ghana
2019-12-09,cassava,Aowin,Enchi Market (Aowin),1.05,GHS,WFP-GIEWS-Ghana
2019-12-16,cassava,Aowin,Enchi Market (Aowin),1.06,GHS,WFP-GIEWS-Ghana
2019-12-23,cassava,Aowin,Enchi Market (Aowin),1.06,GHS,WFP-GIEWS-Ghana
2019-12-30,cassava,Aowin,Enchi Market (Aowin),1.07,GHS,WFP-GIEWS-Ghana
2020-01-06,cassava,Aowin,Enchi Market (Aowin),1.4,GHS,WFP-GIEWS-Ghana
2020-01-13,cassava,Aowin,Enchi Market (Aowin),1.31,GHS,WFP-GIEWS-Ghana
2020-01-20,cassava,Aowin,Enchi Market (Aowin),1.31,GHS,WFP-GIEWS-Ghana
2020-01-27,cassava,Aowin,Enchi Market (Aowin),1.43,GHS,WFP-GIEWS-Ghana
2020-02-03,cassava,Aowin,Enchi Market (Aowin),1.4,GHS,WFP-GIEWS-Ghana
2020-02-10,cassava,Aowin,Enchi Market (Aowin),1.34,GHS,WFP-GIEWS-Ghana
2020-02-17,cassava,Aowin,Enchi Market (Aowin),1.35,GHS,WFP-GIEWS-Ghana
2020-02-24,cassava,Aowin,Enchi Market (Aowin),1.35,GHS,WFP-GIEWS-Ghana
2020-03-02,cassava,Aowin,Enchi Market (Aowin),1.16,GHS,WFP-GIEWS-Ghana
2020-03-09,cassava,Aowin,Enchi Market (Aowin),1.19,GHS,WFP-GIEWS-Ghana
2020-03-16,cassava,Aowin,Enchi Market (Aowin),1.28,GHS,WFP-GIEWS-Ghana
2020-03-23,cassava,Aowin,Enchi Market (Aowin),1.17,GHS,WFP-GIEWS-Ghana
2020-03-30,cassava,Aowin,Enchi Market (Aowin),1.19,GHS,WFP-GIEWS-Ghana
2020-04-06,cassava,Aowin,Enchi Market (Aowin),1.09,GHS,WFP-GIEWS-Ghana
2020-04-13,cassava,Aowin,Enchi Market (Aowin),1.15,GHS,WFP-GIEWS-Ghana
2020-04-20,cassava,Aowin,Enchi Market (Aowin),1.23,GHS,WFP-GIEWS-Ghana
2020-04-27,cassava,Aowin,Enchi Market (Aowin),1.19,GHS,WFP-GIEWS-Ghana
2020-05-04,cassava,Aowin,Enchi Market (Aowin),0.97,GHS,WFP-GIEWS-Ghana
2020-05-11,cassava,Aowin,Enchi Market (Aowin),1.21,GHS,WFP-GIEWS-Ghana
2020-05-18,cassava,Aowin,Enchi Market (Aowin),1.27,GHS,WFP-GIEWS-Ghana
2020-05-25,cassava,Aowin,Enchi Market (Aowin),1.08,GHS,WFP-GIEWS-Ghana
2020-06-01,cassava,Aowin,Enchi Market (Aowin),1.37,GHS,WFP-GIEWS-Ghana
2020-06-08,cassava,Aowin,Enchi Market (Aowin),1.15,GHS,WFP-GIEWS-Ghana
2020-06-15,cassava,Aowin,Enchi Market (Aowin),1.34,GHS,WFP-GIEWS-Ghana
2020-06-22,cassava,Aowin,Enchi Market (Aowin),1.29,GHS,WFP-GIEWS-Ghana
2020-06-29,cassava,Aowin,Enchi Market (Aowin),1.17,GHS,WFP-GIEWS-Ghana
2020-07-06,cassava,Aowin,Enchi Market (Aowin),1.48,GHS,WFP-GIEWS-Ghana
2020-07-13,cassava,Aowin,Enchi Market (Aowin),1.52,GHS,WFP-GIEWS-Ghana
2020-07-20,cassava,Aowin,Enchi Market (Aowin),1.47,GHS,WFP-GIEWS-Ghana
2020-07-27,cassava,Aowin,Enchi Market (Aowin),1.49,GHS,WFP-GIEWS-Ghana
2020-08-03,cassava,Aowin,Enchi Market (Aowin),1.44,GHS,WFP-GIEWS-Ghana
2020-08-10,cassava,Aowin,Enchi Market (Aowin),1.35,GHS,WFP-GIEWS-Ghana
2020-08-17,cassava,Aowin,Enchi Market (Aowin),1.5,GHS,WFP-GIEWS-Ghana
2020-08-24,cassava,Aowin,Enchi Market (Aowin),1.56,GHS,WFP-GIEWS-Ghana
2020-08-31,cassava,Aowin,Enchi Market (Aowin),1.53,GHS,WFP-GIEWS-Ghana
2020-09-07,cassava,Aowin,Enchi Market (Aowin),1.21,GHS,WFP-GIEWS-Ghana
2020-09-14,cassava,Aowin,Enchi Market (Aowin),1.23,GHS,WFP-GIEWS-Ghana
2020-09-21,cassava,Aowin,Enchi Market (Aowin),1.27,GHS,WFP-GIEWS-Ghana
2020-09-28,cassava,Aowin,Enchi Market (Aowin),1.23,GHS,WFP-GIEWS-Ghana
2020-10-05,cassava,Aowin,Enchi Market (Aowin),1.13,GHS,WFP-GIEWS-Ghana
2020-10-12,cassava,Aowin,Enchi Market (Aowin),1.14,GHS,WFP-GIEWS-Ghana
2020-10-19,cassava,Aowin,Enchi Market (Aowin),1.06,GHS,WFP-GIEWS-Ghana
2020-10-26,cassava,Aowin,Enchi Market (Aowin),1.16,GHS,WFP-GIEWS-Ghana
2020-11-02,cassava,Aowin,Enchi Market (Aowin),1.16,GHS,WFP-GIEWS-Ghana
2020-11-09,cassava,Aowin,Enchi Market (Aowin),1.11,GHS,WFP-GIEWS-Ghana
2020-11-16,cassava,Aowin,Enchi Market (Aowin),1.12,GHS,WFP-GIEWS-Ghana
2020-11-23,cassava,Aowin,Enchi Market (Aowin),1.04,GHS,WFP-GIEWS-Ghana
2020-11-30,cassava,Aowin,Enchi Market (Aowin),1.12,GHS,WFP-GIEWS-Ghana
2020-12-07,cassava,Aowin,Enchi Market (Aowin),1.14,GHS,WFP-GIEWS-Ghana
2020-12-14,cassava,Aowin,Enchi Market (Aowin),1.15,GHS,WFP-GIEWS-Ghana
2020-12-21,cassava,Aowin,Enchi Market (Aowin),1.16,GHS,WFP-GIEWS-Ghana
2020-12-28,cassava,Aowin,Enchi Market (Aowin),1.15,GHS,WFP-GIEWS-Ghana
2021-01-04,cassava,Aowin,Enchi Market (Aowin),1.44,GHS,WFP-GIEWS-Ghana
2021-01-11,cassava,Aowin,Enchi Market (Aowin),1.47,GHS,WFP-GIEWS-Ghana
2021-01-18,cassava,Aowin,Enchi Market (Aowin),1.51,GHS,WFP-GIEWS-Ghana
2021-01-25,cassava,Aowin,Enchi Market (Aowin),1.45,GHS,WFP-GIEWS-Ghana
2021-02-01,cassava,Aowin,Enchi Market (Aowin),1.48,GHS,WFP-GIEWS-Ghana
2021-02-08,cassava,Aowin,Enchi Market (Aowin),1.45,GHS,WFP-GIEWS-Ghana
2021-02-15,cassava,Aowin,Enchi Market (Aowin),1.43,GHS,WFP-GIEWS-Ghana
2021-02-22,cassava,Aowin,Enchi Market (Aowin),1.5,GHS,WFP-GIEWS-Ghana
2021-03-01,cassava,Aowin,Enchi Market (Aowin),1.23,GHS,WFP-GIEWS-Ghana
2021-03-08,cassava,Aowin,Enchi Market (Aowin),1.28,GHS,WFP-GIEWS-Ghana
2021-03-15,cassava,Aowin,Enchi Market (Aowin),1.26,GHS,WFP-GIEWS-Ghana
2021-03-22,cassava,Aowin,Enchi Market (Aowin),1.24,GHS,WFP-GIEWS-Ghana
2021-03-29,cassava,Aowin,Enchi Market (Aowin),1.24,GHS,WFP-GIEWS-Ghana
2021-04-05,cassava,Aowin,Enchi Market (Aowin),1.24,GHS,WFP-GIEWS-Ghana
2021-04-12,cassava,Aowin,Enchi Market (Aowin),1.18,GHS,WFP-GIEWS-Ghana
2021-04-19,cassava,Aowin,Enchi Market (Aowin),1.28,GHS,WFP-GIEWS-Ghana
2021-04-26,cassava,Aowin,Enchi Market (Aowin),1.28,GHS,WFP-GIEWS-Ghana
2021-05-03,cassava,Aowin,Enchi Market (Aowin),1.32,GHS,WFP-GIEWS-Ghana
2021-05-10,cassava,Aowin,Enchi Market (Aowin),1.25,GHS,WFP-GIEWS-Ghana
2021-05-17,cassava,Aowin,Enchi Market (Aowin),1.37,GHS,WFP-GIEWS-Ghana
2021-05-24,cassava,Aowin,Enchi Market (Aowin),1.25,GHS,WFP-GIEWS-Ghana
2021-05-31,cassava,Aowin,Enchi Market (Aowin),1.23,GHS,WFP-GIEWS-Ghana
2021-06-07,cassava,Aowin,Enchi Market (Aowin),1.34,GHS,WFP-GIEWS-Ghana
2021-06-14,cassava,Aowin,Enchi Market (Aowin),1.3,GHS,WFP-GIEWS-Ghana
2021-06-21,cassava,Aowin,Enchi Market (Aowin),1.48,GHS,WFP-GIEWS-Ghana
2021-06-28,cassava,Aowin,Enchi Market (Aowin),1.47,GHS,WFP-GIEWS-Ghana
2021-07-05,cassava,Aowin,Enchi Market (Aowin),1.61,GHS,WFP-GIEWS-Ghana
2021-07-12,cassava,Aowin,Enchi Market (Aowin),1.51,GHS,WFP-GIEWS-Ghana
2021-07-19,cassava,Aowin,Enchi Market (Aowin),1.68,GHS,WFP-GIEWS-Ghana
2021-07-26,cassava,Aowin,Enchi Market (Aowin),1.55,GHS,WFP-GIEWS-Ghana
2021-08-02,cassava,Aowin,Enchi Market (Aowin),1.56,GHS,WFP-GIEWS-Ghana
2021-08-09,cassava,Aowin,Enchi Market (Aowin),1.67,GHS,WFP-GIEWS-Ghana
2021-08-16,cassava,Aowin,Enchi Market (Aowin),1.62,GHS,WFP-GIEWS-Ghana
2021-08-23,cassava,Aowin,Enchi Market (Aowin),1.72,GHS,WFP-GIEWS-Ghana
2021-08-30,cassava,Aowin,Enchi Market (Aowin),1.6,GHS,WFP-GIEWS-Ghana
2021-09-06,cassava,Aowin,Enchi Market (Aowin),1.4,GHS,WFP-GIEWS-Ghana
2021-09-13,cassava,Aowin,Enchi Market (Aowin),1.38,GHS,WFP-GIEWS-Ghana
2021-09-20,cassava,Aowin,Enchi Market (Aowin),1.31,GHS,WFP-GIEWS-Ghana
2021-09-27,cassava,Aowin,Enchi Market (Aowin),1.4,GHS,WFP-GIEWS-Ghana
2021-10-04,cassava,Aowin,Enchi Market (Aowin),1.27,GHS,WFP-GIEWS-Ghana
2021-10-11,cassava,Aowin,Enchi Market (Aowin),1.24,GHS,WFP-GIEWS-Ghana
2021-10-18,cassava,Aowin,Enchi Market (Aowin),1.22,GHS,WFP-GIEWS-Ghana
2021-10-25,cassava,Aowin,Enchi Market (Aowin),1.17,GHS,WFP-GIEWS-Ghana
2021-11-01,cassava,Aowin,Enchi Market (Aowin),1.23,GHS,WFP-GIEWS-Ghana
2021-11-08,cassava,Aowin,Enchi Market (Aowin),1.27,GHS,WFP-GIEWS-Ghana
2021-11-15,cassava,Aowin,Enchi Market (Aowin),1.24,GHS,WFP-GIEWS-Ghana
2021-11-22,cassava,Aowin,Enchi Market (Aowin),1.23,GHS,WFP-GIEWS-Ghana
2021-11-29,cassava,Aowin,Enchi Market (Aowin),1.18,GHS,WFP-GIEWS-Ghana
2021-12-06,cassava,Aowin,Enchi Market (Aowin),1.27,GHS,WFP-GIEWS-Ghana
2021-12-13,cassava,Aowin,Enchi Market (Aowin),1.08,GHS,WFP-GIEWS-Ghana
2021-12-20,cassava,Aowin,Enchi Market (Aowin),1.25,GHS,WFP-GIEWS-Ghana
2021-12-27,cassava,Aowin,Enchi Market (Aowin),1.36,GHS,WFP-GIEWS-Ghana
2022-01-03,cassava,Aowin,Enchi Market (Aowin),1.48,GHS,WFP-GIEWS-Ghana
2022-01-10,cassava,Aowin,Enchi Market (Aowin),1.56,GHS,WFP-GIEWS-Ghana
2022-01-17,cassava,Aowin,Enchi Market (Aowin),1.57,GHS,WFP-GIEWS-Ghana
2022-01-24,cassava,Aowin,Enchi Market (Aowin),1.54,GHS,WFP-GIEWS-Ghana
2022-01-31,cassava,Aowin,Enchi Market (Aowin),1.64,GHS,WFP-GIEWS-Ghana
2022-02-07,cassava,Aowin,Enchi Market (Aowin),1.61,GHS,WFP-GIEWS-Ghana
2022-02-14,cassava,Aowin,Enchi Market (Aowin),1.59,GHS,WFP-GIEWS-Ghana
2022-02-21,cassava,Aowin,Enchi Market (Aowin),1.63,GHS,WFP-GIEWS-Ghana
2022-02-28,cassava,Aowin,Enchi Market (Aowin),1.58,GHS,WFP-GIEWS-Ghana
2022-03-07,cassava,Aowin,Enchi Market (Aowin),1.53,GHS,WFP-GIEWS-Ghana
2022-03-14,cassava,Aowin,Enchi Market (Aowin),1.37,GHS,WFP-GIEWS-Ghana
2022-03-21,cassava,Aowin,Enchi Market (Aowin),1.37,GHS,WFP-GIEWS-Ghana
2022-03-28,cassava,Aowin,Enchi Market (Aowin),1.26,GHS,WFP-GIEWS-Ghana
2022-04-04,cassava,Aowin,Enchi Market (Aowin),1.34,GHS,WFP-GIEWS-Ghana
2022-04-11,cassava,Aowin,Enchi Market (Aowin),1.43,GHS,WFP-GIEWS-Ghana
2022-04-18,cassava,Aowin,Enchi Market (Aowin),1.29,GHS,WFP-GIEWS-Ghana
2022-04-25,cassava,Aowin,Enchi Market (Aowin),1.25,GHS,WFP-GIEWS-Ghana
2022-05-02,cassava,Aowin,Enchi Market (Aowin),1.38,GHS,WFP-GIEWS-Ghana
2022-05-09,cassava,Aowin,Enchi Market (Aowin),1.45,GHS,WFP-GIEWS-Ghana
2022-05-16,cassava,Aowin,Enchi Market (Aowin),1.38,GHS,WFP-GIEWS-Ghana
2022-05-23,cassava,Aowin,Enchi Market (Aowin),1.36,GHS,WFP-GIEWS-Ghana
2022-05-30,cassava,Aowin,Enchi Market (Aowin),1.27,GHS,WFP-GIEWS-Ghana
2022-06-06,cassava,Aowin,Enchi Market (Aowin),1.53,GHS,WFP-GIEWS-Ghana
2022-06-13,cassava,Aowin,Enchi Market (Aowin),1.54,GHS,WFP-GIEWS-Ghana
2022-06-20,cassava,Aowin,Enchi Market (Aowin),1.4,GHS,WFP-GIEWS-Ghana
2022-06-27,cassava,Aowin,Enchi Market (Aowin),1.57,GHS,WFP-GIEWS-Ghana
2022-07-04,cassava,Aowin,Enchi Market (Aowin),1.75,GHS,WFP-GIEWS-Ghana
2022-07-11,cassava,Aowin,Enchi Market (Aowin),1.77,GHS,WFP-GIEWS-Ghana
2022-07-18,cassava,Aowin,Enchi Market (Aowin),1.73,GHS,WFP-GIEWS-Ghana
2022-07-25,cassava,Aowin,Enchi Market (Aowin),1.74,GHS,WFP-GIEWS-Ghana
2022-08-01,cassava,Aowin,Enchi Market (Aowin),1.74,GHS,WFP-GIEWS-Ghana
2022-08-08,cassava,Aowin,Enchi Market (Aowin),1.76,GHS,WFP-GIEWS-Ghana
2022-08-15,cassava,Aowin,Enchi Market (Aowin),1.58,GHS,WFP-GIEWS-Ghana
2022-08-22,cassava,Aowin,Enchi Market (Aowin),1.6,GHS,WFP-GIEWS-Ghana
2022-08-29,cassava,Aowin,Enchi Market (Aowin),1.66,GHS,WFP-GIEWS-Ghana
2022-09-05,cassava,Aowin,Enchi Market (Aowin),1.52,GHS,WFP-GIEWS-Ghana
2022-09-12,cassava,Aowin,Enchi Market (Aowin),1.56,GHS,WFP-GIEWS-Ghana
2022-09-19,cassava,Aowin,Enchi Market (Aowin),1.55,GHS,WFP-GIEWS-Ghana
2022-09-26,cassava,Aowin,Enchi Market (Aowin),1.6,GHS,WFP-GIEWS-Ghana
2022-10-03,cassava,Aowin,Enchi Market (Aowin),1.37,GHS,WFP-GIEWS-Ghana
2022-10-10,cassava,Aowin,Enchi Market (Aowin),1.27,GHS,WFP-GIEWS-Ghana
2022-10-17,cassava,Aowin,Enchi Market (Aowin),1.32,GHS,WFP-GIEWS-Ghana
2022-10-24,cassava,Aowin,Enchi Market (Aowin),1.27,GHS,WFP-GIEWS-Ghana
2022-10-31,cassava,Aowin,Enchi Market (Aowin),1.3,GHS,WFP-GIEWS-Ghana
2022-11-07,cassava,Aowin,Enchi Market (Aowin),1.34,GHS,WFP-GIEWS-Ghana
2022-11-14,cassava,Aowin,Enchi Market (Aowin),1.14,GHS,WFP-GIEWS-Ghana
2022-11-21,cassava,Aowin,Enchi Market (Aowin),1.45,GHS,WFP-GIEWS-Ghana
2022-11-28,cassava,Aowin,Enchi Market (Aowin),1.35,GHS,WFP-GIEWS-Ghana
2022-12-05,cassava,Aowin,Enchi Market (Aowin),1.3,GHS,WFP-GIEWS-Ghana
2022-12-12,cassava,Aowin,Enchi Market (Aowin),1.43,GHS,WFP-GIEWS-Ghana
2022-12-19,cassava,Aowin,Enchi Market (Aowin),1.31,GHS,WFP-GIEWS-Ghana
2022-12-26,cassava,Aowin,Enchi Market (Aowin),1.34,GHS,WFP-GIEWS-Ghana
2023-01-02,cassava,Aowin,Enchi Market (Aowin),1.67,GHS,WFP-GIEWS-Ghana
2023-01-09,cassava,Aowin,Enchi Market (Aowin),1.81,GHS,WFP-GIEWS-Ghana
2023-01-16,cassava,Aowin,Enchi Market (Aowin),1.69,GHS,WFP-GIEWS-Ghana
2023-01-23,cassava,Aowin,Enchi Market (Aowin),1.71,GHS,WFP-GIEWS-Ghana
2023-01-30,cassava,Aowin,Enchi Market (Aowin),1.78,GHS,WFP-GIEWS-Ghana
2023-02-06,cassava,Aowin,Enchi Market (Aowin),1.75,GHS,WFP-GIEWS-Ghana
2023-02-13,cassava,Aowin,Enchi Market (Aowin),1.71,GHS,WFP-GIEWS-Ghana
2023-02-20,cassava,Aowin,Enchi Market (Aowin),1.79,GHS,WFP-GIEWS-Ghana
2023-02-27,cassava,Aowin,Enchi Market (Aowin),1.88,GHS,WFP-GIEWS-Ghana
2023-03-06,cassava,Aowin,Enchi Market (Aowin),1.48,GHS,WFP-GIEWS-Ghana
2023-03-13,cassava,Aowin,Enchi Market (Aowin),1.47,GHS,WFP-GIEWS-Ghana
2023-03-20,cassava,Aowin,Enchi Market (Aowin),1.48,GHS,WFP-GIEWS-Ghana
2023-03-27,cassava,Aowin,Enchi Market (Aowin),1.54,GHS,WFP-GIEWS-Ghana
2023-04-03,cassava,Aowin,Enchi Market (Aowin),1.44,GHS,WFP-GIEWS-Ghana
2023-04-10,cassava,Aowin,Enchi Market (Aowin),1.46,GHS,WFP-GIEWS-Ghana
2023-04-17,cassava,Aowin,Enchi Market (Aowin),1.38,GHS,WFP-GIEWS-Ghana
2023-04-24,cassava,Aowin,Enchi Market (Aowin),1.41,GHS,WFP-GIEWS-Ghana
2023-05-01,cassava,Aowin,Enchi Market (Aowin),1.45,GHS,WFP-GIEWS-Ghana
2023-05-08,cassava,Aowin,Enchi Market (Aowin),1.48,GHS,WFP-GIEWS-Ghana
2023-05-15,cassava,Aowin,Enchi Market (Aowin),1.59,GHS,WFP-GIEWS-Ghana
2023-05-22,cassava,Aowin,Enchi Market (Aowin),1.52,GHS,WFP-GIEWS-Ghana
2023-05-29,cassava,Aowin,Enchi Market (Aowin),1.43,GHS,WFP-GIEWS-Ghana
2023-06-05,cassava,Aowin,Enchi Market (Aowin),1.58,GHS,WFP-GIEWS-Ghana
2023-06-12,cassava,Aowin,Enchi Market (Aowin),1.71,GHS,WFP-GIEWS-Ghana
2023-06-19,cassava,Aowin,Enchi Market (Aowin),1.7,GHS,WFP-GIEWS-Ghana
2023-06-26,cassava,Aowin,Enchi Market (Aowin),1.63,GHS,WFP-GIEWS-Ghana
2023-07-03,cassava,Aowin,Enchi Market (Aowin),1.8,GHS,WFP-GIEWS-Ghana
2023-07-10,cassava,Aowin,Enchi Market (Aowin),1.91,GHS,WFP-GIEWS-Ghana
2023-07-17,cassava,Aowin,Enchi Market (Aowin),1.76,GHS,WFP-GIEWS-Ghana
2023-07-24,cassava,Aowin,Enchi Market (Aowin),1.86,GHS,WFP-GIEWS-Ghana
2023-07-31,cassava,Aowin,Enchi Market (Aowin),2.0,GHS,WFP-GIEWS-Ghana
2023-08-07,cassava,Aowin,Enchi Market (Aowin),1.86,GHS,WFP-GIEWS-Ghana
2023-08-14,cassava,Aowin,Enchi Market (Aowin),1.79,GHS,WFP-GIEWS-Ghana
2023-08-21,cassava,Aowin,Enchi Market (Aowin),1.87,GHS,WFP-GIEWS-Ghana
2023-08-28,cassava,Aowin,Enchi Market (Aowin),1.81,GHS,WFP-GIEWS-Ghana
2023-09-04,cassava,Aowin,Enchi Market (Aowin),1.56,GHS,WFP-GIEWS-Ghana
2023-09-11,cassava,Aowin,Enchi Market (Aowin),1.7,GHS,WFP-GIEWS-Ghana
2023-09-18,cassava,Aowin,Enchi Market (Aowin),1.73,GHS,WFP-GIEWS-Ghana
2023-09-25,cassava,Aowin,Enchi Market (Aowin),1.63,GHS,WFP-GIEWS-Ghana
2023-10-02,cassava,Aowin,Enchi Market (Aowin),1.39,GHS,WFP-GIEWS-Ghana
2023-10-09,cassava,Aowin,Enchi Market (Aowin),1.36,GHS,WFP-GIEWS-Ghana
2023-10-16,cassava,Aowin,Enchi Market (Aowin),1.41,GHS,WFP-GIEWS-Ghana
2023-10-23,cassava,Aowin,Enchi Market (Aowin),1.38,GHS,WFP-GIEWS-Ghana
2023-10-30,cassava,Aowin,Enchi Market (Aowin),1.36,GHS,WFP-GIEWS-Ghana
2023-11-06,cassava,Aowin,Enchi Market (Aowin),1.53,GHS,WFP-GIEWS-Ghana
2023-11-13,cassava,Aowin,Enchi Market (Aowin),1.45,GHS,WFP-GIEWS-Ghana
2023-11-20,cassava,Aowin,Enchi Market (Aowin),1.46,GHS,WFP-GIEWS-Ghana
2023-11-27,cassava,Aowin,Enchi Market (Aowin),1.48,GHS,WFP-GIEWS-Ghana
2023-12-04,cassava,Aowin,Enchi Market (Aowin),1.48,GHS,WFP-GIEWS-Ghana
2023-12-11,cassava,Aowin,Enchi Market (Aowin),1.41,GHS,WFP-GIEWS-Ghana
2023-12-18,cassava,Aowin,Enchi Market (Aowin),1.45,GHS,WFP-GIEWS-Ghana
2023-12-25,cassava,Aowin,Enchi Market (Aowin),1.42,GHS,WFP-GIEWS-Ghana
2024-01-01,cassava,Aowin,Enchi Market (Aowin),1.87,GHS,WFP-GIEWS-Ghana
2024-01-08,cassava,Aowin,Enchi Market (Aowin),1.86,GHS,WFP-GIEWS-Ghana
2024-01-15,cassava,Aowin,Enchi Market (Aowin),1.81,GHS,WFP-GIEWS-Ghana
2024-01-22,cassava,Aowin,Enchi Market (Aowin),1.74,GHS,WFP-GIEWS-Ghana
2024-01-29,cassava,Aowin,Enchi Market (Aowin),1.84,GHS,WFP-GIEWS-Ghana
2024-02-05,cassava,Aowin,Enchi Market (Aowin),1.83,GHS,WFP-GIEWS-Ghana
2024-02-12,cassava,Aowin,Enchi Market (Aowin),1.71,GHS,WFP-GIEWS-Ghana
2024-02-19,cassava,Aowin,Enchi Market (Aowin),1.88,GHS,WFP-GIEWS-Ghana
2024-02-26,cassava,Aowin,Enchi Market (Aowin),1.92,GHS,WFP-GIEWS-Ghana
2024-03-04,cassava,Aowin,Enchi Market (Aowin),1.74,GHS,WFP-GIEWS-Ghana
2024-03-11,cassava,Aowin,Enchi Market (Aowin),1.56,GHS,WFP-GIEWS-Ghana
2024-03-18,cassava,Aowin,Enchi Market (Aowin),1.55,GHS,WFP-GIEWS-Ghana
2024-03-25,cassava,Aowin,Enchi Market (Aowin),1.51,GHS,WFP-GIEWS-Ghana
2024-04-01,cassava,Aowin,Enchi Market (Aowin),1.61,GHS,WFP-GIEWS-Ghana
2024-04-08,cassava,Aowin,Enchi Market (Aowin),1.61,GHS,WFP-GIEWS-Ghana
2024-04-15,cassava,Aowin,Enchi Market (Aowin),1.54,GHS,WFP-GIEWS-Ghana
2024-04-22,cassava,Aowin,Enchi Market (Aowin),1.58,GHS,WFP-GIEWS-Ghana
2024-04-29,cassava,Aowin,Enchi Market (Aowin),1.47,GHS,WFP-GIEWS-Ghana
2024-05-06,cassava,Aowin,Enchi Market (Aowin),1.66,GHS,WFP-GIEWS-Ghana
2024-05-13,cassava,Aowin,Enchi Market (Aowin),1.55,GHS,WFP-GIEWS-Ghana
2024-05-20,cassava,Aowin,Enchi Market (Aowin),1.6,GHS,WFP-GIEWS-Ghana
2024-05-27,cassava,Aowin,Enchi Market (Aowin),1.51,GHS,WFP-GIEWS-Ghana
2024-06-03,cassava,Aowin,Enchi Market (Aowin),1.71,GHS,WFP-GIEWS-Ghana
2024-06-10,cassava,Aowin,Enchi Market (Aowin),1.73,GHS,WFP-GIEWS-Ghana
2024-06-17,cassava,Aowin,Enchi Market (Aowin),1.75,GHS,WFP-GIEWS-Ghana
2024-06-24,cassava,Aowin,Enchi Market (Aowin),1.79,GHS,WFP-GIEWS-Ghana
2024-07-01,cassava,Aowin,Enchi Market (Aowin),2.09,GHS,WFP-GIEWS-Ghana
2024-07-08,cassava,Aowin,Enchi Market (Aowin),2.03,GHS,WFP-GIEWS-Ghana
2024-07-15,cassava,Aowin,Enchi Market (Aowin),2.05,GHS,WFP-GIEWS-Ghana
2024-07-22,cassava,Aowin,Enchi Market (Aowin),2.09,GHS,WFP-GIEWS-Ghana
2024-07-29,cassava,Aowin,Enchi Market (Aowin),2.02,GHS,WFP-GIEWS-Ghana
2024-08-05,cassava,Aowin,Enchi Market (Aowin),1.99,GHS,WFP-GIEWS-Ghana
2024-08-12,cassava,Aowin,Enchi Market (Aowin),2.07,GHS,WFP-GIEWS-Ghana
2024-08-19,cassava,Aowin,Enchi Market (Aowin),2.07,GHS,WFP-GIEWS-Ghana
2024-08-26,cassava,Aowin,Enchi Market (Aowin),2.04,GHS,WFP-GIEWS-Ghana
2024-09-02,cassava,Aowin,Enchi Market (Aowin),1.68,GHS,WFP-GIEWS-Ghana
2024-09-09,cassava,Aowin,Enchi Market (Aowin),1.73,GHS,WFP-GIEWS-Ghana
2024-09-16,cassava,Aowin,Enchi Market (Aowin),1.77,GHS,WFP-GIEWS-Ghana
2024-09-23,cassava,Aowin,Enchi Market (Aowin),1.84,GHS,WFP-GIEWS-Ghana
2024-09-30,cassava,Aowin,Enchi Market (Aowin),1.79,GHS,WFP-GIEWS-Ghana
2024-10-07,cassava,Aowin,Enchi Market (Aowin),1.6,GHS,WFP-GIEWS-Ghana
2024-10-14,cassava,Aowin,Enchi Market (Aowin),1.61,GHS,WFP-GIEWS-Ghana
2024-10-21,cassava,Aowin,Enchi Market (Aowin),1.6,GHS,WFP-GIEWS-Ghana
2024-10-28,cassava,Aowin,Enchi Market (Aowin),1.6,GHS,WFP-GIEWS-Ghana
2024-11-04,cassava,Aowin,Enchi Market (Aowin),1.48,GHS,WFP-GIEWS-Ghana
2024-11-11,cassava,Aowin,Enchi Market (Aowin),1.57,GHS,WFP-GIEWS-Ghana
2024-11-18,cassava,Aowin,Enchi Market (Aowin),1.5,GHS,WFP-GIEWS-Ghana
2024-11-25,cassava,Aowin,Enchi Market (Aowin),1.44,GHS,WFP-GIEWS-Ghana
2024-12-02,cassava,Aowin,Enchi Market (Aowin),1.53,GHS,WFP-GIEWS-Ghana
2024-12-09,cassava,Aowin,Enchi Market (Aowin),1.63,GHS,WFP-GIEWS-Ghana
2024-12-16,cassava,Aowin,Enchi Market (Aowin),1.58,GHS,WFP-GIEWS-Ghana
2024-12-23,cassava,Aowin,Enchi Market (Aowin),1.67,GHS,WFP-GIEWS-Ghana
2024-12-30,cassava,Aowin,Enchi Market (Aowin),1.56,GHS,WFP-GIEWS-Ghana
2018-01-01,cassava,Bibiani,Bibiani Central Market,1.24,GHS,WFP-GIEWS-Ghana
2018-01-08,cassava,Bibiani,Bibiani Central Market,1.23,GHS,WFP-GIEWS-Ghana
2018-01-15,cassava,Bibiani,Bibiani Central Market,1.17,GHS,WFP-GIEWS-Ghana
2018-01-22,cassava,Bibiani,Bibiani Central Market,1.28,GHS,WFP-GIEWS-Ghana
2018-01-29,cassava,Bibiani,Bibiani Central Market,1.2,GHS,WFP-GIEWS-Ghana
2018-02-05,cassava,Bibiani,Bibiani Central Market,1.21,GHS,WFP-GIEWS-Ghana
2018-02-12,cassava,Bibiani,Bibiani Central Market,1.3,GHS,WFP-GIEWS-Ghana
2018-02-19,cassava,Bibiani,Bibiani Central Market,1.29,GHS,WFP-GIEWS-Ghana
2018-02-26,cassava,Bibiani,Bibiani Central Market,1.29,GHS,WFP-GIEWS-Ghana
2018-03-05,cassava,Bibiani,Bibiani Central Market,1.05,GHS,WFP-GIEWS-Ghana
2018-03-12,cassava,Bibiani,Bibiani Central Market,1.06,GHS,WFP-GIEWS-Ghana
2018-03-19,cassava,Bibiani,Bibiani Central Market,1.06,GHS,WFP-GIEWS-Ghana
2018-03-26,cassava,Bibiani,Bibiani Central Market,1.09,GHS,WFP-GIEWS-Ghana
2018-04-02,cassava,Bibiani,Bibiani Central Market,1.13,GHS,WFP-GIEWS-Ghana
2018-04-09,cassava,Bibiani,Bibiani Central Market,1.08,GHS,WFP-GIEWS-Ghana
2018-04-16,cassava,Bibiani,Bibiani Central Market,1.15,GHS,WFP-GIEWS-Ghana
2018-04-23,cassava,Bibiani,Bibiani Central Market,1.11,GHS,WFP-GIEWS-Ghana
2018-04-30,cassava,Bibiani,Bibiani Central Market,1.06,GHS,WFP-GIEWS-Ghana
2018-05-07,cassava,Bibiani,Bibiani Central Market,1.11,GHS,WFP-GIEWS-Ghana
2018-05-14,cassava,Bibiani,Bibiani Central Market,1.15,GHS,WFP-GIEWS-Ghana
2018-05-21,cassava,Bibiani,Bibiani Central Market,1.16,GHS,WFP-GIEWS-Ghana
2018-05-28,cassava,Bibiani,Bibiani Central Market,1.13,GHS,WFP-GIEWS-Ghana
2018-06-04,cassava,Bibiani,Bibiani Central Market,1.18,GHS,WFP-GIEWS-Ghana
2018-06-11,cassava,Bibiani,Bibiani Central Market,1.17,GHS,WFP-GIEWS-Ghana
2018-06-18,cassava,Bibiani,Bibiani Central Market,1.2,GHS,WFP-GIEWS-Ghana
2018-06-25,cassava,Bibiani,Bibiani Central Market,1.25,GHS,WFP-GIEWS-Ghana
2018-07-02,cassava,Bibiani,Bibiani Central Market,1.35,GHS,WFP-GIEWS-Ghana
2018-07-09,cassava,Bibiani,Bibiani Central Market,1.35,GHS,WFP-GIEWS-Ghana
2018-07-16,cassava,Bibiani,Bibiani Central Market,1.33,GHS,WFP-GIEWS-Ghana
2018-07-23,cassava,Bibiani,Bibiani Central Market,1.31,GHS,WFP-GIEWS-Ghana
2018-07-30,cassava,Bibiani,Bibiani Central Market,1.32,GHS,WFP-GIEWS-Ghana
2018-08-06,cassava,Bibiani,Bibiani Central Market,1.34,GHS,WFP-GIEWS-Ghana
2018-08-13,cassava,Bibiani,Bibiani Central Market,1.43,GHS,WFP-GIEWS-Ghana
2018-08-20,cassava,Bibiani,Bibiani Central Market,1.32,GHS,WFP-GIEWS-Ghana
2018-08-27,cassava,Bibiani,Bibiani Central Market,1.34,GHS,WFP-GIEWS-Ghana
2018-09-03,cassava,Bibiani,Bibiani Central Market,1.16,GHS,WFP-GIEWS-Ghana
2018-09-10,cassava,Bibiani,Bibiani Central Market,1.23,GHS,WFP-GIEWS-Ghana
2018-09-17,cassava,Bibiani,Bibiani Central Market,1.26,GHS,WFP-GIEWS-Ghana
2018-09-24,cassava,Bibiani,Bibiani Central Market,1.28,GHS,WFP-GIEWS-Ghana
2018-10-01,cassava,Bibiani,Bibiani Central Market,1.03,GHS,WFP-GIEWS-Ghana
2018-10-08,cassava,Bibiani,Bibiani Central Market,1.05,GHS,WFP-GIEWS-Ghana
2018-10-15,cassava,Bibiani,Bibiani Central Market,1.02,GHS,WFP-GIEWS-Ghana
2018-10-22,cassava,Bibiani,Bibiani Central Market,1.05,GHS,WFP-GIEWS-Ghana
2018-10-29,cassava,Bibiani,Bibiani Central Market,1.04,GHS,WFP-GIEWS-Ghana
2018-11-05,cassava,Bibiani,Bibiani Central Market,1.03,GHS,WFP-GIEWS-Ghana
2018-11-12,cassava,Bibiani,Bibiani Central Market,1.04,GHS,WFP-GIEWS-Ghana
2018-11-19,cassava,Bibiani,Bibiani Central Market,1.05,GHS,WFP-GIEWS-Ghana
2018-11-26,cassava,Bibiani,Bibiani Central Market,1.02,GHS,WFP-GIEWS-Ghana
2018-12-03,cassava,Bibiani,Bibiani Central Market,1.03,GHS,WFP-GIEWS-Ghana
2018-12-10,cassava,Bibiani,Bibiani Central Market,1.11,GHS,WFP-GIEWS-Ghana
2018-12-17,cassava,Bibiani,Bibiani Central Market,1.15,GHS,WFP-GIEWS-Ghana
2018-12-24,cassava,Bibiani,Bibiani Central Market,0.99,GHS,WFP-GIEWS-Ghana
2018-12-31,cassava,Bibiani,Bibiani Central Market,0.99,GHS,WFP-GIEWS-Ghana
2019-01-07,cassava,Bibiani,Bibiani Central Market,1.28,GHS,WFP-GIEWS-Ghana
2019-01-14,cassava,Bibiani,Bibiani Central Market,1.32,GHS,WFP-GIEWS-Ghana
2019-01-21,cassava,Bibiani,Bibiani Central Market,1.38,GHS,WFP-GIEWS-Ghana
2019-01-28,cassava,Bibiani,Bibiani Central Market,1.36,GHS,WFP-GIEWS-Ghana
2019-02-04,cassava,Bibiani,Bibiani Central Market,1.35,GHS,WFP-GIEWS-Ghana
2019-02-11,cassava,Bibiani,Bibiani Central Market,1.36,GHS,WFP-GIEWS-Ghana
2019-02-18,cassava,Bibiani,Bibiani Central Market,1.3,GHS,WFP-GIEWS-Ghana
2019-02-25,cassava,Bibiani,Bibiani Central Market,1.32,GHS,WFP-GIEWS-Ghana
2019-03-04,cassava,Bibiani,Bibiani Central Market,1.14,GHS,WFP-GIEWS-Ghana
2019-03-11,cassava,Bibiani,Bibiani Central Market,1.07,GHS,WFP-GIEWS-Ghana
2019-03-18,cassava,Bibiani,Bibiani Central Market,1.09,GHS,WFP-GIEWS-Ghana
2019-03-25,cassava,Bibiani,Bibiani Central Market,1.09,GHS,WFP-GIEWS-Ghana
2019-04-01,cassava,Bibiani,Bibiani Central Market,1.19,GHS,WFP-GIEWS-Ghana
2019-04-08,cassava,Bibiani,Bibiani Central Market,1.16,GHS,WFP-GIEWS-Ghana
2019-04-15,cassava,Bibiani,Bibiani Central Market,1.18,GHS,WFP-GIEWS-Ghana
2019-04-22,cassava,Bibiani,Bibiani Central Market,1.07,GHS,WFP-GIEWS-Ghana
2019-04-29,cassava,Bibiani,Bibiani Central Market,1.08,GHS,WFP-GIEWS-Ghana
2019-05-06,cassava,Bibiani,Bibiani Central Market,1.19,GHS,WFP-GIEWS-Ghana
2019-05-13,cassava,Bibiani,Bibiani Central Market,1.03,GHS,WFP-GIEWS-Ghana
2019-05-20,cassava,Bibiani,Bibiani Central Market,1.22,GHS,WFP-GIEWS-Ghana
2019-05-27,cassava,Bibiani,Bibiani Central Market,1.08,GHS,WFP-GIEWS-Ghana
2019-06-03,cassava,Bibiani,Bibiani Central Market,1.31,GHS,WFP-GIEWS-Ghana
2019-06-10,cassava,Bibiani,Bibiani Central Market,1.22,GHS,WFP-GIEWS-Ghana
2019-06-17,cassava,Bibiani,Bibiani Central Market,1.32,GHS,WFP-GIEWS-Ghana
2019-06-24,cassava,Bibiani,Bibiani Central Market,1.43,GHS,WFP-GIEWS-Ghana
2019-07-01,cassava,Bibiani,Bibiani Central Market,1.3,GHS,WFP-GIEWS-Ghana
2019-07-08,cassava,Bibiani,Bibiani Central Market,1.47,GHS,WFP-GIEWS-Ghana
2019-07-15,cassava,Bibiani,Bibiani Central Market,1.33,GHS,WFP-GIEWS-Ghana
2019-07-22,cassava,Bibiani,Bibiani Central Market,1.46,GHS,WFP-GIEWS-Ghana
2019-07-29,cassava,Bibiani,Bibiani Central Market,1.42,GHS,WFP-GIEWS-Ghana
2019-08-05,cassava,Bibiani,Bibiani Central Market,1.45,GHS,WFP-GIEWS-Ghana
2019-08-12,cassava,Bibiani,Bibiani Central Market,1.39,GHS,WFP-GIEWS-Ghana
2019-08-19,cassava,Bibiani,Bibiani Central Market,1.49,GHS,WFP-GIEWS-Ghana
2019-08-26,cassava,Bibiani,Bibiani Central Market,1.36,GHS,WFP-GIEWS-Ghana
2019-09-02,cassava,Bibiani,Bibiani Central Market,1.36,GHS,WFP-GIEWS-Ghana
2019-09-09,cassava,Bibiani,Bibiani Central Market,1.27,GHS,WFP-GIEWS-Ghana
2019-09-16,cassava,Bibiani,Bibiani Central Market,1.22,GHS,WFP-GIEWS-Ghana
2019-09-23,cassava,Bibiani,Bibiani Central Market,1.38,GHS,WFP-GIEWS-Ghana
2019-09-30,cassava,Bibiani,Bibiani Central Market,1.29,GHS,WFP-GIEWS-Ghana
2019-10-07,cassava,Bibiani,Bibiani Central Market,1.19,GHS,WFP-GIEWS-Ghana
2019-10-14,cassava,Bibiani,Bibiani Central Market,1.16,GHS,WFP-GIEWS-Ghana
2019-10-21,cassava,Bibiani,Bibiani Central Market,1.07,GHS,WFP-GIEWS-Ghana
2019-10-28,cassava,Bibiani,Bibiani Central Market,1.1,GHS,WFP-GIEWS-Ghana
2019-11-04,cassava,Bibiani,Bibiani Central Market,1.12,GHS,WFP-GIEWS-Ghana
2019-11-11,cassava,Bibiani,Bibiani Central Market,1.18,GHS,WFP-GIEWS-Ghana
2019-11-18,cassava,Bibiani,Bibiani Central Market,1.13,GHS,WFP-GIEWS-Ghana
2019-11-25,cassava,Bibiani,Bibiani Central Market,1.12,GHS,WFP-GIEWS-Ghana
2019-12-02,cassava,Bibiani,Bibiani Central Market,1.11,GHS,WFP-GIEWS-Ghana
2019-12-09,cassava,Bibiani,Bibiani Central Market,1.12,GHS,WFP-GIEWS-Ghana
2019-12-16,cassava,Bibiani,Bibiani Central Market,1.18,GHS,WFP-GIEWS-Ghana
2019-12-23,cassava,Bibiani,Bibiani Central Market,1.12,GHS,WFP-GIEWS-Ghana
2019-12-30,cassava,Bibiani,Bibiani Central Market,1.1,GHS,WFP-GIEWS-Ghana
2020-01-06,cassava,Bibiani,Bibiani Central Market,1.4,GHS,WFP-GIEWS-Ghana
2020-01-13,cassava,Bibiani,Bibiani Central Market,1.4,GHS,WFP-GIEWS-Ghana
2020-01-20,cassava,Bibiani,Bibiani Central Market,1.35,GHS,WFP-GIEWS-Ghana
2020-01-27,cassava,Bibiani,Bibiani Central Market,1.39,GHS,WFP-GIEWS-Ghana
2020-02-03,cassava,Bibiani,Bibiani Central Market,1.53,GHS,WFP-GIEWS-Ghana
2020-02-10,cassava,Bibiani,Bibiani Central Market,1.43,GHS,WFP-GIEWS-Ghana
2020-02-17,cassava,Bibiani,Bibiani Central Market,1.48,GHS,WFP-GIEWS-Ghana
2020-02-24,cassava,Bibiani,Bibiani Central Market,1.3,GHS,WFP-GIEWS-Ghana
2020-03-02,cassava,Bibiani,Bibiani Central Market,1.27,GHS,WFP-GIEWS-Ghana
2020-03-09,cassava,Bibiani,Bibiani Central Market,1.23,GHS,WFP-GIEWS-Ghana
2020-03-16,cassava,Bibiani,Bibiani Central Market,1.21,GHS,WFP-GIEWS-Ghana
2020-03-23,cassava,Bibiani,Bibiani Central Market,1.25,GHS,WFP-GIEWS-Ghana
2020-03-30,cassava,Bibiani,Bibiani Central Market,1.21,GHS,WFP-GIEWS-Ghana
2020-04-06,cassava,Bibiani,Bibiani Central Market,1.14,GHS,WFP-GIEWS-Ghana
2020-04-13,cassava,Bibiani,Bibiani Central Market,1.29,GHS,WFP-GIEWS-Ghana
2020-04-20,cassava,Bibiani,Bibiani Central Market,1.26,GHS,WFP-GIEWS-Ghana
2020-04-27,cassava,Bibiani,Bibiani Central Market,1.23,GHS,WFP-GIEWS-Ghana
2020-05-04,cassava,Bibiani,Bibiani Central Market,1.21,GHS,WFP-GIEWS-Ghana
2020-05-11,cassava,Bibiani,Bibiani Central Market,1.18,GHS,WFP-GIEWS-Ghana
2020-05-18,cassava,Bibiani,Bibiani Central Market,1.26,GHS,WFP-GIEWS-Ghana
2020-05-25,cassava,Bibiani,Bibiani Central Market,1.33,GHS,WFP-GIEWS-Ghana
2020-06-01,cassava,Bibiani,Bibiani Central Market,1.38,GHS,WFP-GIEWS-Ghana
2020-06-08,cassava,Bibiani,Bibiani Central Market,1.3,GHS,WFP-GIEWS-Ghana
2020-06-15,cassava,Bibiani,Bibiani Central Market,1.38,GHS,WFP-GIEWS-Ghana
2020-06-22,cassava,Bibiani,Bibiani Central Market,1.37,GHS,WFP-GIEWS-Ghana
2020-06-29,cassava,Bibiani,Bibiani Central Market,1.42,GHS,WFP-GIEWS-Ghana
2020-07-06,cassava,Bibiani,Bibiani Central Market,1.58,GHS,WFP-GIEWS-Ghana
2020-07-13,cassava,Bibiani,Bibiani Central Market,1.36,GHS,WFP-GIEWS-Ghana
2020-07-20,cassava,Bibiani,Bibiani Central Market,1.58,GHS,WFP-GIEWS-Ghana
2020-07-27,cassava,Bibiani,Bibiani Central Market,1.48,GHS,WFP-GIEWS-Ghana
2020-08-03,cassava,Bibiani,Bibiani Central Market,1.47,GHS,WFP-GIEWS-Ghana
2020-08-10,cassava,Bibiani,Bibiani Central Market,1.54,GHS,WFP-GIEWS-Ghana
2020-08-17,cassava,Bibiani,Bibiani Central Market,1.58,GHS,WFP-GIEWS-Ghana
2020-08-24,cassava,Bibiani,Bibiani Central Market,1.45,GHS,WFP-GIEWS-Ghana
2020-08-31,cassava,Bibiani,Bibiani Central Market,1.6,GHS,WFP-GIEWS-Ghana
2020-09-07,cassava,Bibiani,Bibiani Central Market,1.44,GHS,WFP-GIEWS-Ghana
2020-09-14,cassava,Bibiani,Bibiani Central Market,1.4,GHS,WFP-GIEWS-Ghana
2020-09-21,cassava,Bibiani,Bibiani Central Market,1.35,GHS,WFP-GIEWS-Ghana
2020-09-28,cassava,Bibiani,Bibiani Central Market,1.34,GHS,WFP-GIEWS-Ghana
2020-10-05,cassava,Bibiani,Bibiani Central Market,1.24,GHS,WFP-GIEWS-Ghana
2020-10-12,cassava,Bibiani,Bibiani Central Market,1.12,GHS,WFP-GIEWS-Ghana
2020-10-19,cassava,Bibiani,Bibiani Central Market,1.25,GHS,WFP-GIEWS-Ghana
2020-10-26,cassava,Bibiani,Bibiani Central Market,1.19,GHS,WFP-GIEWS-Ghana
2020-11-02,cassava,Bibiani,Bibiani Central Market,1.2,GHS,WFP-GIEWS-Ghana
2020-11-09,cassava,Bibiani,Bibiani Central Market,1.12,GHS,WFP-GIEWS-Ghana
2020-11-16,cassava,Bibiani,Bibiani Central Market,1.2,GHS,WFP-GIEWS-Ghana
2020-11-23,cassava,Bibiani,Bibiani Central Market,1.23,GHS,WFP-GIEWS-Ghana
2020-11-30,cassava,Bibiani,Bibiani Central Market,1.14,GHS,WFP-GIEWS-Ghana
2020-12-07,cassava,Bibiani,Bibiani Central Market,1.24,GHS,WFP-GIEWS-Ghana
2020-12-14,cassava,Bibiani,Bibiani Central Market,1.22,GHS,WFP-GIEWS-Ghana
2020-12-21,cassava,Bibiani,Bibiani Central Market,1.18,GHS,WFP-GIEWS-Ghana
2020-12-28,cassava,Bibiani,Bibiani Central Market,1.25,GHS,WFP-GIEWS-Ghana
2021-01-04,cassava,Bibiani,Bibiani Central Market,1.41,GHS,WFP-GIEWS-Ghana
2021-01-11,cassava,Bibiani,Bibiani Central Market,1.57,GHS,WFP-GIEWS-Ghana
2021-01-18,cassava,Bibiani,Bibiani Central Market,1.65,GHS,WFP-GIEWS-Ghana
2021-01-25,cassava,Bibiani,Bibiani Central Market,1.64,GHS,WFP-GIEWS-Ghana
2021-02-01,cassava,Bibiani,Bibiani Central Market,1.58,GHS,WFP-GIEWS-Ghana
2021-02-08,cassava,Bibiani,Bibiani Central Market,1.54,GHS,WFP-GIEWS-Ghana
2021-02-15,cassava,Bibiani,Bibiani Central Market,1.52,GHS,WFP-GIEWS-Ghana
2021-02-22,cassava,Bibiani,Bibiani Central Market,1.54,GHS,WFP-GIEWS-Ghana
2021-03-01,cassava,Bibiani,Bibiani Central Market,1.37,GHS,WFP-GIEWS-Ghana
2021-03-08,cassava,Bibiani,Bibiani Central Market,1.29,GHS,WFP-GIEWS-Ghana
2021-03-15,cassava,Bibiani,Bibiani Central Market,1.38,GHS,WFP-GIEWS-Ghana
2021-03-22,cassava,Bibiani,Bibiani Central Market,1.45,GHS,WFP-GIEWS-Ghana
2021-03-29,cassava,Bibiani,Bibiani Central Market,1.33,GHS,WFP-GIEWS-Ghana
2021-04-05,cassava,Bibiani,Bibiani Central Market,1.27,GHS,WFP-GIEWS-Ghana
2021-04-12,cassava,Bibiani,Bibiani Central Market,1.27,GHS,WFP-GIEWS-Ghana
2021-04-19,cassava,Bibiani,Bibiani Central Market,1.39,GHS,WFP-GIEWS-Ghana
2021-04-26,cassava,Bibiani,Bibiani Central Market,1.34,GHS,WFP-GIEWS-Ghana
2021-05-03,cassava,Bibiani,Bibiani Central Market,1.4,GHS,WFP-GIEWS-Ghana
2021-05-10,cassava,Bibiani,Bibiani Central Market,1.32,GHS,WFP-GIEWS-Ghana
2021-05-17,cassava,Bibiani,Bibiani Central Market,1.4,GHS,WFP-GIEWS-Ghana
2021-05-24,cassava,Bibiani,Bibiani Central Market,1.35,GHS,WFP-GIEWS-Ghana
2021-05-31,cassava,Bibiani,Bibiani Central Market,1.31,GHS,WFP-GIEWS-Ghana
2021-06-07,cassava,Bibiani,Bibiani Central Market,1.46,GHS,WFP-GIEWS-Ghana
2021-06-14,cassava,Bibiani,Bibiani Central Market,1.41,GHS,WFP-GIEWS-Ghana
2021-06-21,cassava,Bibiani,Bibiani Central Market,1.6,GHS,WFP-GIEWS-Ghana
2021-06-28,cassava,Bibiani,Bibiani Central Market,1.48,GHS,WFP-GIEWS-Ghana
2021-07-05,cassava,Bibiani,Bibiani Central Market,1.71,GHS,WFP-GIEWS-Ghana
2021-07-12,cassava,Bibiani,Bibiani Central Market,1.63,GHS,WFP-GIEWS-Ghana
2021-07-19,cassava,Bibiani,Bibiani Central Market,1.6,GHS,WFP-GIEWS-Ghana
2021-07-26,cassava,Bibiani,Bibiani Central Market,1.65,GHS,WFP-GIEWS-Ghana
2021-08-02,cassava,Bibiani,Bibiani Central Market,1.75,GHS,WFP-GIEWS-Ghana
2021-08-09,cassava,Bibiani,Bibiani Central Market,1.65,GHS,WFP-GIEWS-Ghana
2021-08-16,cassava,Bibiani,Bibiani Central Market,1.62,GHS,WFP-GIEWS-Ghana
2021-08-23,cassava,Bibiani,Bibiani Central Market,1.69,GHS,WFP-GIEWS-Ghana
2021-08-30,cassava,Bibiani,Bibiani Central Market,1.71,GHS,WFP-GIEWS-Ghana
2021-09-06,cassava,Bibiani,Bibiani Central Market,1.61,GHS,WFP-GIEWS-Ghana
2021-09-13,cassava,Bibiani,Bibiani Central Market,1.53,GHS,WFP-GIEWS-Ghana
2021-09-20,cassava,Bibiani,Bibiani Central Market,1.55,GHS,WFP-GIEWS-Ghana
2021-09-27,cassava,Bibiani,Bibiani Central Market,1.55,GHS,WFP-GIEWS-Ghana
2021-10-04,cassava,Bibiani,Bibiani Central Market,1.23,GHS,WFP-GIEWS-Ghana
2021-10-11,cassava,Bibiani,Bibiani Central Market,1.24,GHS,WFP-GIEWS-Ghana
2021-10-18,cassava,Bibiani,Bibiani Central Market,1.24,GHS,WFP-GIEWS-Ghana
2021-10-25,cassava,Bibiani,Bibiani Central Market,1.22,GHS,WFP-GIEWS-Ghana
2021-11-01,cassava,Bibiani,Bibiani Central Market,1.34,GHS,WFP-GIEWS-Ghana
2021-11-08,cassava,Bibiani,Bibiani Central Market,1.31,GHS,WFP-GIEWS-Ghana
2021-11-15,cassava,Bibiani,Bibiani Central Market,1.3,GHS,WFP-GIEWS-Ghana
2021-11-22,cassava,Bibiani,Bibiani Central Market,1.17,GHS,WFP-GIEWS-Ghana
2021-11-29,cassava,Bibiani,Bibiani Central Market,1.41,GHS,WFP-GIEWS-Ghana
2021-12-06,cassava,Bibiani,Bibiani Central Market,1.26,GHS,WFP-GIEWS-Ghana
2021-12-13,cassava,Bibiani,Bibiani Central Market,1.42,GHS,WFP-GIEWS-Ghana
2021-12-20,cassava,Bibiani,Bibiani Central Market,1.23,GHS,WFP-GIEWS-Ghana
2021-12-27,cassava,Bibiani,Bibiani Central Market,1.27,GHS,WFP-GIEWS-Ghana
2022-01-03,cassava,Bibiani,Bibiani Central Market,1.53,GHS,WFP-GIEWS-Ghana
2022-01-10,cassava,Bibiani,Bibiani Central Market,1.7,GHS,WFP-GIEWS-Ghana
2022-01-17,cassava,Bibiani,Bibiani Central Market,1.6,GHS,WFP-GIEWS-Ghana
2022-01-24,cassava,Bibiani,Bibiani Central Market,1.6,GHS,WFP-GIEWS-Ghana
2022-01-31,cassava,Bibiani,Bibiani Central Market,1.58,GHS,WFP-GIEWS-Ghana
2022-02-07,cassava,Bibiani,Bibiani Central Market,1.74,GHS,WFP-GIEWS-Ghana
2022-02-14,cassava,Bibiani,Bibiani Central Market,1.73,GHS,WFP-GIEWS-Ghana
2022-02-21,cassava,Bibiani,Bibiani Central Market,1.81,GHS,WFP-GIEWS-Ghana
2022-02-28,cassava,Bibiani,Bibiani Central Market,1.64,GHS,WFP-GIEWS-Ghana
2022-03-07,cassava,Bibiani,Bibiani Central Market,1.46,GHS,WFP-GIEWS-Ghana
2022-03-14,cassava,Bibiani,Bibiani Central Market,1.37,GHS,WFP-GIEWS-Ghana
2022-03-21,cassava,Bibiani,Bibiani Central Market,1.42,GHS,WFP-GIEWS-Ghana
2022-03-28,cassava,Bibiani,Bibiani Central Market,1.41,GHS,WFP-GIEWS-Ghana
2022-04-04,cassava,Bibiani,Bibiani Central Market,1.48,GHS,WFP-GIEWS-Ghana
2022-04-11,cassava,Bibiani,Bibiani Central Market,1.51,GHS,WFP-GIEWS-Ghana
2022-04-18,cassava,Bibiani,Bibiani Central Market,1.51,GHS,WFP-GIEWS-Ghana
2022-04-25,cassava,Bibiani,Bibiani Central Market,1.4,GHS,WFP-GIEWS-Ghana
2022-05-02,cassava,Bibiani,Bibiani Central Market,1.52,GHS,WFP-GIEWS-Ghana
2022-05-09,cassava,Bibiani,Bibiani Central Market,1.46,GHS,WFP-GIEWS-Ghana
2022-05-16,cassava,Bibiani,Bibiani Central Market,1.44,GHS,WFP-GIEWS-Ghana
2022-05-23,cassava,Bibiani,Bibiani Central Market,1.42,GHS,WFP-GIEWS-Ghana
2022-05-30,cassava,Bibiani,Bibiani Central Market,1.43,GHS,WFP-GIEWS-Ghana
2022-06-06,cassava,Bibiani,Bibiani Central Market,1.71,GHS,WFP-GIEWS-Ghana
2022-06-13,cassava,Bibiani,Bibiani Central Market,1.62,GHS,WFP-GIEWS-Ghana
2022-06-20,cassava,Bibiani,Bibiani Central Market,1.61,GHS,WFP-GIEWS-Ghana
2022-06-27,cassava,Bibiani,Bibiani Central Market,1.58,GHS,WFP-GIEWS-Ghana
2022-07-04,cassava,Bibiani,Bibiani Central Market,1.98,GHS,WFP-GIEWS-Ghana
2022-07-11,cassava,Bibiani,Bibiani Central Market,1.9,GHS,WFP-GIEWS-Ghana
2022-07-18,cassava,Bibiani,Bibiani Central Market,1.75,GHS,WFP-GIEWS-Ghana
2022-07-25,cassava,Bibiani,Bibiani Central Market,1.78,GHS,WFP-GIEWS-Ghana
2022-08-01,cassava,Bibiani,Bibiani Central Market,1.8,GHS,WFP-GIEWS-Ghana
2022-08-08,cassava,Bibiani,Bibiani Central Market,1.83,GHS,WFP-GIEWS-Ghana
2022-08-15,cassava,Bibiani,Bibiani Central Market,1.76,GHS,WFP-GIEWS-Ghana
2022-08-22,cassava,Bibiani,Bibiani Central Market,1.85,GHS,WFP-GIEWS-Ghana
2022-08-29,cassava,Bibiani,Bibiani Central Market,1.92,GHS,WFP-GIEWS-Ghana
2022-09-05,cassava,Bibiani,Bibiani Central Market,1.54,GHS,WFP-GIEWS-Ghana
2022-09-12,cassava,Bibiani,Bibiani Central Market,1.56,GHS,WFP-GIEWS-Ghana
2022-09-19,cassava,Bibiani,Bibiani Central Market,1.6,GHS,WFP-GIEWS-Ghana
2022-09-26,cassava,Bibiani,Bibiani Central Market,1.6,GHS,WFP-GIEWS-Ghana
2022-10-03,cassava,Bibiani,Bibiani Central Market,1.51,GHS,WFP-GIEWS-Ghana
2022-10-10,cassava,Bibiani,Bibiani Central Market,1.45,GHS,WFP-GIEWS-Ghana
2022-10-17,cassava,Bibiani,Bibiani Central Market,1.45,GHS,WFP-GIEWS-Ghana
2022-10-24,cassava,Bibiani,Bibiani Central Market,1.38,GHS,WFP-GIEWS-Ghana
2022-10-31,cassava,Bibiani,Bibiani Central Market,1.38,GHS,WFP-GIEWS-Ghana
2022-11-07,cassava,Bibiani,Bibiani Central Market,1.32,GHS,WFP-GIEWS-Ghana
2022-11-14,cassava,Bibiani,Bibiani Central Market,1.45,GHS,WFP-GIEWS-Ghana
2022-11-21,cassava,Bibiani,Bibiani Central Market,1.43,GHS,WFP-GIEWS-Ghana
2022-11-28,cassava,Bibiani,Bibiani Central Market,1.48,GHS,WFP-GIEWS-Ghana
2022-12-05,cassava,Bibiani,Bibiani Central Market,1.4,GHS,WFP-GIEWS-Ghana
2022-12-12,cassava,Bibiani,Bibiani Central Market,1.4,GHS,WFP-GIEWS-Ghana
2022-12-19,cassava,Bibiani,Bibiani Central Market,1.42,GHS,WFP-GIEWS-Ghana
2022-12-26,cassava,Bibiani,Bibiani Central Market,1.46,GHS,WFP-GIEWS-Ghana
2023-01-02,cassava,Bibiani,Bibiani Central Market,1.7,GHS,WFP-GIEWS-Ghana
2023-01-09,cassava,Bibiani,Bibiani Central Market,1.86,GHS,WFP-GIEWS-Ghana
2023-01-16,cassava,Bibiani,Bibiani Central Market,1.81,GHS,WFP-GIEWS-Ghana
2023-01-23,cassava,Bibiani,Bibiani Central Market,1.73,GHS,WFP-GIEWS-Ghana
2023-01-30,cassava,Bibiani,Bibiani Central Market,1.66,GHS,WFP-GIEWS-Ghana
2023-02-06,cassava,Bibiani,Bibiani Central Market,1.81,GHS,WFP-GIEWS-Ghana
2023-02-13,cassava,Bibiani,Bibiani Central Market,1.92,GHS,WFP-GIEWS-Ghana
2023-02-20,cassava,Bibiani,Bibiani Central Market,1.94,GHS,WFP-GIEWS-Ghana
2023-02-27,cassava,Bibiani,Bibiani Central Market,1.84,GHS,WFP-GIEWS-Ghana
2023-03-06,cassava,Bibiani,Bibiani Central Market,1.68,GHS,WFP-GIEWS-Ghana
2023-03-13,cassava,Bibiani,Bibiani Central Market,1.56,GHS,WFP-GIEWS-Ghana
2023-03-20,cassava,Bibiani,Bibiani Central Market,1.62,GHS,WFP-GIEWS-Ghana
2023-03-27,cassava,Bibiani,Bibiani Central Market,1.53,GHS,WFP-GIEWS-Ghana
2023-04-03,cassava,Bibiani,Bibiani Central Market,1.54,GHS,WFP-GIEWS-Ghana
2023-04-10,cassava,Bibiani,Bibiani Central Market,1.53,GHS,WFP-GIEWS-Ghana
2023-04-17,cassava,Bibiani,Bibiani Central Market,1.44,GHS,WFP-GIEWS-Ghana
2023-04-24,cassava,Bibiani,Bibiani Central Market,1.65,GHS,WFP-GIEWS-Ghana
2023-05-01,cassava,Bibiani,Bibiani Central Market,1.54,GHS,WFP-GIEWS-Ghana
2023-05-08,cassava,Bibiani,Bibiani Central Market,1.53,GHS,WFP-GIEWS-Ghana
2023-05-15,cassava,Bibiani,Bibiani Central Market,1.5,GHS,WFP-GIEWS-Ghana
2023-05-22,cassava,Bibiani,Bibiani Central Market,1.57,GHS,WFP-GIEWS-Ghana
2023-05-29,cassava,Bibiani,Bibiani Central Market,1.69,GHS,WFP-GIEWS-Ghana
2023-06-05,cassava,Bibiani,Bibiani Central Market,1.87,GHS,WFP-GIEWS-Ghana
2023-06-12,cassava,Bibiani,Bibiani Central Market,1.61,GHS,WFP-GIEWS-Ghana
2023-06-19,cassava,Bibiani,Bibiani Central Market,1.7,GHS,WFP-GIEWS-Ghana
2023-06-26,cassava,Bibiani,Bibiani Central Market,1.66,GHS,WFP-GIEWS-Ghana
2023-07-03,cassava,Bibiani,Bibiani Central Market,2.02,GHS,WFP-GIEWS-Ghana
2023-07-10,cassava,Bibiani,Bibiani Central Market,1.97,GHS,WFP-GIEWS-Ghana
2023-07-17,cassava,Bibiani,Bibiani Central Market,1.9,GHS,WFP-GIEWS-Ghana
2023-07-24,cassava,Bibiani,Bibiani Central Market,1.95,GHS,WFP-GIEWS-Ghana
2023-07-31,cassava,Bibiani,Bibiani Central Market,1.91,GHS,WFP-GIEWS-Ghana
2023-08-07,cassava,Bibiani,Bibiani Central Market,2.09,GHS,WFP-GIEWS-Ghana
2023-08-14,cassava,Bibiani,Bibiani Central Market,2.0,GHS,WFP-GIEWS-Ghana
2023-08-21,cassava,Bibiani,Bibiani Central Market,2.01,GHS,WFP-GIEWS-Ghana
2023-08-28,cassava,Bibiani,Bibiani Central Market,1.75,GHS,WFP-GIEWS-Ghana
2023-09-04,cassava,Bibiani,Bibiani Central Market,1.76,GHS,WFP-GIEWS-Ghana
2023-09-11,cassava,Bibiani,Bibiani Central Market,1.91,GHS,WFP-GIEWS-Ghana
2023-09-18,cassava,Bibiani,Bibiani Central Market,1.85,GHS,WFP-GIEWS-Ghana
2023-09-25,cassava,Bibiani,Bibiani Central Market,1.63,GHS,WFP-GIEWS-Ghana
2023-10-02,cassava,Bibiani,Bibiani Central Market,1.49,GHS,WFP-GIEWS-Ghana
2023-10-09,cassava,Bibiani,Bibiani Central Market,1.43,GHS,WFP-GIEWS-Ghana
2023-10-16,cassava,Bibiani,Bibiani Central Market,1.61,GHS,WFP-GIEWS-Ghana
2023-10-23,cassava,Bibiani,Bibiani Central Market,1.52,GHS,WFP-GIEWS-Ghana
2023-10-30,cassava,Bibiani,Bibiani Central Market,1.46,GHS,WFP-GIEWS-Ghana
2023-11-06,cassava,Bibiani,Bibiani Central Market,1.52,GHS,WFP-GIEWS-Ghana
2023-11-13,cassava,Bibiani,Bibiani Central Market,1.36,GHS,WFP-GIEWS-Ghana
2023-11-20,cassava,Bibiani,Bibiani Central Market,1.45,GHS,WFP-GIEWS-Ghana
2023-11-27,cassava,Bibiani,Bibiani Central Market,1.52,GHS,WFP-GIEWS-Ghana
2023-12-04,cassava,Bibiani,Bibiani Central Market,1.58,GHS,WFP-GIEWS-Ghana
2023-12-11,cassava,Bibiani,Bibiani Central Market,1.41,GHS,WFP-GIEWS-Ghana
2023-12-18,cassava,Bibiani,Bibiani Central Market,1.5,GHS,WFP-GIEWS-Ghana
2023-12-25,cassava,Bibiani,Bibiani Central Market,1.59,GHS,WFP-GIEWS-Ghana
2024-01-01,cassava,Bibiani,Bibiani Central Market,1.84,GHS,WFP-GIEWS-Ghana
2024-01-08,cassava,Bibiani,Bibiani Central Market,1.97,GHS,WFP-GIEWS-Ghana
2024-01-15,cassava,Bibiani,Bibiani Central Market,1.96,GHS,WFP-GIEWS-Ghana
2024-01-22,cassava,Bibiani,Bibiani Central Market,2.09,GHS,WFP-GIEWS-Ghana
2024-01-29,cassava,Bibiani,Bibiani Central Market,1.93,GHS,WFP-GIEWS-Ghana
2024-02-05,cassava,Bibiani,Bibiani Central Market,1.95,GHS,WFP-GIEWS-Ghana
2024-02-12,cassava,Bibiani,Bibiani Central Market,2.03,GHS,WFP-GIEWS-Ghana
2024-02-19,cassava,Bibiani,Bibiani Central Market,1.86,GHS,WFP-GIEWS-Ghana
2024-02-26,cassava,Bibiani,Bibiani Central Market,1.95,GHS,WFP-GIEWS-Ghana
2024-03-04,cassava,Bibiani,Bibiani Central Market,1.65,GHS,WFP-GIEWS-Ghana
2024-03-11,cassava,Bibiani,Bibiani Central Market,1.67,GHS,WFP-GIEWS-Ghana
2024-03-18,cassava,Bibiani,Bibiani Central Market,1.74,GHS,WFP-GIEWS-Ghana
2024-03-25,cassava,Bibiani,Bibiani Central Market,1.72,GHS,WFP-GIEWS-Ghana
2024-04-01,cassava,Bibiani,Bibiani Central Market,1.64,GHS,WFP-GIEWS-Ghana
2024-04-08,cassava,Bibiani,Bibiani Central Market,1.7,GHS,WFP-GIEWS-Ghana
2024-04-15,cassava,Bibiani,Bibiani Central Market,1.8,GHS,WFP-GIEWS-Ghana
2024-04-22,cassava,Bibiani,Bibiani Central Market,1.64,GHS,WFP-GIEWS-Ghana
2024-04-29,cassava,Bibiani,Bibiani Central Market,1.7,GHS,WFP-GIEWS-Ghana
2024-05-06,cassava,Bibiani,Bibiani Central Market,1.69,GHS,WFP-GIEWS-Ghana
2024-05-13,cassava,Bibiani,Bibiani Central Market,1.7,GHS,WFP-GIEWS-Ghana
2024-05-20,cassava,Bibiani,Bibiani Central Market,1.59,GHS,WFP-GIEWS-Ghana
2024-05-27,cassava,Bibiani,Bibiani Central Market,1.8,GHS,WFP-GIEWS-Ghana
2024-06-03,cassava,Bibiani,Bibiani Central Market,1.81,GHS,WFP-GIEWS-Ghana
2024-06-10,cassava,Bibiani,Bibiani Central Market,1.94,GHS,WFP-GIEWS-Ghana
2024-06-17,cassava,Bibiani,Bibiani Central Market,1.82,GHS,WFP-GIEWS-Ghana
2024-06-24,cassava,Bibiani,Bibiani Central Market,1.82,GHS,WFP-GIEWS-Ghana
2024-07-01,cassava,Bibiani,Bibiani Central Market,2.21,GHS,WFP-GIEWS-Ghana
2024-07-08,cassava,Bibiani,Bibiani Central Market,2.19,GHS,WFP-GIEWS-Ghana
2024-07-15,cassava,Bibiani,Bibiani Central Market,2.12,GHS,WFP-GIEWS-Ghana
2024-07-22,cassava,Bibiani,Bibiani Central Market,2.17,GHS,WFP-GIEWS-Ghana
2024-07-29,cassava,Bibiani,Bibiani Central Market,2.08,GHS,WFP-GIEWS-Ghana
2024-08-05,cassava,Bibiani,Bibiani Central Market,2.12,GHS,WFP-GIEWS-Ghana
2024-08-12,cassava,Bibiani,Bibiani Central Market,2.06,GHS,WFP-GIEWS-Ghana
2024-08-19,cassava,Bibiani,Bibiani Central Market,2.19,GHS,WFP-GIEWS-Ghana
2024-08-26,cassava,Bibiani,Bibiani Central Market,2.06,GHS,WFP-GIEWS-Ghana
2024-09-02,cassava,Bibiani,Bibiani Central Market,2.01,GHS,WFP-GIEWS-Ghana
2024-09-09,cassava,Bibiani,Bibiani Central Market,1.88,GHS,WFP-GIEWS-Ghana
2024-09-16,cassava,Bibiani,Bibiani Central Market,1.9,GHS,WFP-GIEWS-Ghana
2024-09-23,cassava,Bibiani,Bibiani Central Market,1.96,GHS,WFP-GIEWS-Ghana
2024-09-30,cassava,Bibiani,Bibiani Central Market,1.9,GHS,WFP-GIEWS-Ghana
2024-10-07,cassava,Bibiani,Bibiani Central Market,1.61,GHS,WFP-GIEWS-Ghana
2024-10-14,cassava,Bibiani,Bibiani Central Market,1.63,GHS,WFP-GIEWS-Ghana
2024-10-21,cassava,Bibiani,Bibiani Central Market,1.69,GHS,WFP-GIEWS-Ghana
2024-10-28,cassava,Bibiani,Bibiani Central Market,1.58,GHS,WFP-GIEWS-Ghana
2024-11-04,cassava,Bibiani,Bibiani Central Market,1.63,GHS,WFP-GIEWS-Ghana
2024-11-11,cassava,Bibiani,Bibiani Central Market,1.64,GHS,WFP-GIEWS-Ghana
2024-11-18,cassava,Bibiani,Bibiani Central Market,1.69,GHS,WFP-GIEWS-Ghana
2024-11-25,cassava,Bibiani,Bibiani Central Market,1.63,GHS,WFP-GIEWS-Ghana
2024-12-02,cassava,Bibiani,Bibiani Central Market,1.77,GHS,WFP-GIEWS-Ghana
2024-12-09,cassava,Bibiani,Bibiani Central Market,1.64,GHS,WFP-GIEWS-Ghana
2024-12-16,cassava,Bibiani,Bibiani Central Market,1.63,GHS,WFP-GIEWS-Ghana
2024-12-23,cassava,Bibiani,Bibiani Central Market,1.64,GHS,WFP-GIEWS-Ghana
2024-12-30,cassava,Bibiani,Bibiani Central Market,1.56,GHS,WFP-GIEWS-Ghana
2018-01-01,cassava,Juaboso,Juaboso Weekly Market,1.22,GHS,WFP-GIEWS-Ghana
2018-01-08,cassava,Juaboso,Juaboso Weekly Market,1.3,GHS,WFP-GIEWS-Ghana
2018-01-15,cassava,Juaboso,Juaboso Weekly Market,1.25,GHS,WFP-GIEWS-Ghana
2018-01-22,cassava,Juaboso,Juaboso Weekly Market,1.22,GHS,WFP-GIEWS-Ghana
2018-01-29,cassava,Juaboso,Juaboso Weekly Market,1.31,GHS,WFP-GIEWS-Ghana
2018-02-05,cassava,Juaboso,Juaboso Weekly Market,1.33,GHS,WFP-GIEWS-Ghana
2018-02-12,cassava,Juaboso,Juaboso Weekly Market,1.32,GHS,WFP-GIEWS-Ghana
2018-02-19,cassava,Juaboso,Juaboso Weekly Market,1.21,GHS,WFP-GIEWS-Ghana
2018-02-26,cassava,Juaboso,Juaboso Weekly Market,1.23,GHS,WFP-GIEWS-Ghana
2018-03-05,cassava,Juaboso,Juaboso Weekly Market,1.16,GHS,WFP-GIEWS-Ghana
2018-03-12,cassava,Juaboso,Juaboso Weekly Market,1.09,GHS,WFP-GIEWS-Ghana
2018-03-19,cassava,Juaboso,Juaboso Weekly Market,1.07,GHS,WFP-GIEWS-Ghana
2018-03-26,cassava,Juaboso,Juaboso Weekly Market,1.11,GHS,WFP-GIEWS-Ghana
2018-04-02,cassava,Juaboso,Juaboso Weekly Market,1.13,GHS,WFP-GIEWS-Ghana
2018-04-09,cassava,Juaboso,Juaboso Weekly Market,1.06,GHS,WFP-GIEWS-Ghana
2018-04-16,cassava,Juaboso,Juaboso Weekly Market,1.09,GHS,WFP-GIEWS-Ghana
2018-04-23,cassava,Juaboso,Juaboso Weekly Market,1.12,GHS,WFP-GIEWS-Ghana
2018-04-30,cassava,Juaboso,Juaboso Weekly Market,1.03,GHS,WFP-GIEWS-Ghana
2018-05-07,cassava,Juaboso,Juaboso Weekly Market,1.09,GHS,WFP-GIEWS-Ghana
2018-05-14,cassava,Juaboso,Juaboso Weekly Market,1.04,GHS,WFP-GIEWS-Ghana
2018-05-21,cassava,Juaboso,Juaboso Weekly Market,1.05,GHS,WFP-GIEWS-Ghana
2018-05-28,cassava,Juaboso,Juaboso Weekly Market,1.07,GHS,WFP-GIEWS-Ghana
2018-06-04,cassava,Juaboso,Juaboso Weekly Market,1.22,GHS,WFP-GIEWS-Ghana
2018-06-11,cassava,Juaboso,Juaboso Weekly Market,1.18,GHS,WFP-GIEWS-Ghana
2018-06-18,cassava,Juaboso,Juaboso Weekly Market,1.16,GHS,WFP-GIEWS-Ghana
2018-06-25,cassava,Juaboso,Juaboso Weekly Market,1.2,GHS,WFP-GIEWS-Ghana
2018-07-02,cassava,Juaboso,Juaboso Weekly Market,1.28,GHS,WFP-GIEWS-Ghana
2018-07-09,cassava,Juaboso,Juaboso Weekly Market,1.37,GHS,WFP-GIEWS-Ghana
2018-07-16,cassava,Juaboso,Juaboso Weekly Market,1.41,GHS,WFP-GIEWS-Ghana
2018-07-23,cassava,Juaboso,Juaboso Weekly Market,1.34,GHS,WFP-GIEWS-Ghana
2018-07-30,cassava,Juaboso,Juaboso Weekly Market,1.33,GHS,WFP-GIEWS-Ghana
2018-08-06,cassava,Juaboso,Juaboso Weekly Market,1.37,GHS,WFP-GIEWS-Ghana
2018-08-13,cassava,Juaboso,Juaboso Weekly Market,1.24,GHS,WFP-GIEWS-Ghana
2018-08-20,cassava,Juaboso,Juaboso Weekly Market,1.38,GHS,WFP-GIEWS-Ghana
2018-08-27,cassava,Juaboso,Juaboso Weekly Market,1.52,GHS,WFP-GIEWS-Ghana
2018-09-03,cassava,Juaboso,Juaboso Weekly Market,1.21,GHS,WFP-GIEWS-Ghana
2018-09-10,cassava,Juaboso,Juaboso Weekly Market,1.21,GHS,WFP-GIEWS-Ghana
2018-09-17,cassava,Juaboso,Juaboso Weekly Market,1.25,GHS,WFP-GIEWS-Ghana
2018-09-24,cassava,Juaboso,Juaboso Weekly Market,1.3,GHS,WFP-GIEWS-Ghana
2018-10-01,cassava,Juaboso,Juaboso Weekly Market,1.08,GHS,WFP-GIEWS-Ghana
2018-10-08,cassava,Juaboso,Juaboso Weekly Market,0.95,GHS,WFP-GIEWS-Ghana
2018-10-15,cassava,Juaboso,Juaboso Weekly Market,1.06,GHS,WFP-GIEWS-Ghana
2018-10-22,cassava,Juaboso,Juaboso Weekly Market,1.15,GHS,WFP-GIEWS-Ghana
2018-10-29,cassava,Juaboso,Juaboso Weekly Market,1.07,GHS,WFP-GIEWS-Ghana
2018-11-05,cassava,Juaboso,Juaboso Weekly Market,1.0,GHS,WFP-GIEWS-Ghana
2018-11-12,cassava,Juaboso,Juaboso Weekly Market,1.06,GHS,WFP-GIEWS-Ghana
2018-11-19,cassava,Juaboso,Juaboso Weekly Market,0.99,GHS,WFP-GIEWS-Ghana
2018-11-26,cassava,Juaboso,Juaboso Weekly Market,1.1,GHS,WFP-GIEWS-Ghana
2018-12-03,cassava,Juaboso,Juaboso Weekly Market,1.01,GHS,WFP-GIEWS-Ghana
2018-12-10,cassava,Juaboso,Juaboso Weekly Market,1.06,GHS,WFP-GIEWS-Ghana
2018-12-17,cassava,Juaboso,Juaboso Weekly Market,1.02,GHS,WFP-GIEWS-Ghana
2018-12-24,cassava,Juaboso,Juaboso Weekly Market,1.03,GHS,WFP-GIEWS-Ghana
2018-12-31,cassava,Juaboso,Juaboso Weekly Market,1.12,GHS,WFP-GIEWS-Ghana
2019-01-07,cassava,Juaboso,Juaboso Weekly Market,1.35,GHS,WFP-GIEWS-Ghana
2019-01-14,cassava,Juaboso,Juaboso Weekly Market,1.32,GHS,WFP-GIEWS-Ghana
2019-01-21,cassava,Juaboso,Juaboso Weekly Market,1.29,GHS,WFP-GIEWS-Ghana
2019-01-28,cassava,Juaboso,Juaboso Weekly Market,1.25,GHS,WFP-GIEWS-Ghana
2019-02-04,cassava,Juaboso,Juaboso Weekly Market,1.29,GHS,WFP-GIEWS-Ghana
2019-02-11,cassava,Juaboso,Juaboso Weekly Market,1.36,GHS,WFP-GIEWS-Ghana
2019-02-18,cassava,Juaboso,Juaboso Weekly Market,1.41,GHS,WFP-GIEWS-Ghana
2019-02-25,cassava,Juaboso,Juaboso Weekly Market,1.33,GHS,WFP-GIEWS-Ghana
2019-03-04,cassava,Juaboso,Juaboso Weekly Market,1.24,GHS,WFP-GIEWS-Ghana
2019-03-11,cassava,Juaboso,Juaboso Weekly Market,1.13,GHS,WFP-GIEWS-Ghana
2019-03-18,cassava,Juaboso,Juaboso Weekly Market,1.15,GHS,WFP-GIEWS-Ghana
2019-03-25,cassava,Juaboso,Juaboso Weekly Market,1.11,GHS,WFP-GIEWS-Ghana
2019-04-01,cassava,Juaboso,Juaboso Weekly Market,1.22,GHS,WFP-GIEWS-Ghana
2019-04-08,cassava,Juaboso,Juaboso Weekly Market,1.27,GHS,WFP-GIEWS-Ghana
2019-04-15,cassava,Juaboso,Juaboso Weekly Market,1.09,GHS,WFP-GIEWS-Ghana
2019-04-22,cassava,Juaboso,Juaboso Weekly Market,1.15,GHS,WFP-GIEWS-Ghana
2019-04-29,cassava,Juaboso,Juaboso Weekly Market,1.23,GHS,WFP-GIEWS-Ghana
2019-05-06,cassava,Juaboso,Juaboso Weekly Market,1.11,GHS,WFP-GIEWS-Ghana
2019-05-13,cassava,Juaboso,Juaboso Weekly Market,1.2,GHS,WFP-GIEWS-Ghana
2019-05-20,cassava,Juaboso,Juaboso Weekly Market,1.24,GHS,WFP-GIEWS-Ghana
2019-05-27,cassava,Juaboso,Juaboso Weekly Market,1.18,GHS,WFP-GIEWS-Ghana
2019-06-03,cassava,Juaboso,Juaboso Weekly Market,1.32,GHS,WFP-GIEWS-Ghana
2019-06-10,cassava,Juaboso,Juaboso Weekly Market,1.38,GHS,WFP-GIEWS-Ghana
2019-06-17,cassava,Juaboso,Juaboso Weekly Market,1.39,GHS,WFP-GIEWS-Ghana
2019-06-24,cassava,Juaboso,Juaboso Weekly Market,1.29,GHS,WFP-GIEWS-Ghana
2019-07-01,cassava,Juaboso,Juaboso Weekly Market,1.42,GHS,WFP-GIEWS-Ghana
2019-07-08,cassava,Juaboso,Juaboso Weekly Market,1.4,GHS,WFP-GIEWS-Ghana
2019-07-15,cassava,Juaboso,Juaboso Weekly Market,1.51,GHS,WFP-GIEWS-Ghana
2019-07-22,cassava,Juaboso,Juaboso Weekly Market,1.37,GHS,WFP-GIEWS-Ghana
2019-07-29,cassava,Juaboso,Juaboso Weekly Market,1.44,GHS,WFP-GIEWS-Ghana
2019-08-05,cassava,Juaboso,Juaboso Weekly Market,1.47,GHS,WFP-GIEWS-Ghana
2019-08-12,cassava,Juaboso,Juaboso Weekly Market,1.43,GHS,WFP-GIEWS-Ghana
2019-08-19,cassava,Juaboso,Juaboso Weekly Market,1.48,GHS,WFP-GIEWS-Ghana
2019-08-26,cassava,Juaboso,Juaboso Weekly Market,1.61,GHS,WFP-GIEWS-Ghana
2019-09-02,cassava,Juaboso,Juaboso Weekly Market,1.31,GHS,WFP-GIEWS-Ghana
2019-09-09,cassava,Juaboso,Juaboso Weekly Market,1.29,GHS,WFP-GIEWS-Ghana
2019-09-16,cassava,Juaboso,Juaboso Weekly Market,1.37,GHS,WFP-GIEWS-Ghana
2019-09-23,cassava,Juaboso,Juaboso Weekly Market,1.33,GHS,WFP-GIEWS-Ghana
2019-09-30,cassava,Juaboso,Juaboso Weekly Market,1.39,GHS,WFP-GIEWS-Ghana
2019-10-07,cassava,Juaboso,Juaboso Weekly Market,1.13,GHS,WFP-GIEWS-Ghana
2019-10-14,cassava,Juaboso,Juaboso Weekly Market,1.11,GHS,WFP-GIEWS-Ghana
2019-10-21,cassava,Juaboso,Juaboso Weekly Market,1.04,GHS,WFP-GIEWS-Ghana
2019-10-28,cassava,Juaboso,Juaboso Weekly Market,1.05,GHS,WFP-GIEWS-Ghana
2019-11-04,cassava,Juaboso,Juaboso Weekly Market,1.05,GHS,WFP-GIEWS-Ghana
2019-11-11,cassava,Juaboso,Juaboso Weekly Market,1.15,GHS,WFP-GIEWS-Ghana
2019-11-18,cassava,Juaboso,Juaboso Weekly Market,1.07,GHS,WFP-GIEWS-Ghana
2019-11-25,cassava,Juaboso,Juaboso Weekly Market,1.19,GHS,WFP-GIEWS-Ghana
2019-12-02,cassava,Juaboso,Juaboso Weekly Market,1.14,GHS,WFP-GIEWS-Ghana
2019-12-09,cassava,Juaboso,Juaboso Weekly Market,1.13,GHS,WFP-GIEWS-Ghana
2019-12-16,cassava,Juaboso,Juaboso Weekly Market,1.1,GHS,WFP-GIEWS-Ghana
2019-12-23,cassava,Juaboso,Juaboso Weekly Market,1.17,GHS,WFP-GIEWS-Ghana
2019-12-30,cassava,Juaboso,Juaboso Weekly Market,1.1,GHS,WFP-GIEWS-Ghana
2020-01-06,cassava,Juaboso,Juaboso Weekly Market,1.4,GHS,WFP-GIEWS-Ghana
2020-01-13,cassava,Juaboso,Juaboso Weekly Market,1.53,GHS,WFP-GIEWS-Ghana
2020-01-20,cassava,Juaboso,Juaboso Weekly Market,1.48,GHS,WFP-GIEWS-Ghana
2020-01-27,cassava,Juaboso,Juaboso Weekly Market,1.44,GHS,WFP-GIEWS-Ghana
2020-02-03,cassava,Juaboso,Juaboso Weekly Market,1.5,GHS,WFP-GIEWS-Ghana
2020-02-10,cassava,Juaboso,Juaboso Weekly Market,1.47,GHS,WFP-GIEWS-Ghana
2020-02-17,cassava,Juaboso,Juaboso Weekly Market,1.49,GHS,WFP-GIEWS-Ghana
2020-02-24,cassava,Juaboso,Juaboso Weekly Market,1.42,GHS,WFP-GIEWS-Ghana
2020-03-02,cassava,Juaboso,Juaboso Weekly Market,1.36,GHS,WFP-GIEWS-Ghana
2020-03-09,cassava,Juaboso,Juaboso Weekly Market,1.23,GHS,WFP-GIEWS-Ghana
2020-03-16,cassava,Juaboso,Juaboso Weekly Market,1.33,GHS,WFP-GIEWS-Ghana
2020-03-23,cassava,Juaboso,Juaboso Weekly Market,1.25,GHS,WFP-GIEWS-Ghana
2020-03-30,cassava,Juaboso,Juaboso Weekly Market,1.3,GHS,WFP-GIEWS-Ghana
2020-04-06,cassava,Juaboso,Juaboso Weekly Market,1.3,GHS,WFP-GIEWS-Ghana
2020-04-13,cassava,Juaboso,Juaboso Weekly Market,1.32,GHS,WFP-GIEWS-Ghana
2020-04-20,cassava,Juaboso,Juaboso Weekly Market,1.22,GHS,WFP-GIEWS-Ghana
2020-04-27,cassava,Juaboso,Juaboso Weekly Market,1.32,GHS,WFP-GIEWS-Ghana
2020-05-04,cassava,Juaboso,Juaboso Weekly Market,1.37,GHS,WFP-GIEWS-Ghana
2020-05-11,cassava,Juaboso,Juaboso Weekly Market,1.26,GHS,WFP-GIEWS-Ghana
2020-05-18,cassava,Juaboso,Juaboso Weekly Market,1.27,GHS,WFP-GIEWS-Ghana
2020-05-25,cassava,Juaboso,Juaboso Weekly Market,1.25,GHS,WFP-GIEWS-Ghana
2020-06-01,cassava,Juaboso,Juaboso Weekly Market,1.37,GHS,WFP-GIEWS-Ghana
2020-06-08,cassava,Juaboso,Juaboso Weekly Market,1.49,GHS,WFP-GIEWS-Ghana
2020-06-15,cassava,Juaboso,Juaboso Weekly Market,1.34,GHS,WFP-GIEWS-Ghana
2020-06-22,cassava,Juaboso,Juaboso Weekly Market,1.34,GHS,WFP-GIEWS-Ghana
2020-06-29,cassava,Juaboso,Juaboso Weekly Market,1.48,GHS,WFP-GIEWS-Ghana
2020-07-06,cassava,Juaboso,Juaboso Weekly Market,1.61,GHS,WFP-GIEWS-Ghana
2020-07-13,cassava,Juaboso,Juaboso Weekly Market,1.7,GHS,WFP-GIEWS-Ghana
2020-07-20,cassava,Juaboso,Juaboso Weekly Market,1.54,GHS,WFP-GIEWS-Ghana
2020-07-27,cassava,Juaboso,Juaboso Weekly Market,1.58,GHS,WFP-GIEWS-Ghana
2020-08-03,cassava,Juaboso,Juaboso Weekly Market,1.54,GHS,WFP-GIEWS-Ghana
2020-08-10,cassava,Juaboso,Juaboso Weekly Market,1.59,GHS,WFP-GIEWS-Ghana
2020-08-17,cassava,Juaboso,Juaboso Weekly Market,1.47,GHS,WFP-GIEWS-Ghana
2020-08-24,cassava,Juaboso,Juaboso Weekly Market,1.62,GHS,WFP-GIEWS-Ghana
2020-08-31,cassava,Juaboso,Juaboso Weekly Market,1.6,GHS,WFP-GIEWS-Ghana
2020-09-07,cassava,Juaboso,Juaboso Weekly Market,1.42,GHS,WFP-GIEWS-Ghana
2020-09-14,cassava,Juaboso,Juaboso Weekly Market,1.4,GHS,WFP-GIEWS-Ghana
2020-09-21,cassava,Juaboso,Juaboso Weekly Market,1.37,GHS,WFP-GIEWS-Ghana
2020-09-28,cassava,Juaboso,Juaboso Weekly Market,1.46,GHS,WFP-GIEWS-Ghana
2020-10-05,cassava,Juaboso,Juaboso Weekly Market,1.16,GHS,WFP-GIEWS-Ghana
2020-10-12,cassava,Juaboso,Juaboso Weekly Market,1.24,GHS,WFP-GIEWS-Ghana
2020-10-19,cassava,Juaboso,Juaboso Weekly Market,1.31,GHS,WFP-GIEWS-Ghana
2020-10-26,cassava,Juaboso,Juaboso Weekly Market,1.29,GHS,WFP-GIEWS-Ghana
2020-11-02,cassava,Juaboso,Juaboso Weekly Market,1.15,GHS,WFP-GIEWS-Ghana
2020-11-09,cassava,Juaboso,Juaboso Weekly Market,1.2,GHS,WFP-GIEWS-Ghana
2020-11-16,cassava,Juaboso,Juaboso Weekly Market,1.24,GHS,WFP-GIEWS-Ghana
2020-11-23,cassava,Juaboso,Juaboso Weekly Market,1.22,GHS,WFP-GIEWS-Ghana
2020-11-30,cassava,Juaboso,Juaboso Weekly Market,1.15,GHS,WFP-GIEWS-Ghana
2020-12-07,cassava,Juaboso,Juaboso Weekly Market,1.25,GHS,WFP-GIEWS-Ghana
2020-12-14,cassava,Juaboso,Juaboso Weekly Market,1.23,GHS,WFP-GIEWS-Ghana
2020-12-21,cassava,Juaboso,Juaboso Weekly Market,1.32,GHS,WFP-GIEWS-Ghana
2020-12-28,cassava,Juaboso,Juaboso Weekly Market,1.22,GHS,WFP-GIEWS-Ghana
2021-01-04,cassava,Juaboso,Juaboso Weekly Market,1.65,GHS,WFP-GIEWS-Ghana
2021-01-11,cassava,Juaboso,Juaboso Weekly Market,1.49,GHS,WFP-GIEWS-Ghana
2021-01-18,cassava,Juaboso,Juaboso Weekly Market,1.51,GHS,WFP-GIEWS-Ghana
2021-01-25,cassava,Juaboso,Juaboso Weekly Market,1.62,GHS,WFP-GIEWS-Ghana
2021-02-01,cassava,Juaboso,Juaboso Weekly Market,1.65,GHS,WFP-GIEWS-Ghana
2021-02-08,cassava,Juaboso,Juaboso Weekly Market,1.52,GHS,WFP-GIEWS-Ghana
2021-02-15,cassava,Juaboso,Juaboso Weekly Market,1.58,GHS,WFP-GIEWS-Ghana
2021-02-22,cassava,Juaboso,Juaboso Weekly Market,1.49,GHS,WFP-GIEWS-Ghana
2021-03-01,cassava,Juaboso,Juaboso Weekly Market,1.35,GHS,WFP-GIEWS-Ghana
2021-03-08,cassava,Juaboso,Juaboso Weekly Market,1.4,GHS,WFP-GIEWS-Ghana
2021-03-15,cassava,Juaboso,Juaboso Weekly Market,1.33,GHS,WFP-GIEWS-Ghana
2021-03-22,cassava,Juaboso,Juaboso Weekly Market,1.34,GHS,WFP-GIEWS-Ghana
2021-03-29,cassava,Juaboso,Juaboso Weekly Market,1.3,GHS,WFP-GIEWS-Ghana
2021-04-05,cassava,Juaboso,Juaboso Weekly Market,1.33,GHS,WFP-GIEWS-Ghana
2021-04-12,cassava,Juaboso,Juaboso Weekly Market,1.46,GHS,WFP-GIEWS-Ghana
2021-04-19,cassava,Juaboso,Juaboso Weekly Market,1.37,GHS,WFP-GIEWS-Ghana
2021-04-26,cassava,Juaboso,Juaboso Weekly Market,1.31,GHS,WFP-GIEWS-Ghana
2021-05-03,cassava,Juaboso,Juaboso Weekly Market,1.36,GHS,WFP-GIEWS-Ghana
2021-05-10,cassava,Juaboso,Juaboso Weekly Market,1.29,GHS,WFP-GIEWS-Ghana
2021-05-17,cassava,Juaboso,Juaboso Weekly Market,1.32,GHS,WFP-GIEWS-Ghana
2021-05-24,cassava,Juaboso,Juaboso Weekly Market,1.45,GHS,WFP-GIEWS-Ghana
2021-05-31,cassava,Juaboso,Juaboso Weekly Market,1.37,GHS,WFP-GIEWS-Ghana
2021-06-07,cassava,Juaboso,Juaboso Weekly Market,1.62,GHS,WFP-GIEWS-Ghana
2021-06-14,cassava,Juaboso,Juaboso Weekly Market,1.5,GHS,WFP-GIEWS-Ghana
2021-06-21,cassava,Juaboso,Juaboso Weekly Market,1.5,GHS,WFP-GIEWS-Ghana
2021-06-28,cassava,Juaboso,Juaboso Weekly Market,1.54,GHS,WFP-GIEWS-Ghana
2021-07-05,cassava,Juaboso,Juaboso Weekly Market,1.51,GHS,WFP-GIEWS-Ghana
2021-07-12,cassava,Juaboso,Juaboso Weekly Market,1.71,GHS,WFP-GIEWS-Ghana
2021-07-19,cassava,Juaboso,Juaboso Weekly Market,1.69,GHS,WFP-GIEWS-Ghana
2021-07-26,cassava,Juaboso,Juaboso Weekly Market,1.8,GHS,WFP-GIEWS-Ghana
2021-08-02,cassava,Juaboso,Juaboso Weekly Market,1.77,GHS,WFP-GIEWS-Ghana
2021-08-09,cassava,Juaboso,Juaboso Weekly Market,1.63,GHS,WFP-GIEWS-Ghana
2021-08-16,cassava,Juaboso,Juaboso Weekly Market,1.79,GHS,WFP-GIEWS-Ghana
2021-08-23,cassava,Juaboso,Juaboso Weekly Market,1.69,GHS,WFP-GIEWS-Ghana
2021-08-30,cassava,Juaboso,Juaboso Weekly Market,1.64,GHS,WFP-GIEWS-Ghana
2021-09-06,cassava,Juaboso,Juaboso Weekly Market,1.54,GHS,WFP-GIEWS-Ghana
2021-09-13,cassava,Juaboso,Juaboso Weekly Market,1.52,GHS,WFP-GIEWS-Ghana
2021-09-20,cassava,Juaboso,Juaboso Weekly Market,1.63,GHS,WFP-GIEWS-Ghana
2021-09-27,cassava,Juaboso,Juaboso Weekly Market,1.55,GHS,WFP-GIEWS-Ghana
2021-10-04,cassava,Juaboso,Juaboso Weekly Market,1.32,GHS,WFP-GIEWS-Ghana
2021-10-11,cassava,Juaboso,Juaboso Weekly Market,1.36,GHS,WFP-GIEWS-Ghana
2021-10-18,cassava,Juaboso,Juaboso Weekly Market,1.37,GHS,WFP-GIEWS-Ghana
2021-10-25,cassava,Juaboso,Juaboso Weekly Market,1.35,GHS,WFP-GIEWS-Ghana
2021-11-01,cassava,Juaboso,Juaboso Weekly Market,1.39,GHS,WFP-GIEWS-Ghana
2021-11-08,cassava,Juaboso,Juaboso Weekly Market,1.35,GHS,WFP-GIEWS-Ghana
2021-11-15,cassava,Juaboso,Juaboso Weekly Market,1.33,GHS,WFP-GIEWS-Ghana
2021-11-22,cassava,Juaboso,Juaboso Weekly Market,1.38,GHS,WFP-GIEWS-Ghana
2021-11-29,cassava,Juaboso,Juaboso Weekly Market,1.31,GHS,WFP-GIEWS-Ghana
2021-12-06,cassava,Juaboso,Juaboso Weekly Market,1.33,GHS,WFP-GIEWS-Ghana
2021-12-13,cassava,Juaboso,Juaboso Weekly Market,1.42,GHS,WFP-GIEWS-Ghana
2021-12-20,cassava,Juaboso,Juaboso Weekly Market,1.41,GHS,WFP-GIEWS-Ghana
2021-12-27,cassava,Juaboso,Juaboso Weekly Market,1.33,GHS,WFP-GIEWS-Ghana
2022-01-03,cassava,Juaboso,Juaboso Weekly Market,1.67,GHS,WFP-GIEWS-Ghana
2022-01-10,cassava,Juaboso,Juaboso Weekly Market,1.8,GHS,WFP-GIEWS-Ghana
2022-01-17,cassava,Juaboso,Juaboso Weekly Market,1.75,GHS,WFP-GIEWS-Ghana
2022-01-24,cassava,Juaboso,Juaboso Weekly Market,1.72,GHS,WFP-GIEWS-Ghana
2022-01-31,cassava,Juaboso,Juaboso Weekly Market,1.68,GHS,WFP-GIEWS-Ghana
2022-02-07,cassava,Juaboso,Juaboso Weekly Market,1.73,GHS,WFP-GIEWS-Ghana
2022-02-14,cassava,Juaboso,Juaboso Weekly Market,1.71,GHS,WFP-GIEWS-Ghana
2022-02-21,cassava,Juaboso,Juaboso Weekly Market,1.66,GHS,WFP-GIEWS-Ghana
2022-02-28,cassava,Juaboso,Juaboso Weekly Market,1.72,GHS,WFP-GIEWS-Ghana
2022-03-07,cassava,Juaboso,Juaboso Weekly Market,1.48,GHS,WFP-GIEWS-Ghana
2022-03-14,cassava,Juaboso,Juaboso Weekly Market,1.44,GHS,WFP-GIEWS-Ghana
2022-03-21,cassava,Juaboso,Juaboso Weekly Market,1.52,GHS,WFP-GIEWS-Ghana
2022-03-28,cassava,Juaboso,Juaboso Weekly Market,1.54,GHS,WFP-GIEWS-Ghana
2022-04-04,cassava,Juaboso,Juaboso Weekly Market,1.53,GHS,WFP-GIEWS-Ghana
2022-04-11,cassava,Juaboso,Juaboso Weekly Market,1.46,GHS,WFP-GIEWS-Ghana
2022-04-18,cassava,Juaboso,Juaboso Weekly Market,1.52,GHS,WFP-GIEWS-Ghana
2022-04-25,cassava,Juaboso,Juaboso Weekly Market,1.48,GHS,WFP-GIEWS-Ghana
2022-05-02,cassava,Juaboso,Juaboso Weekly Market,1.41,GHS,WFP-GIEWS-Ghana
2022-05-09,cassava,Juaboso,Juaboso Weekly Market,1.52,GHS,WFP-GIEWS-Ghana
2022-05-16,cassava,Juaboso,Juaboso Weekly Market,1.49,GHS,WFP-GIEWS-Ghana
2022-05-23,cassava,Juaboso,Juaboso Weekly Market,1.64,GHS,WFP-GIEWS-Ghana
2022-05-30,cassava,Juaboso,Juaboso Weekly Market,1.57,GHS,WFP-GIEWS-Ghana
2022-06-06,cassava,Juaboso,Juaboso Weekly Market,1.67,GHS,WFP-GIEWS-Ghana
2022-06-13,cassava,Juaboso,Juaboso Weekly Market,1.64,GHS,WFP-GIEWS-Ghana
2022-06-20,cassava,Juaboso,Juaboso Weekly Market,1.63,GHS,WFP-GIEWS-Ghana
2022-06-27,cassava,Juaboso,Juaboso Weekly Market,1.56,GHS,WFP-GIEWS-Ghana
2022-07-04,cassava,Juaboso,Juaboso Weekly Market,1.7,GHS,WFP-GIEWS-Ghana
2022-07-11,cassava,Juaboso,Juaboso Weekly Market,1.77,GHS,WFP-GIEWS-Ghana
2022-07-18,cassava,Juaboso,Juaboso Weekly Market,1.83,GHS,WFP-GIEWS-Ghana
2022-07-25,cassava,Juaboso,Juaboso Weekly Market,1.68,GHS,WFP-GIEWS-Ghana
2022-08-01,cassava,Juaboso,Juaboso Weekly Market,1.8,GHS,WFP-GIEWS-Ghana
2022-08-08,cassava,Juaboso,Juaboso Weekly Market,1.82,GHS,WFP-GIEWS-Ghana
2022-08-15,cassava,Juaboso,Juaboso Weekly Market,1.83,GHS,WFP-GIEWS-Ghana
2022-08-22,cassava,Juaboso,Juaboso Weekly Market,1.79,GHS,WFP-GIEWS-Ghana
2022-08-29,cassava,Juaboso,Juaboso Weekly Market,1.82,GHS,WFP-GIEWS-Ghana
2022-09-05,cassava,Juaboso,Juaboso Weekly Market,1.77,GHS,WFP-GIEWS-Ghana
2022-09-12,cassava,Juaboso,Juaboso Weekly Market,1.7,GHS,WFP-GIEWS-Ghana
2022-09-19,cassava,Juaboso,Juaboso Weekly Market,1.62,GHS,WFP-GIEWS-Ghana
2022-09-26,cassava,Juaboso,Juaboso Weekly Market,1.65,GHS,WFP-GIEWS-Ghana
2022-10-03,cassava,Juaboso,Juaboso Weekly Market,1.41,GHS,WFP-GIEWS-Ghana
2022-10-10,cassava,Juaboso,Juaboso Weekly Market,1.37,GHS,WFP-GIEWS-Ghana
2022-10-17,cassava,Juaboso,Juaboso Weekly Market,1.37,GHS,WFP-GIEWS-Ghana
2022-10-24,cassava,Juaboso,Juaboso Weekly Market,1.47,GHS,WFP-GIEWS-Ghana
2022-10-31,cassava,Juaboso,Juaboso Weekly Market,1.39,GHS,WFP-GIEWS-Ghana
2022-11-07,cassava,Juaboso,Juaboso Weekly Market,1.36,GHS,WFP-GIEWS-Ghana
2022-11-14,cassava,Juaboso,Juaboso Weekly Market,1.42,GHS,WFP-GIEWS-Ghana
2022-11-21,cassava,Juaboso,Juaboso Weekly Market,1.43,GHS,WFP-GIEWS-Ghana
2022-11-28,cassava,Juaboso,Juaboso Weekly Market,1.31,GHS,WFP-GIEWS-Ghana
2022-12-05,cassava,Juaboso,Juaboso Weekly Market,1.43,GHS,WFP-GIEWS-Ghana
2022-12-12,cassava,Juaboso,Juaboso Weekly Market,1.48,GHS,WFP-GIEWS-Ghana
2022-12-19,cassava,Juaboso,Juaboso Weekly Market,1.46,GHS,WFP-GIEWS-Ghana
2022-12-26,cassava,Juaboso,Juaboso Weekly Market,1.56,GHS,WFP-GIEWS-Ghana
2023-01-02,cassava,Juaboso,Juaboso Weekly Market,1.93,GHS,WFP-GIEWS-Ghana
2023-01-09,cassava,Juaboso,Juaboso Weekly Market,1.94,GHS,WFP-GIEWS-Ghana
2023-01-16,cassava,Juaboso,Juaboso Weekly Market,2.04,GHS,WFP-GIEWS-Ghana
2023-01-23,cassava,Juaboso,Juaboso Weekly Market,1.89,GHS,WFP-GIEWS-Ghana
2023-01-30,cassava,Juaboso,Juaboso Weekly Market,1.85,GHS,WFP-GIEWS-Ghana
2023-02-06,cassava,Juaboso,Juaboso Weekly Market,1.92,GHS,WFP-GIEWS-Ghana
2023-02-13,cassava,Juaboso,Juaboso Weekly Market,1.8,GHS,WFP-GIEWS-Ghana
2023-02-20,cassava,Juaboso,Juaboso Weekly Market,1.85,GHS,WFP-GIEWS-Ghana
2023-02-27,cassava,Juaboso,Juaboso Weekly Market,1.8,GHS,WFP-GIEWS-Ghana
2023-03-06,cassava,Juaboso,Juaboso Weekly Market,1.61,GHS,WFP-GIEWS-Ghana
2023-03-13,cassava,Juaboso,Juaboso Weekly Market,1.54,GHS,WFP-GIEWS-Ghana
2023-03-20,cassava,Juaboso,Juaboso Weekly Market,1.54,GHS,WFP-GIEWS-Ghana
2023-03-27,cassava,Juaboso,Juaboso Weekly Market,1.61,GHS,WFP-GIEWS-Ghana
2023-04-03,cassava,Juaboso,Juaboso Weekly Market,1.58,GHS,WFP-GIEWS-Ghana
2023-04-10,cassava,Juaboso,Juaboso Weekly Market,1.47,GHS,WFP-GIEWS-Ghana
2023-04-17,cassava,Juaboso,Juaboso Weekly Market,1.5,GHS,WFP-GIEWS-Ghana
2023-04-24,cassava,Juaboso,Juaboso Weekly Market,1.52,GHS,WFP-GIEWS-Ghana
2023-05-01,cassava,Juaboso,Juaboso Weekly Market,1.55,GHS,WFP-GIEWS-Ghana
2023-05-08,cassava,Juaboso,Juaboso Weekly Market,1.63,GHS,WFP-GIEWS-Ghana
2023-05-15,cassava,Juaboso,Juaboso Weekly Market,1.62,GHS,WFP-GIEWS-Ghana
2023-05-22,cassava,Juaboso,Juaboso Weekly Market,1.67,GHS,WFP-GIEWS-Ghana
2023-05-29,cassava,Juaboso,Juaboso Weekly Market,1.65,GHS,WFP-GIEWS-Ghana
2023-06-05,cassava,Juaboso,Juaboso Weekly Market,1.83,GHS,WFP-GIEWS-Ghana
2023-06-12,cassava,Juaboso,Juaboso Weekly Market,1.8,GHS,WFP-GIEWS-Ghana
2023-06-19,cassava,Juaboso,Juaboso Weekly Market,1.77,GHS,WFP-GIEWS-Ghana
2023-06-26,cassava,Juaboso,Juaboso Weekly Market,1.83,GHS,WFP-GIEWS-Ghana
2023-07-03,cassava,Juaboso,Juaboso Weekly Market,2.05,GHS,WFP-GIEWS-Ghana
2023-07-10,cassava,Juaboso,Juaboso Weekly Market,2.01,GHS,WFP-GIEWS-Ghana
2023-07-17,cassava,Juaboso,Juaboso Weekly Market,2.08,GHS,WFP-GIEWS-Ghana
2023-07-24,cassava,Juaboso,Juaboso Weekly Market,1.79,GHS,WFP-GIEWS-Ghana
2023-07-31,cassava,Juaboso,Juaboso Weekly Market,1.95,GHS,WFP-GIEWS-Ghana
2023-08-07,cassava,Juaboso,Juaboso Weekly Market,1.96,GHS,WFP-GIEWS-Ghana
2023-08-14,cassava,Juaboso,Juaboso Weekly Market,2.08,GHS,WFP-GIEWS-Ghana
2023-08-21,cassava,Juaboso,Juaboso Weekly Market,2.11,GHS,WFP-GIEWS-Ghana
2023-08-28,cassava,Juaboso,Juaboso Weekly Market,1.87,GHS,WFP-GIEWS-Ghana
2023-09-04,cassava,Juaboso,Juaboso Weekly Market,1.89,GHS,WFP-GIEWS-Ghana
2023-09-11,cassava,Juaboso,Juaboso Weekly Market,1.7,GHS,WFP-GIEWS-Ghana
2023-09-18,cassava,Juaboso,Juaboso Weekly Market,1.71,GHS,WFP-GIEWS-Ghana
2023-09-25,cassava,Juaboso,Juaboso Weekly Market,1.77,GHS,WFP-GIEWS-Ghana
2023-10-02,cassava,Juaboso,Juaboso Weekly Market,1.51,GHS,WFP-GIEWS-Ghana
2023-10-09,cassava,Juaboso,Juaboso Weekly Market,1.43,GHS,WFP-GIEWS-Ghana
2023-10-16,cassava,Juaboso,Juaboso Weekly Market,1.57,GHS,WFP-GIEWS-Ghana
2023-10-23,cassava,Juaboso,Juaboso Weekly Market,1.57,GHS,WFP-GIEWS-Ghana
2023-10-30,cassava,Juaboso,Juaboso Weekly Market,1.59,GHS,WFP-GIEWS-Ghana
2023-11-06,cassava,Juaboso,Juaboso Weekly Market,1.51,GHS,WFP-GIEWS-Ghana
2023-11-13,cassava,Juaboso,Juaboso Weekly Market,1.54,GHS,WFP-GIEWS-Ghana
2023-11-20,cassava,Juaboso,Juaboso Weekly Market,1.54,GHS,WFP-GIEWS-Ghana
2023-11-27,cassava,Juaboso,Juaboso Weekly Market,1.64,GHS,WFP-GIEWS-Ghana
2023-12-04,cassava,Juaboso,Juaboso Weekly Market,1.37,GHS,WFP-GIEWS-Ghana
2023-12-11,cassava,Juaboso,Juaboso Weekly Market,1.49,GHS,WFP-GIEWS-Ghana
2023-12-18,cassava,Juaboso,Juaboso Weekly Market,1.55,GHS,WFP-GIEWS-Ghana
2023-12-25,cassava,Juaboso,Juaboso Weekly Market,1.48,GHS,WFP-GIEWS-Ghana
2024-01-01,cassava,Juaboso,Juaboso Weekly Market,1.96,GHS,WFP-GIEWS-Ghana
2024-01-08,cassava,Juaboso,Juaboso Weekly Market,1.97,GHS,WFP-GIEWS-Ghana
2024-01-15,cassava,Juaboso,Juaboso Weekly Market,1.93,GHS,WFP-GIEWS-Ghana
2024-01-22,cassava,Juaboso,Juaboso Weekly Market,1.99,GHS,WFP-GIEWS-Ghana
2024-01-29,cassava,Juaboso,Juaboso Weekly Market,2.03,GHS,WFP-GIEWS-Ghana
2024-02-05,cassava,Juaboso,Juaboso Weekly Market,1.97,GHS,WFP-GIEWS-Ghana
2024-02-12,cassava,Juaboso,Juaboso Weekly Market,1.96,GHS,WFP-GIEWS-Ghana
2024-02-19,cassava,Juaboso,Juaboso Weekly Market,1.98,GHS,WFP-GIEWS-Ghana
2024-02-26,cassava,Juaboso,Juaboso Weekly Market,1.99,GHS,WFP-GIEWS-Ghana
2024-03-04,cassava,Juaboso,Juaboso Weekly Market,1.59,GHS,WFP-GIEWS-Ghana
2024-03-11,cassava,Juaboso,Juaboso Weekly Market,1.74,GHS,WFP-GIEWS-Ghana
2024-03-18,cassava,Juaboso,Juaboso Weekly Market,1.68,GHS,WFP-GIEWS-Ghana
2024-03-25,cassava,Juaboso,Juaboso Weekly Market,1.8,GHS,WFP-GIEWS-Ghana
2024-04-01,cassava,Juaboso,Juaboso Weekly Market,1.76,GHS,WFP-GIEWS-Ghana
2024-04-08,cassava,Juaboso,Juaboso Weekly Market,1.8,GHS,WFP-GIEWS-Ghana
2024-04-15,cassava,Juaboso,Juaboso Weekly Market,1.65,GHS,WFP-GIEWS-Ghana
2024-04-22,cassava,Juaboso,Juaboso Weekly Market,1.69,GHS,WFP-GIEWS-Ghana
2024-04-29,cassava,Juaboso,Juaboso Weekly Market,1.63,GHS,WFP-GIEWS-Ghana
2024-05-06,cassava,Juaboso,Juaboso Weekly Market,1.68,GHS,WFP-GIEWS-Ghana
2024-05-13,cassava,Juaboso,Juaboso Weekly Market,1.82,GHS,WFP-GIEWS-Ghana
2024-05-20,cassava,Juaboso,Juaboso Weekly Market,1.83,GHS,WFP-GIEWS-Ghana
2024-05-27,cassava,Juaboso,Juaboso Weekly Market,1.65,GHS,WFP-GIEWS-Ghana
2024-06-03,cassava,Juaboso,Juaboso Weekly Market,1.86,GHS,WFP-GIEWS-Ghana
2024-06-10,cassava,Juaboso,Juaboso Weekly Market,1.89,GHS,WFP-GIEWS-Ghana
2024-06-17,cassava,Juaboso,Juaboso Weekly Market,1.94,GHS,WFP-GIEWS-Ghana
2024-06-24,cassava,Juaboso,Juaboso Weekly Market,1.76,GHS,WFP-GIEWS-Ghana
2024-07-01,cassava,Juaboso,Juaboso Weekly Market,2.0,GHS,WFP-GIEWS-Ghana
2024-07-08,cassava,Juaboso,Juaboso Weekly Market,2.18,GHS,WFP-GIEWS-Ghana
2024-07-15,cassava,Juaboso,Juaboso Weekly Market,1.97,GHS,WFP-GIEWS-Ghana
2024-07-22,cassava,Juaboso,Juaboso Weekly Market,2.1,GHS,WFP-GIEWS-Ghana
2024-07-29,cassava,Juaboso,Juaboso Weekly Market,2.15,GHS,WFP-GIEWS-Ghana
2024-08-05,cassava,Juaboso,Juaboso Weekly Market,2.18,GHS,WFP-GIEWS-Ghana
2024-08-12,cassava,Juaboso,Juaboso Weekly Market,2.14,GHS,WFP-GIEWS-Ghana
2024-08-19,cassava,Juaboso,Juaboso Weekly Market,2.12,GHS,WFP-GIEWS-Ghana
2024-08-26,cassava,Juaboso,Juaboso Weekly Market,2.22,GHS,WFP-GIEWS-Ghana
2024-09-02,cassava,Juaboso,Juaboso Weekly Market,1.95,GHS,WFP-GIEWS-Ghana
2024-09-09,cassava,Juaboso,Juaboso Weekly Market,1.88,GHS,WFP-GIEWS-Ghana
2024-09-16,cassava,Juaboso,Juaboso Weekly Market,1.93,GHS,WFP-GIEWS-Ghana
2024-09-23,cassava,Juaboso,Juaboso Weekly Market,1.96,GHS,WFP-GIEWS-Ghana
2024-09-30,cassava,Juaboso,Juaboso Weekly Market,2.06,GHS,WFP-GIEWS-Ghana
2024-10-07,cassava,Juaboso,Juaboso Weekly Market,1.7,GHS,WFP-GIEWS-Ghana
2024-10-14,cassava,Juaboso,Juaboso Weekly Market,1.73,GHS,WFP-GIEWS-Ghana
2024-10-21,cassava,Juaboso,Juaboso Weekly Market,1.61,GHS,WFP-GIEWS-Ghana
2024-10-28,cassava,Juaboso,Juaboso Weekly Market,1.62,GHS,WFP-GIEWS-Ghana
2024-11-04,cassava,Juaboso,Juaboso Weekly Market,1.65,GHS,WFP-GIEWS-Ghana
2024-11-11,cassava,Juaboso,Juaboso Weekly Market,1.65,GHS,WFP-GIEWS-Ghana
2024-11-18,cassava,Juaboso,Juaboso Weekly Market,1.6,GHS,WFP-GIEWS-Ghana
2024-11-25,cassava,Juaboso,Juaboso Weekly Market,1.75,GHS,WFP-GIEWS-Ghana
2024-12-02,cassava,Juaboso,Juaboso Weekly Market,1.73,GHS,WFP-GIEWS-Ghana
2024-12-09,cassava,Juaboso,Juaboso Weekly Market,1.65,GHS,WFP-GIEWS-Ghana
2024-12-16,cassava,Juaboso,Juaboso Weekly Market,1.72,GHS,WFP-GIEWS-Ghana
2024-12-23,cassava,Juaboso,Juaboso Weekly Market,1.69,GHS,WFP-GIEWS-Ghana
2024-12-30,cassava,Juaboso,Juaboso Weekly Market,1.72,GHS,WFP-GIEWS-Ghana
2018-01-01,cassava,Sefwi Wiawso,Sefwi Wiawso District Market,1.27,GHS,WFP-GIEWS-Ghana
2018-01-08,cassava,Sefwi Wiawso,Sefwi Wiawso District Market,1.27,GHS,WFP-GIEWS-Ghana
2018-01-15,cassava,Sefwi Wiawso,Sefwi Wiawso District Market,1.31,GHS,WFP-GIEWS-Ghana
2018-01-22,cassava,Sefwi Wiawso,Sefwi Wiawso District Market,1.24,GHS,WFP-GIEWS-Ghana
2018-01-29,cassava,Sefwi Wiawso,Sefwi Wiawso District Market,1.15,GHS,WFP-GIEWS-Ghana
2018-02-05,cassava,Sefwi Wiawso,Sefwi Wiawso District Market,1.23,GHS,WFP-GIEWS-Ghana
2018-02-12,cassava,Sefwi Wiawso,Sefwi Wiawso District Market,1.28,GHS,WFP-GIEWS-Ghana
2018-02-19,cassava,Sefwi Wiawso,Sefwi Wiawso District Market,1.29,GHS,WFP-GIEWS-Ghana
2018-02-26,cassava,Sefwi Wiawso,Sefwi Wiawso District Market,1.37,GHS,WFP-GIEWS-Ghana
2018-03-05,cassava,Sefwi Wiawso,Sefwi Wiawso District Market,1.13,GHS,WFP-GIEWS-Ghana
2018-03-12,cassava,Sefwi Wiawso,Sefwi Wiawso District Market,1.1,GHS,WFP-GIEWS-Ghana
2018-03-19,cassava,Sefwi Wiawso,Sefwi Wiawso District Market,1.1,GHS,WFP-GIEWS-Ghana
2018-03-26,cassava,Sefwi Wiawso,Sefwi Wiawso District Market,1.15,GHS,WFP-GIEWS-Ghana
2018-04-02,cassava,Sefwi Wiawso,Sefwi Wiawso District Market,1.08,GHS,WFP-GIEWS-Ghana
2018-04-09,cassava,Sefwi Wiawso,Sefwi Wiawso District Market,1.1,GHS,WFP-GIEWS-Ghana
2018-04-16,cassava,Sefwi Wiawso,Sefwi Wiawso District Market,1.06,GHS,WFP-GIEWS-Ghana
2018-04-23,cassava,Sefwi Wiawso,Sefwi Wiawso District Market,1.17,GHS,WFP-GIEWS-Ghana
2018-04-30,cassava,Sefwi Wiawso,Sefwi Wiawso District Market,1.13,GHS,WFP-GIEWS-Ghana
2018-05-07,cassava,Sefwi Wiawso,Sefwi Wiawso District Market,1.08,GHS,WFP-GIEWS-Ghana
2018-05-14,cassava,Sefwi Wiawso,Sefwi Wiawso District Market,1.11,GHS,WFP-GIEWS-Ghana
2018-05-21,cassava,Sefwi Wiawso,Sefwi Wiawso District Market,1.14,GHS,WFP-GIEWS-Ghana
2018-05-28,cassava,Sefwi Wiawso,Sefwi Wiawso District Market,1.1,GHS,WFP-GIEWS-Ghana
2018-06-04,cassava,Sefwi Wiawso,Sefwi Wiawso District Market,1.19,GHS,WFP-GIEWS-Ghana
2018-06-11,cassava,Sefwi Wiawso,Sefwi Wiawso District Market,1.19,GHS,WFP-GIEWS-Ghana
2018-06-18,cassava,Sefwi Wiawso,Sefwi Wiawso District Market,1.24,GHS,WFP-GIEWS-Ghana
2018-06-25,cassava,Sefwi Wiawso,Sefwi Wiawso District Market,1.2,GHS,WFP-GIEWS-Ghana
2018-07-02,cassava,Sefwi Wiawso,Sefwi Wiawso District Market,1.35,GHS,WFP-GIEWS-Ghana
2018-07-09,cassava,Sefwi Wiawso,Sefwi Wiawso District Market,1.3,GHS,WFP-GIEWS-Ghana
2018-07-16,cassava,Sefwi Wiawso,Sefwi Wiawso District Market,1.38,GHS,WFP-GIEWS-Ghana
2018-07-23,cassava,Sefwi Wiawso,Sefwi Wiawso District Market,1.36,GHS,WFP-GIEWS-Ghana
2018-07-30,cassava,Sefwi Wiawso,Sefwi Wiawso District Market,1.36,GHS,WFP-GIEWS-Ghana
2018-08-06,cassava,Sefwi Wiawso,Sefwi Wiawso District Market,1.39,GHS,WFP-GIEWS-Ghana
2018-08-13,cassava,Sefwi Wiawso,Sefwi Wiawso District Market,1.42,GHS,WFP-GIEWS-Ghana
2018-08-20,cassava,Sefwi Wiawso,Sefwi Wiawso District Market,1.42,GHS,WFP-GIEWS-Ghana
2018-08-27,cassava,Sefwi Wiawso,Sefwi Wiawso District Market,1.41,GHS,WFP-GIEWS-Ghana
2018-09-03,cassava,Sefwi Wiawso,Sefwi Wiawso District Market,1.23,GHS,WFP-GIEWS-Ghana
2018-09-10,cassava,Sefwi Wiawso,Sefwi Wiawso District Market,1.22,GHS,WFP-GIEWS-Ghana
2018-09-17,cassava,Sefwi Wiawso,Sefwi Wiawso District Market,1.19,GHS,WFP-GIEWS-Ghana
2018-09-24,cassava,Sefwi Wiawso,Sefwi Wiawso District Market,1.21,GHS,WFP-GIEWS-Ghana
2018-10-01,cassava,Sefwi Wiawso,Sefwi Wiawso District Market,1.06,GHS,WFP-GIEWS-Ghana
2018-10-08,cassava,Sefwi Wiawso,Sefwi Wiawso District Market,1.03,GHS,WFP-GIEWS-Ghana
2018-10-15,cassava,Sefwi Wiawso,Sefwi Wiawso District Market,1.07,GHS,WFP-GIEWS-Ghana
2018-10-22,cassava,Sefwi Wiawso,Sefwi Wiawso District Market,1.02,GHS,WFP-GIEWS-Ghana
2018-10-29,cassava,Sefwi Wiawso,Sefwi Wiawso District Market,0.99,GHS,WFP-GIEWS-Ghana
2018-11-05,cassava,Sefwi Wiawso,Sefwi Wiawso District Market,1.11,GHS,WFP-GIEWS-Ghana
2018-11-12,cassava,Sefwi Wiawso,Sefwi Wiawso District Market,1.05,GHS,WFP-GIEWS-Ghana
2018-11-19,cassava,Sefwi Wiawso,Sefwi Wiawso District Market,1.03,GHS,WFP-GIEWS-Ghana
2018-11-26,cassava,Sefwi Wiawso,Sefwi Wiawso District Market,1.02,GHS,WFP-GIEWS-Ghana
2018-12-03,cassava,Sefwi Wiawso,Sefwi Wiawso District Market,1.1,GHS,WFP-GIEWS-Ghana
2018-12-10,cassava,Sefwi Wiawso,Sefwi Wiawso District Market,1.14,GHS,WFP-GIEWS-Ghana
2018-12-17,cassava,Sefwi Wiawso,Sefwi Wiawso District Market,1.06,GHS,WFP-GIEWS-Ghana
2018-12-24,cassava,Sefwi Wiawso,Sefwi Wiawso District Market,1.07,GHS,WFP-GIEWS-Ghana
2018-12-31,cassava,Sefwi Wiawso,Sefwi Wiawso District Market,1.12,GHS,WFP-GIEWS-Ghana
2019-01-07,cassava,Sefwi Wiawso,Sefwi Wiawso District Market,1.28,GHS,WFP-GIEWS-Ghana
2019-01-14,cassava,Sefwi Wiawso,Sefwi Wiawso District Market,1.49,GHS,WFP-GIEWS-Ghana
2019-01-21,cassava,Sefwi Wiawso,Sefwi Wiawso District Market,1.51,GHS,WFP-GIEWS-Ghana
2019-01-28,cassava,Sefwi Wiawso,Sefwi Wiawso District Market,1.23,GHS,WFP-GIEWS-Ghana
2019-02-04,cassava,Sefwi Wiawso,Sefwi Wiawso District Market,1.38,GHS,WFP-GIEWS-Ghana
2019-02-11,cassava,Sefwi Wiawso,Sefwi Wiawso District Market,1.35,GHS,WFP-GIEWS-Ghana
2019-02-18,cassava,Sefwi Wiawso,Sefwi Wiawso District Market,1.37,GHS,WFP-GIEWS-Ghana
2019-02-25,cassava,Sefwi Wiawso,Sefwi Wiawso District Market,1.36,GHS,WFP-GIEWS-Ghana
2019-03-04,cassava,Sefwi Wiawso,Sefwi Wiawso District Market,1.23,GHS,WFP-GIEWS-Ghana
2019-03-11,cassava,Sefwi Wiawso,Sefwi Wiawso District Market,1.18,GHS,WFP-GIEWS-Ghana
2019-03-18,cassava,Sefwi Wiawso,Sefwi Wiawso District Market,1.15,GHS,WFP-GIEWS-Ghana
2019-03-25,cassava,Sefwi Wiawso,Sefwi Wiawso District Market,1.18,GHS,WFP-GIEWS-Ghana
2019-04-01,cassava,Sefwi Wiawso,Sefwi Wiawso District Market,1.22,GHS,WFP-GIEWS-Ghana
2019-04-08,cassava,Sefwi Wiawso,Sefwi Wiawso District Market,1.14,GHS,WFP-GIEWS-Ghana
2019-04-15,cassava,Sefwi Wiawso,Sefwi Wiawso District Market,1.12,GHS,WFP-GIEWS-Ghana
2019-04-22,cassava,Sefwi Wiawso,Sefwi Wiawso District Market,1.29,GHS,WFP-GIEWS-Ghana
2019-04-29,cassava,Sefwi Wiawso,Sefwi Wiawso District Market,1.17,GHS,WFP-GIEWS-Ghana
2019-05-06,cassava,Sefwi Wiawso,Sefwi Wiawso District Market,1.2,GHS,WFP-GIEWS-Ghana
2019-05-13,cassava,Sefwi Wiawso,Sefwi Wiawso District Market,1.18,GHS,WFP-GIEWS-Ghana
2019-05-20,cassava,Sefwi Wiawso,Sefwi Wiawso District Market,1.23,GHS,WFP-GIEWS-Ghana
2019-05-27,cassava,Sefwi Wiawso,Sefwi Wiawso District Market,1.29,GHS,WFP-GIEWS-Ghana
2019-06-03,cassava,Sefwi Wiawso,Sefwi Wiawso District Market,1.35,GHS,WFP-GIEWS-Ghana
2019-06-10,cassava,Sefwi Wiawso,Sefwi Wiawso District Market,1.24,GHS,WFP-GIEWS-Ghana
2019-06-17,cassava,Sefwi Wiawso,Sefwi Wiawso District Market,1.24,GHS,WFP-GIEWS-Ghana
2019-06-24,cassava,Sefwi Wiawso,Sefwi Wiawso District Market,1.3,GHS,WFP-GIEWS-Ghana
2019-07-01,cassava,Sefwi Wiawso,Sefwi Wiawso District Market,1.47,GHS,WFP-GIEWS-Ghana
2019-07-08,cassava,Sefwi Wiawso,Sefwi Wiawso District Market,1.38,GHS,WFP-GIEWS-Ghana
2019-07-15,cassava,Sefwi Wiawso,Sefwi Wiawso District Market,1.53,GHS,WFP-GIEWS-Ghana
2019-07-22,cassava,Sefwi Wiawso,Sefwi Wiawso District Market,1.42,GHS,WFP-GIEWS-Ghana
2019-07-29,cassava,Sefwi Wiawso,Sefwi Wiawso District Market,1.57,GHS,WFP-GIEWS-Ghana
2019-08-05,cassava,Sefwi Wiawso,Sefwi Wiawso District Market,1.6,GHS,WFP-GIEWS-Ghana
2019-08-12,cassava,Sefwi Wiawso,Sefwi Wiawso District Market,1.48,GHS,WFP-GIEWS-Ghana
2019-08-19,cassava,Sefwi Wiawso,Sefwi Wiawso District Market,1.52,GHS,WFP-GIEWS-Ghana
2019-08-26,cassava,Sefwi Wiawso,Sefwi Wiawso District Market,1.42,GHS,WFP-GIEWS-Ghana
2019-09-02,cassava,Sefwi Wiawso,Sefwi Wiawso District Market,1.38,GHS,WFP-GIEWS-Ghana
2019-09-09,cassava,Sefwi Wiawso,Sefwi Wiawso District Market,1.32,GHS,WFP-GIEWS-Ghana
2019-09-16,cassava,Sefwi Wiawso,Sefwi Wiawso District Market,1.28,GHS,WFP-GIEWS-Ghana
2019-09-23,cassava,Sefwi Wiawso,Sefwi Wiawso District Market,1.33,GHS,WFP-GIEWS-Ghana
2019-09-30,cassava,Sefwi Wiawso,Sefwi Wiawso District Market,1.32,GHS,WFP-GIEWS-Ghana
2019-10-07,cassava,Sefwi Wiawso,Sefwi Wiawso District Market,1.13,GHS,WFP-GIEWS-Ghana
2019-10-14,cassava,Sefwi Wiawso,Sefwi Wiawso District Market,1.19,GHS,WFP-GIEWS-Ghana
2019-10-21,cassava,Sefwi Wiawso,Sefwi Wiawso District Market,1.11,GHS,WFP-GIEWS-Ghana
2019-10-28,cassava,Sefwi Wiawso,Sefwi Wiawso District Market,1.23,GHS,WFP-GIEWS-Ghana
2019-11-04,cassava,Sefwi Wiawso,Sefwi Wiawso District Market,1.09,GHS,WFP-GIEWS-Ghana
2019-11-11,cassava,Sefwi Wiawso,Sefwi Wiawso District Market,1.23,GHS,WFP-GIEWS-Ghana
2019-11-18,cassava,Sefwi Wiawso,Sefwi Wiawso District Market,1.11,GHS,WFP-GIEWS-Ghana
2019-11-25,cassava,Sefwi Wiawso,Sefwi Wiawso District Market,1.16,GHS,WFP-GIEWS-Ghana
2019-12-02,cassava,Sefwi Wiawso,Sefwi Wiawso District Market,1.14,GHS,WFP-GIEWS-Ghana
2019-12-09,cassava,Sefwi Wiawso,Sefwi Wiawso District Market,1.15,GHS,WFP-GIEWS-Ghana
2019-12-16,cassava,Sefwi Wiawso,Sefwi Wiawso District Market,1.2,GHS,WFP-GIEWS-Ghana
2019-12-23,cassava,Sefwi Wiawso,Sefwi Wiawso District Market,1.23,GHS,WFP-GIEWS-Ghana
2019-12-30,cassava,Sefwi Wiawso,Sefwi Wiawso District Market,1.22,GHS,WFP-GIEWS-Ghana
2020-01-06,cassava,Sefwi Wiawso,Sefwi Wiawso District Market,1.46,GHS,WFP-GIEWS-Ghana
2020-01-13,cassava,Sefwi Wiawso,Sefwi Wiawso District Market,1.5,GHS,WFP-GIEWS-Ghana
2020-01-20,cassava,Sefwi Wiawso,Sefwi Wiawso District Market,1.44,GHS,WFP-GIEWS-Ghana
2020-01-27,cassava,Sefwi Wiawso,Sefwi Wiawso District Market,1.43,GHS,WFP-GIEWS-Ghana
2020-02-03,cassava,Sefwi Wiawso,Sefwi Wiawso District Market,1.43,GHS,WFP-GIEWS-Ghana
2020-02-10,cassava,Sefwi Wiawso,Sefwi Wiawso District Market,1.47,GHS,WFP-GIEWS-Ghana
2020-02-17,cassava,Sefwi Wiawso,Sefwi Wiawso District Market,1.51,GHS,WFP-GIEWS-Ghana
2020-02-24,cassava,Sefwi Wiawso,Sefwi Wiawso District Market,1.38,GHS,WFP-GIEWS-Ghana
2020-03-02,cassava,Sefwi Wiawso,Sefwi Wiawso District Market,1.28,GHS,WFP-GIEWS-Ghana
2020-03-09,cassava,Sefwi Wiawso,Sefwi Wiawso District Market,1.36,GHS,WFP-GIEWS-Ghana
2020-03-16,cassava,Sefwi Wiawso,Sefwi Wiawso District Market,1.34,GHS,WFP-GIEWS-Ghana
2020-03-23,cassava,Sefwi Wiawso,Sefwi Wiawso District Market,1.25,GHS,WFP-GIEWS-Ghana
2020-03-30,cassava,Sefwi Wiawso,Sefwi Wiawso District Market,1.21,GHS,WFP-GIEWS-Ghana
2020-04-06,cassava,Sefwi Wiawso,Sefwi Wiawso District Market,1.32,GHS,WFP-GIEWS-Ghana
2020-04-13,cassava,Sefwi Wiawso,Sefwi Wiawso District Market,1.17,GHS,WFP-GIEWS-Ghana
2020-04-20,cassava,Sefwi Wiawso,Sefwi Wiawso District Market,1.35,GHS,WFP-GIEWS-Ghana
2020-04-27,cassava,Sefwi Wiawso,Sefwi Wiawso District Market,1.28,GHS,WFP-GIEWS-Ghana
2020-05-04,cassava,Sefwi Wiawso,Sefwi Wiawso District Market,1.4,GHS,WFP-GIEWS-Ghana
2020-05-11,cassava,Sefwi Wiawso,Sefwi Wiawso District Market,1.21,GHS,WFP-GIEWS-Ghana
2020-05-18,cassava,Sefwi Wiawso,Sefwi Wiawso District Market,1.35,GHS,WFP-GIEWS-Ghana
2020-05-25,cassava,Sefwi Wiawso,Sefwi Wiawso District Market,1.3,GHS,WFP-GIEWS-Ghana
2020-06-01,cassava,Sefwi Wiawso,Sefwi Wiawso District Market,1.4,GHS,WFP-GIEWS-Ghana
2020-06-08,cassava,Sefwi Wiawso,Sefwi Wiawso District Market,1.34,GHS,WFP-GIEWS-Ghana
2020-06-15,cassava,Sefwi Wiawso,Sefwi Wiawso District Market,1.46,GHS,WFP-GIEWS-Ghana
2020-06-22,cassava,Sefwi Wiawso,Sefwi Wiawso District Market,1.46,GHS,WFP-GIEWS-Ghana
2020-06-29,cassava,Sefwi Wiawso,Sefwi Wiawso District Market,1.52,GHS,WFP-GIEWS-Ghana
2020-07-06,cassava,Sefwi Wiawso,Sefwi Wiawso District Market,1.67,GHS,WFP-GIEWS-Ghana
2020-07-13,cassava,Sefwi Wiawso,Sefwi Wiawso District Market,1.57,GHS,WFP-GIEWS-Ghana
2020-07-20,cassava,Sefwi Wiawso,Sefwi Wiawso District Market,1.54,GHS,WFP-GIEWS-Ghana
2020-07-27,cassava,Sefwi Wiawso,Sefwi Wiawso District Market,1.52,GHS,WFP-GIEWS-Ghana
2020-08-03,cassava,Sefwi Wiawso,Sefwi Wiawso District Market,1.71,GHS,WFP-GIEWS-Ghana
2020-08-10,cassava,Sefwi Wiawso,Sefwi Wiawso District Market,1.56,GHS,WFP-GIEWS-Ghana
2020-08-17,cassava,Sefwi Wiawso,Sefwi Wiawso District Market,1.71,GHS,WFP-GIEWS-Ghana
2020-08-24,cassava,Sefwi Wiawso,Sefwi Wiawso District Market,1.65,GHS,WFP-GIEWS-Ghana
2020-08-31,cassava,Sefwi Wiawso,Sefwi Wiawso District Market,1.63,GHS,WFP-GIEWS-Ghana
2020-09-07,cassava,Sefwi Wiawso,Sefwi Wiawso District Market,1.43,GHS,WFP-GIEWS-Ghana
2020-09-14,cassava,Sefwi Wiawso,Sefwi Wiawso District Market,1.49,GHS,WFP-GIEWS-Ghana
2020-09-21,cassava,Sefwi Wiawso,Sefwi Wiawso District Market,1.45,GHS,WFP-GIEWS-Ghana
2020-09-28,cassava,Sefwi Wiawso,Sefwi Wiawso District Market,1.43,GHS,WFP-GIEWS-Ghana
2020-10-05,cassava,Sefwi Wiawso,Sefwi Wiawso District Market,1.28,GHS,WFP-GIEWS-Ghana
2020-10-12,cassava,Sefwi Wiawso,Sefwi Wiawso District Market,1.23,GHS,WFP-GIEWS-Ghana
2020-10-19,cassava,Sefwi Wiawso,Sefwi Wiawso District Market,1.2,GHS,WFP-GIEWS-Ghana
2020-10-26,cassava,Sefwi Wiawso,Sefwi Wiawso District Market,1.27,GHS,WFP-GIEWS-Ghana
2020-11-02,cassava,Sefwi Wiawso,Sefwi Wiawso District Market,1.25,GHS,WFP-GIEWS-Ghana
2020-11-09,cassava,Sefwi Wiawso,Sefwi Wiawso District Market,1.27,GHS,WFP-GIEWS-Ghana
2020-11-16,cassava,Sefwi Wiawso,Sefwi Wiawso District Market,1.23,GHS,WFP-GIEWS-Ghana
2020-11-23,cassava,Sefwi Wiawso,Sefwi Wiawso District Market,1.19,GHS,WFP-GIEWS-Ghana
2020-11-30,cassava,Sefwi Wiawso,Sefwi Wiawso District Market,1.34,GHS,WFP-GIEWS-Ghana
2020-12-07,cassava,Sefwi Wiawso,Sefwi Wiawso District Market,1.33,GHS,WFP-GIEWS-Ghana
2020-12-14,cassava,Sefwi Wiawso,Sefwi Wiawso District Market,1.3,GHS,WFP-GIEWS-Ghana
2020-12-21,cassava,Sefwi Wiawso,Sefwi Wiawso District Market,1.24,GHS,WFP-GIEWS-Ghana
2020-12-28,cassava,Sefwi Wiawso,Sefwi Wiawso District Market,1.24,GHS,WFP-GIEWS-Ghana
2021-01-04,cassava,Sefwi Wiawso,Sefwi Wiawso District Market,1.7,GHS,WFP-GIEWS-Ghana
2021-01-11,cassava,Sefwi Wiawso,Sefwi Wiawso District Market,1.58,GHS,WFP-GIEWS-Ghana
2021-01-18,cassava,Sefwi Wiawso,Sefwi Wiawso District Market,1.57,GHS,WFP-GIEWS-Ghana
2021-01-25,cassava,Sefwi Wiawso,Sefwi Wiawso District Market,1.73,GHS,WFP-GIEWS-Ghana
2021-02-01,cassava,Sefwi Wiawso,Sefwi Wiawso District Market,1.61,GHS,WFP-GIEWS-Ghana
2021-02-08,cassava,Sefwi Wiawso,Sefwi Wiawso District Market,1.73,GHS,WFP-GIEWS-Ghana
2021-02-15,cassava,Sefwi Wiawso,Sefwi Wiawso District Market,1.53,GHS,WFP-GIEWS-Ghana
2021-02-22,cassava,Sefwi Wiawso,Sefwi Wiawso District Market,1.65,GHS,WFP-GIEWS-Ghana
2021-03-01,cassava,Sefwi Wiawso,Sefwi Wiawso District Market,1.5,GHS,WFP-GIEWS-Ghana
2021-03-08,cassava,Sefwi Wiawso,Sefwi Wiawso District Market,1.39,GHS,WFP-GIEWS-Ghana
2021-03-15,cassava,Sefwi Wiawso,Sefwi Wiawso District Market,1.37,GHS,WFP-GIEWS-Ghana
2021-03-22,cassava,Sefwi Wiawso,Sefwi Wiawso District Market,1.32,GHS,WFP-GIEWS-Ghana
2021-03-29,cassava,Sefwi Wiawso,Sefwi Wiawso District Market,1.45,GHS,WFP-GIEWS-Ghana
2021-04-05,cassava,Sefwi Wiawso,Sefwi Wiawso District Market,1.35,GHS,WFP-GIEWS-Ghana
2021-04-12,cassava,Sefwi Wiawso,Sefwi Wiawso District Market,1.39,GHS,WFP-GIEWS-Ghana
2021-04-19,cassava,Sefwi Wiawso,Sefwi Wiawso District Market,1.33,GHS,WFP-GIEWS-Ghana
2021-04-26,cassava,Sefwi Wiawso,Sefwi Wiawso District Market,1.48,GHS,WFP-GIEWS-Ghana
2021-05-03,cassava,Sefwi Wiawso,Sefwi Wiawso District Market,1.47,GHS,WFP-GIEWS-Ghana
2021-05-10,cassava,Sefwi Wiawso,Sefwi Wiawso District Market,1.4,GHS,WFP-GIEWS-Ghana
2021-05-17,cassava,Sefwi Wiawso,Sefwi Wiawso District Market,1.34,GHS,WFP-GIEWS-Ghana
2021-05-24,cassava,Sefwi Wiawso,Sefwi Wiawso District Market,1.49,GHS,WFP-GIEWS-Ghana
2021-05-31,cassava,Sefwi Wiawso,Sefwi Wiawso District Market,1.38,GHS,WFP-GIEWS-Ghana
2021-06-07,cassava,Sefwi Wiawso,Sefwi Wiawso District Market,1.47,GHS,WFP-GIEWS-Ghana
2021-06-14,cassava,Sefwi Wiawso,Sefwi Wiawso District Market,1.43,GHS,WFP-GIEWS-Ghana
2021-06-21,cassava,Sefwi Wiawso,Sefwi Wiawso District Market,1.5,GHS,WFP-GIEWS-Ghana
2021-06-28,cassava,Sefwi Wiawso,Sefwi Wiawso District Market,1.45,GHS,WFP-GIEWS-Ghana
2021-07-05,cassava,Sefwi Wiawso,Sefwi Wiawso District Market,1.69,GHS,WFP-GIEWS-Ghana
2021-07-12,cassava,Sefwi Wiawso,Sefwi Wiawso District Market,1.78,GHS,WFP-GIEWS-Ghana
2021-07-19,cassava,Sefwi Wiawso,Sefwi Wiawso District Market,1.71,GHS,WFP-GIEWS-Ghana
2021-07-26,cassava,Sefwi Wiawso,Sefwi Wiawso District Market,1.76,GHS,WFP-GIEWS-Ghana
2021-08-02,cassava,Sefwi Wiawso,Sefwi Wiawso District Market,1.69,GHS,WFP-GIEWS-Ghana
2021-08-09,cassava,Sefwi Wiawso,Sefwi Wiawso District Market,1.75,GHS,WFP-GIEWS-Ghana
2021-08-16,cassava,Sefwi Wiawso,Sefwi Wiawso District Market,1.88,GHS,WFP-GIEWS-Ghana
2021-08-23,cassava,Sefwi Wiawso,Sefwi Wiawso District Market,1.72,GHS,WFP-GIEWS-Ghana
2021-08-30,cassava,Sefwi Wiawso,Sefwi Wiawso District Market,1.77,GHS,WFP-GIEWS-Ghana
2021-09-06,cassava,Sefwi Wiawso,Sefwi Wiawso District Market,1.47,GHS,WFP-GIEWS-Ghana
2021-09-13,cassava,Sefwi Wiawso,Sefwi Wiawso District Market,1.66,GHS,WFP-GIEWS-Ghana
2021-09-20,cassava,Sefwi Wiawso,Sefwi Wiawso District Market,1.54,GHS,WFP-GIEWS-Ghana
2021-09-27,cassava,Sefwi Wiawso,Sefwi Wiawso District Market,1.63,GHS,WFP-GIEWS-Ghana
2021-10-04,cassava,Sefwi Wiawso,Sefwi Wiawso District Market,1.33,GHS,WFP-GIEWS-Ghana
2021-10-11,cassava,Sefwi Wiawso,Sefwi Wiawso District Market,1.37,GHS,WFP-GIEWS-Ghana
2021-10-18,cassava,Sefwi Wiawso,Sefwi Wiawso District Market,1.38,GHS,WFP-GIEWS-Ghana
2021-10-25,cassava,Sefwi Wiawso,Sefwi Wiawso District Market,1.32,GHS,WFP-GIEWS-Ghana
2021-11-01,cassava,Sefwi Wiawso,Sefwi Wiawso District Market,1.41,GHS,WFP-GIEWS-Ghana
2021-11-08,cassava,Sefwi Wiawso,Sefwi Wiawso District Market,1.31,GHS,WFP-GIEWS-Ghana
2021-11-15,cassava,Sefwi Wiawso,Sefwi Wiawso District Market,1.39,GHS,WFP-GIEWS-Ghana
2021-11-22,cassava,Sefwi Wiawso,Sefwi Wiawso District Market,1.33,GHS,WFP-GIEWS-Ghana
2021-11-29,cassava,Sefwi Wiawso,Sefwi Wiawso District Market,1.37,GHS,WFP-GIEWS-Ghana
2021-12-06,cassava,Sefwi Wiawso,Sefwi Wiawso District Market,1.33,GHS,WFP-GIEWS-Ghana
2021-12-13,cassava,Sefwi Wiawso,Sefwi Wiawso District Market,1.36,GHS,WFP-GIEWS-Ghana
2021-12-20,cassava,Sefwi Wiawso,Sefwi Wiawso District Market,1.3,GHS,WFP-GIEWS-Ghana
2021-12-27,cassava,Sefwi Wiawso,Sefwi Wiawso District Market,1.37,GHS,WFP-GIEWS-Ghana
2022-01-03,cassava,Sefwi Wiawso,Sefwi Wiawso District Market,1.74,GHS,WFP-GIEWS-Ghana
2022-01-10,cassava,Sefwi Wiawso,Sefwi Wiawso District Market,1.7,GHS,WFP-GIEWS-Ghana
2022-01-17,cassava,Sefwi Wiawso,Sefwi Wiawso District Market,1.73,GHS,WFP-GIEWS-Ghana
2022-01-24,cassava,Sefwi Wiawso,Sefwi Wiawso District Market,1.74,GHS,WFP-GIEWS-Ghana
2022-01-31,cassava,Sefwi Wiawso,Sefwi Wiawso District Market,1.69,GHS,WFP-GIEWS-Ghana
2022-02-07,cassava,Sefwi Wiawso,Sefwi Wiawso District Market,1.74,GHS,WFP-GIEWS-Ghana
2022-02-14,cassava,Sefwi Wiawso,Sefwi Wiawso District Market,1.68,GHS,WFP-GIEWS-Ghana
2022-02-21,cassava,Sefwi Wiawso,Sefwi Wiawso District Market,1.91,GHS,WFP-GIEWS-Ghana
2022-02-28,cassava,Sefwi Wiawso,Sefwi Wiawso District Market,1.82,GHS,WFP-GIEWS-Ghana
2022-03-07,cassava,Sefwi Wiawso,Sefwi Wiawso District Market,1.51,GHS,WFP-GIEWS-Ghana
2022-03-14,cassava,Sefwi Wiawso,Sefwi Wiawso District Market,1.57,GHS,WFP-GIEWS-Ghana
2022-03-21,cassava,Sefwi Wiawso,Sefwi Wiawso District Market,1.38,GHS,WFP-GIEWS-Ghana
2022-03-28,cassava,Sefwi Wiawso,Sefwi Wiawso District Market,1.34,GHS,WFP-GIEWS-Ghana
2022-04-04,cassava,Sefwi Wiawso,Sefwi Wiawso District Market,1.48,GHS,WFP-GIEWS-Ghana
2022-04-11,cassava,Sefwi Wiawso,Sefwi Wiawso District Market,1.42,GHS,WFP-GIEWS-Ghana
2022-04-18,cassava,Sefwi Wiawso,Sefwi Wiawso District Market,1.49,GHS,WFP-GIEWS-Ghana
2022-04-25,cassava,Sefwi Wiawso,Sefwi Wiawso District Market,1.52,GHS,WFP-GIEWS-Ghana
2022-05-02,cassava,Sefwi Wiawso,Sefwi Wiawso District Market,1.57,GHS,WFP-GIEWS-Ghana
2022-05-09,cassava,Sefwi Wiawso,Sefwi Wiawso District Market,1.45,GHS,WFP-GIEWS-Ghana
2022-05-16,cassava,Sefwi Wiawso,Sefwi Wiawso District Market,1.54,GHS,WFP-GIEWS-Ghana
2022-05-23,cassava,Sefwi Wiawso,Sefwi Wiawso District Market,1.52,GHS,WFP-GIEWS-Ghana
2022-05-30,cassava,Sefwi Wiawso,Sefwi Wiawso District Market,1.54,GHS,WFP-GIEWS-Ghana
2022-06-06,cassava,Sefwi Wiawso,Sefwi Wiawso District Market,1.62,GHS,WFP-GIEWS-Ghana
2022-06-13,cassava,Sefwi Wiawso,Sefwi Wiawso District Market,1.75,GHS,WFP-GIEWS-Ghana
2022-06-20,cassava,Sefwi Wiawso,Sefwi Wiawso District Market,1.65,GHS,WFP-GIEWS-Ghana
2022-06-27,cassava,Sefwi Wiawso,Sefwi Wiawso District Market,1.78,GHS,WFP-GIEWS-Ghana
2022-07-04,cassava,Sefwi Wiawso,Sefwi Wiawso District Market,1.81,GHS,WFP-GIEWS-Ghana
2022-07-11,cassava,Sefwi Wiawso,Sefwi Wiawso District Market,1.93,GHS,WFP-GIEWS-Ghana
2022-07-18,cassava,Sefwi Wiawso,Sefwi Wiawso District Market,1.87,GHS,WFP-GIEWS-Ghana
2022-07-25,cassava,Sefwi Wiawso,Sefwi Wiawso District Market,1.85,GHS,WFP-GIEWS-Ghana
2022-08-01,cassava,Sefwi Wiawso,Sefwi Wiawso District Market,1.93,GHS,WFP-GIEWS-Ghana
2022-08-08,cassava,Sefwi Wiawso,Sefwi Wiawso District Market,1.86,GHS,WFP-GIEWS-Ghana
2022-08-15,cassava,Sefwi Wiawso,Sefwi Wiawso District Market,1.68,GHS,WFP-GIEWS-Ghana
2022-08-22,cassava,Sefwi Wiawso,Sefwi Wiawso District Market,1.65,GHS,WFP-GIEWS-Ghana
2022-08-29,cassava,Sefwi Wiawso,Sefwi Wiawso District Market,1.98,GHS,WFP-GIEWS-Ghana
2022-09-05,cassava,Sefwi Wiawso,Sefwi Wiawso District Market,1.77,GHS,WFP-GIEWS-Ghana
2022-09-12,cassava,Sefwi Wiawso,Sefwi Wiawso District Market,1.82,GHS,WFP-GIEWS-Ghana
2022-09-19,cassava,Sefwi Wiawso,Sefwi Wiawso District Market,1.69,GHS,WFP-GIEWS-Ghana
2022-09-26,cassava,Sefwi Wiawso,Sefwi Wiawso District Market,1.6,GHS,WFP-GIEWS-Ghana
2022-10-03,cassava,Sefwi Wiawso,Sefwi Wiawso District Market,1.42,GHS,WFP-GIEWS-Ghana
2022-10-10,cassava,Sefwi Wiawso,Sefwi Wiawso District Market,1.45,GHS,WFP-GIEWS-Ghana
2022-10-17,cassava,Sefwi Wiawso,Sefwi Wiawso District Market,1.39,GHS,WFP-GIEWS-Ghana
2022-10-24,cassava,Sefwi Wiawso,Sefwi Wiawso District Market,1.54,GHS,WFP-GIEWS-Ghana
2022-10-31,cassava,Sefwi Wiawso,Sefwi Wiawso District Market,1.58,GHS,WFP-GIEWS-Ghana
2022-11-07,cassava,Sefwi Wiawso,Sefwi Wiawso District Market,1.48,GHS,WFP-GIEWS-Ghana
2022-11-14,cassava,Sefwi Wiawso,Sefwi Wiawso District Market,1.46,GHS,WFP-GIEWS-Ghana
2022-11-21,cassava,Sefwi Wiawso,Sefwi Wiawso District Market,1.38,GHS,WFP-GIEWS-Ghana
2022-11-28,cassava,Sefwi Wiawso,Sefwi Wiawso District Market,1.55,GHS,WFP-GIEWS-Ghana
2022-12-05,cassava,Sefwi Wiawso,Sefwi Wiawso District Market,1.47,GHS,WFP-GIEWS-Ghana
2022-12-12,cassava,Sefwi Wiawso,Sefwi Wiawso District Market,1.45,GHS,WFP-GIEWS-Ghana
2022-12-19,cassava,Sefwi Wiawso,Sefwi Wiawso District Market,1.49,GHS,WFP-GIEWS-Ghana
2022-12-26,cassava,Sefwi Wiawso,Sefwi Wiawso District Market,1.43,GHS,WFP-GIEWS-Ghana
2023-01-02,cassava,Sefwi Wiawso,Sefwi Wiawso District Market,1.89,GHS,WFP-GIEWS-Ghana
2023-01-09,cassava,Sefwi Wiawso,Sefwi Wiawso District Market,1.77,GHS,WFP-GIEWS-Ghana
2023-01-16,cassava,Sefwi Wiawso,Sefwi Wiawso District Market,1.96,GHS,WFP-GIEWS-Ghana
2023-01-23,cassava,Sefwi Wiawso,Sefwi Wiawso District Market,1.87,GHS,WFP-GIEWS-Ghana
2023-01-30,cassava,Sefwi Wiawso,Sefwi Wiawso District Market,1.96,GHS,WFP-GIEWS-Ghana
2023-02-06,cassava,Sefwi Wiawso,Sefwi Wiawso District Market,1.87,GHS,WFP-GIEWS-Ghana
2023-02-13,cassava,Sefwi Wiawso,Sefwi Wiawso District Market,1.88,GHS,WFP-GIEWS-Ghana
2023-02-20,cassava,Sefwi Wiawso,Sefwi Wiawso District Market,1.79,GHS,WFP-GIEWS-Ghana
2023-02-27,cassava,Sefwi Wiawso,Sefwi Wiawso District Market,1.94,GHS,WFP-GIEWS-Ghana
2023-03-06,cassava,Sefwi Wiawso,Sefwi Wiawso District Market,1.56,GHS,WFP-GIEWS-Ghana
2023-03-13,cassava,Sefwi Wiawso,Sefwi Wiawso District Market,1.59,GHS,WFP-GIEWS-Ghana
2023-03-20,cassava,Sefwi Wiawso,Sefwi Wiawso District Market,1.62,GHS,WFP-GIEWS-Ghana
2023-03-27,cassava,Sefwi Wiawso,Sefwi Wiawso District Market,1.62,GHS,WFP-GIEWS-Ghana
2023-04-03,cassava,Sefwi Wiawso,Sefwi Wiawso District Market,1.52,GHS,WFP-GIEWS-Ghana
2023-04-10,cassava,Sefwi Wiawso,Sefwi Wiawso District Market,1.61,GHS,WFP-GIEWS-Ghana
2023-04-17,cassava,Sefwi Wiawso,Sefwi Wiawso District Market,1.68,GHS,WFP-GIEWS-Ghana
2023-04-24,cassava,Sefwi Wiawso,Sefwi Wiawso District Market,1.6,GHS,WFP-GIEWS-Ghana
2023-05-01,cassava,Sefwi Wiawso,Sefwi Wiawso District Market,1.62,GHS,WFP-GIEWS-Ghana
2023-05-08,cassava,Sefwi Wiawso,Sefwi Wiawso District Market,1.65,GHS,WFP-GIEWS-Ghana
2023-05-15,cassava,Sefwi Wiawso,Sefwi Wiawso District Market,1.63,GHS,WFP-GIEWS-Ghana
2023-05-22,cassava,Sefwi Wiawso,Sefwi Wiawso District Market,1.57,GHS,WFP-GIEWS-Ghana
2023-05-29,cassava,Sefwi Wiawso,Sefwi Wiawso District Market,1.64,GHS,WFP-GIEWS-Ghana
2023-06-05,cassava,Sefwi Wiawso,Sefwi Wiawso District Market,1.86,GHS,WFP-GIEWS-Ghana
2023-06-12,cassava,Sefwi Wiawso,Sefwi Wiawso District Market,1.72,GHS,WFP-GIEWS-Ghana
2023-06-19,cassava,Sefwi Wiawso,Sefwi Wiawso District Market,1.77,GHS,WFP-GIEWS-Ghana
2023-06-26,cassava,Sefwi Wiawso,Sefwi Wiawso District Market,1.69,GHS,WFP-GIEWS-Ghana
2023-07-03,cassava,Sefwi Wiawso,Sefwi Wiawso District Market,2.1,GHS,WFP-GIEWS-Ghana
2023-07-10,cassava,Sefwi Wiawso,Sefwi Wiawso District Market,2.01,GHS,WFP-GIEWS-Ghana
2023-07-17,cassava,Sefwi Wiawso,Sefwi Wiawso District Market,1.95,GHS,WFP-GIEWS-Ghana
2023-07-24,cassava,Sefwi Wiawso,Sefwi Wiawso District Market,2.03,GHS,WFP-GIEWS-Ghana
2023-07-31,cassava,Sefwi Wiawso,Sefwi Wiawso District Market,1.92,GHS,WFP-GIEWS-Ghana
2023-08-07,cassava,Sefwi Wiawso,Sefwi Wiawso District Market,1.95,GHS,WFP-GIEWS-Ghana
2023-08-14,cassava,Sefwi Wiawso,Sefwi Wiawso District Market,1.91,GHS,WFP-GIEWS-Ghana
2023-08-21,cassava,Sefwi Wiawso,Sefwi Wiawso District Market,1.95,GHS,WFP-GIEWS-Ghana
2023-08-28,cassava,Sefwi Wiawso,Sefwi Wiawso District Market,2.14,GHS,WFP-GIEWS-Ghana
2023-09-04,cassava,Sefwi Wiawso,Sefwi Wiawso District Market,1.77,GHS,WFP-GIEWS-Ghana
2023-09-11,cassava,Sefwi Wiawso,Sefwi Wiawso District Market,1.86,GHS,WFP-GIEWS-Ghana
2023-09-18,cassava,Sefwi Wiawso,Sefwi Wiawso District Market,1.77,GHS,WFP-GIEWS-Ghana
2023-09-25,cassava,Sefwi Wiawso,Sefwi Wiawso District Market,1.88,GHS,WFP-GIEWS-Ghana
2023-10-02,cassava,Sefwi Wiawso,Sefwi Wiawso District Market,1.5,GHS,WFP-GIEWS-Ghana
2023-10-09,cassava,Sefwi Wiawso,Sefwi Wiawso District Market,1.57,GHS,WFP-GIEWS-Ghana
2023-10-16,cassava,Sefwi Wiawso,Sefwi Wiawso District Market,1.57,GHS,WFP-GIEWS-Ghana
2023-10-23,cassava,Sefwi Wiawso,Sefwi Wiawso District Market,1.71,GHS,WFP-GIEWS-Ghana
2023-10-30,cassava,Sefwi Wiawso,Sefwi Wiawso District Market,1.6,GHS,WFP-GIEWS-Ghana
2023-11-06,cassava,Sefwi Wiawso,Sefwi Wiawso District Market,1.54,GHS,WFP-GIEWS-Ghana
2023-11-13,cassava,Sefwi Wiawso,Sefwi Wiawso District Market,1.62,GHS,WFP-GIEWS-Ghana
2023-11-20,cassava,Sefwi Wiawso,Sefwi Wiawso District Market,1.71,GHS,WFP-GIEWS-Ghana
2023-11-27,cassava,Sefwi Wiawso,Sefwi Wiawso District Market,1.47,GHS,WFP-GIEWS-Ghana
2023-12-04,cassava,Sefwi Wiawso,Sefwi Wiawso District Market,1.53,GHS,WFP-GIEWS-Ghana
2023-12-11,cassava,Sefwi Wiawso,Sefwi Wiawso District Market,1.57,GHS,WFP-GIEWS-Ghana
2023-12-18,cassava,Sefwi Wiawso,Sefwi Wiawso District Market,1.56,GHS,WFP-GIEWS-Ghana
2023-12-25,cassava,Sefwi Wiawso,Sefwi Wiawso District Market,1.56,GHS,WFP-GIEWS-Ghana
2024-01-01,cassava,Sefwi Wiawso,Sefwi Wiawso District Market,1.92,GHS,WFP-GIEWS-Ghana
2024-01-08,cassava,Sefwi Wiawso,Sefwi Wiawso District Market,2.14,GHS,WFP-GIEWS-Ghana
2024-01-15,cassava,Sefwi Wiawso,Sefwi Wiawso District Market,1.91,GHS,WFP-GIEWS-Ghana
2024-01-22,cassava,Sefwi Wiawso,Sefwi Wiawso District Market,2.01,GHS,WFP-GIEWS-Ghana
2024-01-29,cassava,Sefwi Wiawso,Sefwi Wiawso District Market,2.11,GHS,WFP-GIEWS-Ghana
2024-02-05,cassava,Sefwi Wiawso,Sefwi Wiawso District Market,2.03,GHS,WFP-GIEWS-Ghana
2024-02-12,cassava,Sefwi Wiawso,Sefwi Wiawso District Market,1.96,GHS,WFP-GIEWS-Ghana
2024-02-19,cassava,Sefwi Wiawso,Sefwi Wiawso District Market,1.93,GHS,WFP-GIEWS-Ghana
2024-02-26,cassava,Sefwi Wiawso,Sefwi Wiawso District Market,2.02,GHS,WFP-GIEWS-Ghana
2024-03-04,cassava,Sefwi Wiawso,Sefwi Wiawso District Market,1.69,GHS,WFP-GIEWS-Ghana
2024-03-11,cassava,Sefwi Wiawso,Sefwi Wiawso District Market,1.76,GHS,WFP-GIEWS-Ghana
2024-03-18,cassava,Sefwi Wiawso,Sefwi Wiawso District Market,1.65,GHS,WFP-GIEWS-Ghana
2024-03-25,cassava,Sefwi Wiawso,Sefwi Wiawso District Market,1.8,GHS,WFP-GIEWS-Ghana
2024-04-01,cassava,Sefwi Wiawso,Sefwi Wiawso District Market,1.77,GHS,WFP-GIEWS-Ghana
2024-04-08,cassava,Sefwi Wiawso,Sefwi Wiawso District Market,1.77,GHS,WFP-GIEWS-Ghana
2024-04-15,cassava,Sefwi Wiawso,Sefwi Wiawso District Market,1.86,GHS,WFP-GIEWS-Ghana
2024-04-22,cassava,Sefwi Wiawso,Sefwi Wiawso District Market,1.73,GHS,WFP-GIEWS-Ghana
2024-04-29,cassava,Sefwi Wiawso,Sefwi Wiawso District Market,1.71,GHS,WFP-GIEWS-Ghana
2024-05-06,cassava,Sefwi Wiawso,Sefwi Wiawso District Market,1.73,GHS,WFP-GIEWS-Ghana
2024-05-13,cassava,Sefwi Wiawso,Sefwi Wiawso District Market,1.76,GHS,WFP-GIEWS-Ghana
2024-05-20,cassava,Sefwi Wiawso,Sefwi Wiawso District Market,1.76,GHS,WFP-GIEWS-Ghana
2024-05-27,cassava,Sefwi Wiawso,Sefwi Wiawso District Market,1.71,GHS,WFP-GIEWS-Ghana
2024-06-03,cassava,Sefwi Wiawso,Sefwi Wiawso District Market,1.78,GHS,WFP-GIEWS-Ghana
2024-06-10,cassava,Sefwi Wiawso,Sefwi Wiawso District Market,1.89,GHS,WFP-GIEWS-Ghana
2024-06-17,cassava,Sefwi Wiawso,Sefwi Wiawso District Market,1.96,GHS,WFP-GIEWS-Ghana
2024-06-24,cassava,Sefwi Wiawso,Sefwi Wiawso District Market,1.95,GHS,WFP-GIEWS-Ghana
2024-07-01,cassava,Sefwi Wiawso,Sefwi Wiawso District Market,2.29,GHS,WFP-GIEWS-Ghana
2024-07-08,cassava,Sefwi Wiawso,Sefwi Wiawso District Market,2.35,GHS,WFP-GIEWS-Ghana
2024-07-15,cassava,Sefwi Wiawso,Sefwi Wiawso District Market,2.25,GHS,WFP-GIEWS-Ghana
2024-07-22,cassava,Sefwi Wiawso,Sefwi Wiawso District Market,2.3,GHS,WFP-GIEWS-Ghana
2024-07-29,cassava,Sefwi Wiawso,Sefwi Wiawso District Market,2.25,GHS,WFP-GIEWS-Ghana
2024-08-05,cassava,Sefwi Wiawso,Sefwi Wiawso District Market,2.35,GHS,WFP-GIEWS-Ghana
2024-08-12,cassava,Sefwi Wiawso,Sefwi Wiawso District Market,2.36,GHS,WFP-GIEWS-Ghana
2024-08-19,cassava,Sefwi Wiawso,Sefwi Wiawso District Market,2.28,GHS,WFP-GIEWS-Ghana
2024-08-26,cassava,Sefwi Wiawso,Sefwi Wiawso District Market,2.26,GHS,WFP-GIEWS-Ghana
2024-09-02,cassava,Sefwi Wiawso,Sefwi Wiawso District Market,1.96,GHS,WFP-GIEWS-Ghana
2024-09-09,cassava,Sefwi Wiawso,Sefwi Wiawso District Market,1.97,GHS,WFP-GIEWS-Ghana
2024-09-16,cassava,Sefwi Wiawso,Sefwi Wiawso District Market,1.95,GHS,WFP-GIEWS-Ghana
2024-09-23,cassava,Sefwi Wiawso,Sefwi Wiawso District Market,2.02,GHS,WFP-GIEWS-Ghana
2024-09-30,cassava,Sefwi Wiawso,Sefwi Wiawso District Market,1.92,GHS,WFP-GIEWS-Ghana
2024-10-07,cassava,Sefwi Wiawso,Sefwi Wiawso District Market,1.67,GHS,WFP-GIEWS-Ghana
2024-10-14,cassava,Sefwi Wiawso,Sefwi Wiawso District Market,1.53,GHS,WFP-GIEWS-Ghana
2024-10-21,cassava,Sefwi Wiawso,Sefwi Wiawso District Market,1.8,GHS,WFP-GIEWS-Ghana
2024-10-28,cassava,Sefwi Wiawso,Sefwi Wiawso District Market,1.67,GHS,WFP-GIEWS-Ghana
2024-11-04,cassava,Sefwi Wiawso,Sefwi Wiawso District Market,1.73,GHS,WFP-GIEWS-Ghana
2024-11-11,cassava,Sefwi Wiawso,Sefwi Wiawso District Market,1.8,GHS,WFP-GIEWS-Ghana
2024-11-18,cassava,Sefwi Wiawso,Sefwi Wiawso District Market,1.72,GHS,WFP-GIEWS-Ghana
2024-11-25,cassava,Sefwi Wiawso,Sefwi Wiawso District Market,1.8,GHS,WFP-GIEWS-Ghana
2024-12-02,cassava,Sefwi Wiawso,Sefwi Wiawso District Market,1.62,GHS,WFP-GIEWS-Ghana
2024-12-09,cassava,Sefwi Wiawso,Sefwi Wiawso District Market,1.87,GHS,WFP-GIEWS-Ghana
2024-12-16,cassava,Sefwi Wiawso,Sefwi Wiawso District Market,1.78,GHS,WFP-GIEWS-Ghana
2024-12-23,cassava,Sefwi Wiawso,Sefwi Wiawso District Market,1.72,GHS,WFP-GIEWS-Ghana
2024-12-30,cassava,Sefwi Wiawso,Sefwi Wiawso District Market,1.81,GHS,WFP-GIEWS-Ghana
2018-01-01,cassava,Wasa Amenfi,Asankragua Market (Wasa Amenfi),1.2,GHS,WFP-GIEWS-Ghana
2018-01-08,cassava,Wasa Amenfi,Asankragua Market (Wasa Amenfi),1.28,GHS,WFP-GIEWS-Ghana
2018-01-15,cassava,Wasa Amenfi,Asankragua Market (Wasa Amenfi),1.12,GHS,WFP-GIEWS-Ghana
2018-01-22,cassava,Wasa Amenfi,Asankragua Market (Wasa Amenfi),1.24,GHS,WFP-GIEWS-Ghana
2018-01-29,cassava,Wasa Amenfi,Asankragua Market (Wasa Amenfi),1.24,GHS,WFP-GIEWS-Ghana
2018-02-05,cassava,Wasa Amenfi,Asankragua Market (Wasa Amenfi),1.32,GHS,WFP-GIEWS-Ghana
2018-02-12,cassava,Wasa Amenfi,Asankragua Market (Wasa Amenfi),1.14,GHS,WFP-GIEWS-Ghana
2018-02-19,cassava,Wasa Amenfi,Asankragua Market (Wasa Amenfi),1.3,GHS,WFP-GIEWS-Ghana
2018-02-26,cassava,Wasa Amenfi,Asankragua Market (Wasa Amenfi),1.19,GHS,WFP-GIEWS-Ghana
2018-03-05,cassava,Wasa Amenfi,Asankragua Market (Wasa Amenfi),1.03,GHS,WFP-GIEWS-Ghana
2018-03-12,cassava,Wasa Amenfi,Asankragua Market (Wasa Amenfi),1.0,GHS,WFP-GIEWS-Ghana
2018-03-19,cassava,Wasa Amenfi,Asankragua Market (Wasa Amenfi),1.0,GHS,WFP-GIEWS-Ghana
2018-03-26,cassava,Wasa Amenfi,Asankragua Market (Wasa Amenfi),1.06,GHS,WFP-GIEWS-Ghana
2018-04-02,cassava,Wasa Amenfi,Asankragua Market (Wasa Amenfi),1.01,GHS,WFP-GIEWS-Ghana
2018-04-09,cassava,Wasa Amenfi,Asankragua Market (Wasa Amenfi),1.08,GHS,WFP-GIEWS-Ghana
2018-04-16,cassava,Wasa Amenfi,Asankragua Market (Wasa Amenfi),1.03,GHS,WFP-GIEWS-Ghana
2018-04-23,cassava,Wasa Amenfi,Asankragua Market (Wasa Amenfi),1.0,GHS,WFP-GIEWS-Ghana
2018-04-30,cassava,Wasa Amenfi,Asankragua Market (Wasa Amenfi),1.03,GHS,WFP-GIEWS-Ghana
2018-05-07,cassava,Wasa Amenfi,Asankragua Market (Wasa Amenfi),1.07,GHS,WFP-GIEWS-Ghana
2018-05-14,cassava,Wasa Amenfi,Asankragua Market (Wasa Amenfi),1.05,GHS,WFP-GIEWS-Ghana
2018-05-21,cassava,Wasa Amenfi,Asankragua Market (Wasa Amenfi),1.06,GHS,WFP-GIEWS-Ghana
2018-05-28,cassava,Wasa Amenfi,Asankragua Market (Wasa Amenfi),1.09,GHS,WFP-GIEWS-Ghana
2018-06-04,cassava,Wasa Amenfi,Asankragua Market (Wasa Amenfi),1.21,GHS,WFP-GIEWS-Ghana
2018-06-11,cassava,Wasa Amenfi,Asankragua Market (Wasa Amenfi),1.14,GHS,WFP-GIEWS-Ghana
2018-06-18,cassava,Wasa Amenfi,Asankragua Market (Wasa Amenfi),1.11,GHS,WFP-GIEWS-Ghana
2018-06-25,cassava,Wasa Amenfi,Asankragua Market (Wasa Amenfi),1.16,GHS,WFP-GIEWS-Ghana
2018-07-02,cassava,Wasa Amenfi,Asankragua Market (Wasa Amenfi),1.33,GHS,WFP-GIEWS-Ghana
2018-07-09,cassava,Wasa Amenfi,Asankragua Market (Wasa Amenfi),1.23,GHS,WFP-GIEWS-Ghana
2018-07-16,cassava,Wasa Amenfi,Asankragua Market (Wasa Amenfi),1.26,GHS,WFP-GIEWS-Ghana
2018-07-23,cassava,Wasa Amenfi,Asankragua Market (Wasa Amenfi),1.27,GHS,WFP-GIEWS-Ghana
2018-07-30,cassava,Wasa Amenfi,Asankragua Market (Wasa Amenfi),1.3,GHS,WFP-GIEWS-Ghana
2018-08-06,cassava,Wasa Amenfi,Asankragua Market (Wasa Amenfi),1.28,GHS,WFP-GIEWS-Ghana
2018-08-13,cassava,Wasa Amenfi,Asankragua Market (Wasa Amenfi),1.35,GHS,WFP-GIEWS-Ghana
2018-08-20,cassava,Wasa Amenfi,Asankragua Market (Wasa Amenfi),1.23,GHS,WFP-GIEWS-Ghana
2018-08-27,cassava,Wasa Amenfi,Asankragua Market (Wasa Amenfi),1.23,GHS,WFP-GIEWS-Ghana
2018-09-03,cassava,Wasa Amenfi,Asankragua Market (Wasa Amenfi),1.17,GHS,WFP-GIEWS-Ghana
2018-09-10,cassava,Wasa Amenfi,Asankragua Market (Wasa Amenfi),1.17,GHS,WFP-GIEWS-Ghana
2018-09-17,cassava,Wasa Amenfi,Asankragua Market (Wasa Amenfi),1.11,GHS,WFP-GIEWS-Ghana
2018-09-24,cassava,Wasa Amenfi,Asankragua Market (Wasa Amenfi),1.15,GHS,WFP-GIEWS-Ghana
2018-10-01,cassava,Wasa Amenfi,Asankragua Market (Wasa Amenfi),0.99,GHS,WFP-GIEWS-Ghana
2018-10-08,cassava,Wasa Amenfi,Asankragua Market (Wasa Amenfi),1.0,GHS,WFP-GIEWS-Ghana
2018-10-15,cassava,Wasa Amenfi,Asankragua Market (Wasa Amenfi),1.02,GHS,WFP-GIEWS-Ghana
2018-10-22,cassava,Wasa Amenfi,Asankragua Market (Wasa Amenfi),0.98,GHS,WFP-GIEWS-Ghana
2018-10-29,cassava,Wasa Amenfi,Asankragua Market (Wasa Amenfi),1.07,GHS,WFP-GIEWS-Ghana
2018-11-05,cassava,Wasa Amenfi,Asankragua Market (Wasa Amenfi),1.04,GHS,WFP-GIEWS-Ghana
2018-11-12,cassava,Wasa Amenfi,Asankragua Market (Wasa Amenfi),0.98,GHS,WFP-GIEWS-Ghana
2018-11-19,cassava,Wasa Amenfi,Asankragua Market (Wasa Amenfi),1.02,GHS,WFP-GIEWS-Ghana
2018-11-26,cassava,Wasa Amenfi,Asankragua Market (Wasa Amenfi),1.02,GHS,WFP-GIEWS-Ghana
2018-12-03,cassava,Wasa Amenfi,Asankragua Market (Wasa Amenfi),1.07,GHS,WFP-GIEWS-Ghana
2018-12-10,cassava,Wasa Amenfi,Asankragua Market (Wasa Amenfi),1.0,GHS,WFP-GIEWS-Ghana
2018-12-17,cassava,Wasa Amenfi,Asankragua Market (Wasa Amenfi),1.06,GHS,WFP-GIEWS-Ghana
2018-12-24,cassava,Wasa Amenfi,Asankragua Market (Wasa Amenfi),1.03,GHS,WFP-GIEWS-Ghana
2018-12-31,cassava,Wasa Amenfi,Asankragua Market (Wasa Amenfi),1.09,GHS,WFP-GIEWS-Ghana
2019-01-07,cassava,Wasa Amenfi,Asankragua Market (Wasa Amenfi),1.38,GHS,WFP-GIEWS-Ghana
2019-01-14,cassava,Wasa Amenfi,Asankragua Market (Wasa Amenfi),1.32,GHS,WFP-GIEWS-Ghana
2019-01-21,cassava,Wasa Amenfi,Asankragua Market (Wasa Amenfi),1.3,GHS,WFP-GIEWS-Ghana
2019-01-28,cassava,Wasa Amenfi,Asankragua Market (Wasa Amenfi),1.34,GHS,WFP-GIEWS-Ghana
2019-02-04,cassava,Wasa Amenfi,Asankragua Market (Wasa Amenfi),1.31,GHS,WFP-GIEWS-Ghana
2019-02-11,cassava,Wasa Amenfi,Asankragua Market (Wasa Amenfi),1.41,GHS,WFP-GIEWS-Ghana
2019-02-18,cassava,Wasa Amenfi,Asankragua Market (Wasa Amenfi),1.32,GHS,WFP-GIEWS-Ghana
2019-02-25,cassava,Wasa Amenfi,Asankragua Market (Wasa Amenfi),1.3,GHS,WFP-GIEWS-Ghana
2019-03-04,cassava,Wasa Amenfi,Asankragua Market (Wasa Amenfi),1.11,GHS,WFP-GIEWS-Ghana
2019-03-11,cassava,Wasa Amenfi,Asankragua Market (Wasa Amenfi),1.08,GHS,WFP-GIEWS-Ghana
2019-03-18,cassava,Wasa Amenfi,Asankragua Market (Wasa Amenfi),1.16,GHS,WFP-GIEWS-Ghana
2019-03-25,cassava,Wasa Amenfi,Asankragua Market (Wasa Amenfi),1.09,GHS,WFP-GIEWS-Ghana
2019-04-01,cassava,Wasa Amenfi,Asankragua Market (Wasa Amenfi),1.19,GHS,WFP-GIEWS-Ghana
2019-04-08,cassava,Wasa Amenfi,Asankragua Market (Wasa Amenfi),1.08,GHS,WFP-GIEWS-Ghana
2019-04-15,cassava,Wasa Amenfi,Asankragua Market (Wasa Amenfi),1.14,GHS,WFP-GIEWS-Ghana
2019-04-22,cassava,Wasa Amenfi,Asankragua Market (Wasa Amenfi),1.19,GHS,WFP-GIEWS-Ghana
2019-04-29,cassava,Wasa Amenfi,Asankragua Market (Wasa Amenfi),1.04,GHS,WFP-GIEWS-Ghana
2019-05-06,cassava,Wasa Amenfi,Asankragua Market (Wasa Amenfi),1.24,GHS,WFP-GIEWS-Ghana
2019-05-13,cassava,Wasa Amenfi,Asankragua Market (Wasa Amenfi),1.13,GHS,WFP-GIEWS-Ghana
2019-05-20,cassava,Wasa Amenfi,Asankragua Market (Wasa Amenfi),1.15,GHS,WFP-GIEWS-Ghana
2019-05-27,cassava,Wasa Amenfi,Asankragua Market (Wasa Amenfi),1.17,GHS,WFP-GIEWS-Ghana
2019-06-03,cassava,Wasa Amenfi,Asankragua Market (Wasa Amenfi),1.29,GHS,WFP-GIEWS-Ghana
2019-06-10,cassava,Wasa Amenfi,Asankragua Market (Wasa Amenfi),1.27,GHS,WFP-GIEWS-Ghana
2019-06-17,cassava,Wasa Amenfi,Asankragua Market (Wasa Amenfi),1.3,GHS,WFP-GIEWS-Ghana
2019-06-24,cassava,Wasa Amenfi,Asankragua Market (Wasa Amenfi),1.28,GHS,WFP-GIEWS-Ghana
2019-07-01,cassava,Wasa Amenfi,Asankragua Market (Wasa Amenfi),1.51,GHS,WFP-GIEWS-Ghana
2019-07-08,cassava,Wasa Amenfi,Asankragua Market (Wasa Amenfi),1.44,GHS,WFP-GIEWS-Ghana
2019-07-15,cassava,Wasa Amenfi,Asankragua Market (Wasa Amenfi),1.52,GHS,WFP-GIEWS-Ghana
2019-07-22,cassava,Wasa Amenfi,Asankragua Market (Wasa Amenfi),1.46,GHS,WFP-GIEWS-Ghana
2019-07-29,cassava,Wasa Amenfi,Asankragua Market (Wasa Amenfi),1.31,GHS,WFP-GIEWS-Ghana
2019-08-05,cassava,Wasa Amenfi,Asankragua Market (Wasa Amenfi),1.57,GHS,WFP-GIEWS-Ghana
2019-08-12,cassava,Wasa Amenfi,Asankragua Market (Wasa Amenfi),1.39,GHS,WFP-GIEWS-Ghana
2019-08-19,cassava,Wasa Amenfi,Asankragua Market (Wasa Amenfi),1.51,GHS,WFP-GIEWS-Ghana
2019-08-26,cassava,Wasa Amenfi,Asankragua Market (Wasa Amenfi),1.42,GHS,WFP-GIEWS-Ghana
2019-09-02,cassava,Wasa Amenfi,Asankragua Market (Wasa Amenfi),1.33,GHS,WFP-GIEWS-Ghana
2019-09-09,cassava,Wasa Amenfi,Asankragua Market (Wasa Amenfi),1.24,GHS,WFP-GIEWS-Ghana
2019-09-16,cassava,Wasa Amenfi,Asankragua Market (Wasa Amenfi),1.31,GHS,WFP-GIEWS-Ghana
2019-09-23,cassava,Wasa Amenfi,Asankragua Market (Wasa Amenfi),1.26,GHS,WFP-GIEWS-Ghana
2019-09-30,cassava,Wasa Amenfi,Asankragua Market (Wasa Amenfi),1.36,GHS,WFP-GIEWS-Ghana
2019-10-07,cassava,Wasa Amenfi,Asankragua Market (Wasa Amenfi),1.11,GHS,WFP-GIEWS-Ghana
2019-10-14,cassava,Wasa Amenfi,Asankragua Market (Wasa Amenfi),1.13,GHS,WFP-GIEWS-Ghana
2019-10-21,cassava,Wasa Amenfi,Asankragua Market (Wasa Amenfi),1.0,GHS,WFP-GIEWS-Ghana
2019-10-28,cassava,Wasa Amenfi,Asankragua Market (Wasa Amenfi),1.09,GHS,WFP-GIEWS-Ghana
2019-11-04,cassava,Wasa Amenfi,Asankragua Market (Wasa Amenfi),1.12,GHS,WFP-GIEWS-Ghana
2019-11-11,cassava,Wasa Amenfi,Asankragua Market (Wasa Amenfi),1.11,GHS,WFP-GIEWS-Ghana
2019-11-18,cassava,Wasa Amenfi,Asankragua Market (Wasa Amenfi),1.14,GHS,WFP-GIEWS-Ghana
2019-11-25,cassava,Wasa Amenfi,Asankragua Market (Wasa Amenfi),1.08,GHS,WFP-GIEWS-Ghana
2019-12-02,cassava,Wasa Amenfi,Asankragua Market (Wasa Amenfi),1.11,GHS,WFP-GIEWS-Ghana
2019-12-09,cassava,Wasa Amenfi,Asankragua Market (Wasa Amenfi),1.16,GHS,WFP-GIEWS-Ghana
2019-12-16,cassava,Wasa Amenfi,Asankragua Market (Wasa Amenfi),1.01,GHS,WFP-GIEWS-Ghana
2019-12-23,cassava,Wasa Amenfi,Asankragua Market (Wasa Amenfi),1.13,GHS,WFP-GIEWS-Ghana
2019-12-30,cassava,Wasa Amenfi,Asankragua Market (Wasa Amenfi),1.09,GHS,WFP-GIEWS-Ghana
2020-01-06,cassava,Wasa Amenfi,Asankragua Market (Wasa Amenfi),1.36,GHS,WFP-GIEWS-Ghana
2020-01-13,cassava,Wasa Amenfi,Asankragua Market (Wasa Amenfi),1.43,GHS,WFP-GIEWS-Ghana
2020-01-20,cassava,Wasa Amenfi,Asankragua Market (Wasa Amenfi),1.48,GHS,WFP-GIEWS-Ghana
2020-01-27,cassava,Wasa Amenfi,Asankragua Market (Wasa Amenfi),1.47,GHS,WFP-GIEWS-Ghana
2020-02-03,cassava,Wasa Amenfi,Asankragua Market (Wasa Amenfi),1.42,GHS,WFP-GIEWS-Ghana
2020-02-10,cassava,Wasa Amenfi,Asankragua Market (Wasa Amenfi),1.47,GHS,WFP-GIEWS-Ghana
2020-02-17,cassava,Wasa Amenfi,Asankragua Market (Wasa Amenfi),1.47,GHS,WFP-GIEWS-Ghana
2020-02-24,cassava,Wasa Amenfi,Asankragua Market (Wasa Amenfi),1.42,GHS,WFP-GIEWS-Ghana
2020-03-02,cassava,Wasa Amenfi,Asankragua Market (Wasa Amenfi),1.19,GHS,WFP-GIEWS-Ghana
2020-03-09,cassava,Wasa Amenfi,Asankragua Market (Wasa Amenfi),1.19,GHS,WFP-GIEWS-Ghana
2020-03-16,cassava,Wasa Amenfi,Asankragua Market (Wasa Amenfi),1.26,GHS,WFP-GIEWS-Ghana
2020-03-23,cassava,Wasa Amenfi,Asankragua Market (Wasa Amenfi),1.22,GHS,WFP-GIEWS-Ghana
2020-03-30,cassava,Wasa Amenfi,Asankragua Market (Wasa Amenfi),1.17,GHS,WFP-GIEWS-Ghana
2020-04-06,cassava,Wasa Amenfi,Asankragua Market (Wasa Amenfi),1.15,GHS,WFP-GIEWS-Ghana
2020-04-13,cassava,Wasa Amenfi,Asankragua Market (Wasa Amenfi),1.27,GHS,WFP-GIEWS-Ghana
2020-04-20,cassava,Wasa Amenfi,Asankragua Market (Wasa Amenfi),1.2,GHS,WFP-GIEWS-Ghana
2020-04-27,cassava,Wasa Amenfi,Asankragua Market (Wasa Amenfi),1.24,GHS,WFP-GIEWS-Ghana
2020-05-04,cassava,Wasa Amenfi,Asankragua Market (Wasa Amenfi),1.3,GHS,WFP-GIEWS-Ghana
2020-05-11,cassava,Wasa Amenfi,Asankragua Market (Wasa Amenfi),1.17,GHS,WFP-GIEWS-Ghana
2020-05-18,cassava,Wasa Amenfi,Asankragua Market (Wasa Amenfi),1.23,GHS,WFP-GIEWS-Ghana
2020-05-25,cassava,Wasa Amenfi,Asankragua Market (Wasa Amenfi),1.23,GHS,WFP-GIEWS-Ghana
2020-06-01,cassava,Wasa Amenfi,Asankragua Market (Wasa Amenfi),1.37,GHS,WFP-GIEWS-Ghana
2020-06-08,cassava,Wasa Amenfi,Asankragua Market (Wasa Amenfi),1.42,GHS,WFP-GIEWS-Ghana
2020-06-15,cassava,Wasa Amenfi,Asankragua Market (Wasa Amenfi),1.28,GHS,WFP-GIEWS-Ghana
2020-06-22,cassava,Wasa Amenfi,Asankragua Market (Wasa Amenfi),1.38,GHS,WFP-GIEWS-Ghana
2020-06-29,cassava,Wasa Amenfi,Asankragua Market (Wasa Amenfi),1.41,GHS,WFP-GIEWS-Ghana
2020-07-06,cassava,Wasa Amenfi,Asankragua Market (Wasa Amenfi),1.51,GHS,WFP-GIEWS-Ghana
2020-07-13,cassava,Wasa Amenfi,Asankragua Market (Wasa Amenfi),1.52,GHS,WFP-GIEWS-Ghana
2020-07-20,cassava,Wasa Amenfi,Asankragua Market (Wasa Amenfi),1.55,GHS,WFP-GIEWS-Ghana
2020-07-27,cassava,Wasa Amenfi,Asankragua Market (Wasa Amenfi),1.55,GHS,WFP-GIEWS-Ghana
2020-08-03,cassava,Wasa Amenfi,Asankragua Market (Wasa Amenfi),1.57,GHS,WFP-GIEWS-Ghana
2020-08-10,cassava,Wasa Amenfi,Asankragua Market (Wasa Amenfi),1.57,GHS,WFP-GIEWS-Ghana
2020-08-17,cassava,Wasa Amenfi,Asankragua Market (Wasa Amenfi),1.47,GHS,WFP-GIEWS-Ghana
2020-08-24,cassava,Wasa Amenfi,Asankragua Market (Wasa Amenfi),1.59,GHS,WFP-GIEWS-Ghana
2020-08-31,cassava,Wasa Amenfi,Asankragua Market (Wasa Amenfi),1.61,GHS,WFP-GIEWS-Ghana
2020-09-07,cassava,Wasa Amenfi,Asankragua Market (Wasa Amenfi),1.39,GHS,WFP-GIEWS-Ghana
2020-09-14,cassava,Wasa Amenfi,Asankragua Market (Wasa Amenfi),1.3,GHS,WFP-GIEWS-Ghana
2020-09-21,cassava,Wasa Amenfi,Asankragua Market (Wasa Amenfi),1.37,GHS,WFP-GIEWS-Ghana
2020-09-28,cassava,Wasa Amenfi,Asankragua Market (Wasa Amenfi),1.39,GHS,WFP-GIEWS-Ghana
2020-10-05,cassava,Wasa Amenfi,Asankragua Market (Wasa Amenfi),1.13,GHS,WFP-GIEWS-Ghana
2020-10-12,cassava,Wasa Amenfi,Asankragua Market (Wasa Amenfi),1.16,GHS,WFP-GIEWS-Ghana
2020-10-19,cassava,Wasa Amenfi,Asankragua Market (Wasa Amenfi),1.11,GHS,WFP-GIEWS-Ghana
2020-10-26,cassava,Wasa Amenfi,Asankragua Market (Wasa Amenfi),1.21,GHS,WFP-GIEWS-Ghana
2020-11-02,cassava,Wasa Amenfi,Asankragua Market (Wasa Amenfi),1.19,GHS,WFP-GIEWS-Ghana
2020-11-09,cassava,Wasa Amenfi,Asankragua Market (Wasa Amenfi),1.11,GHS,WFP-GIEWS-Ghana
2020-11-16,cassava,Wasa Amenfi,Asankragua Market (Wasa Amenfi),1.2,GHS,WFP-GIEWS-Ghana
2020-11-23,cassava,Wasa Amenfi,Asankragua Market (Wasa Amenfi),1.18,GHS,WFP-GIEWS-Ghana
2020-11-30,cassava,Wasa Amenfi,Asankragua Market (Wasa Amenfi),1.21,GHS,WFP-GIEWS-Ghana
2020-12-07,cassava,Wasa Amenfi,Asankragua Market (Wasa Amenfi),1.18,GHS,WFP-GIEWS-Ghana
2020-12-14,cassava,Wasa Amenfi,Asankragua Market (Wasa Amenfi),1.16,GHS,WFP-GIEWS-Ghana
2020-12-21,cassava,Wasa Amenfi,Asankragua Market (Wasa Amenfi),1.16,GHS,WFP-GIEWS-Ghana
2020-12-28,cassava,Wasa Amenfi,Asankragua Market (Wasa Amenfi),1.17,GHS,WFP-GIEWS-Ghana
2021-01-04,cassava,Wasa Amenfi,Asankragua Market (Wasa Amenfi),1.53,GHS,WFP-GIEWS-Ghana
2021-01-11,cassava,Wasa Amenfi,Asankragua Market (Wasa Amenfi),1.54,GHS,WFP-GIEWS-Ghana
2021-01-18,cassava,Wasa Amenfi,Asankragua Market (Wasa Amenfi),1.52,GHS,WFP-GIEWS-Ghana
2021-01-25,cassava,Wasa Amenfi,Asankragua Market (Wasa Amenfi),1.5,GHS,WFP-GIEWS-Ghana
2021-02-01,cassava,Wasa Amenfi,Asankragua Market (Wasa Amenfi),1.52,GHS,WFP-GIEWS-Ghana
2021-02-08,cassava,Wasa Amenfi,Asankragua Market (Wasa Amenfi),1.69,GHS,WFP-GIEWS-Ghana
2021-02-15,cassava,Wasa Amenfi,Asankragua Market (Wasa Amenfi),1.49,GHS,WFP-GIEWS-Ghana
2021-02-22,cassava,Wasa Amenfi,Asankragua Market (Wasa Amenfi),1.5,GHS,WFP-GIEWS-Ghana
2021-03-01,cassava,Wasa Amenfi,Asankragua Market (Wasa Amenfi),1.49,GHS,WFP-GIEWS-Ghana
2021-03-08,cassava,Wasa Amenfi,Asankragua Market (Wasa Amenfi),1.34,GHS,WFP-GIEWS-Ghana
2021-03-15,cassava,Wasa Amenfi,Asankragua Market (Wasa Amenfi),1.25,GHS,WFP-GIEWS-Ghana
2021-03-22,cassava,Wasa Amenfi,Asankragua Market (Wasa Amenfi),1.36,GHS,WFP-GIEWS-Ghana
2021-03-29,cassava,Wasa Amenfi,Asankragua Market (Wasa Amenfi),1.27,GHS,WFP-GIEWS-Ghana
2021-04-05,cassava,Wasa Amenfi,Asankragua Market (Wasa Amenfi),1.37,GHS,WFP-GIEWS-Ghana
2021-04-12,cassava,Wasa Amenfi,Asankragua Market (Wasa Amenfi),1.32,GHS,WFP-GIEWS-Ghana
2021-04-19,cassava,Wasa Amenfi,Asankragua Market (Wasa Amenfi),1.3,GHS,WFP-GIEWS-Ghana
2021-04-26,cassava,Wasa Amenfi,Asankragua Market (Wasa Amenfi),1.41,GHS,WFP-GIEWS-Ghana
2021-05-03,cassava,Wasa Amenfi,Asankragua Market (Wasa Amenfi),1.37,GHS,WFP-GIEWS-Ghana
2021-05-10,cassava,Wasa Amenfi,Asankragua Market (Wasa Amenfi),1.39,GHS,WFP-GIEWS-Ghana
2021-05-17,cassava,Wasa Amenfi,Asankragua Market (Wasa Amenfi),1.36,GHS,WFP-GIEWS-Ghana
2021-05-24,cassava,Wasa Amenfi,Asankragua Market (Wasa Amenfi),1.31,GHS,WFP-GIEWS-Ghana
2021-05-31,cassava,Wasa Amenfi,Asankragua Market (Wasa Amenfi),1.37,GHS,WFP-GIEWS-Ghana
2021-06-07,cassava,Wasa Amenfi,Asankragua Market (Wasa Amenfi),1.53,GHS,WFP-GIEWS-Ghana
2021-06-14,cassava,Wasa Amenfi,Asankragua Market (Wasa Amenfi),1.47,GHS,WFP-GIEWS-Ghana
2021-06-21,cassava,Wasa Amenfi,Asankragua Market (Wasa Amenfi),1.57,GHS,WFP-GIEWS-Ghana
2021-06-28,cassava,Wasa Amenfi,Asankragua Market (Wasa Amenfi),1.51,GHS,WFP-GIEWS-Ghana
2021-07-05,cassava,Wasa Amenfi,Asankragua Market (Wasa Amenfi),1.66,GHS,WFP-GIEWS-Ghana
2021-07-12,cassava,Wasa Amenfi,Asankragua Market (Wasa Amenfi),1.66,GHS,WFP-GIEWS-Ghana
2021-07-19,cassava,Wasa Amenfi,Asankragua Market (Wasa Amenfi),1.66,GHS,WFP-GIEWS-Ghana
2021-07-26,cassava,Wasa Amenfi,Asankragua Market (Wasa Amenfi),1.56,GHS,WFP-GIEWS-Ghana
2021-08-02,cassava,Wasa Amenfi,Asankragua Market (Wasa Amenfi),1.65,GHS,WFP-GIEWS-Ghana
2021-08-09,cassava,Wasa Amenfi,Asankragua Market (Wasa Amenfi),1.67,GHS,WFP-GIEWS-Ghana
2021-08-16,cassava,Wasa Amenfi,Asankragua Market (Wasa Amenfi),1.63,GHS,WFP-GIEWS-Ghana
2021-08-23,cassava,Wasa Amenfi,Asankragua Market (Wasa Amenfi),1.68,GHS,WFP-GIEWS-Ghana
2021-08-30,cassava,Wasa Amenfi,Asankragua Market (Wasa Amenfi),1.66,GHS,WFP-GIEWS-Ghana
2021-09-06,cassava,Wasa Amenfi,Asankragua Market (Wasa Amenfi),1.53,GHS,WFP-GIEWS-Ghana
2021-09-13,cassava,Wasa Amenfi,Asankragua Market (Wasa Amenfi),1.53,GHS,WFP-GIEWS-Ghana
2021-09-20,cassava,Wasa Amenfi,Asankragua Market (Wasa Amenfi),1.5,GHS,WFP-GIEWS-Ghana
2021-09-27,cassava,Wasa Amenfi,Asankragua Market (Wasa Amenfi),1.41,GHS,WFP-GIEWS-Ghana
2021-10-04,cassava,Wasa Amenfi,Asankragua Market (Wasa Amenfi),1.36,GHS,WFP-GIEWS-Ghana
2021-10-11,cassava,Wasa Amenfi,Asankragua Market (Wasa Amenfi),1.27,GHS,WFP-GIEWS-Ghana
2021-10-18,cassava,Wasa Amenfi,Asankragua Market (Wasa Amenfi),1.27,GHS,WFP-GIEWS-Ghana
2021-10-25,cassava,Wasa Amenfi,Asankragua Market (Wasa Amenfi),1.26,GHS,WFP-GIEWS-Ghana
2021-11-01,cassava,Wasa Amenfi,Asankragua Market (Wasa Amenfi),1.26,GHS,WFP-GIEWS-Ghana
2021-11-08,cassava,Wasa Amenfi,Asankragua Market (Wasa Amenfi),1.36,GHS,WFP-GIEWS-Ghana
2021-11-15,cassava,Wasa Amenfi,Asankragua Market (Wasa Amenfi),1.35,GHS,WFP-GIEWS-Ghana
2021-11-22,cassava,Wasa Amenfi,Asankragua Market (Wasa Amenfi),1.3,GHS,WFP-GIEWS-Ghana
2021-11-29,cassava,Wasa Amenfi,Asankragua Market (Wasa Amenfi),1.28,GHS,WFP-GIEWS-Ghana
2021-12-06,cassava,Wasa Amenfi,Asankragua Market (Wasa Amenfi),1.32,GHS,WFP-GIEWS-Ghana
2021-12-13,cassava,Wasa Amenfi,Asankragua Market (Wasa Amenfi),1.29,GHS,WFP-GIEWS-Ghana
2021-12-20,cassava,Wasa Amenfi,Asankragua Market (Wasa Amenfi),1.28,GHS,WFP-GIEWS-Ghana
2021-12-27,cassava,Wasa Amenfi,Asankragua Market (Wasa Amenfi),1.31,GHS,WFP-GIEWS-Ghana
2022-01-03,cassava,Wasa Amenfi,Asankragua Market (Wasa Amenfi),1.62,GHS,WFP-GIEWS-Ghana
2022-01-10,cassava,Wasa Amenfi,Asankragua Market (Wasa Amenfi),1.67,GHS,WFP-GIEWS-Ghana
2022-01-17,cassava,Wasa Amenfi,Asankragua Market (Wasa Amenfi),1.66,GHS,WFP-GIEWS-Ghana
2022-01-24,cassava,Wasa Amenfi,Asankragua Market (Wasa Amenfi),1.69,GHS,WFP-GIEWS-Ghana
2022-01-31,cassava,Wasa Amenfi,Asankragua Market (Wasa Amenfi),1.61,GHS,WFP-GIEWS-Ghana
2022-02-07,cassava,Wasa Amenfi,Asankragua Market (Wasa Amenfi),1.71,GHS,WFP-GIEWS-Ghana
2022-02-14,cassava,Wasa Amenfi,Asankragua Market (Wasa Amenfi),1.6,GHS,WFP-GIEWS-Ghana
2022-02-21,cassava,Wasa Amenfi,Asankragua Market (Wasa Amenfi),1.62,GHS,WFP-GIEWS-Ghana
2022-02-28,cassava,Wasa Amenfi,Asankragua Market (Wasa Amenfi),1.63,GHS,WFP-GIEWS-Ghana
2022-03-07,cassava,Wasa Amenfi,Asankragua Market (Wasa Amenfi),1.36,GHS,WFP-GIEWS-Ghana
2022-03-14,cassava,Wasa Amenfi,Asankragua Market (Wasa Amenfi),1.48,GHS,WFP-GIEWS-Ghana
2022-03-21,cassava,Wasa Amenfi,Asankragua Market (Wasa Amenfi),1.37,GHS,WFP-GIEWS-Ghana
2022-03-28,cassava,Wasa Amenfi,Asankragua Market (Wasa Amenfi),1.38,GHS,WFP-GIEWS-Ghana
2022-04-04,cassava,Wasa Amenfi,Asankragua Market (Wasa Amenfi),1.5,GHS,WFP-GIEWS-Ghana
2022-04-11,cassava,Wasa Amenfi,Asankragua Market (Wasa Amenfi),1.4,GHS,WFP-GIEWS-Ghana
2022-04-18,cassava,Wasa Amenfi,Asankragua Market (Wasa Amenfi),1.42,GHS,WFP-GIEWS-Ghana
2022-04-25,cassava,Wasa Amenfi,Asankragua Market (Wasa Amenfi),1.37,GHS,WFP-GIEWS-Ghana
2022-05-02,cassava,Wasa Amenfi,Asankragua Market (Wasa Amenfi),1.49,GHS,WFP-GIEWS-Ghana
2022-05-09,cassava,Wasa Amenfi,Asankragua Market (Wasa Amenfi),1.49,GHS,WFP-GIEWS-Ghana
2022-05-16,cassava,Wasa Amenfi,Asankragua Market (Wasa Amenfi),1.48,GHS,WFP-GIEWS-Ghana
2022-05-23,cassava,Wasa Amenfi,Asankragua Market (Wasa Amenfi),1.47,GHS,WFP-GIEWS-Ghana
2022-05-30,cassava,Wasa Amenfi,Asankragua Market (Wasa Amenfi),1.45,GHS,WFP-GIEWS-Ghana
2022-06-06,cassava,Wasa Amenfi,Asankragua Market (Wasa Amenfi),1.54,GHS,WFP-GIEWS-Ghana
2022-06-13,cassava,Wasa Amenfi,Asankragua Market (Wasa Amenfi),1.53,GHS,WFP-GIEWS-Ghana
2022-06-20,cassava,Wasa Amenfi,Asankragua Market (Wasa Amenfi),1.66,GHS,WFP-GIEWS-Ghana
2022-06-27,cassava,Wasa Amenfi,Asankragua Market (Wasa Amenfi),1.63,GHS,WFP-GIEWS-Ghana
2022-07-04,cassava,Wasa Amenfi,Asankragua Market (Wasa Amenfi),1.73,GHS,WFP-GIEWS-Ghana
2022-07-11,cassava,Wasa Amenfi,Asankragua Market (Wasa Amenfi),1.78,GHS,WFP-GIEWS-Ghana
2022-07-18,cassava,Wasa Amenfi,Asankragua Market (Wasa Amenfi),1.76,GHS,WFP-GIEWS-Ghana
2022-07-25,cassava,Wasa Amenfi,Asankragua Market (Wasa Amenfi),1.7,GHS,WFP-GIEWS-Ghana
2022-08-01,cassava,Wasa Amenfi,Asankragua Market (Wasa Amenfi),1.8,GHS,WFP-GIEWS-Ghana
2022-08-08,cassava,Wasa Amenfi,Asankragua Market (Wasa Amenfi),1.76,GHS,WFP-GIEWS-Ghana
2022-08-15,cassava,Wasa Amenfi,Asankragua Market (Wasa Amenfi),1.72,GHS,WFP-GIEWS-Ghana
2022-08-22,cassava,Wasa Amenfi,Asankragua Market (Wasa Amenfi),1.68,GHS,WFP-GIEWS-Ghana
2022-08-29,cassava,Wasa Amenfi,Asankragua Market (Wasa Amenfi),1.68,GHS,WFP-GIEWS-Ghana
2022-09-05,cassava,Wasa Amenfi,Asankragua Market (Wasa Amenfi),1.58,GHS,WFP-GIEWS-Ghana
2022-09-12,cassava,Wasa Amenfi,Asankragua Market (Wasa Amenfi),1.6,GHS,WFP-GIEWS-Ghana
2022-09-19,cassava,Wasa Amenfi,Asankragua Market (Wasa Amenfi),1.55,GHS,WFP-GIEWS-Ghana
2022-09-26,cassava,Wasa Amenfi,Asankragua Market (Wasa Amenfi),1.65,GHS,WFP-GIEWS-Ghana
2022-10-03,cassava,Wasa Amenfi,Asankragua Market (Wasa Amenfi),1.37,GHS,WFP-GIEWS-Ghana
2022-10-10,cassava,Wasa Amenfi,Asankragua Market (Wasa Amenfi),1.41,GHS,WFP-GIEWS-Ghana
2022-10-17,cassava,Wasa Amenfi,Asankragua Market (Wasa Amenfi),1.37,GHS,WFP-GIEWS-Ghana
2022-10-24,cassava,Wasa Amenfi,Asankragua Market (Wasa Amenfi),1.33,GHS,WFP-GIEWS-Ghana
2022-10-31,cassava,Wasa Amenfi,Asankragua Market (Wasa Amenfi),1.38,GHS,WFP-GIEWS-Ghana
2022-11-07,cassava,Wasa Amenfi,Asankragua Market (Wasa Amenfi),1.31,GHS,WFP-GIEWS-Ghana
2022-11-14,cassava,Wasa Amenfi,Asankragua Market (Wasa Amenfi),1.41,GHS,WFP-GIEWS-Ghana
2022-11-21,cassava,Wasa Amenfi,Asankragua Market (Wasa Amenfi),1.33,GHS,WFP-GIEWS-Ghana
2022-11-28,cassava,Wasa Amenfi,Asankragua Market (Wasa Amenfi),1.44,GHS,WFP-GIEWS-Ghana
2022-12-05,cassava,Wasa Amenfi,Asankragua Market (Wasa Amenfi),1.37,GHS,WFP-GIEWS-Ghana
2022-12-12,cassava,Wasa Amenfi,Asankragua Market (Wasa Amenfi),1.45,GHS,WFP-GIEWS-Ghana
2022-12-19,cassava,Wasa Amenfi,Asankragua Market (Wasa Amenfi),1.33,GHS,WFP-GIEWS-Ghana
2022-12-26,cassava,Wasa Amenfi,Asankragua Market (Wasa Amenfi),1.36,GHS,WFP-GIEWS-Ghana
2023-01-02,cassava,Wasa Amenfi,Asankragua Market (Wasa Amenfi),1.81,GHS,WFP-GIEWS-Ghana
2023-01-09,cassava,Wasa Amenfi,Asankragua Market (Wasa Amenfi),1.87,GHS,WFP-GIEWS-Ghana
2023-01-16,cassava,Wasa Amenfi,Asankragua Market (Wasa Amenfi),1.9,GHS,WFP-GIEWS-Ghana
2023-01-23,cassava,Wasa Amenfi,Asankragua Market (Wasa Amenfi),1.78,GHS,WFP-GIEWS-Ghana
2023-01-30,cassava,Wasa Amenfi,Asankragua Market (Wasa Amenfi),1.91,GHS,WFP-GIEWS-Ghana
2023-02-06,cassava,Wasa Amenfi,Asankragua Market (Wasa Amenfi),1.77,GHS,WFP-GIEWS-Ghana
2023-02-13,cassava,Wasa Amenfi,Asankragua Market (Wasa Amenfi),1.87,GHS,WFP-GIEWS-Ghana
2023-02-20,cassava,Wasa Amenfi,Asankragua Market (Wasa Amenfi),1.73,GHS,WFP-GIEWS-Ghana
2023-02-27,cassava,Wasa Amenfi,Asankragua Market (Wasa Amenfi),1.82,GHS,WFP-GIEWS-Ghana
2023-03-06,cassava,Wasa Amenfi,Asankragua Market (Wasa Amenfi),1.39,GHS,WFP-GIEWS-Ghana
2023-03-13,cassava,Wasa Amenfi,Asankragua Market (Wasa Amenfi),1.47,GHS,WFP-GIEWS-Ghana
2023-03-20,cassava,Wasa Amenfi,Asankragua Market (Wasa Amenfi),1.57,GHS,WFP-GIEWS-Ghana
2023-03-27,cassava,Wasa Amenfi,Asankragua Market (Wasa Amenfi),1.46,GHS,WFP-GIEWS-Ghana
2023-04-03,cassava,Wasa Amenfi,Asankragua Market (Wasa Amenfi),1.57,GHS,WFP-GIEWS-Ghana
2023-04-10,cassava,Wasa Amenfi,Asankragua Market (Wasa Amenfi),1.6,GHS,WFP-GIEWS-Ghana
2023-04-17,cassava,Wasa Amenfi,Asankragua Market (Wasa Amenfi),1.52,GHS,WFP-GIEWS-Ghana
2023-04-24,cassava,Wasa Amenfi,Asankragua Market (Wasa Amenfi),1.49,GHS,WFP-GIEWS-Ghana
2023-05-01,cassava,Wasa Amenfi,Asankragua Market (Wasa Amenfi),1.53,GHS,WFP-GIEWS-Ghana
2023-05-08,cassava,Wasa Amenfi,Asankragua Market (Wasa Amenfi),1.5,GHS,WFP-GIEWS-Ghana
2023-05-15,cassava,Wasa Amenfi,Asankragua Market (Wasa Amenfi),1.55,GHS,WFP-GIEWS-Ghana
2023-05-22,cassava,Wasa Amenfi,Asankragua Market (Wasa Amenfi),1.56,GHS,WFP-GIEWS-Ghana
2023-05-29,cassava,Wasa Amenfi,Asankragua Market (Wasa Amenfi),1.54,GHS,WFP-GIEWS-Ghana
2023-06-05,cassava,Wasa Amenfi,Asankragua Market (Wasa Amenfi),1.82,GHS,WFP-GIEWS-Ghana
2023-06-12,cassava,Wasa Amenfi,Asankragua Market (Wasa Amenfi),1.65,GHS,WFP-GIEWS-Ghana
2023-06-19,cassava,Wasa Amenfi,Asankragua Market (Wasa Amenfi),1.8,GHS,WFP-GIEWS-Ghana
2023-06-26,cassava,Wasa Amenfi,Asankragua Market (Wasa Amenfi),1.63,GHS,WFP-GIEWS-Ghana
2023-07-03,cassava,Wasa Amenfi,Asankragua Market (Wasa Amenfi),1.93,GHS,WFP-GIEWS-Ghana
2023-07-10,cassava,Wasa Amenfi,Asankragua Market (Wasa Amenfi),2.01,GHS,WFP-GIEWS-Ghana
2023-07-17,cassava,Wasa Amenfi,Asankragua Market (Wasa Amenfi),2.01,GHS,WFP-GIEWS-Ghana
2023-07-24,cassava,Wasa Amenfi,Asankragua Market (Wasa Amenfi),1.89,GHS,WFP-GIEWS-Ghana
2023-07-31,cassava,Wasa Amenfi,Asankragua Market (Wasa Amenfi),1.96,GHS,WFP-GIEWS-Ghana
2023-08-07,cassava,Wasa Amenfi,Asankragua Market (Wasa Amenfi),1.96,GHS,WFP-GIEWS-Ghana
2023-08-14,cassava,Wasa Amenfi,Asankragua Market (Wasa Amenfi),1.89,GHS,WFP-GIEWS-Ghana
2023-08-21,cassava,Wasa Amenfi,Asankragua Market (Wasa Amenfi),1.98,GHS,WFP-GIEWS-Ghana
2023-08-28,cassava,Wasa Amenfi,Asankragua Market (Wasa Amenfi),2.08,GHS,WFP-GIEWS-Ghana
2023-09-04,cassava,Wasa Amenfi,Asankragua Market (Wasa Amenfi),1.77,GHS,WFP-GIEWS-Ghana
2023-09-11,cassava,Wasa Amenfi,Asankragua Market (Wasa Amenfi),1.78,GHS,WFP-GIEWS-Ghana
2023-09-18,cassava,Wasa Amenfi,Asankragua Market (Wasa Amenfi),1.78,GHS,WFP-GIEWS-Ghana
2023-09-25,cassava,Wasa Amenfi,Asankragua Market (Wasa Amenfi),1.64,GHS,WFP-GIEWS-Ghana
2023-10-02,cassava,Wasa Amenfi,Asankragua Market (Wasa Amenfi),1.51,GHS,WFP-GIEWS-Ghana
2023-10-09,cassava,Wasa Amenfi,Asankragua Market (Wasa Amenfi),1.43,GHS,WFP-GIEWS-Ghana
2023-10-16,cassava,Wasa Amenfi,Asankragua Market (Wasa Amenfi),1.45,GHS,WFP-GIEWS-Ghana
2023-10-23,cassava,Wasa Amenfi,Asankragua Market (Wasa Amenfi),1.61,GHS,WFP-GIEWS-Ghana
2023-10-30,cassava,Wasa Amenfi,Asankragua Market (Wasa Amenfi),1.47,GHS,WFP-GIEWS-Ghana
2023-11-06,cassava,Wasa Amenfi,Asankragua Market (Wasa Amenfi),1.45,GHS,WFP-GIEWS-Ghana
2023-11-13,cassava,Wasa Amenfi,Asankragua Market (Wasa Amenfi),1.56,GHS,WFP-GIEWS-Ghana
2023-11-20,cassava,Wasa Amenfi,Asankragua Market (Wasa Amenfi),1.44,GHS,WFP-GIEWS-Ghana
2023-11-27,cassava,Wasa Amenfi,Asankragua Market (Wasa Amenfi),1.47,GHS,WFP-GIEWS-Ghana
2023-12-04,cassava,Wasa Amenfi,Asankragua Market (Wasa Amenfi),1.58,GHS,WFP-GIEWS-Ghana
2023-12-11,cassava,Wasa Amenfi,Asankragua Market (Wasa Amenfi),1.51,GHS,WFP-GIEWS-Ghana
2023-12-18,cassava,Wasa Amenfi,Asankragua Market (Wasa Amenfi),1.41,GHS,WFP-GIEWS-Ghana
2023-12-25,cassava,Wasa Amenfi,Asankragua Market (Wasa Amenfi),1.54,GHS,WFP-GIEWS-Ghana
2024-01-01,cassava,Wasa Amenfi,Asankragua Market (Wasa Amenfi),1.89,GHS,WFP-GIEWS-Ghana
2024-01-08,cassava,Wasa Amenfi,Asankragua Market (Wasa Amenfi),2.04,GHS,WFP-GIEWS-Ghana
2024-01-15,cassava,Wasa Amenfi,Asankragua Market (Wasa Amenfi),1.88,GHS,WFP-GIEWS-Ghana
2024-01-22,cassava,Wasa Amenfi,Asankragua Market (Wasa Amenfi),2.01,GHS,WFP-GIEWS-Ghana
2024-01-29,cassava,Wasa Amenfi,Asankragua Market (Wasa Amenfi),2.06,GHS,WFP-GIEWS-Ghana
2024-02-05,cassava,Wasa Amenfi,Asankragua Market (Wasa Amenfi),1.87,GHS,WFP-GIEWS-Ghana
2024-02-12,cassava,Wasa Amenfi,Asankragua Market (Wasa Amenfi),1.92,GHS,WFP-GIEWS-Ghana
2024-02-19,cassava,Wasa Amenfi,Asankragua Market (Wasa Amenfi),1.97,GHS,WFP-GIEWS-Ghana
2024-02-26,cassava,Wasa Amenfi,Asankragua Market (Wasa Amenfi),1.87,GHS,WFP-GIEWS-Ghana
2024-03-04,cassava,Wasa Amenfi,Asankragua Market (Wasa Amenfi),1.68,GHS,WFP-GIEWS-Ghana
2024-03-11,cassava,Wasa Amenfi,Asankragua Market (Wasa Amenfi),1.65,GHS,WFP-GIEWS-Ghana
2024-03-18,cassava,Wasa Amenfi,Asankragua Market (Wasa Amenfi),1.64,GHS,WFP-GIEWS-Ghana
2024-03-25,cassava,Wasa Amenfi,Asankragua Market (Wasa Amenfi),1.66,GHS,WFP-GIEWS-Ghana
2024-04-01,cassava,Wasa Amenfi,Asankragua Market (Wasa Amenfi),1.68,GHS,WFP-GIEWS-Ghana
2024-04-08,cassava,Wasa Amenfi,Asankragua Market (Wasa Amenfi),1.68,GHS,WFP-GIEWS-Ghana
2024-04-15,cassava,Wasa Amenfi,Asankragua Market (Wasa Amenfi),1.63,GHS,WFP-GIEWS-Ghana
2024-04-22,cassava,Wasa Amenfi,Asankragua Market (Wasa Amenfi),1.63,GHS,WFP-GIEWS-Ghana
2024-04-29,cassava,Wasa Amenfi,Asankragua Market (Wasa Amenfi),1.66,GHS,WFP-GIEWS-Ghana
2024-05-06,cassava,Wasa Amenfi,Asankragua Market (Wasa Amenfi),1.68,GHS,WFP-GIEWS-Ghana
2024-05-13,cassava,Wasa Amenfi,Asankragua Market (Wasa Amenfi),1.65,GHS,WFP-GIEWS-Ghana
2024-05-20,cassava,Wasa Amenfi,Asankragua Market (Wasa Amenfi),1.7,GHS,WFP-GIEWS-Ghana
2024-05-27,cassava,Wasa Amenfi,Asankragua Market (Wasa Amenfi),1.56,GHS,WFP-GIEWS-Ghana
2024-06-03,cassava,Wasa Amenfi,Asankragua Market (Wasa Amenfi),1.79,GHS,WFP-GIEWS-Ghana
2024-06-10,cassava,Wasa Amenfi,Asankragua Market (Wasa Amenfi),1.82,GHS,WFP-GIEWS-Ghana
2024-06-17,cassava,Wasa Amenfi,Asankragua Market (Wasa Amenfi),1.78,GHS,WFP-GIEWS-Ghana
2024-06-24,cassava,Wasa Amenfi,Asankragua Market (Wasa Amenfi),1.96,GHS,WFP-GIEWS-Ghana
2024-07-01,cassava,Wasa Amenfi,Asankragua Market (Wasa Amenfi),2.08,GHS,WFP-GIEWS-Ghana
2024-07-08,cassava,Wasa Amenfi,Asankragua Market (Wasa Amenfi),2.09,GHS,WFP-GIEWS-Ghana
2024-07-15,cassava,Wasa Amenfi,Asankragua Market (Wasa Amenfi),2.03,GHS,WFP-GIEWS-Ghana
2024-07-22,cassava,Wasa Amenfi,Asankragua Market (Wasa Amenfi),2.07,GHS,WFP-GIEWS-Ghana
2024-07-29,cassava,Wasa Amenfi,Asankragua Market (Wasa Amenfi),1.97,GHS,WFP-GIEWS-Ghana
2024-08-05,cassava,Wasa Amenfi,Asankragua Market (Wasa Amenfi),2.07,GHS,WFP-GIEWS-Ghana
2024-08-12,cassava,Wasa Amenfi,Asankragua Market (Wasa Amenfi),2.01,GHS,WFP-GIEWS-Ghana
2024-08-19,cassava,Wasa Amenfi,Asankragua Market (Wasa Amenfi),2.06,GHS,WFP-GIEWS-Ghana
2024-08-26,cassava,Wasa Amenfi,Asankragua Market (Wasa Amenfi),1.87,GHS,WFP-GIEWS-Ghana
2024-09-02,cassava,Wasa Amenfi,Asankragua Market (Wasa Amenfi),1.79,GHS,WFP-GIEWS-Ghana
2024-09-09,cassava,Wasa Amenfi,Asankragua Market (Wasa Amenfi),1.99,GHS,WFP-GIEWS-Ghana
2024-09-16,cassava,Wasa Amenfi,Asankragua Market (Wasa Amenfi),1.94,GHS,WFP-GIEWS-Ghana
2024-09-23,cassava,Wasa Amenfi,Asankragua Market (Wasa Amenfi),1.97,GHS,WFP-GIEWS-Ghana
2024-09-30,cassava,Wasa Amenfi,Asankragua Market (Wasa Amenfi),1.98,GHS,WFP-GIEWS-Ghana
2024-10-07,cassava,Wasa Amenfi,Asankragua Market (Wasa Amenfi),1.65,GHS,WFP-GIEWS-Ghana
2024-10-14,cassava,Wasa Amenfi,Asankragua Market (Wasa Amenfi),1.58,GHS,WFP-GIEWS-Ghana
2024-10-21,cassava,Wasa Amenfi,Asankragua Market (Wasa Amenfi),1.54,GHS,WFP-GIEWS-Ghana
2024-10-28,cassava,Wasa Amenfi,Asankragua Market (Wasa Amenfi),1.68,GHS,WFP-GIEWS-Ghana
2024-11-04,cassava,Wasa Amenfi,Asankragua Market (Wasa Amenfi),1.62,GHS,WFP-GIEWS-Ghana
2024-11-11,cassava,Wasa Amenfi,Asankragua Market (Wasa Amenfi),1.78,GHS,WFP-GIEWS-Ghana
2024-11-18,cassava,Wasa Amenfi,Asankragua Market (Wasa Amenfi),1.59,GHS,WFP-GIEWS-Ghana
2024-11-25,cassava,Wasa Amenfi,Asankragua Market (Wasa Amenfi),1.74,GHS,WFP-GIEWS-Ghana
2024-12-02,cassava,Wasa Amenfi,Asankragua Market (Wasa Amenfi),1.61,GHS,WFP-GIEWS-Ghana
2024-12-09,cassava,Wasa Amenfi,Asankragua Market (Wasa Amenfi),1.71,GHS,WFP-GIEWS-Ghana
2024-12-16,cassava,Wasa Amenfi,Asankragua Market (Wasa Amenfi),1.74,GHS,WFP-GIEWS-Ghana
2024-12-23,cassava,Wasa Amenfi,Asankragua Market (Wasa Amenfi),1.56,GHS,WFP-GIEWS-Ghana
2024-12-30,cassava,Wasa Amenfi,Asankragua Market (Wasa Amenfi),1.59,GHS,WFP-GIEWS-Ghana
2018-01-01,pepper,Aowin,Enchi Market (Aowin),6.92,GHS,WFP-GIEWS-Ghana
2018-01-08,pepper,Aowin,Enchi Market (Aowin),7.47,GHS,WFP-GIEWS-Ghana
2018-01-15,pepper,Aowin,Enchi Market (Aowin),7.22,GHS,WFP-GIEWS-Ghana
2018-01-22,pepper,Aowin,Enchi Market (Aowin),7.29,GHS,WFP-GIEWS-Ghana
2018-01-29,pepper,Aowin,Enchi Market (Aowin),7.44,GHS,WFP-GIEWS-Ghana
2018-02-05,pepper,Aowin,Enchi Market (Aowin),6.78,GHS,WFP-GIEWS-Ghana
2018-02-12,pepper,Aowin,Enchi Market (Aowin),7.7,GHS,WFP-GIEWS-Ghana
2018-02-19,pepper,Aowin,Enchi Market (Aowin),7.22,GHS,WFP-GIEWS-Ghana
2018-02-26,pepper,Aowin,Enchi Market (Aowin),7.48,GHS,WFP-GIEWS-Ghana
2018-03-05,pepper,Aowin,Enchi Market (Aowin),6.44,GHS,WFP-GIEWS-Ghana
2018-03-12,pepper,Aowin,Enchi Market (Aowin),6.62,GHS,WFP-GIEWS-Ghana
2018-03-19,pepper,Aowin,Enchi Market (Aowin),6.25,GHS,WFP-GIEWS-Ghana
2018-03-26,pepper,Aowin,Enchi Market (Aowin),5.75,GHS,WFP-GIEWS-Ghana
2018-04-02,pepper,Aowin,Enchi Market (Aowin),6.33,GHS,WFP-GIEWS-Ghana
2018-04-09,pepper,Aowin,Enchi Market (Aowin),6.37,GHS,WFP-GIEWS-Ghana
2018-04-16,pepper,Aowin,Enchi Market (Aowin),6.06,GHS,WFP-GIEWS-Ghana
2018-04-23,pepper,Aowin,Enchi Market (Aowin),6.36,GHS,WFP-GIEWS-Ghana
2018-04-30,pepper,Aowin,Enchi Market (Aowin),6.23,GHS,WFP-GIEWS-Ghana
2018-05-07,pepper,Aowin,Enchi Market (Aowin),6.02,GHS,WFP-GIEWS-Ghana
2018-05-14,pepper,Aowin,Enchi Market (Aowin),6.53,GHS,WFP-GIEWS-Ghana
2018-05-21,pepper,Aowin,Enchi Market (Aowin),6.22,GHS,WFP-GIEWS-Ghana
2018-05-28,pepper,Aowin,Enchi Market (Aowin),6.26,GHS,WFP-GIEWS-Ghana
2018-06-04,pepper,Aowin,Enchi Market (Aowin),6.83,GHS,WFP-GIEWS-Ghana
2018-06-11,pepper,Aowin,Enchi Market (Aowin),7.3,GHS,WFP-GIEWS-Ghana
2018-06-18,pepper,Aowin,Enchi Market (Aowin),6.95,GHS,WFP-GIEWS-Ghana
2018-06-25,pepper,Aowin,Enchi Market (Aowin),6.98,GHS,WFP-GIEWS-Ghana
2018-07-02,pepper,Aowin,Enchi Market (Aowin),7.71,GHS,WFP-GIEWS-Ghana
2018-07-09,pepper,Aowin,Enchi Market (Aowin),7.99,GHS,WFP-GIEWS-Ghana
2018-07-16,pepper,Aowin,Enchi Market (Aowin),8.27,GHS,WFP-GIEWS-Ghana
2018-07-23,pepper,Aowin,Enchi Market (Aowin),8.05,GHS,WFP-GIEWS-Ghana
2018-07-30,pepper,Aowin,Enchi Market (Aowin),8.06,GHS,WFP-GIEWS-Ghana
2018-08-06,pepper,Aowin,Enchi Market (Aowin),8.09,GHS,WFP-GIEWS-Ghana
2018-08-13,pepper,Aowin,Enchi Market (Aowin),7.46,GHS,WFP-GIEWS-Ghana
2018-08-20,pepper,Aowin,Enchi Market (Aowin),7.62,GHS,WFP-GIEWS-Ghana
2018-08-27,pepper,Aowin,Enchi Market (Aowin),7.83,GHS,WFP-GIEWS-Ghana
2018-09-03,pepper,Aowin,Enchi Market (Aowin),6.89,GHS,WFP-GIEWS-Ghana
2018-09-10,pepper,Aowin,Enchi Market (Aowin),6.79,GHS,WFP-GIEWS-Ghana
2018-09-17,pepper,Aowin,Enchi Market (Aowin),6.56,GHS,WFP-GIEWS-Ghana
2018-09-24,pepper,Aowin,Enchi Market (Aowin),6.71,GHS,WFP-GIEWS-Ghana
2018-10-01,pepper,Aowin,Enchi Market (Aowin),6.01,GHS,WFP-GIEWS-Ghana
2018-10-08,pepper,Aowin,Enchi Market (Aowin),6.05,GHS,WFP-GIEWS-Ghana
2018-10-15,pepper,Aowin,Enchi Market (Aowin),5.88,GHS,WFP-GIEWS-Ghana
2018-10-22,pepper,Aowin,Enchi Market (Aowin),6.09,GHS,WFP-GIEWS-Ghana
2018-10-29,pepper,Aowin,Enchi Market (Aowin),5.96,GHS,WFP-GIEWS-Ghana
2018-11-05,pepper,Aowin,Enchi Market (Aowin),6.37,GHS,WFP-GIEWS-Ghana
2018-11-12,pepper,Aowin,Enchi Market (Aowin),6.07,GHS,WFP-GIEWS-Ghana
2018-11-19,pepper,Aowin,Enchi Market (Aowin),6.28,GHS,WFP-GIEWS-Ghana
2018-11-26,pepper,Aowin,Enchi Market (Aowin),6.16,GHS,WFP-GIEWS-Ghana
2018-12-03,pepper,Aowin,Enchi Market (Aowin),5.8,GHS,WFP-GIEWS-Ghana
2018-12-10,pepper,Aowin,Enchi Market (Aowin),6.12,GHS,WFP-GIEWS-Ghana
2018-12-17,pepper,Aowin,Enchi Market (Aowin),5.84,GHS,WFP-GIEWS-Ghana
2018-12-24,pepper,Aowin,Enchi Market (Aowin),6.12,GHS,WFP-GIEWS-Ghana
2018-12-31,pepper,Aowin,Enchi Market (Aowin),5.96,GHS,WFP-GIEWS-Ghana
2019-01-07,pepper,Aowin,Enchi Market (Aowin),7.98,GHS,WFP-GIEWS-Ghana
2019-01-14,pepper,Aowin,Enchi Market (Aowin),7.44,GHS,WFP-GIEWS-Ghana
2019-01-21,pepper,Aowin,Enchi Market (Aowin),7.86,GHS,WFP-GIEWS-Ghana
2019-01-28,pepper,Aowin,Enchi Market (Aowin),8.04,GHS,WFP-GIEWS-Ghana
2019-02-04,pepper,Aowin,Enchi Market (Aowin),8.2,GHS,WFP-GIEWS-Ghana
2019-02-11,pepper,Aowin,Enchi Market (Aowin),7.67,GHS,WFP-GIEWS-Ghana
2019-02-18,pepper,Aowin,Enchi Market (Aowin),7.92,GHS,WFP-GIEWS-Ghana
2019-02-25,pepper,Aowin,Enchi Market (Aowin),7.97,GHS,WFP-GIEWS-Ghana
2019-03-04,pepper,Aowin,Enchi Market (Aowin),7.2,GHS,WFP-GIEWS-Ghana
2019-03-11,pepper,Aowin,Enchi Market (Aowin),6.38,GHS,WFP-GIEWS-Ghana
2019-03-18,pepper,Aowin,Enchi Market (Aowin),6.53,GHS,WFP-GIEWS-Ghana
2019-03-25,pepper,Aowin,Enchi Market (Aowin),7.54,GHS,WFP-GIEWS-Ghana
2019-04-01,pepper,Aowin,Enchi Market (Aowin),6.75,GHS,WFP-GIEWS-Ghana
2019-04-08,pepper,Aowin,Enchi Market (Aowin),6.31,GHS,WFP-GIEWS-Ghana
2019-04-15,pepper,Aowin,Enchi Market (Aowin),6.67,GHS,WFP-GIEWS-Ghana
2019-04-22,pepper,Aowin,Enchi Market (Aowin),6.07,GHS,WFP-GIEWS-Ghana
2019-04-29,pepper,Aowin,Enchi Market (Aowin),6.89,GHS,WFP-GIEWS-Ghana
2019-05-06,pepper,Aowin,Enchi Market (Aowin),7.09,GHS,WFP-GIEWS-Ghana
2019-05-13,pepper,Aowin,Enchi Market (Aowin),6.62,GHS,WFP-GIEWS-Ghana
2019-05-20,pepper,Aowin,Enchi Market (Aowin),6.74,GHS,WFP-GIEWS-Ghana
2019-05-27,pepper,Aowin,Enchi Market (Aowin),7.12,GHS,WFP-GIEWS-Ghana
2019-06-03,pepper,Aowin,Enchi Market (Aowin),6.99,GHS,WFP-GIEWS-Ghana
2019-06-10,pepper,Aowin,Enchi Market (Aowin),7.12,GHS,WFP-GIEWS-Ghana
2019-06-17,pepper,Aowin,Enchi Market (Aowin),7.45,GHS,WFP-GIEWS-Ghana
2019-06-24,pepper,Aowin,Enchi Market (Aowin),7.29,GHS,WFP-GIEWS-Ghana
2019-07-01,pepper,Aowin,Enchi Market (Aowin),8.37,GHS,WFP-GIEWS-Ghana
2019-07-08,pepper,Aowin,Enchi Market (Aowin),8.04,GHS,WFP-GIEWS-Ghana
2019-07-15,pepper,Aowin,Enchi Market (Aowin),8.54,GHS,WFP-GIEWS-Ghana
2019-07-22,pepper,Aowin,Enchi Market (Aowin),8.42,GHS,WFP-GIEWS-Ghana
2019-07-29,pepper,Aowin,Enchi Market (Aowin),8.66,GHS,WFP-GIEWS-Ghana
2019-08-05,pepper,Aowin,Enchi Market (Aowin),8.59,GHS,WFP-GIEWS-Ghana
2019-08-12,pepper,Aowin,Enchi Market (Aowin),8.6,GHS,WFP-GIEWS-Ghana
2019-08-19,pepper,Aowin,Enchi Market (Aowin),8.03,GHS,WFP-GIEWS-Ghana
2019-08-26,pepper,Aowin,Enchi Market (Aowin),8.69,GHS,WFP-GIEWS-Ghana
2019-09-02,pepper,Aowin,Enchi Market (Aowin),7.56,GHS,WFP-GIEWS-Ghana
2019-09-09,pepper,Aowin,Enchi Market (Aowin),7.61,GHS,WFP-GIEWS-Ghana
2019-09-16,pepper,Aowin,Enchi Market (Aowin),7.98,GHS,WFP-GIEWS-Ghana
2019-09-23,pepper,Aowin,Enchi Market (Aowin),7.44,GHS,WFP-GIEWS-Ghana
2019-09-30,pepper,Aowin,Enchi Market (Aowin),8.07,GHS,WFP-GIEWS-Ghana
2019-10-07,pepper,Aowin,Enchi Market (Aowin),6.93,GHS,WFP-GIEWS-Ghana
2019-10-14,pepper,Aowin,Enchi Market (Aowin),6.75,GHS,WFP-GIEWS-Ghana
2019-10-21,pepper,Aowin,Enchi Market (Aowin),6.3,GHS,WFP-GIEWS-Ghana
2019-10-28,pepper,Aowin,Enchi Market (Aowin),5.98,GHS,WFP-GIEWS-Ghana
2019-11-04,pepper,Aowin,Enchi Market (Aowin),6.88,GHS,WFP-GIEWS-Ghana
2019-11-11,pepper,Aowin,Enchi Market (Aowin),6.63,GHS,WFP-GIEWS-Ghana
2019-11-18,pepper,Aowin,Enchi Market (Aowin),6.4,GHS,WFP-GIEWS-Ghana
2019-11-25,pepper,Aowin,Enchi Market (Aowin),6.91,GHS,WFP-GIEWS-Ghana
2019-12-02,pepper,Aowin,Enchi Market (Aowin),6.41,GHS,WFP-GIEWS-Ghana
2019-12-09,pepper,Aowin,Enchi Market (Aowin),6.53,GHS,WFP-GIEWS-Ghana
2019-12-16,pepper,Aowin,Enchi Market (Aowin),6.78,GHS,WFP-GIEWS-Ghana
2019-12-23,pepper,Aowin,Enchi Market (Aowin),6.34,GHS,WFP-GIEWS-Ghana
2019-12-30,pepper,Aowin,Enchi Market (Aowin),6.61,GHS,WFP-GIEWS-Ghana
2020-01-06,pepper,Aowin,Enchi Market (Aowin),8.86,GHS,WFP-GIEWS-Ghana
2020-01-13,pepper,Aowin,Enchi Market (Aowin),8.56,GHS,WFP-GIEWS-Ghana
2020-01-20,pepper,Aowin,Enchi Market (Aowin),8.91,GHS,WFP-GIEWS-Ghana
2020-01-27,pepper,Aowin,Enchi Market (Aowin),8.87,GHS,WFP-GIEWS-Ghana
2020-02-03,pepper,Aowin,Enchi Market (Aowin),8.55,GHS,WFP-GIEWS-Ghana
2020-02-10,pepper,Aowin,Enchi Market (Aowin),7.74,GHS,WFP-GIEWS-Ghana
2020-02-17,pepper,Aowin,Enchi Market (Aowin),8.17,GHS,WFP-GIEWS-Ghana
2020-02-24,pepper,Aowin,Enchi Market (Aowin),8.8,GHS,WFP-GIEWS-Ghana
2020-03-02,pepper,Aowin,Enchi Market (Aowin),6.87,GHS,WFP-GIEWS-Ghana
2020-03-09,pepper,Aowin,Enchi Market (Aowin),7.23,GHS,WFP-GIEWS-Ghana
2020-03-16,pepper,Aowin,Enchi Market (Aowin),7.42,GHS,WFP-GIEWS-Ghana
2020-03-23,pepper,Aowin,Enchi Market (Aowin),7.76,GHS,WFP-GIEWS-Ghana
2020-03-30,pepper,Aowin,Enchi Market (Aowin),7.16,GHS,WFP-GIEWS-Ghana
2020-04-06,pepper,Aowin,Enchi Market (Aowin),7.18,GHS,WFP-GIEWS-Ghana
2020-04-13,pepper,Aowin,Enchi Market (Aowin),7.36,GHS,WFP-GIEWS-Ghana
2020-04-20,pepper,Aowin,Enchi Market (Aowin),7.48,GHS,WFP-GIEWS-Ghana
2020-04-27,pepper,Aowin,Enchi Market (Aowin),7.33,GHS,WFP-GIEWS-Ghana
2020-05-04,pepper,Aowin,Enchi Market (Aowin),7.73,GHS,WFP-GIEWS-Ghana
2020-05-11,pepper,Aowin,Enchi Market (Aowin),7.18,GHS,WFP-GIEWS-Ghana
2020-05-18,pepper,Aowin,Enchi Market (Aowin),7.45,GHS,WFP-GIEWS-Ghana
2020-05-25,pepper,Aowin,Enchi Market (Aowin),7.55,GHS,WFP-GIEWS-Ghana
2020-06-01,pepper,Aowin,Enchi Market (Aowin),7.99,GHS,WFP-GIEWS-Ghana
2020-06-08,pepper,Aowin,Enchi Market (Aowin),8.39,GHS,WFP-GIEWS-Ghana
2020-06-15,pepper,Aowin,Enchi Market (Aowin),8.16,GHS,WFP-GIEWS-Ghana
2020-06-22,pepper,Aowin,Enchi Market (Aowin),8.37,GHS,WFP-GIEWS-Ghana
2020-06-29,pepper,Aowin,Enchi Market (Aowin),8.18,GHS,WFP-GIEWS-Ghana
2020-07-06,pepper,Aowin,Enchi Market (Aowin),9.29,GHS,WFP-GIEWS-Ghana
2020-07-13,pepper,Aowin,Enchi Market (Aowin),8.92,GHS,WFP-GIEWS-Ghana
2020-07-20,pepper,Aowin,Enchi Market (Aowin),8.92,GHS,WFP-GIEWS-Ghana
2020-07-27,pepper,Aowin,Enchi Market (Aowin),9.6,GHS,WFP-GIEWS-Ghana
2020-08-03,pepper,Aowin,Enchi Market (Aowin),9.44,GHS,WFP-GIEWS-Ghana
2020-08-10,pepper,Aowin,Enchi Market (Aowin),8.83,GHS,WFP-GIEWS-Ghana
2020-08-17,pepper,Aowin,Enchi Market (Aowin),9.27,GHS,WFP-GIEWS-Ghana
2020-08-24,pepper,Aowin,Enchi Market (Aowin),8.33,GHS,WFP-GIEWS-Ghana
2020-08-31,pepper,Aowin,Enchi Market (Aowin),9.0,GHS,WFP-GIEWS-Ghana
2020-09-07,pepper,Aowin,Enchi Market (Aowin),8.59,GHS,WFP-GIEWS-Ghana
2020-09-14,pepper,Aowin,Enchi Market (Aowin),8.23,GHS,WFP-GIEWS-Ghana
2020-09-21,pepper,Aowin,Enchi Market (Aowin),8.31,GHS,WFP-GIEWS-Ghana
2020-09-28,pepper,Aowin,Enchi Market (Aowin),7.28,GHS,WFP-GIEWS-Ghana
2020-10-05,pepper,Aowin,Enchi Market (Aowin),6.97,GHS,WFP-GIEWS-Ghana
2020-10-12,pepper,Aowin,Enchi Market (Aowin),7.17,GHS,WFP-GIEWS-Ghana
2020-10-19,pepper,Aowin,Enchi Market (Aowin),7.21,GHS,WFP-GIEWS-Ghana
2020-10-26,pepper,Aowin,Enchi Market (Aowin),7.35,GHS,WFP-GIEWS-Ghana
2020-11-02,pepper,Aowin,Enchi Market (Aowin),7.06,GHS,WFP-GIEWS-Ghana
2020-11-09,pepper,Aowin,Enchi Market (Aowin),7.08,GHS,WFP-GIEWS-Ghana
2020-11-16,pepper,Aowin,Enchi Market (Aowin),6.74,GHS,WFP-GIEWS-Ghana
2020-11-23,pepper,Aowin,Enchi Market (Aowin),7.07,GHS,WFP-GIEWS-Ghana
2020-11-30,pepper,Aowin,Enchi Market (Aowin),6.76,GHS,WFP-GIEWS-Ghana
2020-12-07,pepper,Aowin,Enchi Market (Aowin),6.64,GHS,WFP-GIEWS-Ghana
2020-12-14,pepper,Aowin,Enchi Market (Aowin),6.86,GHS,WFP-GIEWS-Ghana
2020-12-21,pepper,Aowin,Enchi Market (Aowin),7.6,GHS,WFP-GIEWS-Ghana
2020-12-28,pepper,Aowin,Enchi Market (Aowin),7.09,GHS,WFP-GIEWS-Ghana
2021-01-04,pepper,Aowin,Enchi Market (Aowin),9.25,GHS,WFP-GIEWS-Ghana
2021-01-11,pepper,Aowin,Enchi Market (Aowin),8.98,GHS,WFP-GIEWS-Ghana
2021-01-18,pepper,Aowin,Enchi Market (Aowin),8.51,GHS,WFP-GIEWS-Ghana
2021-01-25,pepper,Aowin,Enchi Market (Aowin),9.51,GHS,WFP-GIEWS-Ghana
2021-02-01,pepper,Aowin,Enchi Market (Aowin),8.43,GHS,WFP-GIEWS-Ghana
2021-02-08,pepper,Aowin,Enchi Market (Aowin),9.02,GHS,WFP-GIEWS-Ghana
2021-02-15,pepper,Aowin,Enchi Market (Aowin),9.21,GHS,WFP-GIEWS-Ghana
2021-02-22,pepper,Aowin,Enchi Market (Aowin),9.31,GHS,WFP-GIEWS-Ghana
2021-03-01,pepper,Aowin,Enchi Market (Aowin),7.68,GHS,WFP-GIEWS-Ghana
2021-03-08,pepper,Aowin,Enchi Market (Aowin),7.33,GHS,WFP-GIEWS-Ghana
2021-03-15,pepper,Aowin,Enchi Market (Aowin),7.66,GHS,WFP-GIEWS-Ghana
2021-03-22,pepper,Aowin,Enchi Market (Aowin),7.67,GHS,WFP-GIEWS-Ghana
2021-03-29,pepper,Aowin,Enchi Market (Aowin),7.67,GHS,WFP-GIEWS-Ghana
2021-04-05,pepper,Aowin,Enchi Market (Aowin),8.27,GHS,WFP-GIEWS-Ghana
2021-04-12,pepper,Aowin,Enchi Market (Aowin),7.57,GHS,WFP-GIEWS-Ghana
2021-04-19,pepper,Aowin,Enchi Market (Aowin),8.06,GHS,WFP-GIEWS-Ghana
2021-04-26,pepper,Aowin,Enchi Market (Aowin),8.01,GHS,WFP-GIEWS-Ghana
2021-05-03,pepper,Aowin,Enchi Market (Aowin),8.32,GHS,WFP-GIEWS-Ghana
2021-05-10,pepper,Aowin,Enchi Market (Aowin),7.97,GHS,WFP-GIEWS-Ghana
2021-05-17,pepper,Aowin,Enchi Market (Aowin),8.27,GHS,WFP-GIEWS-Ghana
2021-05-24,pepper,Aowin,Enchi Market (Aowin),7.96,GHS,WFP-GIEWS-Ghana
2021-05-31,pepper,Aowin,Enchi Market (Aowin),8.15,GHS,WFP-GIEWS-Ghana
2021-06-07,pepper,Aowin,Enchi Market (Aowin),8.24,GHS,WFP-GIEWS-Ghana
2021-06-14,pepper,Aowin,Enchi Market (Aowin),7.84,GHS,WFP-GIEWS-Ghana
2021-06-21,pepper,Aowin,Enchi Market (Aowin),8.9,GHS,WFP-GIEWS-Ghana
2021-06-28,pepper,Aowin,Enchi Market (Aowin),8.92,GHS,WFP-GIEWS-Ghana
2021-07-05,pepper,Aowin,Enchi Market (Aowin),10.07,GHS,WFP-GIEWS-Ghana
2021-07-12,pepper,Aowin,Enchi Market (Aowin),9.67,GHS,WFP-GIEWS-Ghana
2021-07-19,pepper,Aowin,Enchi Market (Aowin),10.47,GHS,WFP-GIEWS-Ghana
2021-07-26,pepper,Aowin,Enchi Market (Aowin),9.7,GHS,WFP-GIEWS-Ghana
2021-08-02,pepper,Aowin,Enchi Market (Aowin),10.11,GHS,WFP-GIEWS-Ghana
2021-08-09,pepper,Aowin,Enchi Market (Aowin),10.18,GHS,WFP-GIEWS-Ghana
2021-08-16,pepper,Aowin,Enchi Market (Aowin),10.63,GHS,WFP-GIEWS-Ghana
2021-08-23,pepper,Aowin,Enchi Market (Aowin),9.82,GHS,WFP-GIEWS-Ghana
2021-08-30,pepper,Aowin,Enchi Market (Aowin),9.68,GHS,WFP-GIEWS-Ghana
2021-09-06,pepper,Aowin,Enchi Market (Aowin),8.4,GHS,WFP-GIEWS-Ghana
2021-09-13,pepper,Aowin,Enchi Market (Aowin),9.49,GHS,WFP-GIEWS-Ghana
2021-09-20,pepper,Aowin,Enchi Market (Aowin),9.09,GHS,WFP-GIEWS-Ghana
2021-09-27,pepper,Aowin,Enchi Market (Aowin),9.1,GHS,WFP-GIEWS-Ghana
2021-10-04,pepper,Aowin,Enchi Market (Aowin),8.6,GHS,WFP-GIEWS-Ghana
2021-10-11,pepper,Aowin,Enchi Market (Aowin),7.74,GHS,WFP-GIEWS-Ghana
2021-10-18,pepper,Aowin,Enchi Market (Aowin),7.25,GHS,WFP-GIEWS-Ghana
2021-10-25,pepper,Aowin,Enchi Market (Aowin),7.58,GHS,WFP-GIEWS-Ghana
2021-11-01,pepper,Aowin,Enchi Market (Aowin),7.39,GHS,WFP-GIEWS-Ghana
2021-11-08,pepper,Aowin,Enchi Market (Aowin),7.57,GHS,WFP-GIEWS-Ghana
2021-11-15,pepper,Aowin,Enchi Market (Aowin),7.57,GHS,WFP-GIEWS-Ghana
2021-11-22,pepper,Aowin,Enchi Market (Aowin),7.51,GHS,WFP-GIEWS-Ghana
2021-11-29,pepper,Aowin,Enchi Market (Aowin),7.26,GHS,WFP-GIEWS-Ghana
2021-12-06,pepper,Aowin,Enchi Market (Aowin),8.24,GHS,WFP-GIEWS-Ghana
2021-12-13,pepper,Aowin,Enchi Market (Aowin),7.84,GHS,WFP-GIEWS-Ghana
2021-12-20,pepper,Aowin,Enchi Market (Aowin),7.67,GHS,WFP-GIEWS-Ghana
2021-12-27,pepper,Aowin,Enchi Market (Aowin),7.98,GHS,WFP-GIEWS-Ghana
2022-01-03,pepper,Aowin,Enchi Market (Aowin),10.09,GHS,WFP-GIEWS-Ghana
2022-01-10,pepper,Aowin,Enchi Market (Aowin),10.01,GHS,WFP-GIEWS-Ghana
2022-01-17,pepper,Aowin,Enchi Market (Aowin),10.17,GHS,WFP-GIEWS-Ghana
2022-01-24,pepper,Aowin,Enchi Market (Aowin),9.95,GHS,WFP-GIEWS-Ghana
2022-01-31,pepper,Aowin,Enchi Market (Aowin),10.17,GHS,WFP-GIEWS-Ghana
2022-02-07,pepper,Aowin,Enchi Market (Aowin),10.27,GHS,WFP-GIEWS-Ghana
2022-02-14,pepper,Aowin,Enchi Market (Aowin),10.03,GHS,WFP-GIEWS-Ghana
2022-02-21,pepper,Aowin,Enchi Market (Aowin),9.88,GHS,WFP-GIEWS-Ghana
2022-02-28,pepper,Aowin,Enchi Market (Aowin),10.57,GHS,WFP-GIEWS-Ghana
2022-03-07,pepper,Aowin,Enchi Market (Aowin),8.38,GHS,WFP-GIEWS-Ghana
2022-03-14,pepper,Aowin,Enchi Market (Aowin),8.68,GHS,WFP-GIEWS-Ghana
2022-03-21,pepper,Aowin,Enchi Market (Aowin),8.68,GHS,WFP-GIEWS-Ghana
2022-03-28,pepper,Aowin,Enchi Market (Aowin),8.33,GHS,WFP-GIEWS-Ghana
2022-04-04,pepper,Aowin,Enchi Market (Aowin),8.32,GHS,WFP-GIEWS-Ghana
2022-04-11,pepper,Aowin,Enchi Market (Aowin),8.48,GHS,WFP-GIEWS-Ghana
2022-04-18,pepper,Aowin,Enchi Market (Aowin),8.43,GHS,WFP-GIEWS-Ghana
2022-04-25,pepper,Aowin,Enchi Market (Aowin),8.1,GHS,WFP-GIEWS-Ghana
2022-05-02,pepper,Aowin,Enchi Market (Aowin),8.43,GHS,WFP-GIEWS-Ghana
2022-05-09,pepper,Aowin,Enchi Market (Aowin),8.75,GHS,WFP-GIEWS-Ghana
2022-05-16,pepper,Aowin,Enchi Market (Aowin),9.09,GHS,WFP-GIEWS-Ghana
2022-05-23,pepper,Aowin,Enchi Market (Aowin),8.85,GHS,WFP-GIEWS-Ghana
2022-05-30,pepper,Aowin,Enchi Market (Aowin),7.75,GHS,WFP-GIEWS-Ghana
2022-06-06,pepper,Aowin,Enchi Market (Aowin),9.71,GHS,WFP-GIEWS-Ghana
2022-06-13,pepper,Aowin,Enchi Market (Aowin),9.26,GHS,WFP-GIEWS-Ghana
2022-06-20,pepper,Aowin,Enchi Market (Aowin),9.64,GHS,WFP-GIEWS-Ghana
2022-06-27,pepper,Aowin,Enchi Market (Aowin),9.46,GHS,WFP-GIEWS-Ghana
2022-07-04,pepper,Aowin,Enchi Market (Aowin),10.59,GHS,WFP-GIEWS-Ghana
2022-07-11,pepper,Aowin,Enchi Market (Aowin),10.63,GHS,WFP-GIEWS-Ghana
2022-07-18,pepper,Aowin,Enchi Market (Aowin),10.66,GHS,WFP-GIEWS-Ghana
2022-07-25,pepper,Aowin,Enchi Market (Aowin),11.24,GHS,WFP-GIEWS-Ghana
2022-08-01,pepper,Aowin,Enchi Market (Aowin),10.73,GHS,WFP-GIEWS-Ghana
2022-08-08,pepper,Aowin,Enchi Market (Aowin),11.21,GHS,WFP-GIEWS-Ghana
2022-08-15,pepper,Aowin,Enchi Market (Aowin),11.14,GHS,WFP-GIEWS-Ghana
2022-08-22,pepper,Aowin,Enchi Market (Aowin),11.03,GHS,WFP-GIEWS-Ghana
2022-08-29,pepper,Aowin,Enchi Market (Aowin),9.97,GHS,WFP-GIEWS-Ghana
2022-09-05,pepper,Aowin,Enchi Market (Aowin),10.08,GHS,WFP-GIEWS-Ghana
2022-09-12,pepper,Aowin,Enchi Market (Aowin),9.47,GHS,WFP-GIEWS-Ghana
2022-09-19,pepper,Aowin,Enchi Market (Aowin),9.93,GHS,WFP-GIEWS-Ghana
2022-09-26,pepper,Aowin,Enchi Market (Aowin),9.28,GHS,WFP-GIEWS-Ghana
2022-10-03,pepper,Aowin,Enchi Market (Aowin),7.86,GHS,WFP-GIEWS-Ghana
2022-10-10,pepper,Aowin,Enchi Market (Aowin),8.91,GHS,WFP-GIEWS-Ghana
2022-10-17,pepper,Aowin,Enchi Market (Aowin),7.94,GHS,WFP-GIEWS-Ghana
2022-10-24,pepper,Aowin,Enchi Market (Aowin),8.63,GHS,WFP-GIEWS-Ghana
2022-10-31,pepper,Aowin,Enchi Market (Aowin),8.29,GHS,WFP-GIEWS-Ghana
2022-11-07,pepper,Aowin,Enchi Market (Aowin),8.17,GHS,WFP-GIEWS-Ghana
2022-11-14,pepper,Aowin,Enchi Market (Aowin),8.29,GHS,WFP-GIEWS-Ghana
2022-11-21,pepper,Aowin,Enchi Market (Aowin),7.88,GHS,WFP-GIEWS-Ghana
2022-11-28,pepper,Aowin,Enchi Market (Aowin),8.3,GHS,WFP-GIEWS-Ghana
2022-12-05,pepper,Aowin,Enchi Market (Aowin),8.0,GHS,WFP-GIEWS-Ghana
2022-12-12,pepper,Aowin,Enchi Market (Aowin),8.23,GHS,WFP-GIEWS-Ghana
2022-12-19,pepper,Aowin,Enchi Market (Aowin),8.67,GHS,WFP-GIEWS-Ghana
2022-12-26,pepper,Aowin,Enchi Market (Aowin),8.45,GHS,WFP-GIEWS-Ghana
2023-01-02,pepper,Aowin,Enchi Market (Aowin),10.06,GHS,WFP-GIEWS-Ghana
2023-01-09,pepper,Aowin,Enchi Market (Aowin),11.06,GHS,WFP-GIEWS-Ghana
2023-01-16,pepper,Aowin,Enchi Market (Aowin),10.69,GHS,WFP-GIEWS-Ghana
2023-01-23,pepper,Aowin,Enchi Market (Aowin),10.46,GHS,WFP-GIEWS-Ghana
2023-01-30,pepper,Aowin,Enchi Market (Aowin),11.01,GHS,WFP-GIEWS-Ghana
2023-02-06,pepper,Aowin,Enchi Market (Aowin),10.69,GHS,WFP-GIEWS-Ghana
2023-02-13,pepper,Aowin,Enchi Market (Aowin),10.26,GHS,WFP-GIEWS-Ghana
2023-02-20,pepper,Aowin,Enchi Market (Aowin),11.56,GHS,WFP-GIEWS-Ghana
2023-02-27,pepper,Aowin,Enchi Market (Aowin),10.75,GHS,WFP-GIEWS-Ghana
2023-03-06,pepper,Aowin,Enchi Market (Aowin),9.2,GHS,WFP-GIEWS-Ghana
2023-03-13,pepper,Aowin,Enchi Market (Aowin),9.08,GHS,WFP-GIEWS-Ghana
2023-03-20,pepper,Aowin,Enchi Market (Aowin),9.66,GHS,WFP-GIEWS-Ghana
2023-03-27,pepper,Aowin,Enchi Market (Aowin),9.03,GHS,WFP-GIEWS-Ghana
2023-04-03,pepper,Aowin,Enchi Market (Aowin),8.71,GHS,WFP-GIEWS-Ghana
2023-04-10,pepper,Aowin,Enchi Market (Aowin),9.03,GHS,WFP-GIEWS-Ghana
2023-04-17,pepper,Aowin,Enchi Market (Aowin),9.78,GHS,WFP-GIEWS-Ghana
2023-04-24,pepper,Aowin,Enchi Market (Aowin),9.6,GHS,WFP-GIEWS-Ghana
2023-05-01,pepper,Aowin,Enchi Market (Aowin),9.25,GHS,WFP-GIEWS-Ghana
2023-05-08,pepper,Aowin,Enchi Market (Aowin),9.86,GHS,WFP-GIEWS-Ghana
2023-05-15,pepper,Aowin,Enchi Market (Aowin),9.63,GHS,WFP-GIEWS-Ghana
2023-05-22,pepper,Aowin,Enchi Market (Aowin),9.25,GHS,WFP-GIEWS-Ghana
2023-05-29,pepper,Aowin,Enchi Market (Aowin),9.28,GHS,WFP-GIEWS-Ghana
2023-06-05,pepper,Aowin,Enchi Market (Aowin),10.36,GHS,WFP-GIEWS-Ghana
2023-06-12,pepper,Aowin,Enchi Market (Aowin),9.88,GHS,WFP-GIEWS-Ghana
2023-06-19,pepper,Aowin,Enchi Market (Aowin),10.23,GHS,WFP-GIEWS-Ghana
2023-06-26,pepper,Aowin,Enchi Market (Aowin),10.35,GHS,WFP-GIEWS-Ghana
2023-07-03,pepper,Aowin,Enchi Market (Aowin),10.75,GHS,WFP-GIEWS-Ghana
2023-07-10,pepper,Aowin,Enchi Market (Aowin),11.44,GHS,WFP-GIEWS-Ghana
2023-07-17,pepper,Aowin,Enchi Market (Aowin),11.38,GHS,WFP-GIEWS-Ghana
2023-07-24,pepper,Aowin,Enchi Market (Aowin),12.0,GHS,WFP-GIEWS-Ghana
2023-07-31,pepper,Aowin,Enchi Market (Aowin),10.67,GHS,WFP-GIEWS-Ghana
2023-08-07,pepper,Aowin,Enchi Market (Aowin),11.42,GHS,WFP-GIEWS-Ghana
2023-08-14,pepper,Aowin,Enchi Market (Aowin),11.38,GHS,WFP-GIEWS-Ghana
2023-08-21,pepper,Aowin,Enchi Market (Aowin),12.04,GHS,WFP-GIEWS-Ghana
2023-08-28,pepper,Aowin,Enchi Market (Aowin),11.58,GHS,WFP-GIEWS-Ghana
2023-09-04,pepper,Aowin,Enchi Market (Aowin),11.17,GHS,WFP-GIEWS-Ghana
2023-09-11,pepper,Aowin,Enchi Market (Aowin),10.7,GHS,WFP-GIEWS-Ghana
2023-09-18,pepper,Aowin,Enchi Market (Aowin),10.25,GHS,WFP-GIEWS-Ghana
2023-09-25,pepper,Aowin,Enchi Market (Aowin),10.52,GHS,WFP-GIEWS-Ghana
2023-10-02,pepper,Aowin,Enchi Market (Aowin),8.79,GHS,WFP-GIEWS-Ghana
2023-10-09,pepper,Aowin,Enchi Market (Aowin),9.22,GHS,WFP-GIEWS-Ghana
2023-10-16,pepper,Aowin,Enchi Market (Aowin),8.44,GHS,WFP-GIEWS-Ghana
2023-10-23,pepper,Aowin,Enchi Market (Aowin),8.62,GHS,WFP-GIEWS-Ghana
2023-10-30,pepper,Aowin,Enchi Market (Aowin),9.08,GHS,WFP-GIEWS-Ghana
2023-11-06,pepper,Aowin,Enchi Market (Aowin),9.41,GHS,WFP-GIEWS-Ghana
2023-11-13,pepper,Aowin,Enchi Market (Aowin),8.18,GHS,WFP-GIEWS-Ghana
2023-11-20,pepper,Aowin,Enchi Market (Aowin),9.47,GHS,WFP-GIEWS-Ghana
2023-11-27,pepper,Aowin,Enchi Market (Aowin),8.92,GHS,WFP-GIEWS-Ghana
2023-12-04,pepper,Aowin,Enchi Market (Aowin),8.35,GHS,WFP-GIEWS-Ghana
2023-12-11,pepper,Aowin,Enchi Market (Aowin),7.95,GHS,WFP-GIEWS-Ghana
2023-12-18,pepper,Aowin,Enchi Market (Aowin),8.48,GHS,WFP-GIEWS-Ghana
2023-12-25,pepper,Aowin,Enchi Market (Aowin),9.02,GHS,WFP-GIEWS-Ghana
2024-01-01,pepper,Aowin,Enchi Market (Aowin),11.52,GHS,WFP-GIEWS-Ghana
2024-01-08,pepper,Aowin,Enchi Market (Aowin),11.84,GHS,WFP-GIEWS-Ghana
2024-01-15,pepper,Aowin,Enchi Market (Aowin),11.29,GHS,WFP-GIEWS-Ghana
2024-01-22,pepper,Aowin,Enchi Market (Aowin),11.04,GHS,WFP-GIEWS-Ghana
2024-01-29,pepper,Aowin,Enchi Market (Aowin),11.36,GHS,WFP-GIEWS-Ghana
2024-02-05,pepper,Aowin,Enchi Market (Aowin),11.64,GHS,WFP-GIEWS-Ghana
2024-02-12,pepper,Aowin,Enchi Market (Aowin),11.73,GHS,WFP-GIEWS-Ghana
2024-02-19,pepper,Aowin,Enchi Market (Aowin),11.26,GHS,WFP-GIEWS-Ghana
2024-02-26,pepper,Aowin,Enchi Market (Aowin),12.04,GHS,WFP-GIEWS-Ghana
2024-03-04,pepper,Aowin,Enchi Market (Aowin),9.72,GHS,WFP-GIEWS-Ghana
2024-03-11,pepper,Aowin,Enchi Market (Aowin),9.62,GHS,WFP-GIEWS-Ghana
2024-03-18,pepper,Aowin,Enchi Market (Aowin),9.75,GHS,WFP-GIEWS-Ghana
2024-03-25,pepper,Aowin,Enchi Market (Aowin),10.39,GHS,WFP-GIEWS-Ghana
2024-04-01,pepper,Aowin,Enchi Market (Aowin),9.98,GHS,WFP-GIEWS-Ghana
2024-04-08,pepper,Aowin,Enchi Market (Aowin),9.75,GHS,WFP-GIEWS-Ghana
2024-04-15,pepper,Aowin,Enchi Market (Aowin),10.4,GHS,WFP-GIEWS-Ghana
2024-04-22,pepper,Aowin,Enchi Market (Aowin),10.89,GHS,WFP-GIEWS-Ghana
2024-04-29,pepper,Aowin,Enchi Market (Aowin),10.11,GHS,WFP-GIEWS-Ghana
2024-05-06,pepper,Aowin,Enchi Market (Aowin),10.59,GHS,WFP-GIEWS-Ghana
2024-05-13,pepper,Aowin,Enchi Market (Aowin),10.51,GHS,WFP-GIEWS-Ghana
2024-05-20,pepper,Aowin,Enchi Market (Aowin),9.85,GHS,WFP-GIEWS-Ghana
2024-05-27,pepper,Aowin,Enchi Market (Aowin),10.1,GHS,WFP-GIEWS-Ghana
2024-06-03,pepper,Aowin,Enchi Market (Aowin),10.48,GHS,WFP-GIEWS-Ghana
2024-06-10,pepper,Aowin,Enchi Market (Aowin),10.95,GHS,WFP-GIEWS-Ghana
2024-06-17,pepper,Aowin,Enchi Market (Aowin),10.77,GHS,WFP-GIEWS-Ghana
2024-06-24,pepper,Aowin,Enchi Market (Aowin),10.86,GHS,WFP-GIEWS-Ghana
2024-07-01,pepper,Aowin,Enchi Market (Aowin),12.07,GHS,WFP-GIEWS-Ghana
2024-07-08,pepper,Aowin,Enchi Market (Aowin),12.3,GHS,WFP-GIEWS-Ghana
2024-07-15,pepper,Aowin,Enchi Market (Aowin),12.71,GHS,WFP-GIEWS-Ghana
2024-07-22,pepper,Aowin,Enchi Market (Aowin),12.39,GHS,WFP-GIEWS-Ghana
2024-07-29,pepper,Aowin,Enchi Market (Aowin),11.52,GHS,WFP-GIEWS-Ghana
2024-08-05,pepper,Aowin,Enchi Market (Aowin),12.15,GHS,WFP-GIEWS-Ghana
2024-08-12,pepper,Aowin,Enchi Market (Aowin),11.77,GHS,WFP-GIEWS-Ghana
2024-08-19,pepper,Aowin,Enchi Market (Aowin),12.65,GHS,WFP-GIEWS-Ghana
2024-08-26,pepper,Aowin,Enchi Market (Aowin),12.78,GHS,WFP-GIEWS-Ghana
2024-09-02,pepper,Aowin,Enchi Market (Aowin),11.37,GHS,WFP-GIEWS-Ghana
2024-09-09,pepper,Aowin,Enchi Market (Aowin),10.9,GHS,WFP-GIEWS-Ghana
2024-09-16,pepper,Aowin,Enchi Market (Aowin),11.37,GHS,WFP-GIEWS-Ghana
2024-09-23,pepper,Aowin,Enchi Market (Aowin),11.04,GHS,WFP-GIEWS-Ghana
2024-09-30,pepper,Aowin,Enchi Market (Aowin),10.74,GHS,WFP-GIEWS-Ghana
2024-10-07,pepper,Aowin,Enchi Market (Aowin),9.92,GHS,WFP-GIEWS-Ghana
2024-10-14,pepper,Aowin,Enchi Market (Aowin),9.94,GHS,WFP-GIEWS-Ghana
2024-10-21,pepper,Aowin,Enchi Market (Aowin),9.99,GHS,WFP-GIEWS-Ghana
2024-10-28,pepper,Aowin,Enchi Market (Aowin),9.4,GHS,WFP-GIEWS-Ghana
2024-11-04,pepper,Aowin,Enchi Market (Aowin),10.15,GHS,WFP-GIEWS-Ghana
2024-11-11,pepper,Aowin,Enchi Market (Aowin),9.5,GHS,WFP-GIEWS-Ghana
2024-11-18,pepper,Aowin,Enchi Market (Aowin),9.94,GHS,WFP-GIEWS-Ghana
2024-11-25,pepper,Aowin,Enchi Market (Aowin),9.49,GHS,WFP-GIEWS-Ghana
2024-12-02,pepper,Aowin,Enchi Market (Aowin),9.67,GHS,WFP-GIEWS-Ghana
2024-12-09,pepper,Aowin,Enchi Market (Aowin),8.81,GHS,WFP-GIEWS-Ghana
2024-12-16,pepper,Aowin,Enchi Market (Aowin),9.64,GHS,WFP-GIEWS-Ghana
2024-12-23,pepper,Aowin,Enchi Market (Aowin),9.79,GHS,WFP-GIEWS-Ghana
2024-12-30,pepper,Aowin,Enchi Market (Aowin),9.59,GHS,WFP-GIEWS-Ghana
2018-01-01,pepper,Bibiani,Bibiani Central Market,7.34,GHS,WFP-GIEWS-Ghana
2018-01-08,pepper,Bibiani,Bibiani Central Market,7.52,GHS,WFP-GIEWS-Ghana
2018-01-15,pepper,Bibiani,Bibiani Central Market,7.42,GHS,WFP-GIEWS-Ghana
2018-01-22,pepper,Bibiani,Bibiani Central Market,7.52,GHS,WFP-GIEWS-Ghana
2018-01-29,pepper,Bibiani,Bibiani Central Market,8.02,GHS,WFP-GIEWS-Ghana
2018-02-05,pepper,Bibiani,Bibiani Central Market,8.21,GHS,WFP-GIEWS-Ghana
2018-02-12,pepper,Bibiani,Bibiani Central Market,7.53,GHS,WFP-GIEWS-Ghana
2018-02-19,pepper,Bibiani,Bibiani Central Market,7.52,GHS,WFP-GIEWS-Ghana
2018-02-26,pepper,Bibiani,Bibiani Central Market,7.39,GHS,WFP-GIEWS-Ghana
2018-03-05,pepper,Bibiani,Bibiani Central Market,6.99,GHS,WFP-GIEWS-Ghana
2018-03-12,pepper,Bibiani,Bibiani Central Market,6.94,GHS,WFP-GIEWS-Ghana
2018-03-19,pepper,Bibiani,Bibiani Central Market,6.61,GHS,WFP-GIEWS-Ghana
2018-03-26,pepper,Bibiani,Bibiani Central Market,6.27,GHS,WFP-GIEWS-Ghana
2018-04-02,pepper,Bibiani,Bibiani Central Market,6.34,GHS,WFP-GIEWS-Ghana
2018-04-09,pepper,Bibiani,Bibiani Central Market,6.73,GHS,WFP-GIEWS-Ghana
2018-04-16,pepper,Bibiani,Bibiani Central Market,6.83,GHS,WFP-GIEWS-Ghana
2018-04-23,pepper,Bibiani,Bibiani Central Market,6.13,GHS,WFP-GIEWS-Ghana
2018-04-30,pepper,Bibiani,Bibiani Central Market,6.6,GHS,WFP-GIEWS-Ghana
2018-05-07,pepper,Bibiani,Bibiani Central Market,7.16,GHS,WFP-GIEWS-Ghana
2018-05-14,pepper,Bibiani,Bibiani Central Market,6.67,GHS,WFP-GIEWS-Ghana
2018-05-21,pepper,Bibiani,Bibiani Central Market,7.13,GHS,WFP-GIEWS-Ghana
2018-05-28,pepper,Bibiani,Bibiani Central Market,6.9,GHS,WFP-GIEWS-Ghana
2018-06-04,pepper,Bibiani,Bibiani Central Market,7.04,GHS,WFP-GIEWS-Ghana
2018-06-11,pepper,Bibiani,Bibiani Central Market,7.27,GHS,WFP-GIEWS-Ghana
2018-06-18,pepper,Bibiani,Bibiani Central Market,7.32,GHS,WFP-GIEWS-Ghana
2018-06-25,pepper,Bibiani,Bibiani Central Market,7.08,GHS,WFP-GIEWS-Ghana
2018-07-02,pepper,Bibiani,Bibiani Central Market,7.97,GHS,WFP-GIEWS-Ghana
2018-07-09,pepper,Bibiani,Bibiani Central Market,8.8,GHS,WFP-GIEWS-Ghana
2018-07-16,pepper,Bibiani,Bibiani Central Market,7.97,GHS,WFP-GIEWS-Ghana
2018-07-23,pepper,Bibiani,Bibiani Central Market,8.65,GHS,WFP-GIEWS-Ghana
2018-07-30,pepper,Bibiani,Bibiani Central Market,8.15,GHS,WFP-GIEWS-Ghana
2018-08-06,pepper,Bibiani,Bibiani Central Market,8.34,GHS,WFP-GIEWS-Ghana
2018-08-13,pepper,Bibiani,Bibiani Central Market,8.54,GHS,WFP-GIEWS-Ghana
2018-08-20,pepper,Bibiani,Bibiani Central Market,8.15,GHS,WFP-GIEWS-Ghana
2018-08-27,pepper,Bibiani,Bibiani Central Market,8.54,GHS,WFP-GIEWS-Ghana
2018-09-03,pepper,Bibiani,Bibiani Central Market,6.89,GHS,WFP-GIEWS-Ghana
2018-09-10,pepper,Bibiani,Bibiani Central Market,7.64,GHS,WFP-GIEWS-Ghana
2018-09-17,pepper,Bibiani,Bibiani Central Market,6.76,GHS,WFP-GIEWS-Ghana
2018-09-24,pepper,Bibiani,Bibiani Central Market,7.44,GHS,WFP-GIEWS-Ghana
2018-10-01,pepper,Bibiani,Bibiani Central Market,6.64,GHS,WFP-GIEWS-Ghana
2018-10-08,pepper,Bibiani,Bibiani Central Market,6.58,GHS,WFP-GIEWS-Ghana
2018-10-15,pepper,Bibiani,Bibiani Central Market,6.09,GHS,WFP-GIEWS-Ghana
2018-10-22,pepper,Bibiani,Bibiani Central Market,6.12,GHS,WFP-GIEWS-Ghana
2018-10-29,pepper,Bibiani,Bibiani Central Market,6.24,GHS,WFP-GIEWS-Ghana
2018-11-05,pepper,Bibiani,Bibiani Central Market,6.51,GHS,WFP-GIEWS-Ghana
2018-11-12,pepper,Bibiani,Bibiani Central Market,5.94,GHS,WFP-GIEWS-Ghana
2018-11-19,pepper,Bibiani,Bibiani Central Market,6.46,GHS,WFP-GIEWS-Ghana
2018-11-26,pepper,Bibiani,Bibiani Central Market,6.54,GHS,WFP-GIEWS-Ghana
2018-12-03,pepper,Bibiani,Bibiani Central Market,6.43,GHS,WFP-GIEWS-Ghana
2018-12-10,pepper,Bibiani,Bibiani Central Market,6.64,GHS,WFP-GIEWS-Ghana
2018-12-17,pepper,Bibiani,Bibiani Central Market,6.56,GHS,WFP-GIEWS-Ghana
2018-12-24,pepper,Bibiani,Bibiani Central Market,6.36,GHS,WFP-GIEWS-Ghana
2018-12-31,pepper,Bibiani,Bibiani Central Market,6.0,GHS,WFP-GIEWS-Ghana
2019-01-07,pepper,Bibiani,Bibiani Central Market,8.36,GHS,WFP-GIEWS-Ghana
2019-01-14,pepper,Bibiani,Bibiani Central Market,8.0,GHS,WFP-GIEWS-Ghana
2019-01-21,pepper,Bibiani,Bibiani Central Market,8.12,GHS,WFP-GIEWS-Ghana
2019-01-28,pepper,Bibiani,Bibiani Central Market,8.47,GHS,WFP-GIEWS-Ghana
2019-02-04,pepper,Bibiani,Bibiani Central Market,8.84,GHS,WFP-GIEWS-Ghana
2019-02-11,pepper,Bibiani,Bibiani Central Market,8.35,GHS,WFP-GIEWS-Ghana
2019-02-18,pepper,Bibiani,Bibiani Central Market,8.55,GHS,WFP-GIEWS-Ghana
2019-02-25,pepper,Bibiani,Bibiani Central Market,7.88,GHS,WFP-GIEWS-Ghana
2019-03-04,pepper,Bibiani,Bibiani Central Market,7.24,GHS,WFP-GIEWS-Ghana
2019-03-11,pepper,Bibiani,Bibiani Central Market,7.16,GHS,WFP-GIEWS-Ghana
2019-03-18,pepper,Bibiani,Bibiani Central Market,7.53,GHS,WFP-GIEWS-Ghana
2019-03-25,pepper,Bibiani,Bibiani Central Market,7.02,GHS,WFP-GIEWS-Ghana
2019-04-01,pepper,Bibiani,Bibiani Central Market,7.15,GHS,WFP-GIEWS-Ghana
2019-04-08,pepper,Bibiani,Bibiani Central Market,7.53,GHS,WFP-GIEWS-Ghana
2019-04-15,pepper,Bibiani,Bibiani Central Market,7.19,GHS,WFP-GIEWS-Ghana
2019-04-22,pepper,Bibiani,Bibiani Central Market,6.9,GHS,WFP-GIEWS-Ghana
2019-04-29,pepper,Bibiani,Bibiani Central Market,7.96,GHS,WFP-GIEWS-Ghana
2019-05-06,pepper,Bibiani,Bibiani Central Market,6.95,GHS,WFP-GIEWS-Ghana
2019-05-13,pepper,Bibiani,Bibiani Central Market,7.25,GHS,WFP-GIEWS-Ghana
2019-05-20,pepper,Bibiani,Bibiani Central Market,7.37,GHS,WFP-GIEWS-Ghana
2019-05-27,pepper,Bibiani,Bibiani Central Market,7.34,GHS,WFP-GIEWS-Ghana
2019-06-03,pepper,Bibiani,Bibiani Central Market,7.89,GHS,WFP-GIEWS-Ghana
2019-06-10,pepper,Bibiani,Bibiani Central Market,7.89,GHS,WFP-GIEWS-Ghana
2019-06-17,pepper,Bibiani,Bibiani Central Market,7.87,GHS,WFP-GIEWS-Ghana
2019-06-24,pepper,Bibiani,Bibiani Central Market,7.59,GHS,WFP-GIEWS-Ghana
2019-07-01,pepper,Bibiani,Bibiani Central Market,9.73,GHS,WFP-GIEWS-Ghana
2019-07-08,pepper,Bibiani,Bibiani Central Market,8.88,GHS,WFP-GIEWS-Ghana
2019-07-15,pepper,Bibiani,Bibiani Central Market,9.17,GHS,WFP-GIEWS-Ghana
2019-07-22,pepper,Bibiani,Bibiani Central Market,8.84,GHS,WFP-GIEWS-Ghana
2019-07-29,pepper,Bibiani,Bibiani Central Market,8.83,GHS,WFP-GIEWS-Ghana
2019-08-05,pepper,Bibiani,Bibiani Central Market,8.85,GHS,WFP-GIEWS-Ghana
2019-08-12,pepper,Bibiani,Bibiani Central Market,8.46,GHS,WFP-GIEWS-Ghana
2019-08-19,pepper,Bibiani,Bibiani Central Market,8.96,GHS,WFP-GIEWS-Ghana
2019-08-26,pepper,Bibiani,Bibiani Central Market,8.87,GHS,WFP-GIEWS-Ghana
2019-09-02,pepper,Bibiani,Bibiani Central Market,8.48,GHS,WFP-GIEWS-Ghana
2019-09-09,pepper,Bibiani,Bibiani Central Market,7.72,GHS,WFP-GIEWS-Ghana
2019-09-16,pepper,Bibiani,Bibiani Central Market,7.92,GHS,WFP-GIEWS-Ghana
2019-09-23,pepper,Bibiani,Bibiani Central Market,7.81,GHS,WFP-GIEWS-Ghana
2019-09-30,pepper,Bibiani,Bibiani Central Market,8.57,GHS,WFP-GIEWS-Ghana
2019-10-07,pepper,Bibiani,Bibiani Central Market,6.69,GHS,WFP-GIEWS-Ghana
2019-10-14,pepper,Bibiani,Bibiani Central Market,7.09,GHS,WFP-GIEWS-Ghana
2019-10-21,pepper,Bibiani,Bibiani Central Market,7.2,GHS,WFP-GIEWS-Ghana
2019-10-28,pepper,Bibiani,Bibiani Central Market,6.89,GHS,WFP-GIEWS-Ghana
2019-11-04,pepper,Bibiani,Bibiani Central Market,6.59,GHS,WFP-GIEWS-Ghana
2019-11-11,pepper,Bibiani,Bibiani Central Market,6.6,GHS,WFP-GIEWS-Ghana
2019-11-18,pepper,Bibiani,Bibiani Central Market,7.22,GHS,WFP-GIEWS-Ghana
2019-11-25,pepper,Bibiani,Bibiani Central Market,6.63,GHS,WFP-GIEWS-Ghana
2019-12-02,pepper,Bibiani,Bibiani Central Market,7.13,GHS,WFP-GIEWS-Ghana
2019-12-09,pepper,Bibiani,Bibiani Central Market,7.05,GHS,WFP-GIEWS-Ghana
2019-12-16,pepper,Bibiani,Bibiani Central Market,7.13,GHS,WFP-GIEWS-Ghana
2019-12-23,pepper,Bibiani,Bibiani Central Market,7.15,GHS,WFP-GIEWS-Ghana
2019-12-30,pepper,Bibiani,Bibiani Central Market,6.76,GHS,WFP-GIEWS-Ghana
2020-01-06,pepper,Bibiani,Bibiani Central Market,8.63,GHS,WFP-GIEWS-Ghana
2020-01-13,pepper,Bibiani,Bibiani Central Market,9.24,GHS,WFP-GIEWS-Ghana
2020-01-20,pepper,Bibiani,Bibiani Central Market,8.75,GHS,WFP-GIEWS-Ghana
2020-01-27,pepper,Bibiani,Bibiani Central Market,7.99,GHS,WFP-GIEWS-Ghana
2020-02-03,pepper,Bibiani,Bibiani Central Market,9.27,GHS,WFP-GIEWS-Ghana
2020-02-10,pepper,Bibiani,Bibiani Central Market,8.66,GHS,WFP-GIEWS-Ghana
2020-02-17,pepper,Bibiani,Bibiani Central Market,9.21,GHS,WFP-GIEWS-Ghana
2020-02-24,pepper,Bibiani,Bibiani Central Market,9.54,GHS,WFP-GIEWS-Ghana
2020-03-02,pepper,Bibiani,Bibiani Central Market,7.75,GHS,WFP-GIEWS-Ghana
2020-03-09,pepper,Bibiani,Bibiani Central Market,8.06,GHS,WFP-GIEWS-Ghana
2020-03-16,pepper,Bibiani,Bibiani Central Market,7.8,GHS,WFP-GIEWS-Ghana
2020-03-23,pepper,Bibiani,Bibiani Central Market,8.24,GHS,WFP-GIEWS-Ghana
2020-03-30,pepper,Bibiani,Bibiani Central Market,7.42,GHS,WFP-GIEWS-Ghana
2020-04-06,pepper,Bibiani,Bibiani Central Market,7.79,GHS,WFP-GIEWS-Ghana
2020-04-13,pepper,Bibiani,Bibiani Central Market,8.01,GHS,WFP-GIEWS-Ghana
2020-04-20,pepper,Bibiani,Bibiani Central Market,7.74,GHS,WFP-GIEWS-Ghana
2020-04-27,pepper,Bibiani,Bibiani Central Market,8.16,GHS,WFP-GIEWS-Ghana
2020-05-04,pepper,Bibiani,Bibiani Central Market,7.71,GHS,WFP-GIEWS-Ghana
2020-05-11,pepper,Bibiani,Bibiani Central Market,8.5,GHS,WFP-GIEWS-Ghana
2020-05-18,pepper,Bibiani,Bibiani Central Market,8.51,GHS,WFP-GIEWS-Ghana
2020-05-25,pepper,Bibiani,Bibiani Central Market,7.94,GHS,WFP-GIEWS-Ghana
2020-06-01,pepper,Bibiani,Bibiani Central Market,8.77,GHS,WFP-GIEWS-Ghana
2020-06-08,pepper,Bibiani,Bibiani Central Market,8.99,GHS,WFP-GIEWS-Ghana
2020-06-15,pepper,Bibiani,Bibiani Central Market,8.18,GHS,WFP-GIEWS-Ghana
2020-06-22,pepper,Bibiani,Bibiani Central Market,8.13,GHS,WFP-GIEWS-Ghana
2020-06-29,pepper,Bibiani,Bibiani Central Market,9.02,GHS,WFP-GIEWS-Ghana
2020-07-06,pepper,Bibiani,Bibiani Central Market,9.78,GHS,WFP-GIEWS-Ghana
2020-07-13,pepper,Bibiani,Bibiani Central Market,9.59,GHS,WFP-GIEWS-Ghana
2020-07-20,pepper,Bibiani,Bibiani Central Market,9.68,GHS,WFP-GIEWS-Ghana
2020-07-27,pepper,Bibiani,Bibiani Central Market,8.75,GHS,WFP-GIEWS-Ghana
2020-08-03,pepper,Bibiani,Bibiani Central Market,9.67,GHS,WFP-GIEWS-Ghana
2020-08-10,pepper,Bibiani,Bibiani Central Market,9.45,GHS,WFP-GIEWS-Ghana
2020-08-17,pepper,Bibiani,Bibiani Central Market,10.1,GHS,WFP-GIEWS-Ghana
2020-08-24,pepper,Bibiani,Bibiani Central Market,10.13,GHS,WFP-GIEWS-Ghana
2020-08-31,pepper,Bibiani,Bibiani Central Market,9.96,GHS,WFP-GIEWS-Ghana
2020-09-07,pepper,Bibiani,Bibiani Central Market,8.89,GHS,WFP-GIEWS-Ghana
2020-09-14,pepper,Bibiani,Bibiani Central Market,8.23,GHS,WFP-GIEWS-Ghana
2020-09-21,pepper,Bibiani,Bibiani Central Market,8.96,GHS,WFP-GIEWS-Ghana
2020-09-28,pepper,Bibiani,Bibiani Central Market,8.97,GHS,WFP-GIEWS-Ghana
2020-10-05,pepper,Bibiani,Bibiani Central Market,7.86,GHS,WFP-GIEWS-Ghana
2020-10-12,pepper,Bibiani,Bibiani Central Market,8.12,GHS,WFP-GIEWS-Ghana
2020-10-19,pepper,Bibiani,Bibiani Central Market,6.98,GHS,WFP-GIEWS-Ghana
2020-10-26,pepper,Bibiani,Bibiani Central Market,7.37,GHS,WFP-GIEWS-Ghana
2020-11-02,pepper,Bibiani,Bibiani Central Market,7.31,GHS,WFP-GIEWS-Ghana
2020-11-09,pepper,Bibiani,Bibiani Central Market,7.59,GHS,WFP-GIEWS-Ghana
2020-11-16,pepper,Bibiani,Bibiani Central Market,7.54,GHS,WFP-GIEWS-Ghana
2020-11-23,pepper,Bibiani,Bibiani Central Market,7.46,GHS,WFP-GIEWS-Ghana
2020-11-30,pepper,Bibiani,Bibiani Central Market,7.84,GHS,WFP-GIEWS-Ghana
2020-12-07,pepper,Bibiani,Bibiani Central Market,7.25,GHS,WFP-GIEWS-Ghana
2020-12-14,pepper,Bibiani,Bibiani Central Market,7.27,GHS,WFP-GIEWS-Ghana
2020-12-21,pepper,Bibiani,Bibiani Central Market,7.27,GHS,WFP-GIEWS-Ghana
2020-12-28,pepper,Bibiani,Bibiani Central Market,7.47,GHS,WFP-GIEWS-Ghana
2021-01-04,pepper,Bibiani,Bibiani Central Market,9.22,GHS,WFP-GIEWS-Ghana
2021-01-11,pepper,Bibiani,Bibiani Central Market,9.68,GHS,WFP-GIEWS-Ghana
2021-01-18,pepper,Bibiani,Bibiani Central Market,9.63,GHS,WFP-GIEWS-Ghana
2021-01-25,pepper,Bibiani,Bibiani Central Market,9.39,GHS,WFP-GIEWS-Ghana
2021-02-01,pepper,Bibiani,Bibiani Central Market,10.1,GHS,WFP-GIEWS-Ghana
2021-02-08,pepper,Bibiani,Bibiani Central Market,9.74,GHS,WFP-GIEWS-Ghana
2021-02-15,pepper,Bibiani,Bibiani Central Market,10.17,GHS,WFP-GIEWS-Ghana
2021-02-22,pepper,Bibiani,Bibiani Central Market,9.68,GHS,WFP-GIEWS-Ghana
2021-03-01,pepper,Bibiani,Bibiani Central Market,8.36,GHS,WFP-GIEWS-Ghana
2021-03-08,pepper,Bibiani,Bibiani Central Market,8.18,GHS,WFP-GIEWS-Ghana
2021-03-15,pepper,Bibiani,Bibiani Central Market,8.37,GHS,WFP-GIEWS-Ghana
2021-03-22,pepper,Bibiani,Bibiani Central Market,8.61,GHS,WFP-GIEWS-Ghana
2021-03-29,pepper,Bibiani,Bibiani Central Market,8.23,GHS,WFP-GIEWS-Ghana
2021-04-05,pepper,Bibiani,Bibiani Central Market,8.6,GHS,WFP-GIEWS-Ghana
2021-04-12,pepper,Bibiani,Bibiani Central Market,8.15,GHS,WFP-GIEWS-Ghana
2021-04-19,pepper,Bibiani,Bibiani Central Market,8.68,GHS,WFP-GIEWS-Ghana
2021-04-26,pepper,Bibiani,Bibiani Central Market,8.23,GHS,WFP-GIEWS-Ghana
2021-05-03,pepper,Bibiani,Bibiani Central Market,8.76,GHS,WFP-GIEWS-Ghana
2021-05-10,pepper,Bibiani,Bibiani Central Market,8.5,GHS,WFP-GIEWS-Ghana
2021-05-17,pepper,Bibiani,Bibiani Central Market,8.99,GHS,WFP-GIEWS-Ghana
2021-05-24,pepper,Bibiani,Bibiani Central Market,8.08,GHS,WFP-GIEWS-Ghana
2021-05-31,pepper,Bibiani,Bibiani Central Market,7.98,GHS,WFP-GIEWS-Ghana
2021-06-07,pepper,Bibiani,Bibiani Central Market,9.04,GHS,WFP-GIEWS-Ghana
2021-06-14,pepper,Bibiani,Bibiani Central Market,8.76,GHS,WFP-GIEWS-Ghana
2021-06-21,pepper,Bibiani,Bibiani Central Market,8.76,GHS,WFP-GIEWS-Ghana
2021-06-28,pepper,Bibiani,Bibiani Central Market,9.5,GHS,WFP-GIEWS-Ghana
2021-07-05,pepper,Bibiani,Bibiani Central Market,10.45,GHS,WFP-GIEWS-Ghana
2021-07-12,pepper,Bibiani,Bibiani Central Market,10.25,GHS,WFP-GIEWS-Ghana
2021-07-19,pepper,Bibiani,Bibiani Central Market,10.29,GHS,WFP-GIEWS-Ghana
2021-07-26,pepper,Bibiani,Bibiani Central Market,10.2,GHS,WFP-GIEWS-Ghana
2021-08-02,pepper,Bibiani,Bibiani Central Market,11.21,GHS,WFP-GIEWS-Ghana
2021-08-09,pepper,Bibiani,Bibiani Central Market,10.21,GHS,WFP-GIEWS-Ghana
2021-08-16,pepper,Bibiani,Bibiani Central Market,9.96,GHS,WFP-GIEWS-Ghana
2021-08-23,pepper,Bibiani,Bibiani Central Market,10.85,GHS,WFP-GIEWS-Ghana
2021-08-30,pepper,Bibiani,Bibiani Central Market,10.43,GHS,WFP-GIEWS-Ghana
2021-09-06,pepper,Bibiani,Bibiani Central Market,10.22,GHS,WFP-GIEWS-Ghana
2021-09-13,pepper,Bibiani,Bibiani Central Market,9.25,GHS,WFP-GIEWS-Ghana
2021-09-20,pepper,Bibiani,Bibiani Central Market,9.77,GHS,WFP-GIEWS-Ghana
2021-09-27,pepper,Bibiani,Bibiani Central Market,9.86,GHS,WFP-GIEWS-Ghana
2021-10-04,pepper,Bibiani,Bibiani Central Market,7.92,GHS,WFP-GIEWS-Ghana
2021-10-11,pepper,Bibiani,Bibiani Central Market,7.85,GHS,WFP-GIEWS-Ghana
2021-10-18,pepper,Bibiani,Bibiani Central Market,8.33,GHS,WFP-GIEWS-Ghana
2021-10-25,pepper,Bibiani,Bibiani Central Market,8.27,GHS,WFP-GIEWS-Ghana
2021-11-01,pepper,Bibiani,Bibiani Central Market,7.68,GHS,WFP-GIEWS-Ghana
2021-11-08,pepper,Bibiani,Bibiani Central Market,7.77,GHS,WFP-GIEWS-Ghana
2021-11-15,pepper,Bibiani,Bibiani Central Market,7.31,GHS,WFP-GIEWS-Ghana
2021-11-22,pepper,Bibiani,Bibiani Central Market,8.33,GHS,WFP-GIEWS-Ghana
2021-11-29,pepper,Bibiani,Bibiani Central Market,8.05,GHS,WFP-GIEWS-Ghana
2021-12-06,pepper,Bibiani,Bibiani Central Market,8.14,GHS,WFP-GIEWS-Ghana
2021-12-13,pepper,Bibiani,Bibiani Central Market,7.64,GHS,WFP-GIEWS-Ghana
2021-12-20,pepper,Bibiani,Bibiani Central Market,7.83,GHS,WFP-GIEWS-Ghana
2021-12-27,pepper,Bibiani,Bibiani Central Market,8.03,GHS,WFP-GIEWS-Ghana
2022-01-03,pepper,Bibiani,Bibiani Central Market,10.19,GHS,WFP-GIEWS-Ghana
2022-01-10,pepper,Bibiani,Bibiani Central Market,10.52,GHS,WFP-GIEWS-Ghana
2022-01-17,pepper,Bibiani,Bibiani Central Market,10.72,GHS,WFP-GIEWS-Ghana
2022-01-24,pepper,Bibiani,Bibiani Central Market,11.42,GHS,WFP-GIEWS-Ghana
2022-01-31,pepper,Bibiani,Bibiani Central Market,10.46,GHS,WFP-GIEWS-Ghana
2022-02-07,pepper,Bibiani,Bibiani Central Market,11.01,GHS,WFP-GIEWS-Ghana
2022-02-14,pepper,Bibiani,Bibiani Central Market,10.19,GHS,WFP-GIEWS-Ghana
2022-02-21,pepper,Bibiani,Bibiani Central Market,9.83,GHS,WFP-GIEWS-Ghana
2022-02-28,pepper,Bibiani,Bibiani Central Market,10.39,GHS,WFP-GIEWS-Ghana
2022-03-07,pepper,Bibiani,Bibiani Central Market,8.46,GHS,WFP-GIEWS-Ghana
2022-03-14,pepper,Bibiani,Bibiani Central Market,9.04,GHS,WFP-GIEWS-Ghana
2022-03-21,pepper,Bibiani,Bibiani Central Market,8.75,GHS,WFP-GIEWS-Ghana
2022-03-28,pepper,Bibiani,Bibiani Central Market,8.33,GHS,WFP-GIEWS-Ghana
2022-04-04,pepper,Bibiani,Bibiani Central Market,9.73,GHS,WFP-GIEWS-Ghana
2022-04-11,pepper,Bibiani,Bibiani Central Market,8.9,GHS,WFP-GIEWS-Ghana
2022-04-18,pepper,Bibiani,Bibiani Central Market,8.5,GHS,WFP-GIEWS-Ghana
2022-04-25,pepper,Bibiani,Bibiani Central Market,9.42,GHS,WFP-GIEWS-Ghana
2022-05-02,pepper,Bibiani,Bibiani Central Market,8.89,GHS,WFP-GIEWS-Ghana
2022-05-09,pepper,Bibiani,Bibiani Central Market,9.55,GHS,WFP-GIEWS-Ghana
2022-05-16,pepper,Bibiani,Bibiani Central Market,8.89,GHS,WFP-GIEWS-Ghana
2022-05-23,pepper,Bibiani,Bibiani Central Market,8.96,GHS,WFP-GIEWS-Ghana
2022-05-30,pepper,Bibiani,Bibiani Central Market,9.28,GHS,WFP-GIEWS-Ghana
2022-06-06,pepper,Bibiani,Bibiani Central Market,10.25,GHS,WFP-GIEWS-Ghana
2022-06-13,pepper,Bibiani,Bibiani Central Market,10.32,GHS,WFP-GIEWS-Ghana
2022-06-20,pepper,Bibiani,Bibiani Central Market,9.98,GHS,WFP-GIEWS-Ghana
2022-06-27,pepper,Bibiani,Bibiani Central Market,10.23,GHS,WFP-GIEWS-Ghana
2022-07-04,pepper,Bibiani,Bibiani Central Market,11.62,GHS,WFP-GIEWS-Ghana
2022-07-11,pepper,Bibiani,Bibiani Central Market,11.38,GHS,WFP-GIEWS-Ghana
2022-07-18,pepper,Bibiani,Bibiani Central Market,11.22,GHS,WFP-GIEWS-Ghana
2022-07-25,pepper,Bibiani,Bibiani Central Market,10.63,GHS,WFP-GIEWS-Ghana
2022-08-01,pepper,Bibiani,Bibiani Central Market,11.63,GHS,WFP-GIEWS-Ghana
2022-08-08,pepper,Bibiani,Bibiani Central Market,11.38,GHS,WFP-GIEWS-Ghana
2022-08-15,pepper,Bibiani,Bibiani Central Market,11.17,GHS,WFP-GIEWS-Ghana
2022-08-22,pepper,Bibiani,Bibiani Central Market,11.94,GHS,WFP-GIEWS-Ghana
2022-08-29,pepper,Bibiani,Bibiani Central Market,10.71,GHS,WFP-GIEWS-Ghana
2022-09-05,pepper,Bibiani,Bibiani Central Market,10.88,GHS,WFP-GIEWS-Ghana
2022-09-12,pepper,Bibiani,Bibiani Central Market,10.2,GHS,WFP-GIEWS-Ghana
2022-09-19,pepper,Bibiani,Bibiani Central Market,10.34,GHS,WFP-GIEWS-Ghana
2022-09-26,pepper,Bibiani,Bibiani Central Market,10.05,GHS,WFP-GIEWS-Ghana
2022-10-03,pepper,Bibiani,Bibiani Central Market,8.15,GHS,WFP-GIEWS-Ghana
2022-10-10,pepper,Bibiani,Bibiani Central Market,8.68,GHS,WFP-GIEWS-Ghana
2022-10-17,pepper,Bibiani,Bibiani Central Market,8.85,GHS,WFP-GIEWS-Ghana
2022-10-24,pepper,Bibiani,Bibiani Central Market,8.97,GHS,WFP-GIEWS-Ghana
2022-10-31,pepper,Bibiani,Bibiani Central Market,8.66,GHS,WFP-GIEWS-Ghana
2022-11-07,pepper,Bibiani,Bibiani Central Market,8.02,GHS,WFP-GIEWS-Ghana
2022-11-14,pepper,Bibiani,Bibiani Central Market,8.25,GHS,WFP-GIEWS-Ghana
2022-11-21,pepper,Bibiani,Bibiani Central Market,9.51,GHS,WFP-GIEWS-Ghana
2022-11-28,pepper,Bibiani,Bibiani Central Market,8.4,GHS,WFP-GIEWS-Ghana
2022-12-05,pepper,Bibiani,Bibiani Central Market,9.35,GHS,WFP-GIEWS-Ghana
2022-12-12,pepper,Bibiani,Bibiani Central Market,8.51,GHS,WFP-GIEWS-Ghana
2022-12-19,pepper,Bibiani,Bibiani Central Market,8.78,GHS,WFP-GIEWS-Ghana
2022-12-26,pepper,Bibiani,Bibiani Central Market,9.07,GHS,WFP-GIEWS-Ghana
2023-01-02,pepper,Bibiani,Bibiani Central Market,10.94,GHS,WFP-GIEWS-Ghana
2023-01-09,pepper,Bibiani,Bibiani Central Market,12.03,GHS,WFP-GIEWS-Ghana
2023-01-16,pepper,Bibiani,Bibiani Central Market,11.35,GHS,WFP-GIEWS-Ghana
2023-01-23,pepper,Bibiani,Bibiani Central Market,11.52,GHS,WFP-GIEWS-Ghana
2023-01-30,pepper,Bibiani,Bibiani Central Market,11.19,GHS,WFP-GIEWS-Ghana
2023-02-06,pepper,Bibiani,Bibiani Central Market,11.68,GHS,WFP-GIEWS-Ghana
2023-02-13,pepper,Bibiani,Bibiani Central Market,12.1,GHS,WFP-GIEWS-Ghana
2023-02-20,pepper,Bibiani,Bibiani Central Market,11.32,GHS,WFP-GIEWS-Ghana
2023-02-27,pepper,Bibiani,Bibiani Central Market,12.17,GHS,WFP-GIEWS-Ghana
2023-03-06,pepper,Bibiani,Bibiani Central Market,9.52,GHS,WFP-GIEWS-Ghana
2023-03-13,pepper,Bibiani,Bibiani Central Market,10.06,GHS,WFP-GIEWS-Ghana
2023-03-20,pepper,Bibiani,Bibiani Central Market,9.95,GHS,WFP-GIEWS-Ghana
2023-03-27,pepper,Bibiani,Bibiani Central Market,9.34,GHS,WFP-GIEWS-Ghana
2023-04-03,pepper,Bibiani,Bibiani Central Market,9.91,GHS,WFP-GIEWS-Ghana
2023-04-10,pepper,Bibiani,Bibiani Central Market,9.83,GHS,WFP-GIEWS-Ghana
2023-04-17,pepper,Bibiani,Bibiani Central Market,9.49,GHS,WFP-GIEWS-Ghana
2023-04-24,pepper,Bibiani,Bibiani Central Market,9.96,GHS,WFP-GIEWS-Ghana
2023-05-01,pepper,Bibiani,Bibiani Central Market,9.94,GHS,WFP-GIEWS-Ghana
2023-05-08,pepper,Bibiani,Bibiani Central Market,9.86,GHS,WFP-GIEWS-Ghana
2023-05-15,pepper,Bibiani,Bibiani Central Market,9.86,GHS,WFP-GIEWS-Ghana
2023-05-22,pepper,Bibiani,Bibiani Central Market,9.85,GHS,WFP-GIEWS-Ghana
2023-05-29,pepper,Bibiani,Bibiani Central Market,9.74,GHS,WFP-GIEWS-Ghana
2023-06-05,pepper,Bibiani,Bibiani Central Market,10.88,GHS,WFP-GIEWS-Ghana
2023-06-12,pepper,Bibiani,Bibiani Central Market,10.54,GHS,WFP-GIEWS-Ghana
2023-06-19,pepper,Bibiani,Bibiani Central Market,11.96,GHS,WFP-GIEWS-Ghana
2023-06-26,pepper,Bibiani,Bibiani Central Market,10.2,GHS,WFP-GIEWS-Ghana
2023-07-03,pepper,Bibiani,Bibiani Central Market,11.91,GHS,WFP-GIEWS-Ghana
2023-07-10,pepper,Bibiani,Bibiani Central Market,11.94,GHS,WFP-GIEWS-Ghana
2023-07-17,pepper,Bibiani,Bibiani Central Market,13.19,GHS,WFP-GIEWS-Ghana
2023-07-24,pepper,Bibiani,Bibiani Central Market,11.55,GHS,WFP-GIEWS-Ghana
2023-07-31,pepper,Bibiani,Bibiani Central Market,12.4,GHS,WFP-GIEWS-Ghana
2023-08-07,pepper,Bibiani,Bibiani Central Market,12.39,GHS,WFP-GIEWS-Ghana
2023-08-14,pepper,Bibiani,Bibiani Central Market,12.43,GHS,WFP-GIEWS-Ghana
2023-08-21,pepper,Bibiani,Bibiani Central Market,12.88,GHS,WFP-GIEWS-Ghana
2023-08-28,pepper,Bibiani,Bibiani Central Market,12.87,GHS,WFP-GIEWS-Ghana
2023-09-04,pepper,Bibiani,Bibiani Central Market,10.83,GHS,WFP-GIEWS-Ghana
2023-09-11,pepper,Bibiani,Bibiani Central Market,11.11,GHS,WFP-GIEWS-Ghana
2023-09-18,pepper,Bibiani,Bibiani Central Market,10.2,GHS,WFP-GIEWS-Ghana
2023-09-25,pepper,Bibiani,Bibiani Central Market,11.07,GHS,WFP-GIEWS-Ghana
2023-10-02,pepper,Bibiani,Bibiani Central Market,9.13,GHS,WFP-GIEWS-Ghana
2023-10-09,pepper,Bibiani,Bibiani Central Market,9.36,GHS,WFP-GIEWS-Ghana
2023-10-16,pepper,Bibiani,Bibiani Central Market,8.8,GHS,WFP-GIEWS-Ghana
2023-10-23,pepper,Bibiani,Bibiani Central Market,9.58,GHS,WFP-GIEWS-Ghana
2023-10-30,pepper,Bibiani,Bibiani Central Market,8.79,GHS,WFP-GIEWS-Ghana
2023-11-06,pepper,Bibiani,Bibiani Central Market,9.55,GHS,WFP-GIEWS-Ghana
2023-11-13,pepper,Bibiani,Bibiani Central Market,9.03,GHS,WFP-GIEWS-Ghana
2023-11-20,pepper,Bibiani,Bibiani Central Market,9.17,GHS,WFP-GIEWS-Ghana
2023-11-27,pepper,Bibiani,Bibiani Central Market,9.93,GHS,WFP-GIEWS-Ghana
2023-12-04,pepper,Bibiani,Bibiani Central Market,9.78,GHS,WFP-GIEWS-Ghana
2023-12-11,pepper,Bibiani,Bibiani Central Market,9.99,GHS,WFP-GIEWS-Ghana
2023-12-18,pepper,Bibiani,Bibiani Central Market,10.15,GHS,WFP-GIEWS-Ghana
2023-12-25,pepper,Bibiani,Bibiani Central Market,9.26,GHS,WFP-GIEWS-Ghana
2024-01-01,pepper,Bibiani,Bibiani Central Market,12.95,GHS,WFP-GIEWS-Ghana
2024-01-08,pepper,Bibiani,Bibiani Central Market,11.5,GHS,WFP-GIEWS-Ghana
2024-01-15,pepper,Bibiani,Bibiani Central Market,12.58,GHS,WFP-GIEWS-Ghana
2024-01-22,pepper,Bibiani,Bibiani Central Market,11.98,GHS,WFP-GIEWS-Ghana
2024-01-29,pepper,Bibiani,Bibiani Central Market,11.76,GHS,WFP-GIEWS-Ghana
2024-02-05,pepper,Bibiani,Bibiani Central Market,12.6,GHS,WFP-GIEWS-Ghana
2024-02-12,pepper,Bibiani,Bibiani Central Market,12.76,GHS,WFP-GIEWS-Ghana
2024-02-19,pepper,Bibiani,Bibiani Central Market,12.74,GHS,WFP-GIEWS-Ghana
2024-02-26,pepper,Bibiani,Bibiani Central Market,12.4,GHS,WFP-GIEWS-Ghana
2024-03-04,pepper,Bibiani,Bibiani Central Market,10.6,GHS,WFP-GIEWS-Ghana
2024-03-11,pepper,Bibiani,Bibiani Central Market,10.76,GHS,WFP-GIEWS-Ghana
2024-03-18,pepper,Bibiani,Bibiani Central Market,10.67,GHS,WFP-GIEWS-Ghana
2024-03-25,pepper,Bibiani,Bibiani Central Market,10.77,GHS,WFP-GIEWS-Ghana
2024-04-01,pepper,Bibiani,Bibiani Central Market,10.7,GHS,WFP-GIEWS-Ghana
2024-04-08,pepper,Bibiani,Bibiani Central Market,10.97,GHS,WFP-GIEWS-Ghana
2024-04-15,pepper,Bibiani,Bibiani Central Market,9.92,GHS,WFP-GIEWS-Ghana
2024-04-22,pepper,Bibiani,Bibiani Central Market,10.55,GHS,WFP-GIEWS-Ghana
2024-04-29,pepper,Bibiani,Bibiani Central Market,10.02,GHS,WFP-GIEWS-Ghana
2024-05-06,pepper,Bibiani,Bibiani Central Market,10.79,GHS,WFP-GIEWS-Ghana
2024-05-13,pepper,Bibiani,Bibiani Central Market,11.38,GHS,WFP-GIEWS-Ghana
2024-05-20,pepper,Bibiani,Bibiani Central Market,10.47,GHS,WFP-GIEWS-Ghana
2024-05-27,pepper,Bibiani,Bibiani Central Market,10.73,GHS,WFP-GIEWS-Ghana
2024-06-03,pepper,Bibiani,Bibiani Central Market,12.03,GHS,WFP-GIEWS-Ghana
2024-06-10,pepper,Bibiani,Bibiani Central Market,10.71,GHS,WFP-GIEWS-Ghana
2024-06-17,pepper,Bibiani,Bibiani Central Market,11.44,GHS,WFP-GIEWS-Ghana
2024-06-24,pepper,Bibiani,Bibiani Central Market,11.85,GHS,WFP-GIEWS-Ghana
2024-07-01,pepper,Bibiani,Bibiani Central Market,11.64,GHS,WFP-GIEWS-Ghana
2024-07-08,pepper,Bibiani,Bibiani Central Market,12.65,GHS,WFP-GIEWS-Ghana
2024-07-15,pepper,Bibiani,Bibiani Central Market,13.75,GHS,WFP-GIEWS-Ghana
2024-07-22,pepper,Bibiani,Bibiani Central Market,13.69,GHS,WFP-GIEWS-Ghana
2024-07-29,pepper,Bibiani,Bibiani Central Market,13.36,GHS,WFP-GIEWS-Ghana
2024-08-05,pepper,Bibiani,Bibiani Central Market,13.72,GHS,WFP-GIEWS-Ghana
2024-08-12,pepper,Bibiani,Bibiani Central Market,13.36,GHS,WFP-GIEWS-Ghana
2024-08-19,pepper,Bibiani,Bibiani Central Market,13.54,GHS,WFP-GIEWS-Ghana
2024-08-26,pepper,Bibiani,Bibiani Central Market,13.08,GHS,WFP-GIEWS-Ghana
2024-09-02,pepper,Bibiani,Bibiani Central Market,11.96,GHS,WFP-GIEWS-Ghana
2024-09-09,pepper,Bibiani,Bibiani Central Market,11.61,GHS,WFP-GIEWS-Ghana
2024-09-16,pepper,Bibiani,Bibiani Central Market,12.51,GHS,WFP-GIEWS-Ghana
2024-09-23,pepper,Bibiani,Bibiani Central Market,12.63,GHS,WFP-GIEWS-Ghana
2024-09-30,pepper,Bibiani,Bibiani Central Market,12.56,GHS,WFP-GIEWS-Ghana
2024-10-07,pepper,Bibiani,Bibiani Central Market,10.02,GHS,WFP-GIEWS-Ghana
2024-10-14,pepper,Bibiani,Bibiani Central Market,9.8,GHS,WFP-GIEWS-Ghana
2024-10-21,pepper,Bibiani,Bibiani Central Market,10.71,GHS,WFP-GIEWS-Ghana
2024-10-28,pepper,Bibiani,Bibiani Central Market,10.41,GHS,WFP-GIEWS-Ghana
2024-11-04,pepper,Bibiani,Bibiani Central Market,10.39,GHS,WFP-GIEWS-Ghana
2024-11-11,pepper,Bibiani,Bibiani Central Market,9.99,GHS,WFP-GIEWS-Ghana
2024-11-18,pepper,Bibiani,Bibiani Central Market,10.43,GHS,WFP-GIEWS-Ghana
2024-11-25,pepper,Bibiani,Bibiani Central Market,9.81,GHS,WFP-GIEWS-Ghana
2024-12-02,pepper,Bibiani,Bibiani Central Market,10.58,GHS,WFP-GIEWS-Ghana
2024-12-09,pepper,Bibiani,Bibiani Central Market,10.89,GHS,WFP-GIEWS-Ghana
2024-12-16,pepper,Bibiani,Bibiani Central Market,10.99,GHS,WFP-GIEWS-Ghana
2024-12-23,pepper,Bibiani,Bibiani Central Market,10.61,GHS,WFP-GIEWS-Ghana
2024-12-30,pepper,Bibiani,Bibiani Central Market,9.75,GHS,WFP-GIEWS-Ghana
2018-01-01,pepper,Juaboso,Juaboso Weekly Market,7.86,GHS,WFP-GIEWS-Ghana
2018-01-08,pepper,Juaboso,Juaboso Weekly Market,6.99,GHS,WFP-GIEWS-Ghana
2018-01-15,pepper,Juaboso,Juaboso Weekly Market,7.23,GHS,WFP-GIEWS-Ghana
2018-01-22,pepper,Juaboso,Juaboso Weekly Market,7.65,GHS,WFP-GIEWS-Ghana
2018-01-29,pepper,Juaboso,Juaboso Weekly Market,7.42,GHS,WFP-GIEWS-Ghana
2018-02-05,pepper,Juaboso,Juaboso Weekly Market,8.01,GHS,WFP-GIEWS-Ghana
2018-02-12,pepper,Juaboso,Juaboso Weekly Market,7.08,GHS,WFP-GIEWS-Ghana
2018-02-19,pepper,Juaboso,Juaboso Weekly Market,7.0,GHS,WFP-GIEWS-Ghana
2018-02-26,pepper,Juaboso,Juaboso Weekly Market,7.65,GHS,WFP-GIEWS-Ghana
2018-03-05,pepper,Juaboso,Juaboso Weekly Market,5.95,GHS,WFP-GIEWS-Ghana
2018-03-12,pepper,Juaboso,Juaboso Weekly Market,6.2,GHS,WFP-GIEWS-Ghana
2018-03-19,pepper,Juaboso,Juaboso Weekly Market,6.23,GHS,WFP-GIEWS-Ghana
2018-03-26,pepper,Juaboso,Juaboso Weekly Market,6.51,GHS,WFP-GIEWS-Ghana
2018-04-02,pepper,Juaboso,Juaboso Weekly Market,6.44,GHS,WFP-GIEWS-Ghana
2018-04-09,pepper,Juaboso,Juaboso Weekly Market,6.41,GHS,WFP-GIEWS-Ghana
2018-04-16,pepper,Juaboso,Juaboso Weekly Market,6.19,GHS,WFP-GIEWS-Ghana
2018-04-23,pepper,Juaboso,Juaboso Weekly Market,6.6,GHS,WFP-GIEWS-Ghana
2018-04-30,pepper,Juaboso,Juaboso Weekly Market,7.3,GHS,WFP-GIEWS-Ghana
2018-05-07,pepper,Juaboso,Juaboso Weekly Market,6.51,GHS,WFP-GIEWS-Ghana
2018-05-14,pepper,Juaboso,Juaboso Weekly Market,6.36,GHS,WFP-GIEWS-Ghana
2018-05-21,pepper,Juaboso,Juaboso Weekly Market,6.0,GHS,WFP-GIEWS-Ghana
2018-05-28,pepper,Juaboso,Juaboso Weekly Market,6.17,GHS,WFP-GIEWS-Ghana
2018-06-04,pepper,Juaboso,Juaboso Weekly Market,6.87,GHS,WFP-GIEWS-Ghana
2018-06-11,pepper,Juaboso,Juaboso Weekly Market,6.78,GHS,WFP-GIEWS-Ghana
2018-06-18,pepper,Juaboso,Juaboso Weekly Market,6.92,GHS,WFP-GIEWS-Ghana
2018-06-25,pepper,Juaboso,Juaboso Weekly Market,7.42,GHS,WFP-GIEWS-Ghana
2018-07-02,pepper,Juaboso,Juaboso Weekly Market,8.2,GHS,WFP-GIEWS-Ghana
2018-07-09,pepper,Juaboso,Juaboso Weekly Market,7.76,GHS,WFP-GIEWS-Ghana
2018-07-16,pepper,Juaboso,Juaboso Weekly Market,7.43,GHS,WFP-GIEWS-Ghana
2018-07-23,pepper,Juaboso,Juaboso Weekly Market,8.22,GHS,WFP-GIEWS-Ghana
2018-07-30,pepper,Juaboso,Juaboso Weekly Market,7.79,GHS,WFP-GIEWS-Ghana
2018-08-06,pepper,Juaboso,Juaboso Weekly Market,7.31,GHS,WFP-GIEWS-Ghana
2018-08-13,pepper,Juaboso,Juaboso Weekly Market,8.08,GHS,WFP-GIEWS-Ghana
2018-08-20,pepper,Juaboso,Juaboso Weekly Market,8.18,GHS,WFP-GIEWS-Ghana
2018-08-27,pepper,Juaboso,Juaboso Weekly Market,7.09,GHS,WFP-GIEWS-Ghana
2018-09-03,pepper,Juaboso,Juaboso Weekly Market,6.83,GHS,WFP-GIEWS-Ghana
2018-09-10,pepper,Juaboso,Juaboso Weekly Market,7.03,GHS,WFP-GIEWS-Ghana
2018-09-17,pepper,Juaboso,Juaboso Weekly Market,7.27,GHS,WFP-GIEWS-Ghana
2018-09-24,pepper,Juaboso,Juaboso Weekly Market,6.91,GHS,WFP-GIEWS-Ghana
2018-10-01,pepper,Juaboso,Juaboso Weekly Market,5.84,GHS,WFP-GIEWS-Ghana
2018-10-08,pepper,Juaboso,Juaboso Weekly Market,6.22,GHS,WFP-GIEWS-Ghana
2018-10-15,pepper,Juaboso,Juaboso Weekly Market,5.93,GHS,WFP-GIEWS-Ghana
2018-10-22,pepper,Juaboso,Juaboso Weekly Market,6.17,GHS,WFP-GIEWS-Ghana
2018-10-29,pepper,Juaboso,Juaboso Weekly Market,5.77,GHS,WFP-GIEWS-Ghana
2018-11-05,pepper,Juaboso,Juaboso Weekly Market,5.75,GHS,WFP-GIEWS-Ghana
2018-11-12,pepper,Juaboso,Juaboso Weekly Market,6.26,GHS,WFP-GIEWS-Ghana
2018-11-19,pepper,Juaboso,Juaboso Weekly Market,6.14,GHS,WFP-GIEWS-Ghana
2018-11-26,pepper,Juaboso,Juaboso Weekly Market,6.3,GHS,WFP-GIEWS-Ghana
2018-12-03,pepper,Juaboso,Juaboso Weekly Market,5.99,GHS,WFP-GIEWS-Ghana
2018-12-10,pepper,Juaboso,Juaboso Weekly Market,5.92,GHS,WFP-GIEWS-Ghana
2018-12-17,pepper,Juaboso,Juaboso Weekly Market,6.45,GHS,WFP-GIEWS-Ghana
2018-12-24,pepper,Juaboso,Juaboso Weekly Market,5.74,GHS,WFP-GIEWS-Ghana
2018-12-31,pepper,Juaboso,Juaboso Weekly Market,6.42,GHS,WFP-GIEWS-Ghana
2019-01-07,pepper,Juaboso,Juaboso Weekly Market,8.24,GHS,WFP-GIEWS-Ghana
2019-01-14,pepper,Juaboso,Juaboso Weekly Market,8.09,GHS,WFP-GIEWS-Ghana
2019-01-21,pepper,Juaboso,Juaboso Weekly Market,7.61,GHS,WFP-GIEWS-Ghana
2019-01-28,pepper,Juaboso,Juaboso Weekly Market,7.57,GHS,WFP-GIEWS-Ghana
2019-02-04,pepper,Juaboso,Juaboso Weekly Market,7.81,GHS,WFP-GIEWS-Ghana
2019-02-11,pepper,Juaboso,Juaboso Weekly Market,7.47,GHS,WFP-GIEWS-Ghana
2019-02-18,pepper,Juaboso,Juaboso Weekly Market,7.57,GHS,WFP-GIEWS-Ghana
2019-02-25,pepper,Juaboso,Juaboso Weekly Market,8.08,GHS,WFP-GIEWS-Ghana
2019-03-04,pepper,Juaboso,Juaboso Weekly Market,6.93,GHS,WFP-GIEWS-Ghana
2019-03-11,pepper,Juaboso,Juaboso Weekly Market,6.47,GHS,WFP-GIEWS-Ghana
2019-03-18,pepper,Juaboso,Juaboso Weekly Market,6.93,GHS,WFP-GIEWS-Ghana
2019-03-25,pepper,Juaboso,Juaboso Weekly Market,6.87,GHS,WFP-GIEWS-Ghana
2019-04-01,pepper,Juaboso,Juaboso Weekly Market,7.2,GHS,WFP-GIEWS-Ghana
2019-04-08,pepper,Juaboso,Juaboso Weekly Market,6.95,GHS,WFP-GIEWS-Ghana
2019-04-15,pepper,Juaboso,Juaboso Weekly Market,7.08,GHS,WFP-GIEWS-Ghana
2019-04-22,pepper,Juaboso,Juaboso Weekly Market,6.92,GHS,WFP-GIEWS-Ghana
2019-04-29,pepper,Juaboso,Juaboso Weekly Market,7.06,GHS,WFP-GIEWS-Ghana
2019-05-06,pepper,Juaboso,Juaboso Weekly Market,6.48,GHS,WFP-GIEWS-Ghana
2019-05-13,pepper,Juaboso,Juaboso Weekly Market,6.8,GHS,WFP-GIEWS-Ghana
2019-05-20,pepper,Juaboso,Juaboso Weekly Market,6.83,GHS,WFP-GIEWS-Ghana
2019-05-27,pepper,Juaboso,Juaboso Weekly Market,6.77,GHS,WFP-GIEWS-Ghana
2019-06-03,pepper,Juaboso,Juaboso Weekly Market,7.61,GHS,WFP-GIEWS-Ghana
2019-06-10,pepper,Juaboso,Juaboso Weekly Market,7.67,GHS,WFP-GIEWS-Ghana
2019-06-17,pepper,Juaboso,Juaboso Weekly Market,7.6,GHS,WFP-GIEWS-Ghana
2019-06-24,pepper,Juaboso,Juaboso Weekly Market,7.43,GHS,WFP-GIEWS-Ghana
2019-07-01,pepper,Juaboso,Juaboso Weekly Market,8.18,GHS,WFP-GIEWS-Ghana
2019-07-08,pepper,Juaboso,Juaboso Weekly Market,8.8,GHS,WFP-GIEWS-Ghana
2019-07-15,pepper,Juaboso,Juaboso Weekly Market,8.55,GHS,WFP-GIEWS-Ghana
2019-07-22,pepper,Juaboso,Juaboso Weekly Market,8.09,GHS,WFP-GIEWS-Ghana
2019-07-29,pepper,Juaboso,Juaboso Weekly Market,8.37,GHS,WFP-GIEWS-Ghana
2019-08-05,pepper,Juaboso,Juaboso Weekly Market,7.89,GHS,WFP-GIEWS-Ghana
2019-08-12,pepper,Juaboso,Juaboso Weekly Market,8.5,GHS,WFP-GIEWS-Ghana
2019-08-19,pepper,Juaboso,Juaboso Weekly Market,8.42,GHS,WFP-GIEWS-Ghana
2019-08-26,pepper,Juaboso,Juaboso Weekly Market,8.29,GHS,WFP-GIEWS-Ghana
2019-09-02,pepper,Juaboso,Juaboso Weekly Market,8.11,GHS,WFP-GIEWS-Ghana
2019-09-09,pepper,Juaboso,Juaboso Weekly Market,7.27,GHS,WFP-GIEWS-Ghana
2019-09-16,pepper,Juaboso,Juaboso Weekly Market,7.84,GHS,WFP-GIEWS-Ghana
2019-09-23,pepper,Juaboso,Juaboso Weekly Market,8.29,GHS,WFP-GIEWS-Ghana
2019-09-30,pepper,Juaboso,Juaboso Weekly Market,7.95,GHS,WFP-GIEWS-Ghana
2019-10-07,pepper,Juaboso,Juaboso Weekly Market,6.51,GHS,WFP-GIEWS-Ghana
2019-10-14,pepper,Juaboso,Juaboso Weekly Market,6.23,GHS,WFP-GIEWS-Ghana
2019-10-21,pepper,Juaboso,Juaboso Weekly Market,6.17,GHS,WFP-GIEWS-Ghana
2019-10-28,pepper,Juaboso,Juaboso Weekly Market,6.42,GHS,WFP-GIEWS-Ghana
2019-11-04,pepper,Juaboso,Juaboso Weekly Market,6.38,GHS,WFP-GIEWS-Ghana
2019-11-11,pepper,Juaboso,Juaboso Weekly Market,6.38,GHS,WFP-GIEWS-Ghana
2019-11-18,pepper,Juaboso,Juaboso Weekly Market,6.48,GHS,WFP-GIEWS-Ghana
2019-11-25,pepper,Juaboso,Juaboso Weekly Market,6.54,GHS,WFP-GIEWS-Ghana
2019-12-02,pepper,Juaboso,Juaboso Weekly Market,6.74,GHS,WFP-GIEWS-Ghana
2019-12-09,pepper,Juaboso,Juaboso Weekly Market,6.28,GHS,WFP-GIEWS-Ghana
2019-12-16,pepper,Juaboso,Juaboso Weekly Market,6.43,GHS,WFP-GIEWS-Ghana
2019-12-23,pepper,Juaboso,Juaboso Weekly Market,6.56,GHS,WFP-GIEWS-Ghana
2019-12-30,pepper,Juaboso,Juaboso Weekly Market,6.56,GHS,WFP-GIEWS-Ghana
2020-01-06,pepper,Juaboso,Juaboso Weekly Market,9.07,GHS,WFP-GIEWS-Ghana
2020-01-13,pepper,Juaboso,Juaboso Weekly Market,8.53,GHS,WFP-GIEWS-Ghana
2020-01-20,pepper,Juaboso,Juaboso Weekly Market,7.9,GHS,WFP-GIEWS-Ghana
2020-01-27,pepper,Juaboso,Juaboso Weekly Market,8.59,GHS,WFP-GIEWS-Ghana
2020-02-03,pepper,Juaboso,Juaboso Weekly Market,8.69,GHS,WFP-GIEWS-Ghana
2020-02-10,pepper,Juaboso,Juaboso Weekly Market,8.46,GHS,WFP-GIEWS-Ghana
2020-02-17,pepper,Juaboso,Juaboso Weekly Market,8.09,GHS,WFP-GIEWS-Ghana
2020-02-24,pepper,Juaboso,Juaboso Weekly Market,9.1,GHS,WFP-GIEWS-Ghana
2020-03-02,pepper,Juaboso,Juaboso Weekly Market,6.98,GHS,WFP-GIEWS-Ghana
2020-03-09,pepper,Juaboso,Juaboso Weekly Market,7.48,GHS,WFP-GIEWS-Ghana
2020-03-16,pepper,Juaboso,Juaboso Weekly Market,7.35,GHS,WFP-GIEWS-Ghana
2020-03-23,pepper,Juaboso,Juaboso Weekly Market,7.46,GHS,WFP-GIEWS-Ghana
2020-03-30,pepper,Juaboso,Juaboso Weekly Market,7.79,GHS,WFP-GIEWS-Ghana
2020-04-06,pepper,Juaboso,Juaboso Weekly Market,7.5,GHS,WFP-GIEWS-Ghana
2020-04-13,pepper,Juaboso,Juaboso Weekly Market,7.17,GHS,WFP-GIEWS-Ghana
2020-04-20,pepper,Juaboso,Juaboso Weekly Market,7.66,GHS,WFP-GIEWS-Ghana
2020-04-27,pepper,Juaboso,Juaboso Weekly Market,7.15,GHS,WFP-GIEWS-Ghana
2020-05-04,pepper,Juaboso,Juaboso Weekly Market,7.43,GHS,WFP-GIEWS-Ghana
2020-05-11,pepper,Juaboso,Juaboso Weekly Market,7.0,GHS,WFP-GIEWS-Ghana
2020-05-18,pepper,Juaboso,Juaboso Weekly Market,7.08,GHS,WFP-GIEWS-Ghana
2020-05-25,pepper,Juaboso,Juaboso Weekly Market,7.4,GHS,WFP-GIEWS-Ghana
2020-06-01,pepper,Juaboso,Juaboso Weekly Market,8.2,GHS,WFP-GIEWS-Ghana
2020-06-08,pepper,Juaboso,Juaboso Weekly Market,7.53,GHS,WFP-GIEWS-Ghana
2020-06-15,pepper,Juaboso,Juaboso Weekly Market,8.24,GHS,WFP-GIEWS-Ghana
2020-06-22,pepper,Juaboso,Juaboso Weekly Market,7.81,GHS,WFP-GIEWS-Ghana
2020-06-29,pepper,Juaboso,Juaboso Weekly Market,8.49,GHS,WFP-GIEWS-Ghana
2020-07-06,pepper,Juaboso,Juaboso Weekly Market,8.98,GHS,WFP-GIEWS-Ghana
2020-07-13,pepper,Juaboso,Juaboso Weekly Market,8.7,GHS,WFP-GIEWS-Ghana
2020-07-20,pepper,Juaboso,Juaboso Weekly Market,9.13,GHS,WFP-GIEWS-Ghana
2020-07-27,pepper,Juaboso,Juaboso Weekly Market,8.77,GHS,WFP-GIEWS-Ghana
2020-08-03,pepper,Juaboso,Juaboso Weekly Market,9.63,GHS,WFP-GIEWS-Ghana
2020-08-10,pepper,Juaboso,Juaboso Weekly Market,9.16,GHS,WFP-GIEWS-Ghana
2020-08-17,pepper,Juaboso,Juaboso Weekly Market,9.11,GHS,WFP-GIEWS-Ghana
2020-08-24,pepper,Juaboso,Juaboso Weekly Market,9.38,GHS,WFP-GIEWS-Ghana
2020-08-31,pepper,Juaboso,Juaboso Weekly Market,8.8,GHS,WFP-GIEWS-Ghana
2020-09-07,pepper,Juaboso,Juaboso Weekly Market,7.81,GHS,WFP-GIEWS-Ghana
2020-09-14,pepper,Juaboso,Juaboso Weekly Market,8.37,GHS,WFP-GIEWS-Ghana
2020-09-21,pepper,Juaboso,Juaboso Weekly Market,7.87,GHS,WFP-GIEWS-Ghana
2020-09-28,pepper,Juaboso,Juaboso Weekly Market,7.87,GHS,WFP-GIEWS-Ghana
2020-10-05,pepper,Juaboso,Juaboso Weekly Market,7.28,GHS,WFP-GIEWS-Ghana
2020-10-12,pepper,Juaboso,Juaboso Weekly Market,7.19,GHS,WFP-GIEWS-Ghana
2020-10-19,pepper,Juaboso,Juaboso Weekly Market,6.69,GHS,WFP-GIEWS-Ghana
2020-10-26,pepper,Juaboso,Juaboso Weekly Market,6.87,GHS,WFP-GIEWS-Ghana
2020-11-02,pepper,Juaboso,Juaboso Weekly Market,6.83,GHS,WFP-GIEWS-Ghana
2020-11-09,pepper,Juaboso,Juaboso Weekly Market,7.59,GHS,WFP-GIEWS-Ghana
2020-11-16,pepper,Juaboso,Juaboso Weekly Market,7.35,GHS,WFP-GIEWS-Ghana
2020-11-23,pepper,Juaboso,Juaboso Weekly Market,6.97,GHS,WFP-GIEWS-Ghana
2020-11-30,pepper,Juaboso,Juaboso Weekly Market,7.25,GHS,WFP-GIEWS-Ghana
2020-12-07,pepper,Juaboso,Juaboso Weekly Market,6.75,GHS,WFP-GIEWS-Ghana
2020-12-14,pepper,Juaboso,Juaboso Weekly Market,6.94,GHS,WFP-GIEWS-Ghana
2020-12-21,pepper,Juaboso,Juaboso Weekly Market,7.17,GHS,WFP-GIEWS-Ghana
2020-12-28,pepper,Juaboso,Juaboso Weekly Market,7.26,GHS,WFP-GIEWS-Ghana
2021-01-04,pepper,Juaboso,Juaboso Weekly Market,9.09,GHS,WFP-GIEWS-Ghana
2021-01-11,pepper,Juaboso,Juaboso Weekly Market,9.21,GHS,WFP-GIEWS-Ghana
2021-01-18,pepper,Juaboso,Juaboso Weekly Market,9.15,GHS,WFP-GIEWS-Ghana
2021-01-25,pepper,Juaboso,Juaboso Weekly Market,9.06,GHS,WFP-GIEWS-Ghana
2021-02-01,pepper,Juaboso,Juaboso Weekly Market,9.07,GHS,WFP-GIEWS-Ghana
2021-02-08,pepper,Juaboso,Juaboso Weekly Market,9.03,GHS,WFP-GIEWS-Ghana
2021-02-15,pepper,Juaboso,Juaboso Weekly Market,9.27,GHS,WFP-GIEWS-Ghana
2021-02-22,pepper,Juaboso,Juaboso Weekly Market,9.33,GHS,WFP-GIEWS-Ghana
2021-03-01,pepper,Juaboso,Juaboso Weekly Market,7.94,GHS,WFP-GIEWS-Ghana
2021-03-08,pepper,Juaboso,Juaboso Weekly Market,7.5,GHS,WFP-GIEWS-Ghana
2021-03-15,pepper,Juaboso,Juaboso Weekly Market,7.56,GHS,WFP-GIEWS-Ghana
2021-03-22,pepper,Juaboso,Juaboso Weekly Market,8.0,GHS,WFP-GIEWS-Ghana
2021-03-29,pepper,Juaboso,Juaboso Weekly Market,8.34,GHS,WFP-GIEWS-Ghana
2021-04-05,pepper,Juaboso,Juaboso Weekly Market,7.97,GHS,WFP-GIEWS-Ghana
2021-04-12,pepper,Juaboso,Juaboso Weekly Market,7.79,GHS,WFP-GIEWS-Ghana
2021-04-19,pepper,Juaboso,Juaboso Weekly Market,7.99,GHS,WFP-GIEWS-Ghana
2021-04-26,pepper,Juaboso,Juaboso Weekly Market,7.56,GHS,WFP-GIEWS-Ghana
2021-05-03,pepper,Juaboso,Juaboso Weekly Market,8.39,GHS,WFP-GIEWS-Ghana
2021-05-10,pepper,Juaboso,Juaboso Weekly Market,8.03,GHS,WFP-GIEWS-Ghana
2021-05-17,pepper,Juaboso,Juaboso Weekly Market,7.76,GHS,WFP-GIEWS-Ghana
2021-05-24,pepper,Juaboso,Juaboso Weekly Market,7.92,GHS,WFP-GIEWS-Ghana
2021-05-31,pepper,Juaboso,Juaboso Weekly Market,7.81,GHS,WFP-GIEWS-Ghana
2021-06-07,pepper,Juaboso,Juaboso Weekly Market,9.18,GHS,WFP-GIEWS-Ghana
2021-06-14,pepper,Juaboso,Juaboso Weekly Market,8.65,GHS,WFP-GIEWS-Ghana
2021-06-21,pepper,Juaboso,Juaboso Weekly Market,8.78,GHS,WFP-GIEWS-Ghana
2021-06-28,pepper,Juaboso,Juaboso Weekly Market,8.92,GHS,WFP-GIEWS-Ghana
2021-07-05,pepper,Juaboso,Juaboso Weekly Market,9.54,GHS,WFP-GIEWS-Ghana
2021-07-12,pepper,Juaboso,Juaboso Weekly Market,9.91,GHS,WFP-GIEWS-Ghana
2021-07-19,pepper,Juaboso,Juaboso Weekly Market,9.94,GHS,WFP-GIEWS-Ghana
2021-07-26,pepper,Juaboso,Juaboso Weekly Market,9.22,GHS,WFP-GIEWS-Ghana
2021-08-02,pepper,Juaboso,Juaboso Weekly Market,10.0,GHS,WFP-GIEWS-Ghana
2021-08-09,pepper,Juaboso,Juaboso Weekly Market,9.88,GHS,WFP-GIEWS-Ghana
2021-08-16,pepper,Juaboso,Juaboso Weekly Market,9.95,GHS,WFP-GIEWS-Ghana
2021-08-23,pepper,Juaboso,Juaboso Weekly Market,9.91,GHS,WFP-GIEWS-Ghana
2021-08-30,pepper,Juaboso,Juaboso Weekly Market,10.0,GHS,WFP-GIEWS-Ghana
2021-09-06,pepper,Juaboso,Juaboso Weekly Market,9.37,GHS,WFP-GIEWS-Ghana
2021-09-13,pepper,Juaboso,Juaboso Weekly Market,8.47,GHS,WFP-GIEWS-Ghana
2021-09-20,pepper,Juaboso,Juaboso Weekly Market,8.77,GHS,WFP-GIEWS-Ghana
2021-09-27,pepper,Juaboso,Juaboso Weekly Market,9.13,GHS,WFP-GIEWS-Ghana
2021-10-04,pepper,Juaboso,Juaboso Weekly Market,7.75,GHS,WFP-GIEWS-Ghana
2021-10-11,pepper,Juaboso,Juaboso Weekly Market,7.75,GHS,WFP-GIEWS-Ghana
2021-10-18,pepper,Juaboso,Juaboso Weekly Market,8.45,GHS,WFP-GIEWS-Ghana
2021-10-25,pepper,Juaboso,Juaboso Weekly Market,7.79,GHS,WFP-GIEWS-Ghana
2021-11-01,pepper,Juaboso,Juaboso Weekly Market,8.0,GHS,WFP-GIEWS-Ghana
2021-11-08,pepper,Juaboso,Juaboso Weekly Market,7.56,GHS,WFP-GIEWS-Ghana
2021-11-15,pepper,Juaboso,Juaboso Weekly Market,7.35,GHS,WFP-GIEWS-Ghana
2021-11-22,pepper,Juaboso,Juaboso Weekly Market,7.56,GHS,WFP-GIEWS-Ghana
2021-11-29,pepper,Juaboso,Juaboso Weekly Market,7.87,GHS,WFP-GIEWS-Ghana
2021-12-06,pepper,Juaboso,Juaboso Weekly Market,7.83,GHS,WFP-GIEWS-Ghana
2021-12-13,pepper,Juaboso,Juaboso Weekly Market,7.83,GHS,WFP-GIEWS-Ghana
2021-12-20,pepper,Juaboso,Juaboso Weekly Market,7.64,GHS,WFP-GIEWS-Ghana
2021-12-27,pepper,Juaboso,Juaboso Weekly Market,7.59,GHS,WFP-GIEWS-Ghana
2022-01-03,pepper,Juaboso,Juaboso Weekly Market,9.78,GHS,WFP-GIEWS-Ghana
2022-01-10,pepper,Juaboso,Juaboso Weekly Market,10.14,GHS,WFP-GIEWS-Ghana
2022-01-17,pepper,Juaboso,Juaboso Weekly Market,10.19,GHS,WFP-GIEWS-Ghana
2022-01-24,pepper,Juaboso,Juaboso Weekly Market,9.46,GHS,WFP-GIEWS-Ghana
2022-01-31,pepper,Juaboso,Juaboso Weekly Market,10.15,GHS,WFP-GIEWS-Ghana
2022-02-07,pepper,Juaboso,Juaboso Weekly Market,9.66,GHS,WFP-GIEWS-Ghana
2022-02-14,pepper,Juaboso,Juaboso Weekly Market,10.1,GHS,WFP-GIEWS-Ghana
2022-02-21,pepper,Juaboso,Juaboso Weekly Market,9.84,GHS,WFP-GIEWS-Ghana
2022-02-28,pepper,Juaboso,Juaboso Weekly Market,10.54,GHS,WFP-GIEWS-Ghana
2022-03-07,pepper,Juaboso,Juaboso Weekly Market,8.36,GHS,WFP-GIEWS-Ghana
2022-03-14,pepper,Juaboso,Juaboso Weekly Market,8.56,GHS,WFP-GIEWS-Ghana
2022-03-21,pepper,Juaboso,Juaboso Weekly Market,8.71,GHS,WFP-GIEWS-Ghana
2022-03-28,pepper,Juaboso,Juaboso Weekly Market,8.21,GHS,WFP-GIEWS-Ghana
2022-04-04,pepper,Juaboso,Juaboso Weekly Market,8.53,GHS,WFP-GIEWS-Ghana
2022-04-11,pepper,Juaboso,Juaboso Weekly Market,8.47,GHS,WFP-GIEWS-Ghana
2022-04-18,pepper,Juaboso,Juaboso Weekly Market,8.38,GHS,WFP-GIEWS-Ghana
2022-04-25,pepper,Juaboso,Juaboso Weekly Market,8.41,GHS,WFP-GIEWS-Ghana
2022-05-02,pepper,Juaboso,Juaboso Weekly Market,9.0,GHS,WFP-GIEWS-Ghana
2022-05-09,pepper,Juaboso,Juaboso Weekly Market,8.41,GHS,WFP-GIEWS-Ghana
2022-05-16,pepper,Juaboso,Juaboso Weekly Market,8.81,GHS,WFP-GIEWS-Ghana
2022-05-23,pepper,Juaboso,Juaboso Weekly Market,8.72,GHS,WFP-GIEWS-Ghana
2022-05-30,pepper,Juaboso,Juaboso Weekly Market,8.13,GHS,WFP-GIEWS-Ghana
2022-06-06,pepper,Juaboso,Juaboso Weekly Market,9.62,GHS,WFP-GIEWS-Ghana
2022-06-13,pepper,Juaboso,Juaboso Weekly Market,8.89,GHS,WFP-GIEWS-Ghana
2022-06-20,pepper,Juaboso,Juaboso Weekly Market,9.66,GHS,WFP-GIEWS-Ghana
2022-06-27,pepper,Juaboso,Juaboso Weekly Market,9.23,GHS,WFP-GIEWS-Ghana
2022-07-04,pepper,Juaboso,Juaboso Weekly Market,10.62,GHS,WFP-GIEWS-Ghana
2022-07-11,pepper,Juaboso,Juaboso Weekly Market,10.07,GHS,WFP-GIEWS-Ghana
2022-07-18,pepper,Juaboso,Juaboso Weekly Market,10.67,GHS,WFP-GIEWS-Ghana
2022-07-25,pepper,Juaboso,Juaboso Weekly Market,11.01,GHS,WFP-GIEWS-Ghana
2022-08-01,pepper,Juaboso,Juaboso Weekly Market,10.34,GHS,WFP-GIEWS-Ghana
2022-08-08,pepper,Juaboso,Juaboso Weekly Market,10.43,GHS,WFP-GIEWS-Ghana
2022-08-15,pepper,Juaboso,Juaboso Weekly Market,10.88,GHS,WFP-GIEWS-Ghana
2022-08-22,pepper,Juaboso,Juaboso Weekly Market,10.89,GHS,WFP-GIEWS-Ghana
2022-08-29,pepper,Juaboso,Juaboso Weekly Market,9.65,GHS,WFP-GIEWS-Ghana
2022-09-05,pepper,Juaboso,Juaboso Weekly Market,10.38,GHS,WFP-GIEWS-Ghana
2022-09-12,pepper,Juaboso,Juaboso Weekly Market,9.81,GHS,WFP-GIEWS-Ghana
2022-09-19,pepper,Juaboso,Juaboso Weekly Market,9.87,GHS,WFP-GIEWS-Ghana
2022-09-26,pepper,Juaboso,Juaboso Weekly Market,9.55,GHS,WFP-GIEWS-Ghana
2022-10-03,pepper,Juaboso,Juaboso Weekly Market,7.61,GHS,WFP-GIEWS-Ghana
2022-10-10,pepper,Juaboso,Juaboso Weekly Market,8.44,GHS,WFP-GIEWS-Ghana
2022-10-17,pepper,Juaboso,Juaboso Weekly Market,8.03,GHS,WFP-GIEWS-Ghana
2022-10-24,pepper,Juaboso,Juaboso Weekly Market,8.4,GHS,WFP-GIEWS-Ghana
2022-10-31,pepper,Juaboso,Juaboso Weekly Market,8.14,GHS,WFP-GIEWS-Ghana
2022-11-07,pepper,Juaboso,Juaboso Weekly Market,8.35,GHS,WFP-GIEWS-Ghana
2022-11-14,pepper,Juaboso,Juaboso Weekly Market,8.01,GHS,WFP-GIEWS-Ghana
2022-11-21,pepper,Juaboso,Juaboso Weekly Market,8.56,GHS,WFP-GIEWS-Ghana
2022-11-28,pepper,Juaboso,Juaboso Weekly Market,7.88,GHS,WFP-GIEWS-Ghana
2022-12-05,pepper,Juaboso,Juaboso Weekly Market,9.07,GHS,WFP-GIEWS-Ghana
2022-12-12,pepper,Juaboso,Juaboso Weekly Market,9.07,GHS,WFP-GIEWS-Ghana
2022-12-19,pepper,Juaboso,Juaboso Weekly Market,8.87,GHS,WFP-GIEWS-Ghana
2022-12-26,pepper,Juaboso,Juaboso Weekly Market,8.75,GHS,WFP-GIEWS-Ghana
2023-01-02,pepper,Juaboso,Juaboso Weekly Market,10.61,GHS,WFP-GIEWS-Ghana
2023-01-09,pepper,Juaboso,Juaboso Weekly Market,11.14,GHS,WFP-GIEWS-Ghana
2023-01-16,pepper,Juaboso,Juaboso Weekly Market,10.6,GHS,WFP-GIEWS-Ghana
2023-01-23,pepper,Juaboso,Juaboso Weekly Market,9.98,GHS,WFP-GIEWS-Ghana
2023-01-30,pepper,Juaboso,Juaboso Weekly Market,11.28,GHS,WFP-GIEWS-Ghana
2023-02-06,pepper,Juaboso,Juaboso Weekly Market,11.19,GHS,WFP-GIEWS-Ghana
2023-02-13,pepper,Juaboso,Juaboso Weekly Market,10.7,GHS,WFP-GIEWS-Ghana
2023-02-20,pepper,Juaboso,Juaboso Weekly Market,10.19,GHS,WFP-GIEWS-Ghana
2023-02-27,pepper,Juaboso,Juaboso Weekly Market,10.46,GHS,WFP-GIEWS-Ghana
2023-03-06,pepper,Juaboso,Juaboso Weekly Market,8.51,GHS,WFP-GIEWS-Ghana
2023-03-13,pepper,Juaboso,Juaboso Weekly Market,9.53,GHS,WFP-GIEWS-Ghana
2023-03-20,pepper,Juaboso,Juaboso Weekly Market,8.59,GHS,WFP-GIEWS-Ghana
2023-03-27,pepper,Juaboso,Juaboso Weekly Market,9.29,GHS,WFP-GIEWS-Ghana
2023-04-03,pepper,Juaboso,Juaboso Weekly Market,8.93,GHS,WFP-GIEWS-Ghana
2023-04-10,pepper,Juaboso,Juaboso Weekly Market,8.71,GHS,WFP-GIEWS-Ghana
2023-04-17,pepper,Juaboso,Juaboso Weekly Market,9.33,GHS,WFP-GIEWS-Ghana
2023-04-24,pepper,Juaboso,Juaboso Weekly Market,9.12,GHS,WFP-GIEWS-Ghana
2023-05-01,pepper,Juaboso,Juaboso Weekly Market,9.61,GHS,WFP-GIEWS-Ghana
2023-05-08,pepper,Juaboso,Juaboso Weekly Market,8.83,GHS,WFP-GIEWS-Ghana
2023-05-15,pepper,Juaboso,Juaboso Weekly Market,9.02,GHS,WFP-GIEWS-Ghana
2023-05-22,pepper,Juaboso,Juaboso Weekly Market,8.41,GHS,WFP-GIEWS-Ghana
2023-05-29,pepper,Juaboso,Juaboso Weekly Market,8.49,GHS,WFP-GIEWS-Ghana
2023-06-05,pepper,Juaboso,Juaboso Weekly Market,10.91,GHS,WFP-GIEWS-Ghana
2023-06-12,pepper,Juaboso,Juaboso Weekly Market,11.02,GHS,WFP-GIEWS-Ghana
2023-06-19,pepper,Juaboso,Juaboso Weekly Market,10.21,GHS,WFP-GIEWS-Ghana
2023-06-26,pepper,Juaboso,Juaboso Weekly Market,9.84,GHS,WFP-GIEWS-Ghana
2023-07-03,pepper,Juaboso,Juaboso Weekly Market,11.33,GHS,WFP-GIEWS-Ghana
2023-07-10,pepper,Juaboso,Juaboso Weekly Market,11.87,GHS,WFP-GIEWS-Ghana
2023-07-17,pepper,Juaboso,Juaboso Weekly Market,11.23,GHS,WFP-GIEWS-Ghana
2023-07-24,pepper,Juaboso,Juaboso Weekly Market,11.58,GHS,WFP-GIEWS-Ghana
2023-07-31,pepper,Juaboso,Juaboso Weekly Market,11.46,GHS,WFP-GIEWS-Ghana
2023-08-07,pepper,Juaboso,Juaboso Weekly Market,11.28,GHS,WFP-GIEWS-Ghana
2023-08-14,pepper,Juaboso,Juaboso Weekly Market,11.3,GHS,WFP-GIEWS-Ghana
2023-08-21,pepper,Juaboso,Juaboso Weekly Market,11.68,GHS,WFP-GIEWS-Ghana
2023-08-28,pepper,Juaboso,Juaboso Weekly Market,11.09,GHS,WFP-GIEWS-Ghana
2023-09-04,pepper,Juaboso,Juaboso Weekly Market,10.56,GHS,WFP-GIEWS-Ghana
2023-09-11,pepper,Juaboso,Juaboso Weekly Market,10.18,GHS,WFP-GIEWS-Ghana
2023-09-18,pepper,Juaboso,Juaboso Weekly Market,10.43,GHS,WFP-GIEWS-Ghana
2023-09-25,pepper,Juaboso,Juaboso Weekly Market,10.95,GHS,WFP-GIEWS-Ghana
2023-10-02,pepper,Juaboso,Juaboso Weekly Market,8.81,GHS,WFP-GIEWS-Ghana
2023-10-09,pepper,Juaboso,Juaboso Weekly Market,9.2,GHS,WFP-GIEWS-Ghana
2023-10-16,pepper,Juaboso,Juaboso Weekly Market,8.24,GHS,WFP-GIEWS-Ghana
2023-10-23,pepper,Juaboso,Juaboso Weekly Market,8.71,GHS,WFP-GIEWS-Ghana
2023-10-30,pepper,Juaboso,Juaboso Weekly Market,8.88,GHS,WFP-GIEWS-Ghana
2023-11-06,pepper,Juaboso,Juaboso Weekly Market,9.62,GHS,WFP-GIEWS-Ghana
2023-11-13,pepper,Juaboso,Juaboso Weekly Market,8.23,GHS,WFP-GIEWS-Ghana
2023-11-20,pepper,Juaboso,Juaboso Weekly Market,8.9,GHS,WFP-GIEWS-Ghana
2023-11-27,pepper,Juaboso,Juaboso Weekly Market,9.45,GHS,WFP-GIEWS-Ghana
2023-12-04,pepper,Juaboso,Juaboso Weekly Market,8.71,GHS,WFP-GIEWS-Ghana
2023-12-11,pepper,Juaboso,Juaboso Weekly Market,8.91,GHS,WFP-GIEWS-Ghana
2023-12-18,pepper,Juaboso,Juaboso Weekly Market,9.11,GHS,WFP-GIEWS-Ghana
2023-12-25,pepper,Juaboso,Juaboso Weekly Market,9.05,GHS,WFP-GIEWS-Ghana
2024-01-01,pepper,Juaboso,Juaboso Weekly Market,12.21,GHS,WFP-GIEWS-Ghana
2024-01-08,pepper,Juaboso,Juaboso Weekly Market,11.7,GHS,WFP-GIEWS-Ghana
2024-01-15,pepper,Juaboso,Juaboso Weekly Market,12.1,GHS,WFP-GIEWS-Ghana
2024-01-22,pepper,Juaboso,Juaboso Weekly Market,11.33,GHS,WFP-GIEWS-Ghana
2024-01-29,pepper,Juaboso,Juaboso Weekly Market,11.15,GHS,WFP-GIEWS-Ghana
2024-02-05,pepper,Juaboso,Juaboso Weekly Market,11.46,GHS,WFP-GIEWS-Ghana
2024-02-12,pepper,Juaboso,Juaboso Weekly Market,11.03,GHS,WFP-GIEWS-Ghana
2024-02-19,pepper,Juaboso,Juaboso Weekly Market,11.79,GHS,WFP-GIEWS-Ghana
2024-02-26,pepper,Juaboso,Juaboso Weekly Market,11.39,GHS,WFP-GIEWS-Ghana
2024-03-04,pepper,Juaboso,Juaboso Weekly Market,9.65,GHS,WFP-GIEWS-Ghana
2024-03-11,pepper,Juaboso,Juaboso Weekly Market,10.12,GHS,WFP-GIEWS-Ghana
2024-03-18,pepper,Juaboso,Juaboso Weekly Market,9.46,GHS,WFP-GIEWS-Ghana
2024-03-25,pepper,Juaboso,Juaboso Weekly Market,10.22,GHS,WFP-GIEWS-Ghana
2024-04-01,pepper,Juaboso,Juaboso Weekly Market,9.79,GHS,WFP-GIEWS-Ghana
2024-04-08,pepper,Juaboso,Juaboso Weekly Market,10.44,GHS,WFP-GIEWS-Ghana
2024-04-15,pepper,Juaboso,Juaboso Weekly Market,9.82,GHS,WFP-GIEWS-Ghana
2024-04-22,pepper,Juaboso,Juaboso Weekly Market,10.23,GHS,WFP-GIEWS-Ghana
2024-04-29,pepper,Juaboso,Juaboso Weekly Market,10.05,GHS,WFP-GIEWS-Ghana
2024-05-06,pepper,Juaboso,Juaboso Weekly Market,10.34,GHS,WFP-GIEWS-Ghana
2024-05-13,pepper,Juaboso,Juaboso Weekly Market,10.09,GHS,WFP-GIEWS-Ghana
2024-05-20,pepper,Juaboso,Juaboso Weekly Market,9.38,GHS,WFP-GIEWS-Ghana
2024-05-27,pepper,Juaboso,Juaboso Weekly Market,10.45,GHS,WFP-GIEWS-Ghana
2024-06-03,pepper,Juaboso,Juaboso Weekly Market,10.95,GHS,WFP-GIEWS-Ghana
2024-06-10,pepper,Juaboso,Juaboso Weekly Market,11.34,GHS,WFP-GIEWS-Ghana
2024-06-17,pepper,Juaboso,Juaboso Weekly Market,11.29,GHS,WFP-GIEWS-Ghana
2024-06-24,pepper,Juaboso,Juaboso Weekly Market,10.65,GHS,WFP-GIEWS-Ghana
2024-07-01,pepper,Juaboso,Juaboso Weekly Market,11.93,GHS,WFP-GIEWS-Ghana
2024-07-08,pepper,Juaboso,Juaboso Weekly Market,12.71,GHS,WFP-GIEWS-Ghana
2024-07-15,pepper,Juaboso,Juaboso Weekly Market,12.24,GHS,WFP-GIEWS-Ghana
2024-07-22,pepper,Juaboso,Juaboso Weekly Market,12.85,GHS,WFP-GIEWS-Ghana
2024-07-29,pepper,Juaboso,Juaboso Weekly Market,12.3,GHS,WFP-GIEWS-Ghana
2024-08-05,pepper,Juaboso,Juaboso Weekly Market,12.98,GHS,WFP-GIEWS-Ghana
2024-08-12,pepper,Juaboso,Juaboso Weekly Market,12.68,GHS,WFP-GIEWS-Ghana
2024-08-19,pepper,Juaboso,Juaboso Weekly Market,12.61,GHS,WFP-GIEWS-Ghana
2024-08-26,pepper,Juaboso,Juaboso Weekly Market,12.28,GHS,WFP-GIEWS-Ghana
2024-09-02,pepper,Juaboso,Juaboso Weekly Market,11.31,GHS,WFP-GIEWS-Ghana
2024-09-09,pepper,Juaboso,Juaboso Weekly Market,11.74,GHS,WFP-GIEWS-Ghana
2024-09-16,pepper,Juaboso,Juaboso Weekly Market,11.18,GHS,WFP-GIEWS-Ghana
2024-09-23,pepper,Juaboso,Juaboso Weekly Market,11.44,GHS,WFP-GIEWS-Ghana
2024-09-30,pepper,Juaboso,Juaboso Weekly Market,11.22,GHS,WFP-GIEWS-Ghana
2024-10-07,pepper,Juaboso,Juaboso Weekly Market,9.63,GHS,WFP-GIEWS-Ghana
2024-10-14,pepper,Juaboso,Juaboso Weekly Market,10.24,GHS,WFP-GIEWS-Ghana
2024-10-21,pepper,Juaboso,Juaboso Weekly Market,10.04,GHS,WFP-GIEWS-Ghana
2024-10-28,pepper,Juaboso,Juaboso Weekly Market,9.61,GHS,WFP-GIEWS-Ghana
2024-11-04,pepper,Juaboso,Juaboso Weekly Market,9.73,GHS,WFP-GIEWS-Ghana
2024-11-11,pepper,Juaboso,Juaboso Weekly Market,9.37,GHS,WFP-GIEWS-Ghana
2024-11-18,pepper,Juaboso,Juaboso Weekly Market,9.58,GHS,WFP-GIEWS-Ghana
2024-11-25,pepper,Juaboso,Juaboso Weekly Market,9.76,GHS,WFP-GIEWS-Ghana
2024-12-02,pepper,Juaboso,Juaboso Weekly Market,10.04,GHS,WFP-GIEWS-Ghana
2024-12-09,pepper,Juaboso,Juaboso Weekly Market,10.0,GHS,WFP-GIEWS-Ghana
2024-12-16,pepper,Juaboso,Juaboso Weekly Market,9.28,GHS,WFP-GIEWS-Ghana
2024-12-23,pepper,Juaboso,Juaboso Weekly Market,10.09,GHS,WFP-GIEWS-Ghana
2024-12-30,pepper,Juaboso,Juaboso Weekly Market,9.67,GHS,WFP-GIEWS-Ghana
2018-01-01,pepper,Sefwi Wiawso,Sefwi Wiawso District Market,8.22,GHS,WFP-GIEWS-Ghana
2018-01-08,pepper,Sefwi Wiawso,Sefwi Wiawso District Market,8.26,GHS,WFP-GIEWS-Ghana
2018-01-15,pepper,Sefwi Wiawso,Sefwi Wiawso District Market,7.89,GHS,WFP-GIEWS-Ghana
2018-01-22,pepper,Sefwi Wiawso,Sefwi Wiawso District Market,8.03,GHS,WFP-GIEWS-Ghana
2018-01-29,pepper,Sefwi Wiawso,Sefwi Wiawso District Market,8.05,GHS,WFP-GIEWS-Ghana
2018-02-05,pepper,Sefwi Wiawso,Sefwi Wiawso District Market,8.29,GHS,WFP-GIEWS-Ghana
2018-02-12,pepper,Sefwi Wiawso,Sefwi Wiawso District Market,8.08,GHS,WFP-GIEWS-Ghana
2018-02-19,pepper,Sefwi Wiawso,Sefwi Wiawso District Market,7.44,GHS,WFP-GIEWS-Ghana
2018-02-26,pepper,Sefwi Wiawso,Sefwi Wiawso District Market,8.49,GHS,WFP-GIEWS-Ghana
2018-03-05,pepper,Sefwi Wiawso,Sefwi Wiawso District Market,7.02,GHS,WFP-GIEWS-Ghana
2018-03-12,pepper,Sefwi Wiawso,Sefwi Wiawso District Market,6.6,GHS,WFP-GIEWS-Ghana
2018-03-19,pepper,Sefwi Wiawso,Sefwi Wiawso District Market,6.46,GHS,WFP-GIEWS-Ghana
2018-03-26,pepper,Sefwi Wiawso,Sefwi Wiawso District Market,6.87,GHS,WFP-GIEWS-Ghana
2018-04-02,pepper,Sefwi Wiawso,Sefwi Wiawso District Market,6.7,GHS,WFP-GIEWS-Ghana
2018-04-09,pepper,Sefwi Wiawso,Sefwi Wiawso District Market,6.87,GHS,WFP-GIEWS-Ghana
2018-04-16,pepper,Sefwi Wiawso,Sefwi Wiawso District Market,6.98,GHS,WFP-GIEWS-Ghana
2018-04-23,pepper,Sefwi Wiawso,Sefwi Wiawso District Market,6.62,GHS,WFP-GIEWS-Ghana
2018-04-30,pepper,Sefwi Wiawso,Sefwi Wiawso District Market,6.48,GHS,WFP-GIEWS-Ghana
2018-05-07,pepper,Sefwi Wiawso,Sefwi Wiawso District Market,6.93,GHS,WFP-GIEWS-Ghana
2018-05-14,pepper,Sefwi Wiawso,Sefwi Wiawso District Market,6.68,GHS,WFP-GIEWS-Ghana
2018-05-21,pepper,Sefwi Wiawso,Sefwi Wiawso District Market,6.86,GHS,WFP-GIEWS-Ghana
2018-05-28,pepper,Sefwi Wiawso,Sefwi Wiawso District Market,6.46,GHS,WFP-GIEWS-Ghana
2018-06-04,pepper,Sefwi Wiawso,Sefwi Wiawso District Market,7.39,GHS,WFP-GIEWS-Ghana
2018-06-11,pepper,Sefwi Wiawso,Sefwi Wiawso District Market,7.68,GHS,WFP-GIEWS-Ghana
2018-06-18,pepper,Sefwi Wiawso,Sefwi Wiawso District Market,7.64,GHS,WFP-GIEWS-Ghana
2018-06-25,pepper,Sefwi Wiawso,Sefwi Wiawso District Market,7.23,GHS,WFP-GIEWS-Ghana
2018-07-02,pepper,Sefwi Wiawso,Sefwi Wiawso District Market,8.02,GHS,WFP-GIEWS-Ghana
2018-07-09,pepper,Sefwi Wiawso,Sefwi Wiawso District Market,8.42,GHS,WFP-GIEWS-Ghana
2018-07-16,pepper,Sefwi Wiawso,Sefwi Wiawso District Market,8.6,GHS,WFP-GIEWS-Ghana
2018-07-23,pepper,Sefwi Wiawso,Sefwi Wiawso District Market,8.55,GHS,WFP-GIEWS-Ghana
2018-07-30,pepper,Sefwi Wiawso,Sefwi Wiawso District Market,8.24,GHS,WFP-GIEWS-Ghana
2018-08-06,pepper,Sefwi Wiawso,Sefwi Wiawso District Market,8.57,GHS,WFP-GIEWS-Ghana
2018-08-13,pepper,Sefwi Wiawso,Sefwi Wiawso District Market,8.98,GHS,WFP-GIEWS-Ghana
2018-08-20,pepper,Sefwi Wiawso,Sefwi Wiawso District Market,8.54,GHS,WFP-GIEWS-Ghana
2018-08-27,pepper,Sefwi Wiawso,Sefwi Wiawso District Market,7.91,GHS,WFP-GIEWS-Ghana
2018-09-03,pepper,Sefwi Wiawso,Sefwi Wiawso District Market,7.67,GHS,WFP-GIEWS-Ghana
2018-09-10,pepper,Sefwi Wiawso,Sefwi Wiawso District Market,8.23,GHS,WFP-GIEWS-Ghana
2018-09-17,pepper,Sefwi Wiawso,Sefwi Wiawso District Market,7.22,GHS,WFP-GIEWS-Ghana
2018-09-24,pepper,Sefwi Wiawso,Sefwi Wiawso District Market,7.62,GHS,WFP-GIEWS-Ghana
2018-10-01,pepper,Sefwi Wiawso,Sefwi Wiawso District Market,6.45,GHS,WFP-GIEWS-Ghana
2018-10-08,pepper,Sefwi Wiawso,Sefwi Wiawso District Market,6.53,GHS,WFP-GIEWS-Ghana
2018-10-15,pepper,Sefwi Wiawso,Sefwi Wiawso District Market,6.56,GHS,WFP-GIEWS-Ghana
2018-10-22,pepper,Sefwi Wiawso,Sefwi Wiawso District Market,6.8,GHS,WFP-GIEWS-Ghana
2018-10-29,pepper,Sefwi Wiawso,Sefwi Wiawso District Market,6.53,GHS,WFP-GIEWS-Ghana
2018-11-05,pepper,Sefwi Wiawso,Sefwi Wiawso District Market,6.88,GHS,WFP-GIEWS-Ghana
2018-11-12,pepper,Sefwi Wiawso,Sefwi Wiawso District Market,6.52,GHS,WFP-GIEWS-Ghana
2018-11-19,pepper,Sefwi Wiawso,Sefwi Wiawso District Market,6.46,GHS,WFP-GIEWS-Ghana
2018-11-26,pepper,Sefwi Wiawso,Sefwi Wiawso District Market,6.37,GHS,WFP-GIEWS-Ghana
2018-12-03,pepper,Sefwi Wiawso,Sefwi Wiawso District Market,6.11,GHS,WFP-GIEWS-Ghana
2018-12-10,pepper,Sefwi Wiawso,Sefwi Wiawso District Market,6.66,GHS,WFP-GIEWS-Ghana
2018-12-17,pepper,Sefwi Wiawso,Sefwi Wiawso District Market,7.13,GHS,WFP-GIEWS-Ghana
2018-12-24,pepper,Sefwi Wiawso,Sefwi Wiawso District Market,6.71,GHS,WFP-GIEWS-Ghana
2018-12-31,pepper,Sefwi Wiawso,Sefwi Wiawso District Market,6.77,GHS,WFP-GIEWS-Ghana
2019-01-07,pepper,Sefwi Wiawso,Sefwi Wiawso District Market,8.29,GHS,WFP-GIEWS-Ghana
2019-01-14,pepper,Sefwi Wiawso,Sefwi Wiawso District Market,8.35,GHS,WFP-GIEWS-Ghana
2019-01-21,pepper,Sefwi Wiawso,Sefwi Wiawso District Market,8.76,GHS,WFP-GIEWS-Ghana
2019-01-28,pepper,Sefwi Wiawso,Sefwi Wiawso District Market,9.11,GHS,WFP-GIEWS-Ghana
2019-02-04,pepper,Sefwi Wiawso,Sefwi Wiawso District Market,8.99,GHS,WFP-GIEWS-Ghana
2019-02-11,pepper,Sefwi Wiawso,Sefwi Wiawso District Market,8.76,GHS,WFP-GIEWS-Ghana
2019-02-18,pepper,Sefwi Wiawso,Sefwi Wiawso District Market,8.5,GHS,WFP-GIEWS-Ghana
2019-02-25,pepper,Sefwi Wiawso,Sefwi Wiawso District Market,8.56,GHS,WFP-GIEWS-Ghana
2019-03-04,pepper,Sefwi Wiawso,Sefwi Wiawso District Market,7.05,GHS,WFP-GIEWS-Ghana
2019-03-11,pepper,Sefwi Wiawso,Sefwi Wiawso District Market,6.85,GHS,WFP-GIEWS-Ghana
2019-03-18,pepper,Sefwi Wiawso,Sefwi Wiawso District Market,6.95,GHS,WFP-GIEWS-Ghana
2019-03-25,pepper,Sefwi Wiawso,Sefwi Wiawso District Market,7.29,GHS,WFP-GIEWS-Ghana
2019-04-01,pepper,Sefwi Wiawso,Sefwi Wiawso District Market,7.24,GHS,WFP-GIEWS-Ghana
2019-04-08,pepper,Sefwi Wiawso,Sefwi Wiawso District Market,6.89,GHS,WFP-GIEWS-Ghana
2019-04-15,pepper,Sefwi Wiawso,Sefwi Wiawso District Market,7.31,GHS,WFP-GIEWS-Ghana
2019-04-22,pepper,Sefwi Wiawso,Sefwi Wiawso District Market,7.23,GHS,WFP-GIEWS-Ghana
2019-04-29,pepper,Sefwi Wiawso,Sefwi Wiawso District Market,6.98,GHS,WFP-GIEWS-Ghana
2019-05-06,pepper,Sefwi Wiawso,Sefwi Wiawso District Market,7.26,GHS,WFP-GIEWS-Ghana
2019-05-13,pepper,Sefwi Wiawso,Sefwi Wiawso District Market,7.27,GHS,WFP-GIEWS-Ghana
2019-05-20,pepper,Sefwi Wiawso,Sefwi Wiawso District Market,7.19,GHS,WFP-GIEWS-Ghana
2019-05-27,pepper,Sefwi Wiawso,Sefwi Wiawso District Market,7.64,GHS,WFP-GIEWS-Ghana
2019-06-03,pepper,Sefwi Wiawso,Sefwi Wiawso District Market,7.45,GHS,WFP-GIEWS-Ghana
2019-06-10,pepper,Sefwi Wiawso,Sefwi Wiawso District Market,7.42,GHS,WFP-GIEWS-Ghana
2019-06-17,pepper,Sefwi Wiawso,Sefwi Wiawso District Market,8.06,GHS,WFP-GIEWS-Ghana
2019-06-24,pepper,Sefwi Wiawso,Sefwi Wiawso District Market,8.09,GHS,WFP-GIEWS-Ghana
2019-07-01,pepper,Sefwi Wiawso,Sefwi Wiawso District Market,9.23,GHS,WFP-GIEWS-Ghana
2019-07-08,pepper,Sefwi Wiawso,Sefwi Wiawso District Market,8.89,GHS,WFP-GIEWS-Ghana
2019-07-15,pepper,Sefwi Wiawso,Sefwi Wiawso District Market,8.75,GHS,WFP-GIEWS-Ghana
2019-07-22,pepper,Sefwi Wiawso,Sefwi Wiawso District Market,9.08,GHS,WFP-GIEWS-Ghana
2019-07-29,pepper,Sefwi Wiawso,Sefwi Wiawso District Market,8.92,GHS,WFP-GIEWS-Ghana
2019-08-05,pepper,Sefwi Wiawso,Sefwi Wiawso District Market,9.71,GHS,WFP-GIEWS-Ghana
2019-08-12,pepper,Sefwi Wiawso,Sefwi Wiawso District Market,9.02,GHS,WFP-GIEWS-Ghana
2019-08-19,pepper,Sefwi Wiawso,Sefwi Wiawso District Market,9.12,GHS,WFP-GIEWS-Ghana
2019-08-26,pepper,Sefwi Wiawso,Sefwi Wiawso District Market,10.05,GHS,WFP-GIEWS-Ghana
2019-09-02,pepper,Sefwi Wiawso,Sefwi Wiawso District Market,8.15,GHS,WFP-GIEWS-Ghana
2019-09-09,pepper,Sefwi Wiawso,Sefwi Wiawso District Market,8.4,GHS,WFP-GIEWS-Ghana
2019-09-16,pepper,Sefwi Wiawso,Sefwi Wiawso District Market,8.43,GHS,WFP-GIEWS-Ghana
2019-09-23,pepper,Sefwi Wiawso,Sefwi Wiawso District Market,8.46,GHS,WFP-GIEWS-Ghana
2019-09-30,pepper,Sefwi Wiawso,Sefwi Wiawso District Market,8.31,GHS,WFP-GIEWS-Ghana
2019-10-07,pepper,Sefwi Wiawso,Sefwi Wiawso District Market,7.08,GHS,WFP-GIEWS-Ghana
2019-10-14,pepper,Sefwi Wiawso,Sefwi Wiawso District Market,7.06,GHS,WFP-GIEWS-Ghana
2019-10-21,pepper,Sefwi Wiawso,Sefwi Wiawso District Market,6.87,GHS,WFP-GIEWS-Ghana
2019-10-28,pepper,Sefwi Wiawso,Sefwi Wiawso District Market,7.12,GHS,WFP-GIEWS-Ghana
2019-11-04,pepper,Sefwi Wiawso,Sefwi Wiawso District Market,7.65,GHS,WFP-GIEWS-Ghana
2019-11-11,pepper,Sefwi Wiawso,Sefwi Wiawso District Market,7.42,GHS,WFP-GIEWS-Ghana
2019-11-18,pepper,Sefwi Wiawso,Sefwi Wiawso District Market,7.16,GHS,WFP-GIEWS-Ghana
2019-11-25,pepper,Sefwi Wiawso,Sefwi Wiawso District Market,7.32,GHS,WFP-GIEWS-Ghana
2019-12-02,pepper,Sefwi Wiawso,Sefwi Wiawso District Market,6.87,GHS,WFP-GIEWS-Ghana
2019-12-09,pepper,Sefwi Wiawso,Sefwi Wiawso District Market,7.05,GHS,WFP-GIEWS-Ghana
2019-12-16,pepper,Sefwi Wiawso,Sefwi Wiawso District Market,7.39,GHS,WFP-GIEWS-Ghana
2019-12-23,pepper,Sefwi Wiawso,Sefwi Wiawso District Market,7.54,GHS,WFP-GIEWS-Ghana
2019-12-30,pepper,Sefwi Wiawso,Sefwi Wiawso District Market,6.9,GHS,WFP-GIEWS-Ghana
2020-01-06,pepper,Sefwi Wiawso,Sefwi Wiawso District Market,8.93,GHS,WFP-GIEWS-Ghana
2020-01-13,pepper,Sefwi Wiawso,Sefwi Wiawso District Market,9.9,GHS,WFP-GIEWS-Ghana
2020-01-20,pepper,Sefwi Wiawso,Sefwi Wiawso District Market,9.14,GHS,WFP-GIEWS-Ghana
2020-01-27,pepper,Sefwi Wiawso,Sefwi Wiawso District Market,9.77,GHS,WFP-GIEWS-Ghana
2020-02-03,pepper,Sefwi Wiawso,Sefwi Wiawso District Market,9.24,GHS,WFP-GIEWS-Ghana
2020-02-10,pepper,Sefwi Wiawso,Sefwi Wiawso District Market,9.25,GHS,WFP-GIEWS-Ghana
2020-02-17,pepper,Sefwi Wiawso,Sefwi Wiawso District Market,9.05,GHS,WFP-GIEWS-Ghana
2020-02-24,pepper,Sefwi Wiawso,Sefwi Wiawso District Market,9.51,GHS,WFP-GIEWS-Ghana
2020-03-02,pepper,Sefwi Wiawso,Sefwi Wiawso District Market,8.28,GHS,WFP-GIEWS-Ghana
2020-03-09,pepper,Sefwi Wiawso,Sefwi Wiawso District Market,7.53,GHS,WFP-GIEWS-Ghana
2020-03-16,pepper,Sefwi Wiawso,Sefwi Wiawso District Market,7.74,GHS,WFP-GIEWS-Ghana
2020-03-23,pepper,Sefwi Wiawso,Sefwi Wiawso District Market,8.14,GHS,WFP-GIEWS-Ghana
2020-03-30,pepper,Sefwi Wiawso,Sefwi Wiawso District Market,7.81,GHS,WFP-GIEWS-Ghana
2020-04-06,pepper,Sefwi Wiawso,Sefwi Wiawso District Market,7.75,GHS,WFP-GIEWS-Ghana
2020-04-13,pepper,Sefwi Wiawso,Sefwi Wiawso District Market,8.23,GHS,WFP-GIEWS-Ghana
2020-04-20,pepper,Sefwi Wiawso,Sefwi Wiawso District Market,8.26,GHS,WFP-GIEWS-Ghana
2020-04-27,pepper,Sefwi Wiawso,Sefwi Wiawso District Market,7.76,GHS,WFP-GIEWS-Ghana
2020-05-04,pepper,Sefwi Wiawso,Sefwi Wiawso District Market,8.02,GHS,WFP-GIEWS-Ghana
2020-05-11,pepper,Sefwi Wiawso,Sefwi Wiawso District Market,7.57,GHS,WFP-GIEWS-Ghana
2020-05-18,pepper,Sefwi Wiawso,Sefwi Wiawso District Market,7.67,GHS,WFP-GIEWS-Ghana
2020-05-25,pepper,Sefwi Wiawso,Sefwi Wiawso District Market,8.0,GHS,WFP-GIEWS-Ghana
2020-06-01,pepper,Sefwi Wiawso,Sefwi Wiawso District Market,8.72,GHS,WFP-GIEWS-Ghana
2020-06-08,pepper,Sefwi Wiawso,Sefwi Wiawso District Market,8.37,GHS,WFP-GIEWS-Ghana
2020-06-15,pepper,Sefwi Wiawso,Sefwi Wiawso District Market,8.46,GHS,WFP-GIEWS-Ghana
2020-06-22,pepper,Sefwi Wiawso,Sefwi Wiawso District Market,8.33,GHS,WFP-GIEWS-Ghana
2020-06-29,pepper,Sefwi Wiawso,Sefwi Wiawso District Market,8.86,GHS,WFP-GIEWS-Ghana
2020-07-06,pepper,Sefwi Wiawso,Sefwi Wiawso District Market,9.04,GHS,WFP-GIEWS-Ghana
2020-07-13,pepper,Sefwi Wiawso,Sefwi Wiawso District Market,9.41,GHS,WFP-GIEWS-Ghana
2020-07-20,pepper,Sefwi Wiawso,Sefwi Wiawso District Market,9.08,GHS,WFP-GIEWS-Ghana
2020-07-27,pepper,Sefwi Wiawso,Sefwi Wiawso District Market,9.98,GHS,WFP-GIEWS-Ghana
2020-08-03,pepper,Sefwi Wiawso,Sefwi Wiawso District Market,9.16,GHS,WFP-GIEWS-Ghana
2020-08-10,pepper,Sefwi Wiawso,Sefwi Wiawso District Market,9.89,GHS,WFP-GIEWS-Ghana
2020-08-17,pepper,Sefwi Wiawso,Sefwi Wiawso District Market,10.52,GHS,WFP-GIEWS-Ghana
2020-08-24,pepper,Sefwi Wiawso,Sefwi Wiawso District Market,10.54,GHS,WFP-GIEWS-Ghana
2020-08-31,pepper,Sefwi Wiawso,Sefwi Wiawso District Market,9.16,GHS,WFP-GIEWS-Ghana
2020-09-07,pepper,Sefwi Wiawso,Sefwi Wiawso District Market,8.98,GHS,WFP-GIEWS-Ghana
2020-09-14,pepper,Sefwi Wiawso,Sefwi Wiawso District Market,8.52,GHS,WFP-GIEWS-Ghana
2020-09-21,pepper,Sefwi Wiawso,Sefwi Wiawso District Market,8.45,GHS,WFP-GIEWS-Ghana
2020-09-28,pepper,Sefwi Wiawso,Sefwi Wiawso District Market,8.83,GHS,WFP-GIEWS-Ghana
2020-10-05,pepper,Sefwi Wiawso,Sefwi Wiawso District Market,7.96,GHS,WFP-GIEWS-Ghana
2020-10-12,pepper,Sefwi Wiawso,Sefwi Wiawso District Market,7.77,GHS,WFP-GIEWS-Ghana
2020-10-19,pepper,Sefwi Wiawso,Sefwi Wiawso District Market,7.37,GHS,WFP-GIEWS-Ghana
2020-10-26,pepper,Sefwi Wiawso,Sefwi Wiawso District Market,7.81,GHS,WFP-GIEWS-Ghana
2020-11-02,pepper,Sefwi Wiawso,Sefwi Wiawso District Market,6.95,GHS,WFP-GIEWS-Ghana
2020-11-09,pepper,Sefwi Wiawso,Sefwi Wiawso District Market,7.41,GHS,WFP-GIEWS-Ghana
2020-11-16,pepper,Sefwi Wiawso,Sefwi Wiawso District Market,7.39,GHS,WFP-GIEWS-Ghana
2020-11-23,pepper,Sefwi Wiawso,Sefwi Wiawso District Market,7.66,GHS,WFP-GIEWS-Ghana
2020-11-30,pepper,Sefwi Wiawso,Sefwi Wiawso District Market,7.58,GHS,WFP-GIEWS-Ghana
2020-12-07,pepper,Sefwi Wiawso,Sefwi Wiawso District Market,7.65,GHS,WFP-GIEWS-Ghana
2020-12-14,pepper,Sefwi Wiawso,Sefwi Wiawso District Market,7.64,GHS,WFP-GIEWS-Ghana
2020-12-21,pepper,Sefwi Wiawso,Sefwi Wiawso District Market,7.7,GHS,WFP-GIEWS-Ghana
2020-12-28,pepper,Sefwi Wiawso,Sefwi Wiawso District Market,7.86,GHS,WFP-GIEWS-Ghana
2021-01-04,pepper,Sefwi Wiawso,Sefwi Wiawso District Market,9.89,GHS,WFP-GIEWS-Ghana
2021-01-11,pepper,Sefwi Wiawso,Sefwi Wiawso District Market,9.72,GHS,WFP-GIEWS-Ghana
2021-01-18,pepper,Sefwi Wiawso,Sefwi Wiawso District Market,9.99,GHS,WFP-GIEWS-Ghana
2021-01-25,pepper,Sefwi Wiawso,Sefwi Wiawso District Market,10.16,GHS,WFP-GIEWS-Ghana
2021-02-01,pepper,Sefwi Wiawso,Sefwi Wiawso District Market,9.68,GHS,WFP-GIEWS-Ghana
2021-02-08,pepper,Sefwi Wiawso,Sefwi Wiawso District Market,9.87,GHS,WFP-GIEWS-Ghana
2021-02-15,pepper,Sefwi Wiawso,Sefwi Wiawso District Market,10.36,GHS,WFP-GIEWS-Ghana
2021-02-22,pepper,Sefwi Wiawso,Sefwi Wiawso District Market,9.46,GHS,WFP-GIEWS-Ghana
2021-03-01,pepper,Sefwi Wiawso,Sefwi Wiawso District Market,9.1,GHS,WFP-GIEWS-Ghana
2021-03-08,pepper,Sefwi Wiawso,Sefwi Wiawso District Market,8.03,GHS,WFP-GIEWS-Ghana
2021-03-15,pepper,Sefwi Wiawso,Sefwi Wiawso District Market,8.37,GHS,WFP-GIEWS-Ghana
2021-03-22,pepper,Sefwi Wiawso,Sefwi Wiawso District Market,8.16,GHS,WFP-GIEWS-Ghana
2021-03-29,pepper,Sefwi Wiawso,Sefwi Wiawso District Market,9.23,GHS,WFP-GIEWS-Ghana
2021-04-05,pepper,Sefwi Wiawso,Sefwi Wiawso District Market,8.37,GHS,WFP-GIEWS-Ghana
2021-04-12,pepper,Sefwi Wiawso,Sefwi Wiawso District Market,8.37,GHS,WFP-GIEWS-Ghana
2021-04-19,pepper,Sefwi Wiawso,Sefwi Wiawso District Market,8.41,GHS,WFP-GIEWS-Ghana
2021-04-26,pepper,Sefwi Wiawso,Sefwi Wiawso District Market,8.57,GHS,WFP-GIEWS-Ghana
2021-05-03,pepper,Sefwi Wiawso,Sefwi Wiawso District Market,8.48,GHS,WFP-GIEWS-Ghana
2021-05-10,pepper,Sefwi Wiawso,Sefwi Wiawso District Market,8.55,GHS,WFP-GIEWS-Ghana
2021-05-17,pepper,Sefwi Wiawso,Sefwi Wiawso District Market,7.38,GHS,WFP-GIEWS-Ghana
2021-05-24,pepper,Sefwi Wiawso,Sefwi Wiawso District Market,8.61,GHS,WFP-GIEWS-Ghana
2021-05-31,pepper,Sefwi Wiawso,Sefwi Wiawso District Market,8.6,GHS,WFP-GIEWS-Ghana
2021-06-07,pepper,Sefwi Wiawso,Sefwi Wiawso District Market,9.79,GHS,WFP-GIEWS-Ghana
2021-06-14,pepper,Sefwi Wiawso,Sefwi Wiawso District Market,9.89,GHS,WFP-GIEWS-Ghana
2021-06-21,pepper,Sefwi Wiawso,Sefwi Wiawso District Market,9.33,GHS,WFP-GIEWS-Ghana
2021-06-28,pepper,Sefwi Wiawso,Sefwi Wiawso District Market,9.71,GHS,WFP-GIEWS-Ghana
2021-07-05,pepper,Sefwi Wiawso,Sefwi Wiawso District Market,10.13,GHS,WFP-GIEWS-Ghana
2021-07-12,pepper,Sefwi Wiawso,Sefwi Wiawso District Market,10.92,GHS,WFP-GIEWS-Ghana
2021-07-19,pepper,Sefwi Wiawso,Sefwi Wiawso District Market,10.35,GHS,WFP-GIEWS-Ghana
2021-07-26,pepper,Sefwi Wiawso,Sefwi Wiawso District Market,10.09,GHS,WFP-GIEWS-Ghana
2021-08-02,pepper,Sefwi Wiawso,Sefwi Wiawso District Market,10.59,GHS,WFP-GIEWS-Ghana
2021-08-09,pepper,Sefwi Wiawso,Sefwi Wiawso District Market,11.26,GHS,WFP-GIEWS-Ghana
2021-08-16,pepper,Sefwi Wiawso,Sefwi Wiawso District Market,10.74,GHS,WFP-GIEWS-Ghana
2021-08-23,pepper,Sefwi Wiawso,Sefwi Wiawso District Market,11.3,GHS,WFP-GIEWS-Ghana
2021-08-30,pepper,Sefwi Wiawso,Sefwi Wiawso District Market,10.35,GHS,WFP-GIEWS-Ghana
2021-09-06,pepper,Sefwi Wiawso,Sefwi Wiawso District Market,9.99,GHS,WFP-GIEWS-Ghana
2021-09-13,pepper,Sefwi Wiawso,Sefwi Wiawso District Market,9.33,GHS,WFP-GIEWS-Ghana
2021-09-20,pepper,Sefwi Wiawso,Sefwi Wiawso District Market,9.67,GHS,WFP-GIEWS-Ghana
2021-09-27,pepper,Sefwi Wiawso,Sefwi Wiawso District Market,9.67,GHS,WFP-GIEWS-Ghana
2021-10-04,pepper,Sefwi Wiawso,Sefwi Wiawso District Market,8.42,GHS,WFP-GIEWS-Ghana
2021-10-11,pepper,Sefwi Wiawso,Sefwi Wiawso District Market,8.28,GHS,WFP-GIEWS-Ghana
2021-10-18,pepper,Sefwi Wiawso,Sefwi Wiawso District Market,7.96,GHS,WFP-GIEWS-Ghana
2021-10-25,pepper,Sefwi Wiawso,Sefwi Wiawso District Market,8.49,GHS,WFP-GIEWS-Ghana
2021-11-01,pepper,Sefwi Wiawso,Sefwi Wiawso District Market,8.82,GHS,WFP-GIEWS-Ghana
2021-11-08,pepper,Sefwi Wiawso,Sefwi Wiawso District Market,8.06,GHS,WFP-GIEWS-Ghana
2021-11-15,pepper,Sefwi Wiawso,Sefwi Wiawso District Market,7.65,GHS,WFP-GIEWS-Ghana
2021-11-22,pepper,Sefwi Wiawso,Sefwi Wiawso District Market,8.42,GHS,WFP-GIEWS-Ghana
2021-11-29,pepper,Sefwi Wiawso,Sefwi Wiawso District Market,8.14,GHS,WFP-GIEWS-Ghana
2021-12-06,pepper,Sefwi Wiawso,Sefwi Wiawso District Market,8.26,GHS,WFP-GIEWS-Ghana
2021-12-13,pepper,Sefwi Wiawso,Sefwi Wiawso District Market,8.49,GHS,WFP-GIEWS-Ghana
2021-12-20,pepper,Sefwi Wiawso,Sefwi Wiawso District Market,8.15,GHS,WFP-GIEWS-Ghana
2021-12-27,pepper,Sefwi Wiawso,Sefwi Wiawso District Market,8.22,GHS,WFP-GIEWS-Ghana
2022-01-03,pepper,Sefwi Wiawso,Sefwi Wiawso District Market,10.58,GHS,WFP-GIEWS-Ghana
2022-01-10,pepper,Sefwi Wiawso,Sefwi Wiawso District Market,11.24,GHS,WFP-GIEWS-Ghana
2022-01-17,pepper,Sefwi Wiawso,Sefwi Wiawso District Market,10.63,GHS,WFP-GIEWS-Ghana
2022-01-24,pepper,Sefwi Wiawso,Sefwi Wiawso District Market,10.09,GHS,WFP-GIEWS-Ghana
2022-01-31,pepper,Sefwi Wiawso,Sefwi Wiawso District Market,10.11,GHS,WFP-GIEWS-Ghana
2022-02-07,pepper,Sefwi Wiawso,Sefwi Wiawso District Market,10.75,GHS,WFP-GIEWS-Ghana
2022-02-14,pepper,Sefwi Wiawso,Sefwi Wiawso District Market,10.2,GHS,WFP-GIEWS-Ghana
2022-02-21,pepper,Sefwi Wiawso,Sefwi Wiawso District Market,10.02,GHS,WFP-GIEWS-Ghana
2022-02-28,pepper,Sefwi Wiawso,Sefwi Wiawso District Market,10.96,GHS,WFP-GIEWS-Ghana
2022-03-07,pepper,Sefwi Wiawso,Sefwi Wiawso District Market,9.41,GHS,WFP-GIEWS-Ghana
2022-03-14,pepper,Sefwi Wiawso,Sefwi Wiawso District Market,9.03,GHS,WFP-GIEWS-Ghana
2022-03-21,pepper,Sefwi Wiawso,Sefwi Wiawso District Market,9.27,GHS,WFP-GIEWS-Ghana
2022-03-28,pepper,Sefwi Wiawso,Sefwi Wiawso District Market,9.23,GHS,WFP-GIEWS-Ghana
2022-04-04,pepper,Sefwi Wiawso,Sefwi Wiawso District Market,9.44,GHS,WFP-GIEWS-Ghana
2022-04-11,pepper,Sefwi Wiawso,Sefwi Wiawso District Market,9.44,GHS,WFP-GIEWS-Ghana
2022-04-18,pepper,Sefwi Wiawso,Sefwi Wiawso District Market,8.26,GHS,WFP-GIEWS-Ghana
2022-04-25,pepper,Sefwi Wiawso,Sefwi Wiawso District Market,9.13,GHS,WFP-GIEWS-Ghana
2022-05-02,pepper,Sefwi Wiawso,Sefwi Wiawso District Market,9.47,GHS,WFP-GIEWS-Ghana
2022-05-09,pepper,Sefwi Wiawso,Sefwi Wiawso District Market,9.13,GHS,WFP-GIEWS-Ghana
2022-05-16,pepper,Sefwi Wiawso,Sefwi Wiawso District Market,9.29,GHS,WFP-GIEWS-Ghana
2022-05-23,pepper,Sefwi Wiawso,Sefwi Wiawso District Market,9.56,GHS,WFP-GIEWS-Ghana
2022-05-30,pepper,Sefwi Wiawso,Sefwi Wiawso District Market,9.31,GHS,WFP-GIEWS-Ghana
2022-06-06,pepper,Sefwi Wiawso,Sefwi Wiawso District Market,10.77,GHS,WFP-GIEWS-Ghana
2022-06-13,pepper,Sefwi Wiawso,Sefwi Wiawso District Market,10.61,GHS,WFP-GIEWS-Ghana
2022-06-20,pepper,Sefwi Wiawso,Sefwi Wiawso District Market,10.1,GHS,WFP-GIEWS-Ghana
2022-06-27,pepper,Sefwi Wiawso,Sefwi Wiawso District Market,10.07,GHS,WFP-GIEWS-Ghana
2022-07-04,pepper,Sefwi Wiawso,Sefwi Wiawso District Market,10.14,GHS,WFP-GIEWS-Ghana
2022-07-11,pepper,Sefwi Wiawso,Sefwi Wiawso District Market,11.3,GHS,WFP-GIEWS-Ghana
2022-07-18,pepper,Sefwi Wiawso,Sefwi Wiawso District Market,10.83,GHS,WFP-GIEWS-Ghana
2022-07-25,pepper,Sefwi Wiawso,Sefwi Wiawso District Market,11.55,GHS,WFP-GIEWS-Ghana
2022-08-01,pepper,Sefwi Wiawso,Sefwi Wiawso District Market,11.59,GHS,WFP-GIEWS-Ghana
2022-08-08,pepper,Sefwi Wiawso,Sefwi Wiawso District Market,11.84,GHS,WFP-GIEWS-Ghana
2022-08-15,pepper,Sefwi Wiawso,Sefwi Wiawso District Market,12.16,GHS,WFP-GIEWS-Ghana
2022-08-22,pepper,Sefwi Wiawso,Sefwi Wiawso District Market,11.51,GHS,WFP-GIEWS-Ghana
2022-08-29,pepper,Sefwi Wiawso,Sefwi Wiawso District Market,12.57,GHS,WFP-GIEWS-Ghana
2022-09-05,pepper,Sefwi Wiawso,Sefwi Wiawso District Market,10.45,GHS,WFP-GIEWS-Ghana
2022-09-12,pepper,Sefwi Wiawso,Sefwi Wiawso District Market,9.81,GHS,WFP-GIEWS-Ghana
2022-09-19,pepper,Sefwi Wiawso,Sefwi Wiawso District Market,10.12,GHS,WFP-GIEWS-Ghana
2022-09-26,pepper,Sefwi Wiawso,Sefwi Wiawso District Market,10.2,GHS,WFP-GIEWS-Ghana
2022-10-03,pepper,Sefwi Wiawso,Sefwi Wiawso District Market,9.06,GHS,WFP-GIEWS-Ghana
2022-10-10,pepper,Sefwi Wiawso,Sefwi Wiawso District Market,8.52,GHS,WFP-GIEWS-Ghana
2022-10-17,pepper,Sefwi Wiawso,Sefwi Wiawso District Market,8.75,GHS,WFP-GIEWS-Ghana
2022-10-24,pepper,Sefwi Wiawso,Sefwi Wiawso District Market,8.8,GHS,WFP-GIEWS-Ghana
2022-10-31,pepper,Sefwi Wiawso,Sefwi Wiawso District Market,8.7,GHS,WFP-GIEWS-Ghana
2022-11-07,pepper,Sefwi Wiawso,Sefwi Wiawso District Market,9.2,GHS,WFP-GIEWS-Ghana
2022-11-14,pepper,Sefwi Wiawso,Sefwi Wiawso District Market,9.14,GHS,WFP-GIEWS-Ghana
2022-11-21,pepper,Sefwi Wiawso,Sefwi Wiawso District Market,9.33,GHS,WFP-GIEWS-Ghana
2022-11-28,pepper,Sefwi Wiawso,Sefwi Wiawso District Market,8.79,GHS,WFP-GIEWS-Ghana
2022-12-05,pepper,Sefwi Wiawso,Sefwi Wiawso District Market,9.4,GHS,WFP-GIEWS-Ghana
2022-12-12,pepper,Sefwi Wiawso,Sefwi Wiawso District Market,8.48,GHS,WFP-GIEWS-Ghana
2022-12-19,pepper,Sefwi Wiawso,Sefwi Wiawso District Market,8.47,GHS,WFP-GIEWS-Ghana
2022-12-26,pepper,Sefwi Wiawso,Sefwi Wiawso District Market,8.53,GHS,WFP-GIEWS-Ghana
2023-01-02,pepper,Sefwi Wiawso,Sefwi Wiawso District Market,11.47,GHS,WFP-GIEWS-Ghana
2023-01-09,pepper,Sefwi Wiawso,Sefwi Wiawso District Market,12.02,GHS,WFP-GIEWS-Ghana
2023-01-16,pepper,Sefwi Wiawso,Sefwi Wiawso District Market,11.19,GHS,WFP-GIEWS-Ghana
2023-01-23,pepper,Sefwi Wiawso,Sefwi Wiawso District Market,11.25,GHS,WFP-GIEWS-Ghana
2023-01-30,pepper,Sefwi Wiawso,Sefwi Wiawso District Market,11.37,GHS,WFP-GIEWS-Ghana
2023-02-06,pepper,Sefwi Wiawso,Sefwi Wiawso District Market,11.81,GHS,WFP-GIEWS-Ghana
2023-02-13,pepper,Sefwi Wiawso,Sefwi Wiawso District Market,11.32,GHS,WFP-GIEWS-Ghana
2023-02-20,pepper,Sefwi Wiawso,Sefwi Wiawso District Market,11.3,GHS,WFP-GIEWS-Ghana
2023-02-27,pepper,Sefwi Wiawso,Sefwi Wiawso District Market,10.92,GHS,WFP-GIEWS-Ghana
2023-03-06,pepper,Sefwi Wiawso,Sefwi Wiawso District Market,9.67,GHS,WFP-GIEWS-Ghana
2023-03-13,pepper,Sefwi Wiawso,Sefwi Wiawso District Market,10.36,GHS,WFP-GIEWS-Ghana
2023-03-20,pepper,Sefwi Wiawso,Sefwi Wiawso District Market,9.93,GHS,WFP-GIEWS-Ghana
2023-03-27,pepper,Sefwi Wiawso,Sefwi Wiawso District Market,9.6,GHS,WFP-GIEWS-Ghana
2023-04-03,pepper,Sefwi Wiawso,Sefwi Wiawso District Market,10.45,GHS,WFP-GIEWS-Ghana
2023-04-10,pepper,Sefwi Wiawso,Sefwi Wiawso District Market,9.73,GHS,WFP-GIEWS-Ghana
2023-04-17,pepper,Sefwi Wiawso,Sefwi Wiawso District Market,10.53,GHS,WFP-GIEWS-Ghana
2023-04-24,pepper,Sefwi Wiawso,Sefwi Wiawso District Market,10.52,GHS,WFP-GIEWS-Ghana
2023-05-01,pepper,Sefwi Wiawso,Sefwi Wiawso District Market,10.05,GHS,WFP-GIEWS-Ghana
2023-05-08,pepper,Sefwi Wiawso,Sefwi Wiawso District Market,9.42,GHS,WFP-GIEWS-Ghana
2023-05-15,pepper,Sefwi Wiawso,Sefwi Wiawso District Market,10.94,GHS,WFP-GIEWS-Ghana
2023-05-22,pepper,Sefwi Wiawso,Sefwi Wiawso District Market,10.18,GHS,WFP-GIEWS-Ghana
2023-05-29,pepper,Sefwi Wiawso,Sefwi Wiawso District Market,9.89,GHS,WFP-GIEWS-Ghana
2023-06-05,pepper,Sefwi Wiawso,Sefwi Wiawso District Market,11.38,GHS,WFP-GIEWS-Ghana
2023-06-12,pepper,Sefwi Wiawso,Sefwi Wiawso District Market,11.27,GHS,WFP-GIEWS-Ghana
2023-06-19,pepper,Sefwi Wiawso,Sefwi Wiawso District Market,11.54,GHS,WFP-GIEWS-Ghana
2023-06-26,pepper,Sefwi Wiawso,Sefwi Wiawso District Market,10.67,GHS,WFP-GIEWS-Ghana
2023-07-03,pepper,Sefwi Wiawso,Sefwi Wiawso District Market,12.52,GHS,WFP-GIEWS-Ghana
2023-07-10,pepper,Sefwi Wiawso,Sefwi Wiawso District Market,11.77,GHS,WFP-GIEWS-Ghana
2023-07-17,pepper,Sefwi Wiawso,Sefwi Wiawso District Market,12.69,GHS,WFP-GIEWS-Ghana
2023-07-24,pepper,Sefwi Wiawso,Sefwi Wiawso District Market,12.35,GHS,WFP-GIEWS-Ghana
2023-07-31,pepper,Sefwi Wiawso,Sefwi Wiawso District Market,12.5,GHS,WFP-GIEWS-Ghana
2023-08-07,pepper,Sefwi Wiawso,Sefwi Wiawso District Market,12.37,GHS,WFP-GIEWS-Ghana
2023-08-14,pepper,Sefwi Wiawso,Sefwi Wiawso District Market,12.31,GHS,WFP-GIEWS-Ghana
2023-08-21,pepper,Sefwi Wiawso,Sefwi Wiawso District Market,12.01,GHS,WFP-GIEWS-Ghana
2023-08-28,pepper,Sefwi Wiawso,Sefwi Wiawso District Market,12.83,GHS,WFP-GIEWS-Ghana
2023-09-04,pepper,Sefwi Wiawso,Sefwi Wiawso District Market,11.84,GHS,WFP-GIEWS-Ghana
2023-09-11,pepper,Sefwi Wiawso,Sefwi Wiawso District Market,10.93,GHS,WFP-GIEWS-Ghana
2023-09-18,pepper,Sefwi Wiawso,Sefwi Wiawso District Market,11.43,GHS,WFP-GIEWS-Ghana
2023-09-25,pepper,Sefwi Wiawso,Sefwi Wiawso District Market,11.37,GHS,WFP-GIEWS-Ghana
2023-10-02,pepper,Sefwi Wiawso,Sefwi Wiawso District Market,9.57,GHS,WFP-GIEWS-Ghana
2023-10-09,pepper,Sefwi Wiawso,Sefwi Wiawso District Market,8.98,GHS,WFP-GIEWS-Ghana
2023-10-16,pepper,Sefwi Wiawso,Sefwi Wiawso District Market,9.06,GHS,WFP-GIEWS-Ghana
2023-10-23,pepper,Sefwi Wiawso,Sefwi Wiawso District Market,9.26,GHS,WFP-GIEWS-Ghana
2023-10-30,pepper,Sefwi Wiawso,Sefwi Wiawso District Market,8.74,GHS,WFP-GIEWS-Ghana
2023-11-06,pepper,Sefwi Wiawso,Sefwi Wiawso District Market,10.17,GHS,WFP-GIEWS-Ghana
2023-11-13,pepper,Sefwi Wiawso,Sefwi Wiawso District Market,9.77,GHS,WFP-GIEWS-Ghana
2023-11-20,pepper,Sefwi Wiawso,Sefwi Wiawso District Market,9.61,GHS,WFP-GIEWS-Ghana
2023-11-27,pepper,Sefwi Wiawso,Sefwi Wiawso District Market,8.78,GHS,WFP-GIEWS-Ghana
2023-12-04,pepper,Sefwi Wiawso,Sefwi Wiawso District Market,8.98,GHS,WFP-GIEWS-Ghana
2023-12-11,pepper,Sefwi Wiawso,Sefwi Wiawso District Market,9.69,GHS,WFP-GIEWS-Ghana
2023-12-18,pepper,Sefwi Wiawso,Sefwi Wiawso District Market,10.45,GHS,WFP-GIEWS-Ghana
2023-12-25,pepper,Sefwi Wiawso,Sefwi Wiawso District Market,9.42,GHS,WFP-GIEWS-Ghana
2024-01-01,pepper,Sefwi Wiawso,Sefwi Wiawso District Market,12.81,GHS,WFP-GIEWS-Ghana
2024-01-08,pepper,Sefwi Wiawso,Sefwi Wiawso District Market,12.15,GHS,WFP-GIEWS-Ghana
2024-01-15,pepper,Sefwi Wiawso,Sefwi Wiawso District Market,12.41,GHS,WFP-GIEWS-Ghana
2024-01-22,pepper,Sefwi Wiawso,Sefwi Wiawso District Market,12.99,GHS,WFP-GIEWS-Ghana
2024-01-29,pepper,Sefwi Wiawso,Sefwi Wiawso District Market,12.21,GHS,WFP-GIEWS-Ghana
2024-02-05,pepper,Sefwi Wiawso,Sefwi Wiawso District Market,12.12,GHS,WFP-GIEWS-Ghana
2024-02-12,pepper,Sefwi Wiawso,Sefwi Wiawso District Market,13.17,GHS,WFP-GIEWS-Ghana
2024-02-19,pepper,Sefwi Wiawso,Sefwi Wiawso District Market,12.49,GHS,WFP-GIEWS-Ghana
2024-02-26,pepper,Sefwi Wiawso,Sefwi Wiawso District Market,13.01,GHS,WFP-GIEWS-Ghana
2024-03-04,pepper,Sefwi Wiawso,Sefwi Wiawso District Market,10.39,GHS,WFP-GIEWS-Ghana
2024-03-11,pepper,Sefwi Wiawso,Sefwi Wiawso District Market,11.29,GHS,WFP-GIEWS-Ghana
2024-03-18,pepper,Sefwi Wiawso,Sefwi Wiawso District Market,10.8,GHS,WFP-GIEWS-Ghana
2024-03-25,pepper,Sefwi Wiawso,Sefwi Wiawso District Market,10.87,GHS,WFP-GIEWS-Ghana
2024-04-01,pepper,Sefwi Wiawso,Sefwi Wiawso District Market,10.81,GHS,WFP-GIEWS-Ghana
2024-04-08,pepper,Sefwi Wiawso,Sefwi Wiawso District Market,10.54,GHS,WFP-GIEWS-Ghana
2024-04-15,pepper,Sefwi Wiawso,Sefwi Wiawso District Market,10.76,GHS,WFP-GIEWS-Ghana
2024-04-22,pepper,Sefwi Wiawso,Sefwi Wiawso District Market,10.57,GHS,WFP-GIEWS-Ghana
2024-04-29,pepper,Sefwi Wiawso,Sefwi Wiawso District Market,11.17,GHS,WFP-GIEWS-Ghana
2024-05-06,pepper,Sefwi Wiawso,Sefwi Wiawso District Market,10.74,GHS,WFP-GIEWS-Ghana
2024-05-13,pepper,Sefwi Wiawso,Sefwi Wiawso District Market,10.18,GHS,WFP-GIEWS-Ghana
2024-05-20,pepper,Sefwi Wiawso,Sefwi Wiawso District Market,10.1,GHS,WFP-GIEWS-Ghana
2024-05-27,pepper,Sefwi Wiawso,Sefwi Wiawso District Market,10.08,GHS,WFP-GIEWS-Ghana
2024-06-03,pepper,Sefwi Wiawso,Sefwi Wiawso District Market,12.14,GHS,WFP-GIEWS-Ghana
2024-06-10,pepper,Sefwi Wiawso,Sefwi Wiawso District Market,11.3,GHS,WFP-GIEWS-Ghana
2024-06-17,pepper,Sefwi Wiawso,Sefwi Wiawso District Market,11.98,GHS,WFP-GIEWS-Ghana
2024-06-24,pepper,Sefwi Wiawso,Sefwi Wiawso District Market,11.91,GHS,WFP-GIEWS-Ghana
2024-07-01,pepper,Sefwi Wiawso,Sefwi Wiawso District Market,13.31,GHS,WFP-GIEWS-Ghana
2024-07-08,pepper,Sefwi Wiawso,Sefwi Wiawso District Market,13.58,GHS,WFP-GIEWS-Ghana
2024-07-15,pepper,Sefwi Wiawso,Sefwi Wiawso District Market,13.43,GHS,WFP-GIEWS-Ghana
2024-07-22,pepper,Sefwi Wiawso,Sefwi Wiawso District Market,11.9,GHS,WFP-GIEWS-Ghana
2024-07-29,pepper,Sefwi Wiawso,Sefwi Wiawso District Market,13.18,GHS,WFP-GIEWS-Ghana
2024-08-05,pepper,Sefwi Wiawso,Sefwi Wiawso District Market,13.66,GHS,WFP-GIEWS-Ghana
2024-08-12,pepper,Sefwi Wiawso,Sefwi Wiawso District Market,14.32,GHS,WFP-GIEWS-Ghana
2024-08-19,pepper,Sefwi Wiawso,Sefwi Wiawso District Market,14.34,GHS,WFP-GIEWS-Ghana
2024-08-26,pepper,Sefwi Wiawso,Sefwi Wiawso District Market,12.7,GHS,WFP-GIEWS-Ghana
2024-09-02,pepper,Sefwi Wiawso,Sefwi Wiawso District Market,11.9,GHS,WFP-GIEWS-Ghana
2024-09-09,pepper,Sefwi Wiawso,Sefwi Wiawso District Market,11.32,GHS,WFP-GIEWS-Ghana
2024-09-16,pepper,Sefwi Wiawso,Sefwi Wiawso District Market,12.81,GHS,WFP-GIEWS-Ghana
2024-09-23,pepper,Sefwi Wiawso,Sefwi Wiawso District Market,12.56,GHS,WFP-GIEWS-Ghana
2024-09-30,pepper,Sefwi Wiawso,Sefwi Wiawso District Market,12.24,GHS,WFP-GIEWS-Ghana
2024-10-07,pepper,Sefwi Wiawso,Sefwi Wiawso District Market,10.4,GHS,WFP-GIEWS-Ghana
2024-10-14,pepper,Sefwi Wiawso,Sefwi Wiawso District Market,10.9,GHS,WFP-GIEWS-Ghana
2024-10-21,pepper,Sefwi Wiawso,Sefwi Wiawso District Market,10.83,GHS,WFP-GIEWS-Ghana
2024-10-28,pepper,Sefwi Wiawso,Sefwi Wiawso District Market,10.81,GHS,WFP-GIEWS-Ghana
2024-11-04,pepper,Sefwi Wiawso,Sefwi Wiawso District Market,10.58,GHS,WFP-GIEWS-Ghana
2024-11-11,pepper,Sefwi Wiawso,Sefwi Wiawso District Market,10.25,GHS,WFP-GIEWS-Ghana
2024-11-18,pepper,Sefwi Wiawso,Sefwi Wiawso District Market,10.71,GHS,WFP-GIEWS-Ghana
2024-11-25,pepper,Sefwi Wiawso,Sefwi Wiawso District Market,10.73,GHS,WFP-GIEWS-Ghana
2024-12-02,pepper,Sefwi Wiawso,Sefwi Wiawso District Market,10.38,GHS,WFP-GIEWS-Ghana
2024-12-09,pepper,Sefwi Wiawso,Sefwi Wiawso District Market,10.31,GHS,WFP-GIEWS-Ghana
2024-12-16,pepper,Sefwi Wiawso,Sefwi Wiawso District Market,10.94,GHS,WFP-GIEWS-Ghana
2024-12-23,pepper,Sefwi Wiawso,Sefwi Wiawso District Market,11.16,GHS,WFP-GIEWS-Ghana
2024-12-30,pepper,Sefwi Wiawso,Sefwi Wiawso District Market,10.15,GHS,WFP-GIEWS-Ghana
2018-01-01,pepper,Wasa Amenfi,Asankragua Market (Wasa Amenfi),7.6,GHS,WFP-GIEWS-Ghana
2018-01-08,pepper,Wasa Amenfi,Asankragua Market (Wasa Amenfi),7.64,GHS,WFP-GIEWS-Ghana
2018-01-15,pepper,Wasa Amenfi,Asankragua Market (Wasa Amenfi),7.34,GHS,WFP-GIEWS-Ghana
2018-01-22,pepper,Wasa Amenfi,Asankragua Market (Wasa Amenfi),8.06,GHS,WFP-GIEWS-Ghana
2018-01-29,pepper,Wasa Amenfi,Asankragua Market (Wasa Amenfi),7.62,GHS,WFP-GIEWS-Ghana
2018-02-05,pepper,Wasa Amenfi,Asankragua Market (Wasa Amenfi),7.7,GHS,WFP-GIEWS-Ghana
2018-02-12,pepper,Wasa Amenfi,Asankragua Market (Wasa Amenfi),8.07,GHS,WFP-GIEWS-Ghana
2018-02-19,pepper,Wasa Amenfi,Asankragua Market (Wasa Amenfi),7.41,GHS,WFP-GIEWS-Ghana
2018-02-26,pepper,Wasa Amenfi,Asankragua Market (Wasa Amenfi),7.52,GHS,WFP-GIEWS-Ghana
2018-03-05,pepper,Wasa Amenfi,Asankragua Market (Wasa Amenfi),6.14,GHS,WFP-GIEWS-Ghana
2018-03-12,pepper,Wasa Amenfi,Asankragua Market (Wasa Amenfi),6.42,GHS,WFP-GIEWS-Ghana
2018-03-19,pepper,Wasa Amenfi,Asankragua Market (Wasa Amenfi),6.08,GHS,WFP-GIEWS-Ghana
2018-03-26,pepper,Wasa Amenfi,Asankragua Market (Wasa Amenfi),6.66,GHS,WFP-GIEWS-Ghana
2018-04-02,pepper,Wasa Amenfi,Asankragua Market (Wasa Amenfi),6.62,GHS,WFP-GIEWS-Ghana
2018-04-09,pepper,Wasa Amenfi,Asankragua Market (Wasa Amenfi),6.44,GHS,WFP-GIEWS-Ghana
2018-04-16,pepper,Wasa Amenfi,Asankragua Market (Wasa Amenfi),6.48,GHS,WFP-GIEWS-Ghana
2018-04-23,pepper,Wasa Amenfi,Asankragua Market (Wasa Amenfi),6.71,GHS,WFP-GIEWS-Ghana
2018-04-30,pepper,Wasa Amenfi,Asankragua Market (Wasa Amenfi),6.21,GHS,WFP-GIEWS-Ghana
2018-05-07,pepper,Wasa Amenfi,Asankragua Market (Wasa Amenfi),6.6,GHS,WFP-GIEWS-Ghana
2018-05-14,pepper,Wasa Amenfi,Asankragua Market (Wasa Amenfi),6.73,GHS,WFP-GIEWS-Ghana
2018-05-21,pepper,Wasa Amenfi,Asankragua Market (Wasa Amenfi),6.08,GHS,WFP-GIEWS-Ghana
2018-05-28,pepper,Wasa Amenfi,Asankragua Market (Wasa Amenfi),6.73,GHS,WFP-GIEWS-Ghana
2018-06-04,pepper,Wasa Amenfi,Asankragua Market (Wasa Amenfi),6.68,GHS,WFP-GIEWS-Ghana
2018-06-11,pepper,Wasa Amenfi,Asankragua Market (Wasa Amenfi),7.13,GHS,WFP-GIEWS-Ghana
2018-06-18,pepper,Wasa Amenfi,Asankragua Market (Wasa Amenfi),6.83,GHS,WFP-GIEWS-Ghana
2018-06-25,pepper,Wasa Amenfi,Asankragua Market (Wasa Amenfi),7.57,GHS,WFP-GIEWS-Ghana
2018-07-02,pepper,Wasa Amenfi,Asankragua Market (Wasa Amenfi),7.7,GHS,WFP-GIEWS-Ghana
2018-07-09,pepper,Wasa Amenfi,Asankragua Market (Wasa Amenfi),7.54,GHS,WFP-GIEWS-Ghana
2018-07-16,pepper,Wasa Amenfi,Asankragua Market (Wasa Amenfi),8.12,GHS,WFP-GIEWS-Ghana
2018-07-23,pepper,Wasa Amenfi,Asankragua Market (Wasa Amenfi),7.94,GHS,WFP-GIEWS-Ghana
2018-07-30,pepper,Wasa Amenfi,Asankragua Market (Wasa Amenfi),7.59,GHS,WFP-GIEWS-Ghana
2018-08-06,pepper,Wasa Amenfi,Asankragua Market (Wasa Amenfi),8.3,GHS,WFP-GIEWS-Ghana
2018-08-13,pepper,Wasa Amenfi,Asankragua Market (Wasa Amenfi),7.48,GHS,WFP-GIEWS-Ghana
2018-08-20,pepper,Wasa Amenfi,Asankragua Market (Wasa Amenfi),7.79,GHS,WFP-GIEWS-Ghana
2018-08-27,pepper,Wasa Amenfi,Asankragua Market (Wasa Amenfi),7.94,GHS,WFP-GIEWS-Ghana
2018-09-03,pepper,Wasa Amenfi,Asankragua Market (Wasa Amenfi),7.54,GHS,WFP-GIEWS-Ghana
2018-09-10,pepper,Wasa Amenfi,Asankragua Market (Wasa Amenfi),7.68,GHS,WFP-GIEWS-Ghana
2018-09-17,pepper,Wasa Amenfi,Asankragua Market (Wasa Amenfi),7.63,GHS,WFP-GIEWS-Ghana
2018-09-24,pepper,Wasa Amenfi,Asankragua Market (Wasa Amenfi),7.26,GHS,WFP-GIEWS-Ghana
2018-10-01,pepper,Wasa Amenfi,Asankragua Market (Wasa Amenfi),5.64,GHS,WFP-GIEWS-Ghana
2018-10-08,pepper,Wasa Amenfi,Asankragua Market (Wasa Amenfi),6.35,GHS,WFP-GIEWS-Ghana
2018-10-15,pepper,Wasa Amenfi,Asankragua Market (Wasa Amenfi),6.62,GHS,WFP-GIEWS-Ghana
2018-10-22,pepper,Wasa Amenfi,Asankragua Market (Wasa Amenfi),6.56,GHS,WFP-GIEWS-Ghana
2018-10-29,pepper,Wasa Amenfi,Asankragua Market (Wasa Amenfi),6.36,GHS,WFP-GIEWS-Ghana
2018-11-05,pepper,Wasa Amenfi,Asankragua Market (Wasa Amenfi),5.99,GHS,WFP-GIEWS-Ghana
2018-11-12,pepper,Wasa Amenfi,Asankragua Market (Wasa Amenfi),6.16,GHS,WFP-GIEWS-Ghana
2018-11-19,pepper,Wasa Amenfi,Asankragua Market (Wasa Amenfi),6.77,GHS,WFP-GIEWS-Ghana
2018-11-26,pepper,Wasa Amenfi,Asankragua Market (Wasa Amenfi),5.93,GHS,WFP-GIEWS-Ghana
2018-12-03,pepper,Wasa Amenfi,Asankragua Market (Wasa Amenfi),6.04,GHS,WFP-GIEWS-Ghana
2018-12-10,pepper,Wasa Amenfi,Asankragua Market (Wasa Amenfi),6.57,GHS,WFP-GIEWS-Ghana
2018-12-17,pepper,Wasa Amenfi,Asankragua Market (Wasa Amenfi),6.22,GHS,WFP-GIEWS-Ghana
2018-12-24,pepper,Wasa Amenfi,Asankragua Market (Wasa Amenfi),6.03,GHS,WFP-GIEWS-Ghana
2018-12-31,pepper,Wasa Amenfi,Asankragua Market (Wasa Amenfi),6.72,GHS,WFP-GIEWS-Ghana
2019-01-07,pepper,Wasa Amenfi,Asankragua Market (Wasa Amenfi),8.24,GHS,WFP-GIEWS-Ghana
2019-01-14,pepper,Wasa Amenfi,Asankragua Market (Wasa Amenfi),7.97,GHS,WFP-GIEWS-Ghana
2019-01-21,pepper,Wasa Amenfi,Asankragua Market (Wasa Amenfi),7.72,GHS,WFP-GIEWS-Ghana
2019-01-28,pepper,Wasa Amenfi,Asankragua Market (Wasa Amenfi),8.76,GHS,WFP-GIEWS-Ghana
2019-02-04,pepper,Wasa Amenfi,Asankragua Market (Wasa Amenfi),8.14,GHS,WFP-GIEWS-Ghana
2019-02-11,pepper,Wasa Amenfi,Asankragua Market (Wasa Amenfi),8.6,GHS,WFP-GIEWS-Ghana
2019-02-18,pepper,Wasa Amenfi,Asankragua Market (Wasa Amenfi),8.44,GHS,WFP-GIEWS-Ghana
2019-02-25,pepper,Wasa Amenfi,Asankragua Market (Wasa Amenfi),7.98,GHS,WFP-GIEWS-Ghana
2019-03-04,pepper,Wasa Amenfi,Asankragua Market (Wasa Amenfi),6.84,GHS,WFP-GIEWS-Ghana
2019-03-11,pepper,Wasa Amenfi,Asankragua Market (Wasa Amenfi),7.39,GHS,WFP-GIEWS-Ghana
2019-03-18,pepper,Wasa Amenfi,Asankragua Market (Wasa Amenfi),7.39,GHS,WFP-GIEWS-Ghana
2019-03-25,pepper,Wasa Amenfi,Asankragua Market (Wasa Amenfi),6.46,GHS,WFP-GIEWS-Ghana
2019-04-01,pepper,Wasa Amenfi,Asankragua Market (Wasa Amenfi),7.18,GHS,WFP-GIEWS-Ghana
2019-04-08,pepper,Wasa Amenfi,Asankragua Market (Wasa Amenfi),6.99,GHS,WFP-GIEWS-Ghana
2019-04-15,pepper,Wasa Amenfi,Asankragua Market (Wasa Amenfi),6.74,GHS,WFP-GIEWS-Ghana
2019-04-22,pepper,Wasa Amenfi,Asankragua Market (Wasa Amenfi),7.1,GHS,WFP-GIEWS-Ghana
2019-04-29,pepper,Wasa Amenfi,Asankragua Market (Wasa Amenfi),6.65,GHS,WFP-GIEWS-Ghana
2019-05-06,pepper,Wasa Amenfi,Asankragua Market (Wasa Amenfi),6.94,GHS,WFP-GIEWS-Ghana
2019-05-13,pepper,Wasa Amenfi,Asankragua Market (Wasa Amenfi),6.85,GHS,WFP-GIEWS-Ghana
2019-05-20,pepper,Wasa Amenfi,Asankragua Market (Wasa Amenfi),6.93,GHS,WFP-GIEWS-Ghana
2019-05-27,pepper,Wasa Amenfi,Asankragua Market (Wasa Amenfi),7.05,GHS,WFP-GIEWS-Ghana
2019-06-03,pepper,Wasa Amenfi,Asankragua Market (Wasa Amenfi),7.42,GHS,WFP-GIEWS-Ghana
2019-06-10,pepper,Wasa Amenfi,Asankragua Market (Wasa Amenfi),8.22,GHS,WFP-GIEWS-Ghana
2019-06-17,pepper,Wasa Amenfi,Asankragua Market (Wasa Amenfi),7.89,GHS,WFP-GIEWS-Ghana
2019-06-24,pepper,Wasa Amenfi,Asankragua Market (Wasa Amenfi),8.29,GHS,WFP-GIEWS-Ghana
2019-07-01,pepper,Wasa Amenfi,Asankragua Market (Wasa Amenfi),8.67,GHS,WFP-GIEWS-Ghana
2019-07-08,pepper,Wasa Amenfi,Asankragua Market (Wasa Amenfi),8.53,GHS,WFP-GIEWS-Ghana
2019-07-15,pepper,Wasa Amenfi,Asankragua Market (Wasa Amenfi),9.34,GHS,WFP-GIEWS-Ghana
2019-07-22,pepper,Wasa Amenfi,Asankragua Market (Wasa Amenfi),8.52,GHS,WFP-GIEWS-Ghana
2019-07-29,pepper,Wasa Amenfi,Asankragua Market (Wasa Amenfi),8.66,GHS,WFP-GIEWS-Ghana
2019-08-05,pepper,Wasa Amenfi,Asankragua Market (Wasa Amenfi),9.03,GHS,WFP-GIEWS-Ghana
2019-08-12,pepper,Wasa Amenfi,Asankragua Market (Wasa Amenfi),8.34,GHS,WFP-GIEWS-Ghana
2019-08-19,pepper,Wasa Amenfi,Asankragua Market (Wasa Amenfi),9.03,GHS,WFP-GIEWS-Ghana
2019-08-26,pepper,Wasa Amenfi,Asankragua Market (Wasa Amenfi),8.98,GHS,WFP-GIEWS-Ghana
2019-09-02,pepper,Wasa Amenfi,Asankragua Market (Wasa Amenfi),8.29,GHS,WFP-GIEWS-Ghana
2019-09-09,pepper,Wasa Amenfi,Asankragua Market (Wasa Amenfi),8.17,GHS,WFP-GIEWS-Ghana
2019-09-16,pepper,Wasa Amenfi,Asankragua Market (Wasa Amenfi),8.3,GHS,WFP-GIEWS-Ghana
2019-09-23,pepper,Wasa Amenfi,Asankragua Market (Wasa Amenfi),7.85,GHS,WFP-GIEWS-Ghana
2019-09-30,pepper,Wasa Amenfi,Asankragua Market (Wasa Amenfi),7.62,GHS,WFP-GIEWS-Ghana
2019-10-07,pepper,Wasa Amenfi,Asankragua Market (Wasa Amenfi),7.32,GHS,WFP-GIEWS-Ghana
2019-10-14,pepper,Wasa Amenfi,Asankragua Market (Wasa Amenfi),6.34,GHS,WFP-GIEWS-Ghana
2019-10-21,pepper,Wasa Amenfi,Asankragua Market (Wasa Amenfi),6.36,GHS,WFP-GIEWS-Ghana
2019-10-28,pepper,Wasa Amenfi,Asankragua Market (Wasa Amenfi),6.9,GHS,WFP-GIEWS-Ghana
2019-11-04,pepper,Wasa Amenfi,Asankragua Market (Wasa Amenfi),7.23,GHS,WFP-GIEWS-Ghana
2019-11-11,pepper,Wasa Amenfi,Asankragua Market (Wasa Amenfi),6.84,GHS,WFP-GIEWS-Ghana
2019-11-18,pepper,Wasa Amenfi,Asankragua Market (Wasa Amenfi),7.06,GHS,WFP-GIEWS-Ghana
2019-11-25,pepper,Wasa Amenfi,Asankragua Market (Wasa Amenfi),6.25,GHS,WFP-GIEWS-Ghana
2019-12-02,pepper,Wasa Amenfi,Asankragua Market (Wasa Amenfi),6.7,GHS,WFP-GIEWS-Ghana
2019-12-09,pepper,Wasa Amenfi,Asankragua Market (Wasa Amenfi),6.32,GHS,WFP-GIEWS-Ghana
2019-12-16,pepper,Wasa Amenfi,Asankragua Market (Wasa Amenfi),7.05,GHS,WFP-GIEWS-Ghana
2019-12-23,pepper,Wasa Amenfi,Asankragua Market (Wasa Amenfi),6.41,GHS,WFP-GIEWS-Ghana
2019-12-30,pepper,Wasa Amenfi,Asankragua Market (Wasa Amenfi),6.49,GHS,WFP-GIEWS-Ghana
2020-01-06,pepper,Wasa Amenfi,Asankragua Market (Wasa Amenfi),8.92,GHS,WFP-GIEWS-Ghana
2020-01-13,pepper,Wasa Amenfi,Asankragua Market (Wasa Amenfi),9.11,GHS,WFP-GIEWS-Ghana
2020-01-20,pepper,Wasa Amenfi,Asankragua Market (Wasa Amenfi),8.68,GHS,WFP-GIEWS-Ghana
2020-01-27,pepper,Wasa Amenfi,Asankragua Market (Wasa Amenfi),8.94,GHS,WFP-GIEWS-Ghana
2020-02-03,pepper,Wasa Amenfi,Asankragua Market (Wasa Amenfi),8.99,GHS,WFP-GIEWS-Ghana
2020-02-10,pepper,Wasa Amenfi,Asankragua Market (Wasa Amenfi),8.72,GHS,WFP-GIEWS-Ghana
2020-02-17,pepper,Wasa Amenfi,Asankragua Market (Wasa Amenfi),8.41,GHS,WFP-GIEWS-Ghana
2020-02-24,pepper,Wasa Amenfi,Asankragua Market (Wasa Amenfi),9.0,GHS,WFP-GIEWS-Ghana
2020-03-02,pepper,Wasa Amenfi,Asankragua Market (Wasa Amenfi),7.73,GHS,WFP-GIEWS-Ghana
2020-03-09,pepper,Wasa Amenfi,Asankragua Market (Wasa Amenfi),7.81,GHS,WFP-GIEWS-Ghana
2020-03-16,pepper,Wasa Amenfi,Asankragua Market (Wasa Amenfi),7.64,GHS,WFP-GIEWS-Ghana
2020-03-23,pepper,Wasa Amenfi,Asankragua Market (Wasa Amenfi),7.19,GHS,WFP-GIEWS-Ghana
2020-03-30,pepper,Wasa Amenfi,Asankragua Market (Wasa Amenfi),7.75,GHS,WFP-GIEWS-Ghana
2020-04-06,pepper,Wasa Amenfi,Asankragua Market (Wasa Amenfi),7.59,GHS,WFP-GIEWS-Ghana
2020-04-13,pepper,Wasa Amenfi,Asankragua Market (Wasa Amenfi),7.44,GHS,WFP-GIEWS-Ghana
2020-04-20,pepper,Wasa Amenfi,Asankragua Market (Wasa Amenfi),7.5,GHS,WFP-GIEWS-Ghana
2020-04-27,pepper,Wasa Amenfi,Asankragua Market (Wasa Amenfi),7.38,GHS,WFP-GIEWS-Ghana
2020-05-04,pepper,Wasa Amenfi,Asankragua Market (Wasa Amenfi),7.91,GHS,WFP-GIEWS-Ghana
2020-05-11,pepper,Wasa Amenfi,Asankragua Market (Wasa Amenfi),7.21,GHS,WFP-GIEWS-Ghana
2020-05-18,pepper,Wasa Amenfi,Asankragua Market (Wasa Amenfi),7.34,GHS,WFP-GIEWS-Ghana
2020-05-25,pepper,Wasa Amenfi,Asankragua Market (Wasa Amenfi),7.54,GHS,WFP-GIEWS-Ghana
2020-06-01,pepper,Wasa Amenfi,Asankragua Market (Wasa Amenfi),8.9,GHS,WFP-GIEWS-Ghana
2020-06-08,pepper,Wasa Amenfi,Asankragua Market (Wasa Amenfi),8.71,GHS,WFP-GIEWS-Ghana
2020-06-15,pepper,Wasa Amenfi,Asankragua Market (Wasa Amenfi),7.81,GHS,WFP-GIEWS-Ghana
2020-06-22,pepper,Wasa Amenfi,Asankragua Market (Wasa Amenfi),8.81,GHS,WFP-GIEWS-Ghana
2020-06-29,pepper,Wasa Amenfi,Asankragua Market (Wasa Amenfi),8.81,GHS,WFP-GIEWS-Ghana
2020-07-06,pepper,Wasa Amenfi,Asankragua Market (Wasa Amenfi),8.98,GHS,WFP-GIEWS-Ghana
2020-07-13,pepper,Wasa Amenfi,Asankragua Market (Wasa Amenfi),8.47,GHS,WFP-GIEWS-Ghana
2020-07-20,pepper,Wasa Amenfi,Asankragua Market (Wasa Amenfi),9.39,GHS,WFP-GIEWS-Ghana
2020-07-27,pepper,Wasa Amenfi,Asankragua Market (Wasa Amenfi),9.84,GHS,WFP-GIEWS-Ghana
2020-08-03,pepper,Wasa Amenfi,Asankragua Market (Wasa Amenfi),10.08,GHS,WFP-GIEWS-Ghana
2020-08-10,pepper,Wasa Amenfi,Asankragua Market (Wasa Amenfi),9.15,GHS,WFP-GIEWS-Ghana
2020-08-17,pepper,Wasa Amenfi,Asankragua Market (Wasa Amenfi),10.14,GHS,WFP-GIEWS-Ghana
2020-08-24,pepper,Wasa Amenfi,Asankragua Market (Wasa Amenfi),8.64,GHS,WFP-GIEWS-Ghana
2020-08-31,pepper,Wasa Amenfi,Asankragua Market (Wasa Amenfi),9.34,GHS,WFP-GIEWS-Ghana
2020-09-07,pepper,Wasa Amenfi,Asankragua Market (Wasa Amenfi),8.38,GHS,WFP-GIEWS-Ghana
2020-09-14,pepper,Wasa Amenfi,Asankragua Market (Wasa Amenfi),8.91,GHS,WFP-GIEWS-Ghana
2020-09-21,pepper,Wasa Amenfi,Asankragua Market (Wasa Amenfi),8.96,GHS,WFP-GIEWS-Ghana
2020-09-28,pepper,Wasa Amenfi,Asankragua Market (Wasa Amenfi),8.84,GHS,WFP-GIEWS-Ghana
2020-10-05,pepper,Wasa Amenfi,Asankragua Market (Wasa Amenfi),6.89,GHS,WFP-GIEWS-Ghana
2020-10-12,pepper,Wasa Amenfi,Asankragua Market (Wasa Amenfi),7.54,GHS,WFP-GIEWS-Ghana
2020-10-19,pepper,Wasa Amenfi,Asankragua Market (Wasa Amenfi),7.44,GHS,WFP-GIEWS-Ghana
2020-10-26,pepper,Wasa Amenfi,Asankragua Market (Wasa Amenfi),6.8,GHS,WFP-GIEWS-Ghana
2020-11-02,pepper,Wasa Amenfi,Asankragua Market (Wasa Amenfi),6.73,GHS,WFP-GIEWS-Ghana
2020-11-09,pepper,Wasa Amenfi,Asankragua Market (Wasa Amenfi),7.64,GHS,WFP-GIEWS-Ghana
2020-11-16,pepper,Wasa Amenfi,Asankragua Market (Wasa Amenfi),7.28,GHS,WFP-GIEWS-Ghana
2020-11-23,pepper,Wasa Amenfi,Asankragua Market (Wasa Amenfi),6.96,GHS,WFP-GIEWS-Ghana
2020-11-30,pepper,Wasa Amenfi,Asankragua Market (Wasa Amenfi),7.27,GHS,WFP-GIEWS-Ghana
2020-12-07,pepper,Wasa Amenfi,Asankragua Market (Wasa Amenfi),7.49,GHS,WFP-GIEWS-Ghana
2020-12-14,pepper,Wasa Amenfi,Asankragua Market (Wasa Amenfi),7.36,GHS,WFP-GIEWS-Ghana
2020-12-21,pepper,Wasa Amenfi,Asankragua Market (Wasa Amenfi),6.92,GHS,WFP-GIEWS-Ghana
2020-12-28,pepper,Wasa Amenfi,Asankragua Market (Wasa Amenfi),7.94,GHS,WFP-GIEWS-Ghana
2021-01-04,pepper,Wasa Amenfi,Asankragua Market (Wasa Amenfi),9.82,GHS,WFP-GIEWS-Ghana
2021-01-11,pepper,Wasa Amenfi,Asankragua Market (Wasa Amenfi),9.31,GHS,WFP-GIEWS-Ghana
2021-01-18,pepper,Wasa Amenfi,Asankragua Market (Wasa Amenfi),9.33,GHS,WFP-GIEWS-Ghana
2021-01-25,pepper,Wasa Amenfi,Asankragua Market (Wasa Amenfi),9.58,GHS,WFP-GIEWS-Ghana
2021-02-01,pepper,Wasa Amenfi,Asankragua Market (Wasa Amenfi),9.07,GHS,WFP-GIEWS-Ghana
2021-02-08,pepper,Wasa Amenfi,Asankragua Market (Wasa Amenfi),9.62,GHS,WFP-GIEWS-Ghana
2021-02-15,pepper,Wasa Amenfi,Asankragua Market (Wasa Amenfi),8.99,GHS,WFP-GIEWS-Ghana
2021-02-22,pepper,Wasa Amenfi,Asankragua Market (Wasa Amenfi),9.47,GHS,WFP-GIEWS-Ghana
2021-03-01,pepper,Wasa Amenfi,Asankragua Market (Wasa Amenfi),7.76,GHS,WFP-GIEWS-Ghana
2021-03-08,pepper,Wasa Amenfi,Asankragua Market (Wasa Amenfi),7.78,GHS,WFP-GIEWS-Ghana
2021-03-15,pepper,Wasa Amenfi,Asankragua Market (Wasa Amenfi),8.68,GHS,WFP-GIEWS-Ghana
2021-03-22,pepper,Wasa Amenfi,Asankragua Market (Wasa Amenfi),8.16,GHS,WFP-GIEWS-Ghana
2021-03-29,pepper,Wasa Amenfi,Asankragua Market (Wasa Amenfi),8.21,GHS,WFP-GIEWS-Ghana
2021-04-05,pepper,Wasa Amenfi,Asankragua Market (Wasa Amenfi),7.54,GHS,WFP-GIEWS-Ghana
2021-04-12,pepper,Wasa Amenfi,Asankragua Market (Wasa Amenfi),8.0,GHS,WFP-GIEWS-Ghana
2021-04-19,pepper,Wasa Amenfi,Asankragua Market (Wasa Amenfi),8.35,GHS,WFP-GIEWS-Ghana
2021-04-26,pepper,Wasa Amenfi,Asankragua Market (Wasa Amenfi),8.26,GHS,WFP-GIEWS-Ghana
2021-05-03,pepper,Wasa Amenfi,Asankragua Market (Wasa Amenfi),7.54,GHS,WFP-GIEWS-Ghana
2021-05-10,pepper,Wasa Amenfi,Asankragua Market (Wasa Amenfi),8.32,GHS,WFP-GIEWS-Ghana
2021-05-17,pepper,Wasa Amenfi,Asankragua Market (Wasa Amenfi),8.37,GHS,WFP-GIEWS-Ghana
2021-05-24,pepper,Wasa Amenfi,Asankragua Market (Wasa Amenfi),8.67,GHS,WFP-GIEWS-Ghana
2021-05-31,pepper,Wasa Amenfi,Asankragua Market (Wasa Amenfi),8.03,GHS,WFP-GIEWS-Ghana
2021-06-07,pepper,Wasa Amenfi,Asankragua Market (Wasa Amenfi),8.22,GHS,WFP-GIEWS-Ghana
2021-06-14,pepper,Wasa Amenfi,Asankragua Market (Wasa Amenfi),8.67,GHS,WFP-GIEWS-Ghana
2021-06-21,pepper,Wasa Amenfi,Asankragua Market (Wasa Amenfi),8.63,GHS,WFP-GIEWS-Ghana
2021-06-28,pepper,Wasa Amenfi,Asankragua Market (Wasa Amenfi),9.29,GHS,WFP-GIEWS-Ghana
2021-07-05,pepper,Wasa Amenfi,Asankragua Market (Wasa Amenfi),9.07,GHS,WFP-GIEWS-Ghana
2021-07-12,pepper,Wasa Amenfi,Asankragua Market (Wasa Amenfi),9.99,GHS,WFP-GIEWS-Ghana
2021-07-19,pepper,Wasa Amenfi,Asankragua Market (Wasa Amenfi),10.75,GHS,WFP-GIEWS-Ghana
2021-07-26,pepper,Wasa Amenfi,Asankragua Market (Wasa Amenfi),10.18,GHS,WFP-GIEWS-Ghana
2021-08-02,pepper,Wasa Amenfi,Asankragua Market (Wasa Amenfi),10.61,GHS,WFP-GIEWS-Ghana
2021-08-09,pepper,Wasa Amenfi,Asankragua Market (Wasa Amenfi),9.57,GHS,WFP-GIEWS-Ghana
2021-08-16,pepper,Wasa Amenfi,Asankragua Market (Wasa Amenfi),9.58,GHS,WFP-GIEWS-Ghana
2021-08-23,pepper,Wasa Amenfi,Asankragua Market (Wasa Amenfi),10.83,GHS,WFP-GIEWS-Ghana
2021-08-30,pepper,Wasa Amenfi,Asankragua Market (Wasa Amenfi),10.28,GHS,WFP-GIEWS-Ghana
2021-09-06,pepper,Wasa Amenfi,Asankragua Market (Wasa Amenfi),9.24,GHS,WFP-GIEWS-Ghana
2021-09-13,pepper,Wasa Amenfi,Asankragua Market (Wasa Amenfi),8.79,GHS,WFP-GIEWS-Ghana
2021-09-20,pepper,Wasa Amenfi,Asankragua Market (Wasa Amenfi),9.24,GHS,WFP-GIEWS-Ghana
2021-09-27,pepper,Wasa Amenfi,Asankragua Market (Wasa Amenfi),8.78,GHS,WFP-GIEWS-Ghana
2021-10-04,pepper,Wasa Amenfi,Asankragua Market (Wasa Amenfi),8.24,GHS,WFP-GIEWS-Ghana
2021-10-11,pepper,Wasa Amenfi,Asankragua Market (Wasa Amenfi),8.73,GHS,WFP-GIEWS-Ghana
2021-10-18,pepper,Wasa Amenfi,Asankragua Market (Wasa Amenfi),8.02,GHS,WFP-GIEWS-Ghana
2021-10-25,pepper,Wasa Amenfi,Asankragua Market (Wasa Amenfi),7.67,GHS,WFP-GIEWS-Ghana
2021-11-01,pepper,Wasa Amenfi,Asankragua Market (Wasa Amenfi),7.12,GHS,WFP-GIEWS-Ghana
2021-11-08,pepper,Wasa Amenfi,Asankragua Market (Wasa Amenfi),7.39,GHS,WFP-GIEWS-Ghana
2021-11-15,pepper,Wasa Amenfi,Asankragua Market (Wasa Amenfi),8.41,GHS,WFP-GIEWS-Ghana
2021-11-22,pepper,Wasa Amenfi,Asankragua Market (Wasa Amenfi),7.6,GHS,WFP-GIEWS-Ghana
2021-11-29,pepper,Wasa Amenfi,Asankragua Market (Wasa Amenfi),7.8,GHS,WFP-GIEWS-Ghana
2021-12-06,pepper,Wasa Amenfi,Asankragua Market (Wasa Amenfi),8.18,GHS,WFP-GIEWS-Ghana
2021-12-13,pepper,Wasa Amenfi,Asankragua Market (Wasa Amenfi),8.45,GHS,WFP-GIEWS-Ghana
2021-12-20,pepper,Wasa Amenfi,Asankragua Market (Wasa Amenfi),7.91,GHS,WFP-GIEWS-Ghana
2021-12-27,pepper,Wasa Amenfi,Asankragua Market (Wasa Amenfi),7.84,GHS,WFP-GIEWS-Ghana
2022-01-03,pepper,Wasa Amenfi,Asankragua Market (Wasa Amenfi),10.22,GHS,WFP-GIEWS-Ghana
2022-01-10,pepper,Wasa Amenfi,Asankragua Market (Wasa Amenfi),9.94,GHS,WFP-GIEWS-Ghana
2022-01-17,pepper,Wasa Amenfi,Asankragua Market (Wasa Amenfi),9.96,GHS,WFP-GIEWS-Ghana
2022-01-24,pepper,Wasa Amenfi,Asankragua Market (Wasa Amenfi),10.36,GHS,WFP-GIEWS-Ghana
2022-01-31,pepper,Wasa Amenfi,Asankragua Market (Wasa Amenfi),10.27,GHS,WFP-GIEWS-Ghana
2022-02-07,pepper,Wasa Amenfi,Asankragua Market (Wasa Amenfi),11.14,GHS,WFP-GIEWS-Ghana
2022-02-14,pepper,Wasa Amenfi,Asankragua Market (Wasa Amenfi),10.44,GHS,WFP-GIEWS-Ghana
2022-02-21,pepper,Wasa Amenfi,Asankragua Market (Wasa Amenfi),10.73,GHS,WFP-GIEWS-Ghana
2022-02-28,pepper,Wasa Amenfi,Asankragua Market (Wasa Amenfi),9.82,GHS,WFP-GIEWS-Ghana
2022-03-07,pepper,Wasa Amenfi,Asankragua Market (Wasa Amenfi),8.98,GHS,WFP-GIEWS-Ghana
2022-03-14,pepper,Wasa Amenfi,Asankragua Market (Wasa Amenfi),8.54,GHS,WFP-GIEWS-Ghana
2022-03-21,pepper,Wasa Amenfi,Asankragua Market (Wasa Amenfi),8.94,GHS,WFP-GIEWS-Ghana
2022-03-28,pepper,Wasa Amenfi,Asankragua Market (Wasa Amenfi),9.04,GHS,WFP-GIEWS-Ghana
2022-04-04,pepper,Wasa Amenfi,Asankragua Market (Wasa Amenfi),8.87,GHS,WFP-GIEWS-Ghana
2022-04-11,pepper,Wasa Amenfi,Asankragua Market (Wasa Amenfi),9.71,GHS,WFP-GIEWS-Ghana
2022-04-18,pepper,Wasa Amenfi,Asankragua Market (Wasa Amenfi),9.36,GHS,WFP-GIEWS-Ghana
2022-04-25,pepper,Wasa Amenfi,Asankragua Market (Wasa Amenfi),9.27,GHS,WFP-GIEWS-Ghana
2022-05-02,pepper,Wasa Amenfi,Asankragua Market (Wasa Amenfi),9.18,GHS,WFP-GIEWS-Ghana
2022-05-09,pepper,Wasa Amenfi,Asankragua Market (Wasa Amenfi),9.54,GHS,WFP-GIEWS-Ghana
2022-05-16,pepper,Wasa Amenfi,Asankragua Market (Wasa Amenfi),8.4,GHS,WFP-GIEWS-Ghana
2022-05-23,pepper,Wasa Amenfi,Asankragua Market (Wasa Amenfi),9.4,GHS,WFP-GIEWS-Ghana
2022-05-30,pepper,Wasa Amenfi,Asankragua Market (Wasa Amenfi),8.56,GHS,WFP-GIEWS-Ghana
2022-06-06,pepper,Wasa Amenfi,Asankragua Market (Wasa Amenfi),9.53,GHS,WFP-GIEWS-Ghana
2022-06-13,pepper,Wasa Amenfi,Asankragua Market (Wasa Amenfi),9.97,GHS,WFP-GIEWS-Ghana
2022-06-20,pepper,Wasa Amenfi,Asankragua Market (Wasa Amenfi),10.23,GHS,WFP-GIEWS-Ghana
2022-06-27,pepper,Wasa Amenfi,Asankragua Market (Wasa Amenfi),9.3,GHS,WFP-GIEWS-Ghana
2022-07-04,pepper,Wasa Amenfi,Asankragua Market (Wasa Amenfi),10.76,GHS,WFP-GIEWS-Ghana
2022-07-11,pepper,Wasa Amenfi,Asankragua Market (Wasa Amenfi),11.03,GHS,WFP-GIEWS-Ghana
2022-07-18,pepper,Wasa Amenfi,Asankragua Market (Wasa Amenfi),10.91,GHS,WFP-GIEWS-Ghana
2022-07-25,pepper,Wasa Amenfi,Asankragua Market (Wasa Amenfi),11.36,GHS,WFP-GIEWS-Ghana
2022-08-01,pepper,Wasa Amenfi,Asankragua Market (Wasa Amenfi),12.58,GHS,WFP-GIEWS-Ghana
2022-08-08,pepper,Wasa Amenfi,Asankragua Market (Wasa Amenfi),11.24,GHS,WFP-GIEWS-Ghana
2022-08-15,pepper,Wasa Amenfi,Asankragua Market (Wasa Amenfi),10.73,GHS,WFP-GIEWS-Ghana
2022-08-22,pepper,Wasa Amenfi,Asankragua Market (Wasa Amenfi),10.48,GHS,WFP-GIEWS-Ghana
2022-08-29,pepper,Wasa Amenfi,Asankragua Market (Wasa Amenfi),10.91,GHS,WFP-GIEWS-Ghana
2022-09-05,pepper,Wasa Amenfi,Asankragua Market (Wasa Amenfi),9.56,GHS,WFP-GIEWS-Ghana
2022-09-12,pepper,Wasa Amenfi,Asankragua Market (Wasa Amenfi),10.12,GHS,WFP-GIEWS-Ghana
2022-09-19,pepper,Wasa Amenfi,Asankragua Market (Wasa Amenfi),10.12,GHS,WFP-GIEWS-Ghana
2022-09-26,pepper,Wasa Amenfi,Asankragua Market (Wasa Amenfi),9.75,GHS,WFP-GIEWS-Ghana
2022-10-03,pepper,Wasa Amenfi,Asankragua Market (Wasa Amenfi),9.18,GHS,WFP-GIEWS-Ghana
2022-10-10,pepper,Wasa Amenfi,Asankragua Market (Wasa Amenfi),8.25,GHS,WFP-GIEWS-Ghana
2022-10-17,pepper,Wasa Amenfi,Asankragua Market (Wasa Amenfi),8.46,GHS,WFP-GIEWS-Ghana
2022-10-24,pepper,Wasa Amenfi,Asankragua Market (Wasa Amenfi),8.72,GHS,WFP-GIEWS-Ghana
2022-10-31,pepper,Wasa Amenfi,Asankragua Market (Wasa Amenfi),8.8,GHS,WFP-GIEWS-Ghana
2022-11-07,pepper,Wasa Amenfi,Asankragua Market (Wasa Amenfi),8.99,GHS,WFP-GIEWS-Ghana
2022-11-14,pepper,Wasa Amenfi,Asankragua Market (Wasa Amenfi),8.7,GHS,WFP-GIEWS-Ghana
2022-11-21,pepper,Wasa Amenfi,Asankragua Market (Wasa Amenfi),8.91,GHS,WFP-GIEWS-Ghana
2022-11-28,pepper,Wasa Amenfi,Asankragua Market (Wasa Amenfi),8.33,GHS,WFP-GIEWS-Ghana
2022-12-05,pepper,Wasa Amenfi,Asankragua Market (Wasa Amenfi),8.93,GHS,WFP-GIEWS-Ghana
2022-12-12,pepper,Wasa Amenfi,Asankragua Market (Wasa Amenfi),8.92,GHS,WFP-GIEWS-Ghana
2022-12-19,pepper,Wasa Amenfi,Asankragua Market (Wasa Amenfi),9.13,GHS,WFP-GIEWS-Ghana
2022-12-26,pepper,Wasa Amenfi,Asankragua Market (Wasa Amenfi),8.04,GHS,WFP-GIEWS-Ghana
2023-01-02,pepper,Wasa Amenfi,Asankragua Market (Wasa Amenfi),10.61,GHS,WFP-GIEWS-Ghana
2023-01-09,pepper,Wasa Amenfi,Asankragua Market (Wasa Amenfi),11.37,GHS,WFP-GIEWS-Ghana
2023-01-16,pepper,Wasa Amenfi,Asankragua Market (Wasa Amenfi),9.84,GHS,WFP-GIEWS-Ghana
2023-01-23,pepper,Wasa Amenfi,Asankragua Market (Wasa Amenfi),11.23,GHS,WFP-GIEWS-Ghana
2023-01-30,pepper,Wasa Amenfi,Asankragua Market (Wasa Amenfi),11.48,GHS,WFP-GIEWS-Ghana
2023-02-06,pepper,Wasa Amenfi,Asankragua Market (Wasa Amenfi),10.83,GHS,WFP-GIEWS-Ghana
2023-02-13,pepper,Wasa Amenfi,Asankragua Market (Wasa Amenfi),10.89,GHS,WFP-GIEWS-Ghana
2023-02-20,pepper,Wasa Amenfi,Asankragua Market (Wasa Amenfi),10.61,GHS,WFP-GIEWS-Ghana
2023-02-27,pepper,Wasa Amenfi,Asankragua Market (Wasa Amenfi),10.85,GHS,WFP-GIEWS-Ghana
2023-03-06,pepper,Wasa Amenfi,Asankragua Market (Wasa Amenfi),9.31,GHS,WFP-GIEWS-Ghana
2023-03-13,pepper,Wasa Amenfi,Asankragua Market (Wasa Amenfi),9.24,GHS,WFP-GIEWS-Ghana
2023-03-20,pepper,Wasa Amenfi,Asankragua Market (Wasa Amenfi),9.22,GHS,WFP-GIEWS-Ghana
2023-03-27,pepper,Wasa Amenfi,Asankragua Market (Wasa Amenfi),9.4,GHS,WFP-GIEWS-Ghana
2023-04-03,pepper,Wasa Amenfi,Asankragua Market (Wasa Amenfi),9.45,GHS,WFP-GIEWS-Ghana
2023-04-10,pepper,Wasa Amenfi,Asankragua Market (Wasa Amenfi),10.28,GHS,WFP-GIEWS-Ghana
2023-04-17,pepper,Wasa Amenfi,Asankragua Market (Wasa Amenfi),9.41,GHS,WFP-GIEWS-Ghana
2023-04-24,pepper,Wasa Amenfi,Asankragua Market (Wasa Amenfi),9.69,GHS,WFP-GIEWS-Ghana
2023-05-01,pepper,Wasa Amenfi,Asankragua Market (Wasa Amenfi),9.4,GHS,WFP-GIEWS-Ghana
2023-05-08,pepper,Wasa Amenfi,Asankragua Market (Wasa Amenfi),9.4,GHS,WFP-GIEWS-Ghana
2023-05-15,pepper,Wasa Amenfi,Asankragua Market (Wasa Amenfi),8.97,GHS,WFP-GIEWS-Ghana
2023-05-22,pepper,Wasa Amenfi,Asankragua Market (Wasa Amenfi),9.02,GHS,WFP-GIEWS-Ghana
2023-05-29,pepper,Wasa Amenfi,Asankragua Market (Wasa Amenfi),9.16,GHS,WFP-GIEWS-Ghana
2023-06-05,pepper,Wasa Amenfi,Asankragua Market (Wasa Amenfi),10.6,GHS,WFP-GIEWS-Ghana
2023-06-12,pepper,Wasa Amenfi,Asankragua Market (Wasa Amenfi),10.98,GHS,WFP-GIEWS-Ghana
2023-06-19,pepper,Wasa Amenfi,Asankragua Market (Wasa Amenfi),9.77,GHS,WFP-GIEWS-Ghana
2023-06-26,pepper,Wasa Amenfi,Asankragua Market (Wasa Amenfi),10.3,GHS,WFP-GIEWS-Ghana
2023-07-03,pepper,Wasa Amenfi,Asankragua Market (Wasa Amenfi),11.22,GHS,WFP-GIEWS-Ghana
2023-07-10,pepper,Wasa Amenfi,Asankragua Market (Wasa Amenfi),11.74,GHS,WFP-GIEWS-Ghana
2023-07-17,pepper,Wasa Amenfi,Asankragua Market (Wasa Amenfi),12.38,GHS,WFP-GIEWS-Ghana
2023-07-24,pepper,Wasa Amenfi,Asankragua Market (Wasa Amenfi),11.65,GHS,WFP-GIEWS-Ghana
2023-07-31,pepper,Wasa Amenfi,Asankragua Market (Wasa Amenfi),11.84,GHS,WFP-GIEWS-Ghana
2023-08-07,pepper,Wasa Amenfi,Asankragua Market (Wasa Amenfi),12.64,GHS,WFP-GIEWS-Ghana
2023-08-14,pepper,Wasa Amenfi,Asankragua Market (Wasa Amenfi),12.16,GHS,WFP-GIEWS-Ghana
2023-08-21,pepper,Wasa Amenfi,Asankragua Market (Wasa Amenfi),11.58,GHS,WFP-GIEWS-Ghana
2023-08-28,pepper,Wasa Amenfi,Asankragua Market (Wasa Amenfi),12.02,GHS,WFP-GIEWS-Ghana
2023-09-04,pepper,Wasa Amenfi,Asankragua Market (Wasa Amenfi),10.38,GHS,WFP-GIEWS-Ghana
2023-09-11,pepper,Wasa Amenfi,Asankragua Market (Wasa Amenfi),10.91,GHS,WFP-GIEWS-Ghana
2023-09-18,pepper,Wasa Amenfi,Asankragua Market (Wasa Amenfi),10.95,GHS,WFP-GIEWS-Ghana
2023-09-25,pepper,Wasa Amenfi,Asankragua Market (Wasa Amenfi),10.14,GHS,WFP-GIEWS-Ghana
2023-10-02,pepper,Wasa Amenfi,Asankragua Market (Wasa Amenfi),9.24,GHS,WFP-GIEWS-Ghana
2023-10-09,pepper,Wasa Amenfi,Asankragua Market (Wasa Amenfi),9.14,GHS,WFP-GIEWS-Ghana
2023-10-16,pepper,Wasa Amenfi,Asankragua Market (Wasa Amenfi),9.38,GHS,WFP-GIEWS-Ghana
2023-10-23,pepper,Wasa Amenfi,Asankragua Market (Wasa Amenfi),9.49,GHS,WFP-GIEWS-Ghana
2023-10-30,pepper,Wasa Amenfi,Asankragua Market (Wasa Amenfi),9.36,GHS,WFP-GIEWS-Ghana
2023-11-06,pepper,Wasa Amenfi,Asankragua Market (Wasa Amenfi),9.13,GHS,WFP-GIEWS-Ghana
2023-11-13,pepper,Wasa Amenfi,Asankragua Market (Wasa Amenfi),9.58,GHS,WFP-GIEWS-Ghana
2023-11-20,pepper,Wasa Amenfi,Asankragua Market (Wasa Amenfi),8.92,GHS,WFP-GIEWS-Ghana
2023-11-27,pepper,Wasa Amenfi,Asankragua Market (Wasa Amenfi),8.75,GHS,WFP-GIEWS-Ghana
2023-12-04,pepper,Wasa Amenfi,Asankragua Market (Wasa Amenfi),8.11,GHS,WFP-GIEWS-Ghana
2023-12-11,pepper,Wasa Amenfi,Asankragua Market (Wasa Amenfi),9.27,GHS,WFP-GIEWS-Ghana
2023-12-18,pepper,Wasa Amenfi,Asankragua Market (Wasa Amenfi),8.99,GHS,WFP-GIEWS-Ghana
2023-12-25,pepper,Wasa Amenfi,Asankragua Market (Wasa Amenfi),9.45,GHS,WFP-GIEWS-Ghana
2024-01-01,pepper,Wasa Amenfi,Asankragua Market (Wasa Amenfi),10.95,GHS,WFP-GIEWS-Ghana
2024-01-08,pepper,Wasa Amenfi,Asankragua Market (Wasa Amenfi),11.58,GHS,WFP-GIEWS-Ghana
2024-01-15,pepper,Wasa Amenfi,Asankragua Market (Wasa Amenfi),12.11,GHS,WFP-GIEWS-Ghana
2024-01-22,pepper,Wasa Amenfi,Asankragua Market (Wasa Amenfi),11.4,GHS,WFP-GIEWS-Ghana
2024-01-29,pepper,Wasa Amenfi,Asankragua Market (Wasa Amenfi),12.09,GHS,WFP-GIEWS-Ghana
2024-02-05,pepper,Wasa Amenfi,Asankragua Market (Wasa Amenfi),11.7,GHS,WFP-GIEWS-Ghana
2024-02-12,pepper,Wasa Amenfi,Asankragua Market (Wasa Amenfi),11.95,GHS,WFP-GIEWS-Ghana
2024-02-19,pepper,Wasa Amenfi,Asankragua Market (Wasa Amenfi),12.25,GHS,WFP-GIEWS-Ghana
2024-02-26,pepper,Wasa Amenfi,Asankragua Market (Wasa Amenfi),12.42,GHS,WFP-GIEWS-Ghana
2024-03-04,pepper,Wasa Amenfi,Asankragua Market (Wasa Amenfi),10.3,GHS,WFP-GIEWS-Ghana
2024-03-11,pepper,Wasa Amenfi,Asankragua Market (Wasa Amenfi),9.93,GHS,WFP-GIEWS-Ghana
2024-03-18,pepper,Wasa Amenfi,Asankragua Market (Wasa Amenfi),10.07,GHS,WFP-GIEWS-Ghana
2024-03-25,pepper,Wasa Amenfi,Asankragua Market (Wasa Amenfi),10.52,GHS,WFP-GIEWS-Ghana
2024-04-01,pepper,Wasa Amenfi,Asankragua Market (Wasa Amenfi),9.9,GHS,WFP-GIEWS-Ghana
2024-04-08,pepper,Wasa Amenfi,Asankragua Market (Wasa Amenfi),10.25,GHS,WFP-GIEWS-Ghana
2024-04-15,pepper,Wasa Amenfi,Asankragua Market (Wasa Amenfi),10.17,GHS,WFP-GIEWS-Ghana
2024-04-22,pepper,Wasa Amenfi,Asankragua Market (Wasa Amenfi),10.28,GHS,WFP-GIEWS-Ghana
2024-04-29,pepper,Wasa Amenfi,Asankragua Market (Wasa Amenfi),9.91,GHS,WFP-GIEWS-Ghana
2024-05-06,pepper,Wasa Amenfi,Asankragua Market (Wasa Amenfi),9.62,GHS,WFP-GIEWS-Ghana
2024-05-13,pepper,Wasa Amenfi,Asankragua Market (Wasa Amenfi),10.61,GHS,WFP-GIEWS-Ghana
2024-05-20,pepper,Wasa Amenfi,Asankragua Market (Wasa Amenfi),10.79,GHS,WFP-GIEWS-Ghana
2024-05-27,pepper,Wasa Amenfi,Asankragua Market (Wasa Amenfi),9.65,GHS,WFP-GIEWS-Ghana
2024-06-03,pepper,Wasa Amenfi,Asankragua Market (Wasa Amenfi),11.54,GHS,WFP-GIEWS-Ghana
2024-06-10,pepper,Wasa Amenfi,Asankragua Market (Wasa Amenfi),11.86,GHS,WFP-GIEWS-Ghana
2024-06-17,pepper,Wasa Amenfi,Asankragua Market (Wasa Amenfi),11.64,GHS,WFP-GIEWS-Ghana
2024-06-24,pepper,Wasa Amenfi,Asankragua Market (Wasa Amenfi),11.18,GHS,WFP-GIEWS-Ghana
2024-07-01,pepper,Wasa Amenfi,Asankragua Market (Wasa Amenfi),12.33,GHS,WFP-GIEWS-Ghana
2024-07-08,pepper,Wasa Amenfi,Asankragua Market (Wasa Amenfi),12.86,GHS,WFP-GIEWS-Ghana
2024-07-15,pepper,Wasa Amenfi,Asankragua Market (Wasa Amenfi),12.94,GHS,WFP-GIEWS-Ghana
2024-07-22,pepper,Wasa Amenfi,Asankragua Market (Wasa Amenfi),12.86,GHS,WFP-GIEWS-Ghana
2024-07-29,pepper,Wasa Amenfi,Asankragua Market (Wasa Amenfi),12.72,GHS,WFP-GIEWS-Ghana
2024-08-05,pepper,Wasa Amenfi,Asankragua Market (Wasa Amenfi),12.34,GHS,WFP-GIEWS-Ghana
2024-08-12,pepper,Wasa Amenfi,Asankragua Market (Wasa Amenfi),13.12,GHS,WFP-GIEWS-Ghana
2024-08-19,pepper,Wasa Amenfi,Asankragua Market (Wasa Amenfi),13.14,GHS,WFP-GIEWS-Ghana
2024-08-26,pepper,Wasa Amenfi,Asankragua Market (Wasa Amenfi),13.0,GHS,WFP-GIEWS-Ghana
2024-09-02,pepper,Wasa Amenfi,Asankragua Market (Wasa Amenfi),11.64,GHS,WFP-GIEWS-Ghana
2024-09-09,pepper,Wasa Amenfi,Asankragua Market (Wasa Amenfi),12.37,GHS,WFP-GIEWS-Ghana
2024-09-16,pepper,Wasa Amenfi,Asankragua Market (Wasa Amenfi),11.3,GHS,WFP-GIEWS-Ghana
2024-09-23,pepper,Wasa Amenfi,Asankragua Market (Wasa Amenfi),12.18,GHS,WFP-GIEWS-Ghana
2024-09-30,pepper,Wasa Amenfi,Asankragua Market (Wasa Amenfi),11.25,GHS,WFP-GIEWS-Ghana
2024-10-07,pepper,Wasa Amenfi,Asankragua Market (Wasa Amenfi),10.35,GHS,WFP-GIEWS-Ghana
2024-10-14,pepper,Wasa Amenfi,Asankragua Market (Wasa Amenfi),10.4,GHS,WFP-GIEWS-Ghana
2024-10-21,pepper,Wasa Amenfi,Asankragua Market (Wasa Amenfi),9.8,GHS,WFP-GIEWS-Ghana
2024-10-28,pepper,Wasa Amenfi,Asankragua Market (Wasa Amenfi),10.57,GHS,WFP-GIEWS-Ghana
2024-11-04,pepper,Wasa Amenfi,Asankragua Market (Wasa Amenfi),10.17,GHS,WFP-GIEWS-Ghana
2024-11-11,pepper,Wasa Amenfi,Asankragua Market (Wasa Amenfi),9.63,GHS,WFP-GIEWS-Ghana
2024-11-18,pepper,Wasa Amenfi,Asankragua Market (Wasa Amenfi),9.83,GHS,WFP-GIEWS-Ghana
2024-11-25,pepper,Wasa Amenfi,Asankragua Market (Wasa Amenfi),10.43,GHS,WFP-GIEWS-Ghana
2024-12-02,pepper,Wasa Amenfi,Asankragua Market (Wasa Amenfi),10.41,GHS,WFP-GIEWS-Ghana
2024-12-09,pepper,Wasa Amenfi,Asankragua Market (Wasa Amenfi),9.62,GHS,WFP-GIEWS-Ghana
2024-12-16,pepper,Wasa Amenfi,Asankragua Market (Wasa Amenfi),9.99,GHS,WFP-GIEWS-Ghana
2024-12-23,pepper,Wasa Amenfi,Asankragua Market (Wasa Amenfi),10.12,GHS,WFP-GIEWS-Ghana
2024-12-30,pepper,Wasa Amenfi,Asankragua Market (Wasa Amenfi),9.84,GHS,WFP-GIEWS-Ghana
2018-01-01,rice,Aowin,Enchi Market (Aowin),2.96,GHS,WFP-GIEWS-Ghana
2018-01-08,rice,Aowin,Enchi Market (Aowin),2.93,GHS,WFP-GIEWS-Ghana
2018-01-15,rice,Aowin,Enchi Market (Aowin),3.07,GHS,WFP-GIEWS-Ghana
2018-01-22,rice,Aowin,Enchi Market (Aowin),2.89,GHS,WFP-GIEWS-Ghana
2018-01-29,rice,Aowin,Enchi Market (Aowin),3.05,GHS,WFP-GIEWS-Ghana
2018-02-05,rice,Aowin,Enchi Market (Aowin),2.75,GHS,WFP-GIEWS-Ghana
2018-02-12,rice,Aowin,Enchi Market (Aowin),2.9,GHS,WFP-GIEWS-Ghana
2018-02-19,rice,Aowin,Enchi Market (Aowin),3.08,GHS,WFP-GIEWS-Ghana
2018-02-26,rice,Aowin,Enchi Market (Aowin),3.14,GHS,WFP-GIEWS-Ghana
2018-03-05,rice,Aowin,Enchi Market (Aowin),2.45,GHS,WFP-GIEWS-Ghana
2018-03-12,rice,Aowin,Enchi Market (Aowin),2.44,GHS,WFP-GIEWS-Ghana
2018-03-19,rice,Aowin,Enchi Market (Aowin),2.59,GHS,WFP-GIEWS-Ghana
2018-03-26,rice,Aowin,Enchi Market (Aowin),2.47,GHS,WFP-GIEWS-Ghana
2018-04-02,rice,Aowin,Enchi Market (Aowin),2.52,GHS,WFP-GIEWS-Ghana
2018-04-09,rice,Aowin,Enchi Market (Aowin),2.64,GHS,WFP-GIEWS-Ghana
2018-04-16,rice,Aowin,Enchi Market (Aowin),2.49,GHS,WFP-GIEWS-Ghana
2018-04-23,rice,Aowin,Enchi Market (Aowin),2.35,GHS,WFP-GIEWS-Ghana
2018-04-30,rice,Aowin,Enchi Market (Aowin),2.41,GHS,WFP-GIEWS-Ghana
2018-05-07,rice,Aowin,Enchi Market (Aowin),2.56,GHS,WFP-GIEWS-Ghana
2018-05-14,rice,Aowin,Enchi Market (Aowin),2.37,GHS,WFP-GIEWS-Ghana
2018-05-21,rice,Aowin,Enchi Market (Aowin),2.53,GHS,WFP-GIEWS-Ghana
2018-05-28,rice,Aowin,Enchi Market (Aowin),2.42,GHS,WFP-GIEWS-Ghana
2018-06-04,rice,Aowin,Enchi Market (Aowin),2.99,GHS,WFP-GIEWS-Ghana
2018-06-11,rice,Aowin,Enchi Market (Aowin),3.05,GHS,WFP-GIEWS-Ghana
2018-06-18,rice,Aowin,Enchi Market (Aowin),2.69,GHS,WFP-GIEWS-Ghana
2018-06-25,rice,Aowin,Enchi Market (Aowin),2.83,GHS,WFP-GIEWS-Ghana
2018-07-02,rice,Aowin,Enchi Market (Aowin),3.04,GHS,WFP-GIEWS-Ghana
2018-07-09,rice,Aowin,Enchi Market (Aowin),3.12,GHS,WFP-GIEWS-Ghana
2018-07-16,rice,Aowin,Enchi Market (Aowin),3.39,GHS,WFP-GIEWS-Ghana
2018-07-23,rice,Aowin,Enchi Market (Aowin),3.1,GHS,WFP-GIEWS-Ghana
2018-07-30,rice,Aowin,Enchi Market (Aowin),3.12,GHS,WFP-GIEWS-Ghana
2018-08-06,rice,Aowin,Enchi Market (Aowin),3.06,GHS,WFP-GIEWS-Ghana
2018-08-13,rice,Aowin,Enchi Market (Aowin),3.33,GHS,WFP-GIEWS-Ghana
2018-08-20,rice,Aowin,Enchi Market (Aowin),2.77,GHS,WFP-GIEWS-Ghana
2018-08-27,rice,Aowin,Enchi Market (Aowin),3.12,GHS,WFP-GIEWS-Ghana
2018-09-03,rice,Aowin,Enchi Market (Aowin),2.85,GHS,WFP-GIEWS-Ghana
2018-09-10,rice,Aowin,Enchi Market (Aowin),2.78,GHS,WFP-GIEWS-Ghana
2018-09-17,rice,Aowin,Enchi Market (Aowin),2.96,GHS,WFP-GIEWS-Ghana
2018-09-24,rice,Aowin,Enchi Market (Aowin),3.0,GHS,WFP-GIEWS-Ghana
2018-10-01,rice,Aowin,Enchi Market (Aowin),2.31,GHS,WFP-GIEWS-Ghana
2018-10-08,rice,Aowin,Enchi Market (Aowin),2.65,GHS,WFP-GIEWS-Ghana
2018-10-15,rice,Aowin,Enchi Market (Aowin),2.31,GHS,WFP-GIEWS-Ghana
2018-10-22,rice,Aowin,Enchi Market (Aowin),2.57,GHS,WFP-GIEWS-Ghana
2018-10-29,rice,Aowin,Enchi Market (Aowin),2.46,GHS,WFP-GIEWS-Ghana
2018-11-05,rice,Aowin,Enchi Market (Aowin),2.41,GHS,WFP-GIEWS-Ghana
2018-11-12,rice,Aowin,Enchi Market (Aowin),2.42,GHS,WFP-GIEWS-Ghana
2018-11-19,rice,Aowin,Enchi Market (Aowin),2.46,GHS,WFP-GIEWS-Ghana
2018-11-26,rice,Aowin,Enchi Market (Aowin),2.48,GHS,WFP-GIEWS-Ghana
2018-12-03,rice,Aowin,Enchi Market (Aowin),2.39,GHS,WFP-GIEWS-Ghana
2018-12-10,rice,Aowin,Enchi Market (Aowin),2.45,GHS,WFP-GIEWS-Ghana
2018-12-17,rice,Aowin,Enchi Market (Aowin),2.4,GHS,WFP-GIEWS-Ghana
2018-12-24,rice,Aowin,Enchi Market (Aowin),2.36,GHS,WFP-GIEWS-Ghana
2018-12-31,rice,Aowin,Enchi Market (Aowin),2.4,GHS,WFP-GIEWS-Ghana
2019-01-07,rice,Aowin,Enchi Market (Aowin),3.02,GHS,WFP-GIEWS-Ghana
2019-01-14,rice,Aowin,Enchi Market (Aowin),3.11,GHS,WFP-GIEWS-Ghana
2019-01-21,rice,Aowin,Enchi Market (Aowin),3.22,GHS,WFP-GIEWS-Ghana
2019-01-28,rice,Aowin,Enchi Market (Aowin),3.18,GHS,WFP-GIEWS-Ghana
2019-02-04,rice,Aowin,Enchi Market (Aowin),3.44,GHS,WFP-GIEWS-Ghana
2019-02-11,rice,Aowin,Enchi Market (Aowin),2.91,GHS,WFP-GIEWS-Ghana
2019-02-18,rice,Aowin,Enchi Market (Aowin),3.25,GHS,WFP-GIEWS-Ghana
2019-02-25,rice,Aowin,Enchi Market (Aowin),3.19,GHS,WFP-GIEWS-Ghana
2019-03-04,rice,Aowin,Enchi Market (Aowin),2.82,GHS,WFP-GIEWS-Ghana
2019-03-11,rice,Aowin,Enchi Market (Aowin),2.81,GHS,WFP-GIEWS-Ghana
2019-03-18,rice,Aowin,Enchi Market (Aowin),2.71,GHS,WFP-GIEWS-Ghana
2019-03-25,rice,Aowin,Enchi Market (Aowin),2.75,GHS,WFP-GIEWS-Ghana
2019-04-01,rice,Aowin,Enchi Market (Aowin),2.67,GHS,WFP-GIEWS-Ghana
2019-04-08,rice,Aowin,Enchi Market (Aowin),2.82,GHS,WFP-GIEWS-Ghana
2019-04-15,rice,Aowin,Enchi Market (Aowin),2.54,GHS,WFP-GIEWS-Ghana
2019-04-22,rice,Aowin,Enchi Market (Aowin),2.84,GHS,WFP-GIEWS-Ghana
2019-04-29,rice,Aowin,Enchi Market (Aowin),2.75,GHS,WFP-GIEWS-Ghana
2019-05-06,rice,Aowin,Enchi Market (Aowin),2.71,GHS,WFP-GIEWS-Ghana
2019-05-13,rice,Aowin,Enchi Market (Aowin),2.74,GHS,WFP-GIEWS-Ghana
2019-05-20,rice,Aowin,Enchi Market (Aowin),2.75,GHS,WFP-GIEWS-Ghana
2019-05-27,rice,Aowin,Enchi Market (Aowin),2.91,GHS,WFP-GIEWS-Ghana
2019-06-03,rice,Aowin,Enchi Market (Aowin),3.42,GHS,WFP-GIEWS-Ghana
2019-06-10,rice,Aowin,Enchi Market (Aowin),3.18,GHS,WFP-GIEWS-Ghana
2019-06-17,rice,Aowin,Enchi Market (Aowin),2.96,GHS,WFP-GIEWS-Ghana
2019-06-24,rice,Aowin,Enchi Market (Aowin),3.1,GHS,WFP-GIEWS-Ghana
2019-07-01,rice,Aowin,Enchi Market (Aowin),3.51,GHS,WFP-GIEWS-Ghana
2019-07-08,rice,Aowin,Enchi Market (Aowin),3.29,GHS,WFP-GIEWS-Ghana
2019-07-15,rice,Aowin,Enchi Market (Aowin),3.24,GHS,WFP-GIEWS-Ghana
2019-07-22,rice,Aowin,Enchi Market (Aowin),3.4,GHS,WFP-GIEWS-Ghana
2019-07-29,rice,Aowin,Enchi Market (Aowin),3.52,GHS,WFP-GIEWS-Ghana
2019-08-05,rice,Aowin,Enchi Market (Aowin),3.21,GHS,WFP-GIEWS-Ghana
2019-08-12,rice,Aowin,Enchi Market (Aowin),3.34,GHS,WFP-GIEWS-Ghana
2019-08-19,rice,Aowin,Enchi Market (Aowin),3.51,GHS,WFP-GIEWS-Ghana
2019-08-26,rice,Aowin,Enchi Market (Aowin),3.44,GHS,WFP-GIEWS-Ghana
2019-09-02,rice,Aowin,Enchi Market (Aowin),3.26,GHS,WFP-GIEWS-Ghana
2019-09-09,rice,Aowin,Enchi Market (Aowin),2.91,GHS,WFP-GIEWS-Ghana
2019-09-16,rice,Aowin,Enchi Market (Aowin),3.38,GHS,WFP-GIEWS-Ghana
2019-09-23,rice,Aowin,Enchi Market (Aowin),2.9,GHS,WFP-GIEWS-Ghana
2019-09-30,rice,Aowin,Enchi Market (Aowin),2.84,GHS,WFP-GIEWS-Ghana
2019-10-07,rice,Aowin,Enchi Market (Aowin),2.63,GHS,WFP-GIEWS-Ghana
2019-10-14,rice,Aowin,Enchi Market (Aowin),2.52,GHS,WFP-GIEWS-Ghana
2019-10-21,rice,Aowin,Enchi Market (Aowin),2.64,GHS,WFP-GIEWS-Ghana
2019-10-28,rice,Aowin,Enchi Market (Aowin),2.63,GHS,WFP-GIEWS-Ghana
2019-11-04,rice,Aowin,Enchi Market (Aowin),2.64,GHS,WFP-GIEWS-Ghana
2019-11-11,rice,Aowin,Enchi Market (Aowin),2.57,GHS,WFP-GIEWS-Ghana
2019-11-18,rice,Aowin,Enchi Market (Aowin),2.7,GHS,WFP-GIEWS-Ghana
2019-11-25,rice,Aowin,Enchi Market (Aowin),2.62,GHS,WFP-GIEWS-Ghana
2019-12-02,rice,Aowin,Enchi Market (Aowin),2.79,GHS,WFP-GIEWS-Ghana
2019-12-09,rice,Aowin,Enchi Market (Aowin),2.66,GHS,WFP-GIEWS-Ghana
2019-12-16,rice,Aowin,Enchi Market (Aowin),2.57,GHS,WFP-GIEWS-Ghana
2019-12-23,rice,Aowin,Enchi Market (Aowin),2.49,GHS,WFP-GIEWS-Ghana
2019-12-30,rice,Aowin,Enchi Market (Aowin),2.66,GHS,WFP-GIEWS-Ghana
2020-01-06,rice,Aowin,Enchi Market (Aowin),3.25,GHS,WFP-GIEWS-Ghana
2020-01-13,rice,Aowin,Enchi Market (Aowin),3.24,GHS,WFP-GIEWS-Ghana
2020-01-20,rice,Aowin,Enchi Market (Aowin),3.49,GHS,WFP-GIEWS-Ghana
2020-01-27,rice,Aowin,Enchi Market (Aowin),3.18,GHS,WFP-GIEWS-Ghana
2020-02-03,rice,Aowin,Enchi Market (Aowin),3.64,GHS,WFP-GIEWS-Ghana
2020-02-10,rice,Aowin,Enchi Market (Aowin),3.46,GHS,WFP-GIEWS-Ghana
2020-02-17,rice,Aowin,Enchi Market (Aowin),3.44,GHS,WFP-GIEWS-Ghana
2020-02-24,rice,Aowin,Enchi Market (Aowin),3.3,GHS,WFP-GIEWS-Ghana
2020-03-02,rice,Aowin,Enchi Market (Aowin),3.04,GHS,WFP-GIEWS-Ghana
2020-03-09,rice,Aowin,Enchi Market (Aowin),2.95,GHS,WFP-GIEWS-Ghana
2020-03-16,rice,Aowin,Enchi Market (Aowin),2.87,GHS,WFP-GIEWS-Ghana
2020-03-23,rice,Aowin,Enchi Market (Aowin),2.97,GHS,WFP-GIEWS-Ghana
2020-03-30,rice,Aowin,Enchi Market (Aowin),2.75,GHS,WFP-GIEWS-Ghana
2020-04-06,rice,Aowin,Enchi Market (Aowin),2.78,GHS,WFP-GIEWS-Ghana
2020-04-13,rice,Aowin,Enchi Market (Aowin),2.84,GHS,WFP-GIEWS-Ghana
2020-04-20,rice,Aowin,Enchi Market (Aowin),3.01,GHS,WFP-GIEWS-Ghana
2020-04-27,rice,Aowin,Enchi Market (Aowin),2.97,GHS,WFP-GIEWS-Ghana
2020-05-04,rice,Aowin,Enchi Market (Aowin),3.11,GHS,WFP-GIEWS-Ghana
2020-05-11,rice,Aowin,Enchi Market (Aowin),2.88,GHS,WFP-GIEWS-Ghana
2020-05-18,rice,Aowin,Enchi Market (Aowin),3.06,GHS,WFP-GIEWS-Ghana
2020-05-25,rice,Aowin,Enchi Market (Aowin),2.98,GHS,WFP-GIEWS-Ghana
2020-06-01,rice,Aowin,Enchi Market (Aowin),3.15,GHS,WFP-GIEWS-Ghana
2020-06-08,rice,Aowin,Enchi Market (Aowin),3.32,GHS,WFP-GIEWS-Ghana
2020-06-15,rice,Aowin,Enchi Market (Aowin),3.26,GHS,WFP-GIEWS-Ghana
2020-06-22,rice,Aowin,Enchi Market (Aowin),3.19,GHS,WFP-GIEWS-Ghana
2020-06-29,rice,Aowin,Enchi Market (Aowin),3.28,GHS,WFP-GIEWS-Ghana
2020-07-06,rice,Aowin,Enchi Market (Aowin),3.67,GHS,WFP-GIEWS-Ghana
2020-07-13,rice,Aowin,Enchi Market (Aowin),3.66,GHS,WFP-GIEWS-Ghana
2020-07-20,rice,Aowin,Enchi Market (Aowin),3.63,GHS,WFP-GIEWS-Ghana
2020-07-27,rice,Aowin,Enchi Market (Aowin),3.49,GHS,WFP-GIEWS-Ghana
2020-08-03,rice,Aowin,Enchi Market (Aowin),3.72,GHS,WFP-GIEWS-Ghana
2020-08-10,rice,Aowin,Enchi Market (Aowin),3.59,GHS,WFP-GIEWS-Ghana
2020-08-17,rice,Aowin,Enchi Market (Aowin),3.56,GHS,WFP-GIEWS-Ghana
2020-08-24,rice,Aowin,Enchi Market (Aowin),3.67,GHS,WFP-GIEWS-Ghana
2020-08-31,rice,Aowin,Enchi Market (Aowin),3.82,GHS,WFP-GIEWS-Ghana
2020-09-07,rice,Aowin,Enchi Market (Aowin),3.36,GHS,WFP-GIEWS-Ghana
2020-09-14,rice,Aowin,Enchi Market (Aowin),3.26,GHS,WFP-GIEWS-Ghana
2020-09-21,rice,Aowin,Enchi Market (Aowin),3.26,GHS,WFP-GIEWS-Ghana
2020-09-28,rice,Aowin,Enchi Market (Aowin),3.42,GHS,WFP-GIEWS-Ghana
2020-10-05,rice,Aowin,Enchi Market (Aowin),2.58,GHS,WFP-GIEWS-Ghana
2020-10-12,rice,Aowin,Enchi Market (Aowin),2.94,GHS,WFP-GIEWS-Ghana
2020-10-19,rice,Aowin,Enchi Market (Aowin),2.64,GHS,WFP-GIEWS-Ghana
2020-10-26,rice,Aowin,Enchi Market (Aowin),2.69,GHS,WFP-GIEWS-Ghana
2020-11-02,rice,Aowin,Enchi Market (Aowin),2.81,GHS,WFP-GIEWS-Ghana
2020-11-09,rice,Aowin,Enchi Market (Aowin),3.12,GHS,WFP-GIEWS-Ghana
2020-11-16,rice,Aowin,Enchi Market (Aowin),3.06,GHS,WFP-GIEWS-Ghana
2020-11-23,rice,Aowin,Enchi Market (Aowin),2.95,GHS,WFP-GIEWS-Ghana
2020-11-30,rice,Aowin,Enchi Market (Aowin),2.91,GHS,WFP-GIEWS-Ghana
2020-12-07,rice,Aowin,Enchi Market (Aowin),2.67,GHS,WFP-GIEWS-Ghana
2020-12-14,rice,Aowin,Enchi Market (Aowin),2.91,GHS,WFP-GIEWS-Ghana
2020-12-21,rice,Aowin,Enchi Market (Aowin),2.83,GHS,WFP-GIEWS-Ghana
2020-12-28,rice,Aowin,Enchi Market (Aowin),2.79,GHS,WFP-GIEWS-Ghana
2021-01-04,rice,Aowin,Enchi Market (Aowin),3.72,GHS,WFP-GIEWS-Ghana
2021-01-11,rice,Aowin,Enchi Market (Aowin),3.62,GHS,WFP-GIEWS-Ghana
2021-01-18,rice,Aowin,Enchi Market (Aowin),3.82,GHS,WFP-GIEWS-Ghana
2021-01-25,rice,Aowin,Enchi Market (Aowin),3.41,GHS,WFP-GIEWS-Ghana
2021-02-01,rice,Aowin,Enchi Market (Aowin),3.73,GHS,WFP-GIEWS-Ghana
2021-02-08,rice,Aowin,Enchi Market (Aowin),3.59,GHS,WFP-GIEWS-Ghana
2021-02-15,rice,Aowin,Enchi Market (Aowin),3.66,GHS,WFP-GIEWS-Ghana
2021-02-22,rice,Aowin,Enchi Market (Aowin),3.76,GHS,WFP-GIEWS-Ghana
2021-03-01,rice,Aowin,Enchi Market (Aowin),3.05,GHS,WFP-GIEWS-Ghana
2021-03-08,rice,Aowin,Enchi Market (Aowin),3.21,GHS,WFP-GIEWS-Ghana
2021-03-15,rice,Aowin,Enchi Market (Aowin),3.16,GHS,WFP-GIEWS-Ghana
2021-03-22,rice,Aowin,Enchi Market (Aowin),3.1,GHS,WFP-GIEWS-Ghana
2021-03-29,rice,Aowin,Enchi Market (Aowin),3.13,GHS,WFP-GIEWS-Ghana
2021-04-05,rice,Aowin,Enchi Market (Aowin),3.19,GHS,WFP-GIEWS-Ghana
2021-04-12,rice,Aowin,Enchi Market (Aowin),3.11,GHS,WFP-GIEWS-Ghana
2021-04-19,rice,Aowin,Enchi Market (Aowin),3.21,GHS,WFP-GIEWS-Ghana
2021-04-26,rice,Aowin,Enchi Market (Aowin),3.17,GHS,WFP-GIEWS-Ghana
2021-05-03,rice,Aowin,Enchi Market (Aowin),3.15,GHS,WFP-GIEWS-Ghana
2021-05-10,rice,Aowin,Enchi Market (Aowin),3.43,GHS,WFP-GIEWS-Ghana
2021-05-17,rice,Aowin,Enchi Market (Aowin),3.28,GHS,WFP-GIEWS-Ghana
2021-05-24,rice,Aowin,Enchi Market (Aowin),3.18,GHS,WFP-GIEWS-Ghana
2021-05-31,rice,Aowin,Enchi Market (Aowin),3.25,GHS,WFP-GIEWS-Ghana
2021-06-07,rice,Aowin,Enchi Market (Aowin),3.39,GHS,WFP-GIEWS-Ghana
2021-06-14,rice,Aowin,Enchi Market (Aowin),3.47,GHS,WFP-GIEWS-Ghana
2021-06-21,rice,Aowin,Enchi Market (Aowin),3.49,GHS,WFP-GIEWS-Ghana
2021-06-28,rice,Aowin,Enchi Market (Aowin),3.36,GHS,WFP-GIEWS-Ghana
2021-07-05,rice,Aowin,Enchi Market (Aowin),4.04,GHS,WFP-GIEWS-Ghana
2021-07-12,rice,Aowin,Enchi Market (Aowin),3.9,GHS,WFP-GIEWS-Ghana
2021-07-19,rice,Aowin,Enchi Market (Aowin),3.92,GHS,WFP-GIEWS-Ghana
2021-07-26,rice,Aowin,Enchi Market (Aowin),3.89,GHS,WFP-GIEWS-Ghana
2021-08-02,rice,Aowin,Enchi Market (Aowin),4.48,GHS,WFP-GIEWS-Ghana
2021-08-09,rice,Aowin,Enchi Market (Aowin),3.9,GHS,WFP-GIEWS-Ghana
2021-08-16,rice,Aowin,Enchi Market (Aowin),3.68,GHS,WFP-GIEWS-Ghana
2021-08-23,rice,Aowin,Enchi Market (Aowin),3.75,GHS,WFP-GIEWS-Ghana
2021-08-30,rice,Aowin,Enchi Market (Aowin),4.13,GHS,WFP-GIEWS-Ghana
2021-09-06,rice,Aowin,Enchi Market (Aowin),3.79,GHS,WFP-GIEWS-Ghana
2021-09-13,rice,Aowin,Enchi Market (Aowin),3.5,GHS,WFP-GIEWS-Ghana
2021-09-20,rice,Aowin,Enchi Market (Aowin),3.78,GHS,WFP-GIEWS-Ghana
2021-09-27,rice,Aowin,Enchi Market (Aowin),3.71,GHS,WFP-GIEWS-Ghana
2021-10-04,rice,Aowin,Enchi Market (Aowin),3.06,GHS,WFP-GIEWS-Ghana
2021-10-11,rice,Aowin,Enchi Market (Aowin),3.05,GHS,WFP-GIEWS-Ghana
2021-10-18,rice,Aowin,Enchi Market (Aowin),3.1,GHS,WFP-GIEWS-Ghana
2021-10-25,rice,Aowin,Enchi Market (Aowin),3.19,GHS,WFP-GIEWS-Ghana
2021-11-01,rice,Aowin,Enchi Market (Aowin),3.15,GHS,WFP-GIEWS-Ghana
2021-11-08,rice,Aowin,Enchi Market (Aowin),3.02,GHS,WFP-GIEWS-Ghana
2021-11-15,rice,Aowin,Enchi Market (Aowin),3.08,GHS,WFP-GIEWS-Ghana
2021-11-22,rice,Aowin,Enchi Market (Aowin),3.35,GHS,WFP-GIEWS-Ghana
2021-11-29,rice,Aowin,Enchi Market (Aowin),3.13,GHS,WFP-GIEWS-Ghana
2021-12-06,rice,Aowin,Enchi Market (Aowin),3.23,GHS,WFP-GIEWS-Ghana
2021-12-13,rice,Aowin,Enchi Market (Aowin),3.19,GHS,WFP-GIEWS-Ghana
2021-12-20,rice,Aowin,Enchi Market (Aowin),3.15,GHS,WFP-GIEWS-Ghana
2021-12-27,rice,Aowin,Enchi Market (Aowin),3.13,GHS,WFP-GIEWS-Ghana
2022-01-03,rice,Aowin,Enchi Market (Aowin),4.13,GHS,WFP-GIEWS-Ghana
2022-01-10,rice,Aowin,Enchi Market (Aowin),4.1,GHS,WFP-GIEWS-Ghana
2022-01-17,rice,Aowin,Enchi Market (Aowin),4.03,GHS,WFP-GIEWS-Ghana
2022-01-24,rice,Aowin,Enchi Market (Aowin),3.88,GHS,WFP-GIEWS-Ghana
2022-01-31,rice,Aowin,Enchi Market (Aowin),4.05,GHS,WFP-GIEWS-Ghana
2022-02-07,rice,Aowin,Enchi Market (Aowin),4.0,GHS,WFP-GIEWS-Ghana
2022-02-14,rice,Aowin,Enchi Market (Aowin),3.97,GHS,WFP-GIEWS-Ghana
2022-02-21,rice,Aowin,Enchi Market (Aowin),4.45,GHS,WFP-GIEWS-Ghana
2022-02-28,rice,Aowin,Enchi Market (Aowin),3.77,GHS,WFP-GIEWS-Ghana
2022-03-07,rice,Aowin,Enchi Market (Aowin),3.57,GHS,WFP-GIEWS-Ghana
2022-03-14,rice,Aowin,Enchi Market (Aowin),3.32,GHS,WFP-GIEWS-Ghana
2022-03-21,rice,Aowin,Enchi Market (Aowin),3.46,GHS,WFP-GIEWS-Ghana
2022-03-28,rice,Aowin,Enchi Market (Aowin),3.8,GHS,WFP-GIEWS-Ghana
2022-04-04,rice,Aowin,Enchi Market (Aowin),3.33,GHS,WFP-GIEWS-Ghana
2022-04-11,rice,Aowin,Enchi Market (Aowin),3.36,GHS,WFP-GIEWS-Ghana
2022-04-18,rice,Aowin,Enchi Market (Aowin),3.46,GHS,WFP-GIEWS-Ghana
2022-04-25,rice,Aowin,Enchi Market (Aowin),3.35,GHS,WFP-GIEWS-Ghana
2022-05-02,rice,Aowin,Enchi Market (Aowin),3.61,GHS,WFP-GIEWS-Ghana
2022-05-09,rice,Aowin,Enchi Market (Aowin),3.41,GHS,WFP-GIEWS-Ghana
2022-05-16,rice,Aowin,Enchi Market (Aowin),3.58,GHS,WFP-GIEWS-Ghana
2022-05-23,rice,Aowin,Enchi Market (Aowin),3.3,GHS,WFP-GIEWS-Ghana
2022-05-30,rice,Aowin,Enchi Market (Aowin),3.23,GHS,WFP-GIEWS-Ghana
2022-06-06,rice,Aowin,Enchi Market (Aowin),3.78,GHS,WFP-GIEWS-Ghana
2022-06-13,rice,Aowin,Enchi Market (Aowin),3.58,GHS,WFP-GIEWS-Ghana
2022-06-20,rice,Aowin,Enchi Market (Aowin),4.05,GHS,WFP-GIEWS-Ghana
2022-06-27,rice,Aowin,Enchi Market (Aowin),3.58,GHS,WFP-GIEWS-Ghana
2022-07-04,rice,Aowin,Enchi Market (Aowin),4.12,GHS,WFP-GIEWS-Ghana
2022-07-11,rice,Aowin,Enchi Market (Aowin),4.37,GHS,WFP-GIEWS-Ghana
2022-07-18,rice,Aowin,Enchi Market (Aowin),4.2,GHS,WFP-GIEWS-Ghana
2022-07-25,rice,Aowin,Enchi Market (Aowin),4.04,GHS,WFP-GIEWS-Ghana
2022-08-01,rice,Aowin,Enchi Market (Aowin),4.68,GHS,WFP-GIEWS-Ghana
2022-08-08,rice,Aowin,Enchi Market (Aowin),4.15,GHS,WFP-GIEWS-Ghana
2022-08-15,rice,Aowin,Enchi Market (Aowin),4.29,GHS,WFP-GIEWS-Ghana
2022-08-22,rice,Aowin,Enchi Market (Aowin),4.29,GHS,WFP-GIEWS-Ghana
2022-08-29,rice,Aowin,Enchi Market (Aowin),4.45,GHS,WFP-GIEWS-Ghana
2022-09-05,rice,Aowin,Enchi Market (Aowin),3.96,GHS,WFP-GIEWS-Ghana
2022-09-12,rice,Aowin,Enchi Market (Aowin),3.76,GHS,WFP-GIEWS-Ghana
2022-09-19,rice,Aowin,Enchi Market (Aowin),3.84,GHS,WFP-GIEWS-Ghana
2022-09-26,rice,Aowin,Enchi Market (Aowin),3.85,GHS,WFP-GIEWS-Ghana
2022-10-03,rice,Aowin,Enchi Market (Aowin),3.43,GHS,WFP-GIEWS-Ghana
2022-10-10,rice,Aowin,Enchi Market (Aowin),3.17,GHS,WFP-GIEWS-Ghana
2022-10-17,rice,Aowin,Enchi Market (Aowin),3.6,GHS,WFP-GIEWS-Ghana
2022-10-24,rice,Aowin,Enchi Market (Aowin),3.23,GHS,WFP-GIEWS-Ghana
2022-10-31,rice,Aowin,Enchi Market (Aowin),3.33,GHS,WFP-GIEWS-Ghana
2022-11-07,rice,Aowin,Enchi Market (Aowin),3.19,GHS,WFP-GIEWS-Ghana
2022-11-14,rice,Aowin,Enchi Market (Aowin),3.17,GHS,WFP-GIEWS-Ghana
2022-11-21,rice,Aowin,Enchi Market (Aowin),3.23,GHS,WFP-GIEWS-Ghana
2022-11-28,rice,Aowin,Enchi Market (Aowin),3.22,GHS,WFP-GIEWS-Ghana
2022-12-05,rice,Aowin,Enchi Market (Aowin),3.31,GHS,WFP-GIEWS-Ghana
2022-12-12,rice,Aowin,Enchi Market (Aowin),3.24,GHS,WFP-GIEWS-Ghana
2022-12-19,rice,Aowin,Enchi Market (Aowin),3.46,GHS,WFP-GIEWS-Ghana
2022-12-26,rice,Aowin,Enchi Market (Aowin),3.26,GHS,WFP-GIEWS-Ghana
2023-01-02,rice,Aowin,Enchi Market (Aowin),4.15,GHS,WFP-GIEWS-Ghana
2023-01-09,rice,Aowin,Enchi Market (Aowin),4.24,GHS,WFP-GIEWS-Ghana
2023-01-16,rice,Aowin,Enchi Market (Aowin),4.48,GHS,WFP-GIEWS-Ghana
2023-01-23,rice,Aowin,Enchi Market (Aowin),4.35,GHS,WFP-GIEWS-Ghana
2023-01-30,rice,Aowin,Enchi Market (Aowin),4.29,GHS,WFP-GIEWS-Ghana
2023-02-06,rice,Aowin,Enchi Market (Aowin),4.09,GHS,WFP-GIEWS-Ghana
2023-02-13,rice,Aowin,Enchi Market (Aowin),4.14,GHS,WFP-GIEWS-Ghana
2023-02-20,rice,Aowin,Enchi Market (Aowin),4.11,GHS,WFP-GIEWS-Ghana
2023-02-27,rice,Aowin,Enchi Market (Aowin),4.56,GHS,WFP-GIEWS-Ghana
2023-03-06,rice,Aowin,Enchi Market (Aowin),3.8,GHS,WFP-GIEWS-Ghana
2023-03-13,rice,Aowin,Enchi Market (Aowin),3.59,GHS,WFP-GIEWS-Ghana
2023-03-20,rice,Aowin,Enchi Market (Aowin),3.63,GHS,WFP-GIEWS-Ghana
2023-03-27,rice,Aowin,Enchi Market (Aowin),3.6,GHS,WFP-GIEWS-Ghana
2023-04-03,rice,Aowin,Enchi Market (Aowin),3.61,GHS,WFP-GIEWS-Ghana
2023-04-10,rice,Aowin,Enchi Market (Aowin),3.81,GHS,WFP-GIEWS-Ghana
2023-04-17,rice,Aowin,Enchi Market (Aowin),3.7,GHS,WFP-GIEWS-Ghana
2023-04-24,rice,Aowin,Enchi Market (Aowin),4.05,GHS,WFP-GIEWS-Ghana
2023-05-01,rice,Aowin,Enchi Market (Aowin),3.95,GHS,WFP-GIEWS-Ghana
2023-05-08,rice,Aowin,Enchi Market (Aowin),3.96,GHS,WFP-GIEWS-Ghana
2023-05-15,rice,Aowin,Enchi Market (Aowin),3.87,GHS,WFP-GIEWS-Ghana
2023-05-22,rice,Aowin,Enchi Market (Aowin),3.7,GHS,WFP-GIEWS-Ghana
2023-05-29,rice,Aowin,Enchi Market (Aowin),3.86,GHS,WFP-GIEWS-Ghana
2023-06-05,rice,Aowin,Enchi Market (Aowin),4.06,GHS,WFP-GIEWS-Ghana
2023-06-12,rice,Aowin,Enchi Market (Aowin),4.39,GHS,WFP-GIEWS-Ghana
2023-06-19,rice,Aowin,Enchi Market (Aowin),4.19,GHS,WFP-GIEWS-Ghana
2023-06-26,rice,Aowin,Enchi Market (Aowin),4.16,GHS,WFP-GIEWS-Ghana
2023-07-03,rice,Aowin,Enchi Market (Aowin),4.67,GHS,WFP-GIEWS-Ghana
2023-07-10,rice,Aowin,Enchi Market (Aowin),4.97,GHS,WFP-GIEWS-Ghana
2023-07-17,rice,Aowin,Enchi Market (Aowin),4.38,GHS,WFP-GIEWS-Ghana
2023-07-24,rice,Aowin,Enchi Market (Aowin),4.99,GHS,WFP-GIEWS-Ghana
2023-07-31,rice,Aowin,Enchi Market (Aowin),4.61,GHS,WFP-GIEWS-Ghana
2023-08-07,rice,Aowin,Enchi Market (Aowin),4.41,GHS,WFP-GIEWS-Ghana
2023-08-14,rice,Aowin,Enchi Market (Aowin),4.53,GHS,WFP-GIEWS-Ghana
2023-08-21,rice,Aowin,Enchi Market (Aowin),4.37,GHS,WFP-GIEWS-Ghana
2023-08-28,rice,Aowin,Enchi Market (Aowin),4.8,GHS,WFP-GIEWS-Ghana
2023-09-04,rice,Aowin,Enchi Market (Aowin),4.03,GHS,WFP-GIEWS-Ghana
2023-09-11,rice,Aowin,Enchi Market (Aowin),4.23,GHS,WFP-GIEWS-Ghana
2023-09-18,rice,Aowin,Enchi Market (Aowin),4.39,GHS,WFP-GIEWS-Ghana
2023-09-25,rice,Aowin,Enchi Market (Aowin),4.09,GHS,WFP-GIEWS-Ghana
2023-10-02,rice,Aowin,Enchi Market (Aowin),3.55,GHS,WFP-GIEWS-Ghana
2023-10-09,rice,Aowin,Enchi Market (Aowin),3.41,GHS,WFP-GIEWS-Ghana
2023-10-16,rice,Aowin,Enchi Market (Aowin),3.54,GHS,WFP-GIEWS-Ghana
2023-10-23,rice,Aowin,Enchi Market (Aowin),3.96,GHS,WFP-GIEWS-Ghana
2023-10-30,rice,Aowin,Enchi Market (Aowin),3.7,GHS,WFP-GIEWS-Ghana
2023-11-06,rice,Aowin,Enchi Market (Aowin),3.58,GHS,WFP-GIEWS-Ghana
2023-11-13,rice,Aowin,Enchi Market (Aowin),3.53,GHS,WFP-GIEWS-Ghana
2023-11-20,rice,Aowin,Enchi Market (Aowin),3.61,GHS,WFP-GIEWS-Ghana
2023-11-27,rice,Aowin,Enchi Market (Aowin),3.63,GHS,WFP-GIEWS-Ghana
2023-12-04,rice,Aowin,Enchi Market (Aowin),3.58,GHS,WFP-GIEWS-Ghana
2023-12-11,rice,Aowin,Enchi Market (Aowin),3.72,GHS,WFP-GIEWS-Ghana
2023-12-18,rice,Aowin,Enchi Market (Aowin),3.5,GHS,WFP-GIEWS-Ghana
2023-12-25,rice,Aowin,Enchi Market (Aowin),3.5,GHS,WFP-GIEWS-Ghana
2024-01-01,rice,Aowin,Enchi Market (Aowin),4.72,GHS,WFP-GIEWS-Ghana
2024-01-08,rice,Aowin,Enchi Market (Aowin),4.44,GHS,WFP-GIEWS-Ghana
2024-01-15,rice,Aowin,Enchi Market (Aowin),4.79,GHS,WFP-GIEWS-Ghana
2024-01-22,rice,Aowin,Enchi Market (Aowin),4.65,GHS,WFP-GIEWS-Ghana
2024-01-29,rice,Aowin,Enchi Market (Aowin),4.31,GHS,WFP-GIEWS-Ghana
2024-02-05,rice,Aowin,Enchi Market (Aowin),4.7,GHS,WFP-GIEWS-Ghana
2024-02-12,rice,Aowin,Enchi Market (Aowin),4.37,GHS,WFP-GIEWS-Ghana
2024-02-19,rice,Aowin,Enchi Market (Aowin),4.81,GHS,WFP-GIEWS-Ghana
2024-02-26,rice,Aowin,Enchi Market (Aowin),4.64,GHS,WFP-GIEWS-Ghana
2024-03-04,rice,Aowin,Enchi Market (Aowin),4.31,GHS,WFP-GIEWS-Ghana
2024-03-11,rice,Aowin,Enchi Market (Aowin),4.19,GHS,WFP-GIEWS-Ghana
2024-03-18,rice,Aowin,Enchi Market (Aowin),3.84,GHS,WFP-GIEWS-Ghana
2024-03-25,rice,Aowin,Enchi Market (Aowin),3.69,GHS,WFP-GIEWS-Ghana
2024-04-01,rice,Aowin,Enchi Market (Aowin),3.92,GHS,WFP-GIEWS-Ghana
2024-04-08,rice,Aowin,Enchi Market (Aowin),3.84,GHS,WFP-GIEWS-Ghana
2024-04-15,rice,Aowin,Enchi Market (Aowin),4.34,GHS,WFP-GIEWS-Ghana
2024-04-22,rice,Aowin,Enchi Market (Aowin),4.04,GHS,WFP-GIEWS-Ghana
2024-04-29,rice,Aowin,Enchi Market (Aowin),4.19,GHS,WFP-GIEWS-Ghana
2024-05-06,rice,Aowin,Enchi Market (Aowin),4.02,GHS,WFP-GIEWS-Ghana
2024-05-13,rice,Aowin,Enchi Market (Aowin),4.04,GHS,WFP-GIEWS-Ghana
2024-05-20,rice,Aowin,Enchi Market (Aowin),4.06,GHS,WFP-GIEWS-Ghana
2024-05-27,rice,Aowin,Enchi Market (Aowin),4.25,GHS,WFP-GIEWS-Ghana
2024-06-03,rice,Aowin,Enchi Market (Aowin),4.5,GHS,WFP-GIEWS-Ghana
2024-06-10,rice,Aowin,Enchi Market (Aowin),4.26,GHS,WFP-GIEWS-Ghana
2024-06-17,rice,Aowin,Enchi Market (Aowin),4.74,GHS,WFP-GIEWS-Ghana
2024-06-24,rice,Aowin,Enchi Market (Aowin),4.4,GHS,WFP-GIEWS-Ghana
2024-07-01,rice,Aowin,Enchi Market (Aowin),4.92,GHS,WFP-GIEWS-Ghana
2024-07-08,rice,Aowin,Enchi Market (Aowin),4.45,GHS,WFP-GIEWS-Ghana
2024-07-15,rice,Aowin,Enchi Market (Aowin),5.14,GHS,WFP-GIEWS-Ghana
2024-07-22,rice,Aowin,Enchi Market (Aowin),5.04,GHS,WFP-GIEWS-Ghana
2024-07-29,rice,Aowin,Enchi Market (Aowin),5.04,GHS,WFP-GIEWS-Ghana
2024-08-05,rice,Aowin,Enchi Market (Aowin),4.97,GHS,WFP-GIEWS-Ghana
2024-08-12,rice,Aowin,Enchi Market (Aowin),4.93,GHS,WFP-GIEWS-Ghana
2024-08-19,rice,Aowin,Enchi Market (Aowin),4.97,GHS,WFP-GIEWS-Ghana
2024-08-26,rice,Aowin,Enchi Market (Aowin),5.14,GHS,WFP-GIEWS-Ghana
2024-09-02,rice,Aowin,Enchi Market (Aowin),4.65,GHS,WFP-GIEWS-Ghana
2024-09-09,rice,Aowin,Enchi Market (Aowin),4.49,GHS,WFP-GIEWS-Ghana
2024-09-16,rice,Aowin,Enchi Market (Aowin),4.71,GHS,WFP-GIEWS-Ghana
2024-09-23,rice,Aowin,Enchi Market (Aowin),4.52,GHS,WFP-GIEWS-Ghana
2024-09-30,rice,Aowin,Enchi Market (Aowin),4.44,GHS,WFP-GIEWS-Ghana
2024-10-07,rice,Aowin,Enchi Market (Aowin),3.91,GHS,WFP-GIEWS-Ghana
2024-10-14,rice,Aowin,Enchi Market (Aowin),3.67,GHS,WFP-GIEWS-Ghana
2024-10-21,rice,Aowin,Enchi Market (Aowin),3.92,GHS,WFP-GIEWS-Ghana
2024-10-28,rice,Aowin,Enchi Market (Aowin),3.64,GHS,WFP-GIEWS-Ghana
2024-11-04,rice,Aowin,Enchi Market (Aowin),3.74,GHS,WFP-GIEWS-Ghana
2024-11-11,rice,Aowin,Enchi Market (Aowin),3.59,GHS,WFP-GIEWS-Ghana
2024-11-18,rice,Aowin,Enchi Market (Aowin),3.88,GHS,WFP-GIEWS-Ghana
2024-11-25,rice,Aowin,Enchi Market (Aowin),4.16,GHS,WFP-GIEWS-Ghana
2024-12-02,rice,Aowin,Enchi Market (Aowin),3.91,GHS,WFP-GIEWS-Ghana
2024-12-09,rice,Aowin,Enchi Market (Aowin),4.03,GHS,WFP-GIEWS-Ghana
2024-12-16,rice,Aowin,Enchi Market (Aowin),4.3,GHS,WFP-GIEWS-Ghana
2024-12-23,rice,Aowin,Enchi Market (Aowin),3.99,GHS,WFP-GIEWS-Ghana
2024-12-30,rice,Aowin,Enchi Market (Aowin),3.81,GHS,WFP-GIEWS-Ghana
2018-01-01,rice,Bibiani,Bibiani Central Market,3.06,GHS,WFP-GIEWS-Ghana
2018-01-08,rice,Bibiani,Bibiani Central Market,2.98,GHS,WFP-GIEWS-Ghana
2018-01-15,rice,Bibiani,Bibiani Central Market,2.99,GHS,WFP-GIEWS-Ghana
2018-01-22,rice,Bibiani,Bibiani Central Market,3.18,GHS,WFP-GIEWS-Ghana
2018-01-29,rice,Bibiani,Bibiani Central Market,3.18,GHS,WFP-GIEWS-Ghana
2018-02-05,rice,Bibiani,Bibiani Central Market,2.87,GHS,WFP-GIEWS-Ghana
2018-02-12,rice,Bibiani,Bibiani Central Market,2.98,GHS,WFP-GIEWS-Ghana
2018-02-19,rice,Bibiani,Bibiani Central Market,3.02,GHS,WFP-GIEWS-Ghana
2018-02-26,rice,Bibiani,Bibiani Central Market,3.15,GHS,WFP-GIEWS-Ghana
2018-03-05,rice,Bibiani,Bibiani Central Market,2.76,GHS,WFP-GIEWS-Ghana
2018-03-12,rice,Bibiani,Bibiani Central Market,2.92,GHS,WFP-GIEWS-Ghana
2018-03-19,rice,Bibiani,Bibiani Central Market,2.59,GHS,WFP-GIEWS-Ghana
2018-03-26,rice,Bibiani,Bibiani Central Market,2.59,GHS,WFP-GIEWS-Ghana
2018-04-02,rice,Bibiani,Bibiani Central Market,2.72,GHS,WFP-GIEWS-Ghana
2018-04-09,rice,Bibiani,Bibiani Central Market,2.58,GHS,WFP-GIEWS-Ghana
2018-04-16,rice,Bibiani,Bibiani Central Market,2.64,GHS,WFP-GIEWS-Ghana
2018-04-23,rice,Bibiani,Bibiani Central Market,2.61,GHS,WFP-GIEWS-Ghana
2018-04-30,rice,Bibiani,Bibiani Central Market,2.38,GHS,WFP-GIEWS-Ghana
2018-05-07,rice,Bibiani,Bibiani Central Market,2.68,GHS,WFP-GIEWS-Ghana
2018-05-14,rice,Bibiani,Bibiani Central Market,2.65,GHS,WFP-GIEWS-Ghana
2018-05-21,rice,Bibiani,Bibiani Central Market,2.81,GHS,WFP-GIEWS-Ghana
2018-05-28,rice,Bibiani,Bibiani Central Market,2.67,GHS,WFP-GIEWS-Ghana
2018-06-04,rice,Bibiani,Bibiani Central Market,2.78,GHS,WFP-GIEWS-Ghana
2018-06-11,rice,Bibiani,Bibiani Central Market,2.89,GHS,WFP-GIEWS-Ghana
2018-06-18,rice,Bibiani,Bibiani Central Market,2.68,GHS,WFP-GIEWS-Ghana
2018-06-25,rice,Bibiani,Bibiani Central Market,2.78,GHS,WFP-GIEWS-Ghana
2018-07-02,rice,Bibiani,Bibiani Central Market,3.38,GHS,WFP-GIEWS-Ghana
2018-07-09,rice,Bibiani,Bibiani Central Market,3.26,GHS,WFP-GIEWS-Ghana
2018-07-16,rice,Bibiani,Bibiani Central Market,3.42,GHS,WFP-GIEWS-Ghana
2018-07-23,rice,Bibiani,Bibiani Central Market,3.04,GHS,WFP-GIEWS-Ghana
2018-07-30,rice,Bibiani,Bibiani Central Market,3.26,GHS,WFP-GIEWS-Ghana
2018-08-06,rice,Bibiani,Bibiani Central Market,3.25,GHS,WFP-GIEWS-Ghana
2018-08-13,rice,Bibiani,Bibiani Central Market,3.44,GHS,WFP-GIEWS-Ghana
2018-08-20,rice,Bibiani,Bibiani Central Market,3.4,GHS,WFP-GIEWS-Ghana
2018-08-27,rice,Bibiani,Bibiani Central Market,3.4,GHS,WFP-GIEWS-Ghana
2018-09-03,rice,Bibiani,Bibiani Central Market,3.16,GHS,WFP-GIEWS-Ghana
2018-09-10,rice,Bibiani,Bibiani Central Market,2.94,GHS,WFP-GIEWS-Ghana
2018-09-17,rice,Bibiani,Bibiani Central Market,3.14,GHS,WFP-GIEWS-Ghana
2018-09-24,rice,Bibiani,Bibiani Central Market,2.85,GHS,WFP-GIEWS-Ghana
2018-10-01,rice,Bibiani,Bibiani Central Market,2.44,GHS,WFP-GIEWS-Ghana
2018-10-08,rice,Bibiani,Bibiani Central Market,2.63,GHS,WFP-GIEWS-Ghana
2018-10-15,rice,Bibiani,Bibiani Central Market,2.4,GHS,WFP-GIEWS-Ghana
2018-10-22,rice,Bibiani,Bibiani Central Market,2.61,GHS,WFP-GIEWS-Ghana
2018-10-29,rice,Bibiani,Bibiani Central Market,2.56,GHS,WFP-GIEWS-Ghana
2018-11-05,rice,Bibiani,Bibiani Central Market,2.68,GHS,WFP-GIEWS-Ghana
2018-11-12,rice,Bibiani,Bibiani Central Market,2.56,GHS,WFP-GIEWS-Ghana
2018-11-19,rice,Bibiani,Bibiani Central Market,2.57,GHS,WFP-GIEWS-Ghana
2018-11-26,rice,Bibiani,Bibiani Central Market,2.62,GHS,WFP-GIEWS-Ghana
2018-12-03,rice,Bibiani,Bibiani Central Market,2.51,GHS,WFP-GIEWS-Ghana
2018-12-10,rice,Bibiani,Bibiani Central Market,2.51,GHS,WFP-GIEWS-Ghana
2018-12-17,rice,Bibiani,Bibiani Central Market,2.63,GHS,WFP-GIEWS-Ghana
2018-12-24,rice,Bibiani,Bibiani Central Market,2.58,GHS,WFP-GIEWS-Ghana
2018-12-31,rice,Bibiani,Bibiani Central Market,2.54,GHS,WFP-GIEWS-Ghana
2019-01-07,rice,Bibiani,Bibiani Central Market,3.29,GHS,WFP-GIEWS-Ghana
2019-01-14,rice,Bibiani,Bibiani Central Market,3.51,GHS,WFP-GIEWS-Ghana
2019-01-21,rice,Bibiani,Bibiani Central Market,3.24,GHS,WFP-GIEWS-Ghana
2019-01-28,rice,Bibiani,Bibiani Central Market,3.24,GHS,WFP-GIEWS-Ghana
2019-02-04,rice,Bibiani,Bibiani Central Market,3.1,GHS,WFP-GIEWS-Ghana
2019-02-11,rice,Bibiani,Bibiani Central Market,3.32,GHS,WFP-GIEWS-Ghana
2019-02-18,rice,Bibiani,Bibiani Central Market,3.41,GHS,WFP-GIEWS-Ghana
2019-02-25,rice,Bibiani,Bibiani Central Market,3.43,GHS,WFP-GIEWS-Ghana
2019-03-04,rice,Bibiani,Bibiani Central Market,2.86,GHS,WFP-GIEWS-Ghana
2019-03-11,rice,Bibiani,Bibiani Central Market,2.96,GHS,WFP-GIEWS-Ghana
2019-03-18,rice,Bibiani,Bibiani Central Market,2.93,GHS,WFP-GIEWS-Ghana
2019-03-25,rice,Bibiani,Bibiani Central Market,2.98,GHS,WFP-GIEWS-Ghana
2019-04-01,rice,Bibiani,Bibiani Central Market,2.98,GHS,WFP-GIEWS-Ghana
2019-04-08,rice,Bibiani,Bibiani Central Market,3.05,GHS,WFP-GIEWS-Ghana
2019-04-15,rice,Bibiani,Bibiani Central Market,2.85,GHS,WFP-GIEWS-Ghana
2019-04-22,rice,Bibiani,Bibiani Central Market,2.71,GHS,WFP-GIEWS-Ghana
2019-04-29,rice,Bibiani,Bibiani Central Market,2.94,GHS,WFP-GIEWS-Ghana
2019-05-06,rice,Bibiani,Bibiani Central Market,2.98,GHS,WFP-GIEWS-Ghana
2019-05-13,rice,Bibiani,Bibiani Central Market,3.07,GHS,WFP-GIEWS-Ghana
2019-05-20,rice,Bibiani,Bibiani Central Market,3.03,GHS,WFP-GIEWS-Ghana
2019-05-27,rice,Bibiani,Bibiani Central Market,3.11,GHS,WFP-GIEWS-Ghana
2019-06-03,rice,Bibiani,Bibiani Central Market,3.23,GHS,WFP-GIEWS-Ghana
2019-06-10,rice,Bibiani,Bibiani Central Market,3.19,GHS,WFP-GIEWS-Ghana
2019-06-17,rice,Bibiani,Bibiani Central Market,2.98,GHS,WFP-GIEWS-Ghana
2019-06-24,rice,Bibiani,Bibiani Central Market,3.2,GHS,WFP-GIEWS-Ghana
2019-07-01,rice,Bibiani,Bibiani Central Market,3.48,GHS,WFP-GIEWS-Ghana
2019-07-08,rice,Bibiani,Bibiani Central Market,3.59,GHS,WFP-GIEWS-Ghana
2019-07-15,rice,Bibiani,Bibiani Central Market,3.57,GHS,WFP-GIEWS-Ghana
2019-07-22,rice,Bibiani,Bibiani Central Market,3.62,GHS,WFP-GIEWS-Ghana
2019-07-29,rice,Bibiani,Bibiani Central Market,3.54,GHS,WFP-GIEWS-Ghana
2019-08-05,rice,Bibiani,Bibiani Central Market,3.71,GHS,WFP-GIEWS-Ghana
2019-08-12,rice,Bibiani,Bibiani Central Market,3.19,GHS,WFP-GIEWS-Ghana
2019-08-19,rice,Bibiani,Bibiani Central Market,3.61,GHS,WFP-GIEWS-Ghana
2019-08-26,rice,Bibiani,Bibiani Central Market,3.75,GHS,WFP-GIEWS-Ghana
2019-09-02,rice,Bibiani,Bibiani Central Market,3.46,GHS,WFP-GIEWS-Ghana
2019-09-09,rice,Bibiani,Bibiani Central Market,3.31,GHS,WFP-GIEWS-Ghana
2019-09-16,rice,Bibiani,Bibiani Central Market,3.43,GHS,WFP-GIEWS-Ghana
2019-09-23,rice,Bibiani,Bibiani Central Market,3.24,GHS,WFP-GIEWS-Ghana
2019-09-30,rice,Bibiani,Bibiani Central Market,3.22,GHS,WFP-GIEWS-Ghana
2019-10-07,rice,Bibiani,Bibiani Central Market,2.81,GHS,WFP-GIEWS-Ghana
2019-10-14,rice,Bibiani,Bibiani Central Market,2.75,GHS,WFP-GIEWS-Ghana
2019-10-21,rice,Bibiani,Bibiani Central Market,2.67,GHS,WFP-GIEWS-Ghana
2019-10-28,rice,Bibiani,Bibiani Central Market,2.7,GHS,WFP-GIEWS-Ghana
2019-11-04,rice,Bibiani,Bibiani Central Market,2.65,GHS,WFP-GIEWS-Ghana
2019-11-11,rice,Bibiani,Bibiani Central Market,2.83,GHS,WFP-GIEWS-Ghana
2019-11-18,rice,Bibiani,Bibiani Central Market,2.77,GHS,WFP-GIEWS-Ghana
2019-11-25,rice,Bibiani,Bibiani Central Market,2.73,GHS,WFP-GIEWS-Ghana
2019-12-02,rice,Bibiani,Bibiani Central Market,2.72,GHS,WFP-GIEWS-Ghana
2019-12-09,rice,Bibiani,Bibiani Central Market,2.84,GHS,WFP-GIEWS-Ghana
2019-12-16,rice,Bibiani,Bibiani Central Market,2.88,GHS,WFP-GIEWS-Ghana
2019-12-23,rice,Bibiani,Bibiani Central Market,2.66,GHS,WFP-GIEWS-Ghana
2019-12-30,rice,Bibiani,Bibiani Central Market,2.64,GHS,WFP-GIEWS-Ghana
2020-01-06,rice,Bibiani,Bibiani Central Market,3.7,GHS,WFP-GIEWS-Ghana
2020-01-13,rice,Bibiani,Bibiani Central Market,3.37,GHS,WFP-GIEWS-Ghana
2020-01-20,rice,Bibiani,Bibiani Central Market,3.64,GHS,WFP-GIEWS-Ghana
2020-01-27,rice,Bibiani,Bibiani Central Market,3.8,GHS,WFP-GIEWS-Ghana
2020-02-03,rice,Bibiani,Bibiani Central Market,3.82,GHS,WFP-GIEWS-Ghana
2020-02-10,rice,Bibiani,Bibiani Central Market,3.69,GHS,WFP-GIEWS-Ghana
2020-02-17,rice,Bibiani,Bibiani Central Market,3.69,GHS,WFP-GIEWS-Ghana
2020-02-24,rice,Bibiani,Bibiani Central Market,3.91,GHS,WFP-GIEWS-Ghana
2020-03-02,rice,Bibiani,Bibiani Central Market,2.79,GHS,WFP-GIEWS-Ghana
2020-03-09,rice,Bibiani,Bibiani Central Market,3.02,GHS,WFP-GIEWS-Ghana
2020-03-16,rice,Bibiani,Bibiani Central Market,3.18,GHS,WFP-GIEWS-Ghana
2020-03-23,rice,Bibiani,Bibiani Central Market,3.03,GHS,WFP-GIEWS-Ghana
2020-03-30,rice,Bibiani,Bibiani Central Market,3.23,GHS,WFP-GIEWS-Ghana
2020-04-06,rice,Bibiani,Bibiani Central Market,3.09,GHS,WFP-GIEWS-Ghana
2020-04-13,rice,Bibiani,Bibiani Central Market,3.11,GHS,WFP-GIEWS-Ghana
2020-04-20,rice,Bibiani,Bibiani Central Market,3.06,GHS,WFP-GIEWS-Ghana
2020-04-27,rice,Bibiani,Bibiani Central Market,3.03,GHS,WFP-GIEWS-Ghana
2020-05-04,rice,Bibiani,Bibiani Central Market,3.05,GHS,WFP-GIEWS-Ghana
2020-05-11,rice,Bibiani,Bibiani Central Market,3.15,GHS,WFP-GIEWS-Ghana
2020-05-18,rice,Bibiani,Bibiani Central Market,3.02,GHS,WFP-GIEWS-Ghana
2020-05-25,rice,Bibiani,Bibiani Central Market,3.23,GHS,WFP-GIEWS-Ghana
2020-06-01,rice,Bibiani,Bibiani Central Market,3.5,GHS,WFP-GIEWS-Ghana
2020-06-08,rice,Bibiani,Bibiani Central Market,3.56,GHS,WFP-GIEWS-Ghana
2020-06-15,rice,Bibiani,Bibiani Central Market,3.25,GHS,WFP-GIEWS-Ghana
2020-06-22,rice,Bibiani,Bibiani Central Market,3.18,GHS,WFP-GIEWS-Ghana
2020-06-29,rice,Bibiani,Bibiani Central Market,3.41,GHS,WFP-GIEWS-Ghana
2020-07-06,rice,Bibiani,Bibiani Central Market,4.29,GHS,WFP-GIEWS-Ghana
2020-07-13,rice,Bibiani,Bibiani Central Market,4.04,GHS,WFP-GIEWS-Ghana
2020-07-20,rice,Bibiani,Bibiani Central Market,3.76,GHS,WFP-GIEWS-Ghana
2020-07-27,rice,Bibiani,Bibiani Central Market,3.91,GHS,WFP-GIEWS-Ghana
2020-08-03,rice,Bibiani,Bibiani Central Market,3.98,GHS,WFP-GIEWS-Ghana
2020-08-10,rice,Bibiani,Bibiani Central Market,3.66,GHS,WFP-GIEWS-Ghana
2020-08-17,rice,Bibiani,Bibiani Central Market,4.08,GHS,WFP-GIEWS-Ghana
2020-08-24,rice,Bibiani,Bibiani Central Market,3.84,GHS,WFP-GIEWS-Ghana
2020-08-31,rice,Bibiani,Bibiani Central Market,3.85,GHS,WFP-GIEWS-Ghana
2020-09-07,rice,Bibiani,Bibiani Central Market,3.48,GHS,WFP-GIEWS-Ghana
2020-09-14,rice,Bibiani,Bibiani Central Market,3.63,GHS,WFP-GIEWS-Ghana
2020-09-21,rice,Bibiani,Bibiani Central Market,3.37,GHS,WFP-GIEWS-Ghana
2020-09-28,rice,Bibiani,Bibiani Central Market,3.24,GHS,WFP-GIEWS-Ghana
2020-10-05,rice,Bibiani,Bibiani Central Market,3.01,GHS,WFP-GIEWS-Ghana
2020-10-12,rice,Bibiani,Bibiani Central Market,2.73,GHS,WFP-GIEWS-Ghana
2020-10-19,rice,Bibiani,Bibiani Central Market,2.94,GHS,WFP-GIEWS-Ghana
2020-10-26,rice,Bibiani,Bibiani Central Market,3.11,GHS,WFP-GIEWS-Ghana
2020-11-02,rice,Bibiani,Bibiani Central Market,3.06,GHS,WFP-GIEWS-Ghana
2020-11-09,rice,Bibiani,Bibiani Central Market,3.12,GHS,WFP-GIEWS-Ghana
2020-11-16,rice,Bibiani,Bibiani Central Market,3.07,GHS,WFP-GIEWS-Ghana
2020-11-23,rice,Bibiani,Bibiani Central Market,3.28,GHS,WFP-GIEWS-Ghana
2020-11-30,rice,Bibiani,Bibiani Central Market,2.92,GHS,WFP-GIEWS-Ghana
2020-12-07,rice,Bibiani,Bibiani Central Market,3.06,GHS,WFP-GIEWS-Ghana
2020-12-14,rice,Bibiani,Bibiani Central Market,2.96,GHS,WFP-GIEWS-Ghana
2020-12-21,rice,Bibiani,Bibiani Central Market,3.13,GHS,WFP-GIEWS-Ghana
2020-12-28,rice,Bibiani,Bibiani Central Market,3.0,GHS,WFP-GIEWS-Ghana
2021-01-04,rice,Bibiani,Bibiani Central Market,4.12,GHS,WFP-GIEWS-Ghana
2021-01-11,rice,Bibiani,Bibiani Central Market,3.77,GHS,WFP-GIEWS-Ghana
2021-01-18,rice,Bibiani,Bibiani Central Market,4.07,GHS,WFP-GIEWS-Ghana
2021-01-25,rice,Bibiani,Bibiani Central Market,3.94,GHS,WFP-GIEWS-Ghana
2021-02-01,rice,Bibiani,Bibiani Central Market,3.87,GHS,WFP-GIEWS-Ghana
2021-02-08,rice,Bibiani,Bibiani Central Market,3.96,GHS,WFP-GIEWS-Ghana
2021-02-15,rice,Bibiani,Bibiani Central Market,3.92,GHS,WFP-GIEWS-Ghana
2021-02-22,rice,Bibiani,Bibiani Central Market,3.93,GHS,WFP-GIEWS-Ghana
2021-03-01,rice,Bibiani,Bibiani Central Market,3.29,GHS,WFP-GIEWS-Ghana
2021-03-08,rice,Bibiani,Bibiani Central Market,3.23,GHS,WFP-GIEWS-Ghana
2021-03-15,rice,Bibiani,Bibiani Central Market,3.28,GHS,WFP-GIEWS-Ghana
2021-03-22,rice,Bibiani,Bibiani Central Market,3.1,GHS,WFP-GIEWS-Ghana
2021-03-29,rice,Bibiani,Bibiani Central Market,3.43,GHS,WFP-GIEWS-Ghana
2021-04-05,rice,Bibiani,Bibiani Central Market,3.18,GHS,WFP-GIEWS-Ghana
2021-04-12,rice,Bibiani,Bibiani Central Market,3.31,GHS,WFP-GIEWS-Ghana
2021-04-19,rice,Bibiani,Bibiani Central Market,3.43,GHS,WFP-GIEWS-Ghana
2021-04-26,rice,Bibiani,Bibiani Central Market,3.46,GHS,WFP-GIEWS-Ghana
2021-05-03,rice,Bibiani,Bibiani Central Market,3.13,GHS,WFP-GIEWS-Ghana
2021-05-10,rice,Bibiani,Bibiani Central Market,3.35,GHS,WFP-GIEWS-Ghana
2021-05-17,rice,Bibiani,Bibiani Central Market,3.43,GHS,WFP-GIEWS-Ghana
2021-05-24,rice,Bibiani,Bibiani Central Market,3.37,GHS,WFP-GIEWS-Ghana
2021-05-31,rice,Bibiani,Bibiani Central Market,3.55,GHS,WFP-GIEWS-Ghana
2021-06-07,rice,Bibiani,Bibiani Central Market,3.56,GHS,WFP-GIEWS-Ghana
2021-06-14,rice,Bibiani,Bibiani Central Market,3.38,GHS,WFP-GIEWS-Ghana
2021-06-21,rice,Bibiani,Bibiani Central Market,3.8,GHS,WFP-GIEWS-Ghana
2021-06-28,rice,Bibiani,Bibiani Central Market,3.6,GHS,WFP-GIEWS-Ghana
2021-07-05,rice,Bibiani,Bibiani Central Market,3.86,GHS,WFP-GIEWS-Ghana
2021-07-12,rice,Bibiani,Bibiani Central Market,4.12,GHS,WFP-GIEWS-Ghana
2021-07-19,rice,Bibiani,Bibiani Central Market,4.35,GHS,WFP-GIEWS-Ghana
2021-07-26,rice,Bibiani,Bibiani Central Market,3.94,GHS,WFP-GIEWS-Ghana
2021-08-02,rice,Bibiani,Bibiani Central Market,4.57,GHS,WFP-GIEWS-Ghana
2021-08-09,rice,Bibiani,Bibiani Central Market,4.04,GHS,WFP-GIEWS-Ghana
2021-08-16,rice,Bibiani,Bibiani Central Market,4.19,GHS,WFP-GIEWS-Ghana
2021-08-23,rice,Bibiani,Bibiani Central Market,3.97,GHS,WFP-GIEWS-Ghana
2021-08-30,rice,Bibiani,Bibiani Central Market,4.18,GHS,WFP-GIEWS-Ghana
2021-09-06,rice,Bibiani,Bibiani Central Market,3.73,GHS,WFP-GIEWS-Ghana
2021-09-13,rice,Bibiani,Bibiani Central Market,3.53,GHS,WFP-GIEWS-Ghana
2021-09-20,rice,Bibiani,Bibiani Central Market,4.18,GHS,WFP-GIEWS-Ghana
2021-09-27,rice,Bibiani,Bibiani Central Market,3.68,GHS,WFP-GIEWS-Ghana
2021-10-04,rice,Bibiani,Bibiani Central Market,3.15,GHS,WFP-GIEWS-Ghana
2021-10-11,rice,Bibiani,Bibiani Central Market,3.34,GHS,WFP-GIEWS-Ghana
2021-10-18,rice,Bibiani,Bibiani Central Market,3.44,GHS,WFP-GIEWS-Ghana
2021-10-25,rice,Bibiani,Bibiani Central Market,3.36,GHS,WFP-GIEWS-Ghana
2021-11-01,rice,Bibiani,Bibiani Central Market,3.08,GHS,WFP-GIEWS-Ghana
2021-11-08,rice,Bibiani,Bibiani Central Market,3.26,GHS,WFP-GIEWS-Ghana
2021-11-15,rice,Bibiani,Bibiani Central Market,2.99,GHS,WFP-GIEWS-Ghana
2021-11-22,rice,Bibiani,Bibiani Central Market,3.35,GHS,WFP-GIEWS-Ghana
2021-11-29,rice,Bibiani,Bibiani Central Market,3.02,GHS,WFP-GIEWS-Ghana
2021-12-06,rice,Bibiani,Bibiani Central Market,3.15,GHS,WFP-GIEWS-Ghana
2021-12-13,rice,Bibiani,Bibiani Central Market,3.25,GHS,WFP-GIEWS-Ghana
2021-12-20,rice,Bibiani,Bibiani Central Market,3.31,GHS,WFP-GIEWS-Ghana
2021-12-27,rice,Bibiani,Bibiani Central Market,3.22,GHS,WFP-GIEWS-Ghana
2022-01-03,rice,Bibiani,Bibiani Central Market,4.41,GHS,WFP-GIEWS-Ghana
2022-01-10,rice,Bibiani,Bibiani Central Market,4.28,GHS,WFP-GIEWS-Ghana
2022-01-17,rice,Bibiani,Bibiani Central Market,4.27,GHS,WFP-GIEWS-Ghana
2022-01-24,rice,Bibiani,Bibiani Central Market,3.95,GHS,WFP-GIEWS-Ghana
2022-01-31,rice,Bibiani,Bibiani Central Market,4.44,GHS,WFP-GIEWS-Ghana
2022-02-07,rice,Bibiani,Bibiani Central Market,4.05,GHS,WFP-GIEWS-Ghana
2022-02-14,rice,Bibiani,Bibiani Central Market,4.48,GHS,WFP-GIEWS-Ghana
2022-02-21,rice,Bibiani,Bibiani Central Market,4.52,GHS,WFP-GIEWS-Ghana
2022-02-28,rice,Bibiani,Bibiani Central Market,4.27,GHS,WFP-GIEWS-Ghana
2022-03-07,rice,Bibiani,Bibiani Central Market,3.74,GHS,WFP-GIEWS-Ghana
2022-03-14,rice,Bibiani,Bibiani Central Market,3.15,GHS,WFP-GIEWS-Ghana
2022-03-21,rice,Bibiani,Bibiani Central Market,3.56,GHS,WFP-GIEWS-Ghana
2022-03-28,rice,Bibiani,Bibiani Central Market,3.75,GHS,WFP-GIEWS-Ghana
2022-04-04,rice,Bibiani,Bibiani Central Market,3.74,GHS,WFP-GIEWS-Ghana
2022-04-11,rice,Bibiani,Bibiani Central Market,3.44,GHS,WFP-GIEWS-Ghana
2022-04-18,rice,Bibiani,Bibiani Central Market,3.57,GHS,WFP-GIEWS-Ghana
2022-04-25,rice,Bibiani,Bibiani Central Market,3.24,GHS,WFP-GIEWS-Ghana
2022-05-02,rice,Bibiani,Bibiani Central Market,3.69,GHS,WFP-GIEWS-Ghana
2022-05-09,rice,Bibiani,Bibiani Central Market,3.36,GHS,WFP-GIEWS-Ghana
2022-05-16,rice,Bibiani,Bibiani Central Market,3.8,GHS,WFP-GIEWS-Ghana
2022-05-23,rice,Bibiani,Bibiani Central Market,3.81,GHS,WFP-GIEWS-Ghana
2022-05-30,rice,Bibiani,Bibiani Central Market,3.57,GHS,WFP-GIEWS-Ghana
2022-06-06,rice,Bibiani,Bibiani Central Market,4.06,GHS,WFP-GIEWS-Ghana
2022-06-13,rice,Bibiani,Bibiani Central Market,3.94,GHS,WFP-GIEWS-Ghana
2022-06-20,rice,Bibiani,Bibiani Central Market,4.01,GHS,WFP-GIEWS-Ghana
2022-06-27,rice,Bibiani,Bibiani Central Market,3.79,GHS,WFP-GIEWS-Ghana
2022-07-04,rice,Bibiani,Bibiani Central Market,4.59,GHS,WFP-GIEWS-Ghana
2022-07-11,rice,Bibiani,Bibiani Central Market,4.19,GHS,WFP-GIEWS-Ghana
2022-07-18,rice,Bibiani,Bibiani Central Market,4.15,GHS,WFP-GIEWS-Ghana
2022-07-25,rice,Bibiani,Bibiani Central Market,4.46,GHS,WFP-GIEWS-Ghana
2022-08-01,rice,Bibiani,Bibiani Central Market,4.47,GHS,WFP-GIEWS-Ghana
2022-08-08,rice,Bibiani,Bibiani Central Market,4.56,GHS,WFP-GIEWS-Ghana
2022-08-15,rice,Bibiani,Bibiani Central Market,4.39,GHS,WFP-GIEWS-Ghana
2022-08-22,rice,Bibiani,Bibiani Central Market,4.85,GHS,WFP-GIEWS-Ghana
2022-08-29,rice,Bibiani,Bibiani Central Market,4.54,GHS,WFP-GIEWS-Ghana
2022-09-05,rice,Bibiani,Bibiani Central Market,4.09,GHS,WFP-GIEWS-Ghana
2022-09-12,rice,Bibiani,Bibiani Central Market,4.09,GHS,WFP-GIEWS-Ghana
2022-09-19,rice,Bibiani,Bibiani Central Market,4.22,GHS,WFP-GIEWS-Ghana
2022-09-26,rice,Bibiani,Bibiani Central Market,4.15,GHS,WFP-GIEWS-Ghana
2022-10-03,rice,Bibiani,Bibiani Central Market,3.53,GHS,WFP-GIEWS-Ghana
2022-10-10,rice,Bibiani,Bibiani Central Market,3.57,GHS,WFP-GIEWS-Ghana
2022-10-17,rice,Bibiani,Bibiani Central Market,3.21,GHS,WFP-GIEWS-Ghana
2022-10-24,rice,Bibiani,Bibiani Central Market,3.22,GHS,WFP-GIEWS-Ghana
2022-10-31,rice,Bibiani,Bibiani Central Market,3.46,GHS,WFP-GIEWS-Ghana
2022-11-07,rice,Bibiani,Bibiani Central Market,3.46,GHS,WFP-GIEWS-Ghana
2022-11-14,rice,Bibiani,Bibiani Central Market,3.57,GHS,WFP-GIEWS-Ghana
2022-11-21,rice,Bibiani,Bibiani Central Market,3.49,GHS,WFP-GIEWS-Ghana
2022-11-28,rice,Bibiani,Bibiani Central Market,3.57,GHS,WFP-GIEWS-Ghana
2022-12-05,rice,Bibiani,Bibiani Central Market,3.34,GHS,WFP-GIEWS-Ghana
2022-12-12,rice,Bibiani,Bibiani Central Market,3.51,GHS,WFP-GIEWS-Ghana
2022-12-19,rice,Bibiani,Bibiani Central Market,3.32,GHS,WFP-GIEWS-Ghana
2022-12-26,rice,Bibiani,Bibiani Central Market,3.57,GHS,WFP-GIEWS-Ghana
2023-01-02,rice,Bibiani,Bibiani Central Market,4.15,GHS,WFP-GIEWS-Ghana
2023-01-09,rice,Bibiani,Bibiani Central Market,4.55,GHS,WFP-GIEWS-Ghana
2023-01-16,rice,Bibiani,Bibiani Central Market,4.23,GHS,WFP-GIEWS-Ghana
2023-01-23,rice,Bibiani,Bibiani Central Market,4.42,GHS,WFP-GIEWS-Ghana
2023-01-30,rice,Bibiani,Bibiani Central Market,4.65,GHS,WFP-GIEWS-Ghana
2023-02-06,rice,Bibiani,Bibiani Central Market,4.56,GHS,WFP-GIEWS-Ghana
2023-02-13,rice,Bibiani,Bibiani Central Market,4.22,GHS,WFP-GIEWS-Ghana
2023-02-20,rice,Bibiani,Bibiani Central Market,4.4,GHS,WFP-GIEWS-Ghana
2023-02-27,rice,Bibiani,Bibiani Central Market,4.25,GHS,WFP-GIEWS-Ghana
2023-03-06,rice,Bibiani,Bibiani Central Market,3.61,GHS,WFP-GIEWS-Ghana
2023-03-13,rice,Bibiani,Bibiani Central Market,3.89,GHS,WFP-GIEWS-Ghana
2023-03-20,rice,Bibiani,Bibiani Central Market,3.96,GHS,WFP-GIEWS-Ghana
2023-03-27,rice,Bibiani,Bibiani Central Market,3.94,GHS,WFP-GIEWS-Ghana
2023-04-03,rice,Bibiani,Bibiani Central Market,3.99,GHS,WFP-GIEWS-Ghana
2023-04-10,rice,Bibiani,Bibiani Central Market,3.9,GHS,WFP-GIEWS-Ghana
2023-04-17,rice,Bibiani,Bibiani Central Market,3.86,GHS,WFP-GIEWS-Ghana
2023-04-24,rice,Bibiani,Bibiani Central Market,3.73,GHS,WFP-GIEWS-Ghana
2023-05-01,rice,Bibiani,Bibiani Central Market,3.86,GHS,WFP-GIEWS-Ghana
2023-05-08,rice,Bibiani,Bibiani Central Market,3.72,GHS,WFP-GIEWS-Ghana
2023-05-15,rice,Bibiani,Bibiani Central Market,3.79,GHS,WFP-GIEWS-Ghana
2023-05-22,rice,Bibiani,Bibiani Central Market,3.94,GHS,WFP-GIEWS-Ghana
2023-05-29,rice,Bibiani,Bibiani Central Market,3.91,GHS,WFP-GIEWS-Ghana
2023-06-05,rice,Bibiani,Bibiani Central Market,4.82,GHS,WFP-GIEWS-Ghana
2023-06-12,rice,Bibiani,Bibiani Central Market,4.06,GHS,WFP-GIEWS-Ghana
2023-06-19,rice,Bibiani,Bibiani Central Market,4.27,GHS,WFP-GIEWS-Ghana
2023-06-26,rice,Bibiani,Bibiani Central Market,4.05,GHS,WFP-GIEWS-Ghana
2023-07-03,rice,Bibiani,Bibiani Central Market,4.77,GHS,WFP-GIEWS-Ghana
2023-07-10,rice,Bibiani,Bibiani Central Market,4.77,GHS,WFP-GIEWS-Ghana
2023-07-17,rice,Bibiani,Bibiani Central Market,5.0,GHS,WFP-GIEWS-Ghana
2023-07-24,rice,Bibiani,Bibiani Central Market,4.75,GHS,WFP-GIEWS-Ghana
2023-07-31,rice,Bibiani,Bibiani Central Market,4.8,GHS,WFP-GIEWS-Ghana
2023-08-07,rice,Bibiani,Bibiani Central Market,4.79,GHS,WFP-GIEWS-Ghana
2023-08-14,rice,Bibiani,Bibiani Central Market,4.6,GHS,WFP-GIEWS-Ghana
2023-08-21,rice,Bibiani,Bibiani Central Market,4.74,GHS,WFP-GIEWS-Ghana
2023-08-28,rice,Bibiani,Bibiani Central Market,4.8,GHS,WFP-GIEWS-Ghana
2023-09-04,rice,Bibiani,Bibiani Central Market,4.39,GHS,WFP-GIEWS-Ghana
2023-09-11,rice,Bibiani,Bibiani Central Market,4.48,GHS,WFP-GIEWS-Ghana
2023-09-18,rice,Bibiani,Bibiani Central Market,4.34,GHS,WFP-GIEWS-Ghana
2023-09-25,rice,Bibiani,Bibiani Central Market,4.33,GHS,WFP-GIEWS-Ghana
2023-10-02,rice,Bibiani,Bibiani Central Market,3.49,GHS,WFP-GIEWS-Ghana
2023-10-09,rice,Bibiani,Bibiani Central Market,3.83,GHS,WFP-GIEWS-Ghana
2023-10-16,rice,Bibiani,Bibiani Central Market,3.64,GHS,WFP-GIEWS-Ghana
2023-10-23,rice,Bibiani,Bibiani Central Market,3.86,GHS,WFP-GIEWS-Ghana
2023-10-30,rice,Bibiani,Bibiani Central Market,3.94,GHS,WFP-GIEWS-Ghana
2023-11-06,rice,Bibiani,Bibiani Central Market,3.74,GHS,WFP-GIEWS-Ghana
2023-11-13,rice,Bibiani,Bibiani Central Market,3.61,GHS,WFP-GIEWS-Ghana
2023-11-20,rice,Bibiani,Bibiani Central Market,3.77,GHS,WFP-GIEWS-Ghana
2023-11-27,rice,Bibiani,Bibiani Central Market,3.82,GHS,WFP-GIEWS-Ghana
2023-12-04,rice,Bibiani,Bibiani Central Market,3.75,GHS,WFP-GIEWS-Ghana
2023-12-11,rice,Bibiani,Bibiani Central Market,3.71,GHS,WFP-GIEWS-Ghana
2023-12-18,rice,Bibiani,Bibiani Central Market,3.88,GHS,WFP-GIEWS-Ghana
2023-12-25,rice,Bibiani,Bibiani Central Market,3.87,GHS,WFP-GIEWS-Ghana
2024-01-01,rice,Bibiani,Bibiani Central Market,4.78,GHS,WFP-GIEWS-Ghana
2024-01-08,rice,Bibiani,Bibiani Central Market,4.53,GHS,WFP-GIEWS-Ghana
2024-01-15,rice,Bibiani,Bibiani Central Market,4.94,GHS,WFP-GIEWS-Ghana
2024-01-22,rice,Bibiani,Bibiani Central Market,4.7,GHS,WFP-GIEWS-Ghana
2024-01-29,rice,Bibiani,Bibiani Central Market,4.89,GHS,WFP-GIEWS-Ghana
2024-02-05,rice,Bibiani,Bibiani Central Market,4.91,GHS,WFP-GIEWS-Ghana
2024-02-12,rice,Bibiani,Bibiani Central Market,4.51,GHS,WFP-GIEWS-Ghana
2024-02-19,rice,Bibiani,Bibiani Central Market,4.9,GHS,WFP-GIEWS-Ghana
2024-02-26,rice,Bibiani,Bibiani Central Market,4.98,GHS,WFP-GIEWS-Ghana
2024-03-04,rice,Bibiani,Bibiani Central Market,4.29,GHS,WFP-GIEWS-Ghana
2024-03-11,rice,Bibiani,Bibiani Central Market,4.2,GHS,WFP-GIEWS-Ghana
2024-03-18,rice,Bibiani,Bibiani Central Market,3.85,GHS,WFP-GIEWS-Ghana
2024-03-25,rice,Bibiani,Bibiani Central Market,4.4,GHS,WFP-GIEWS-Ghana
2024-04-01,rice,Bibiani,Bibiani Central Market,4.28,GHS,WFP-GIEWS-Ghana
2024-04-08,rice,Bibiani,Bibiani Central Market,4.01,GHS,WFP-GIEWS-Ghana
2024-04-15,rice,Bibiani,Bibiani Central Market,4.08,GHS,WFP-GIEWS-Ghana
2024-04-22,rice,Bibiani,Bibiani Central Market,4.25,GHS,WFP-GIEWS-Ghana
2024-04-29,rice,Bibiani,Bibiani Central Market,4.33,GHS,WFP-GIEWS-Ghana
2024-05-06,rice,Bibiani,Bibiani Central Market,4.16,GHS,WFP-GIEWS-Ghana
2024-05-13,rice,Bibiani,Bibiani Central Market,4.38,GHS,WFP-GIEWS-Ghana
2024-05-20,rice,Bibiani,Bibiani Central Market,3.94,GHS,WFP-GIEWS-Ghana
2024-05-27,rice,Bibiani,Bibiani Central Market,4.06,GHS,WFP-GIEWS-Ghana
2024-06-03,rice,Bibiani,Bibiani Central Market,4.25,GHS,WFP-GIEWS-Ghana
2024-06-10,rice,Bibiani,Bibiani Central Market,4.47,GHS,WFP-GIEWS-Ghana
2024-06-17,rice,Bibiani,Bibiani Central Market,4.92,GHS,WFP-GIEWS-Ghana
2024-06-24,rice,Bibiani,Bibiani Central Market,5.02,GHS,WFP-GIEWS-Ghana
2024-07-01,rice,Bibiani,Bibiani Central Market,5.28,GHS,WFP-GIEWS-Ghana
2024-07-08,rice,Bibiani,Bibiani Central Market,5.09,GHS,WFP-GIEWS-Ghana
2024-07-15,rice,Bibiani,Bibiani Central Market,5.18,GHS,WFP-GIEWS-Ghana
2024-07-22,rice,Bibiani,Bibiani Central Market,5.33,GHS,WFP-GIEWS-Ghana
2024-07-29,rice,Bibiani,Bibiani Central Market,4.9,GHS,WFP-GIEWS-Ghana
2024-08-05,rice,Bibiani,Bibiani Central Market,5.14,GHS,WFP-GIEWS-Ghana
2024-08-12,rice,Bibiani,Bibiani Central Market,5.56,GHS,WFP-GIEWS-Ghana
2024-08-19,rice,Bibiani,Bibiani Central Market,5.04,GHS,WFP-GIEWS-Ghana
2024-08-26,rice,Bibiani,Bibiani Central Market,5.1,GHS,WFP-GIEWS-Ghana
2024-09-02,rice,Bibiani,Bibiani Central Market,4.73,GHS,WFP-GIEWS-Ghana
2024-09-09,rice,Bibiani,Bibiani Central Market,4.78,GHS,WFP-GIEWS-Ghana
2024-09-16,rice,Bibiani,Bibiani Central Market,4.61,GHS,WFP-GIEWS-Ghana
2024-09-23,rice,Bibiani,Bibiani Central Market,4.74,GHS,WFP-GIEWS-Ghana
2024-09-30,rice,Bibiani,Bibiani Central Market,4.84,GHS,WFP-GIEWS-Ghana
2024-10-07,rice,Bibiani,Bibiani Central Market,4.36,GHS,WFP-GIEWS-Ghana
2024-10-14,rice,Bibiani,Bibiani Central Market,4.02,GHS,WFP-GIEWS-Ghana
2024-10-21,rice,Bibiani,Bibiani Central Market,4.04,GHS,WFP-GIEWS-Ghana
2024-10-28,rice,Bibiani,Bibiani Central Market,4.29,GHS,WFP-GIEWS-Ghana
2024-11-04,rice,Bibiani,Bibiani Central Market,3.98,GHS,WFP-GIEWS-Ghana
2024-11-11,rice,Bibiani,Bibiani Central Market,3.85,GHS,WFP-GIEWS-Ghana
2024-11-18,rice,Bibiani,Bibiani Central Market,4.11,GHS,WFP-GIEWS-Ghana
2024-11-25,rice,Bibiani,Bibiani Central Market,4.25,GHS,WFP-GIEWS-Ghana
2024-12-02,rice,Bibiani,Bibiani Central Market,4.16,GHS,WFP-GIEWS-Ghana
2024-12-09,rice,Bibiani,Bibiani Central Market,4.08,GHS,WFP-GIEWS-Ghana
2024-12-16,rice,Bibiani,Bibiani Central Market,3.86,GHS,WFP-GIEWS-Ghana
2024-12-23,rice,Bibiani,Bibiani Central Market,4.09,GHS,WFP-GIEWS-Ghana
2024-12-30,rice,Bibiani,Bibiani Central Market,4.3,GHS,WFP-GIEWS-Ghana
2018-01-01,rice,Juaboso,Juaboso Weekly Market,2.94,GHS,WFP-GIEWS-Ghana
2018-01-08,rice,Juaboso,Juaboso Weekly Market,2.92,GHS,WFP-GIEWS-Ghana
2018-01-15,rice,Juaboso,Juaboso Weekly Market,2.88,GHS,WFP-GIEWS-Ghana
2018-01-22,rice,Juaboso,Juaboso Weekly Market,3.0,GHS,WFP-GIEWS-Ghana
2018-01-29,rice,Juaboso,Juaboso Weekly Market,3.02,GHS,WFP-GIEWS-Ghana
2018-02-05,rice,Juaboso,Juaboso Weekly Market,3.04,GHS,WFP-GIEWS-Ghana
2018-02-12,rice,Juaboso,Juaboso Weekly Market,2.87,GHS,WFP-GIEWS-Ghana
2018-02-19,rice,Juaboso,Juaboso Weekly Market,2.79,GHS,WFP-GIEWS-Ghana
2018-02-26,rice,Juaboso,Juaboso Weekly Market,3.02,GHS,WFP-GIEWS-Ghana
2018-03-05,rice,Juaboso,Juaboso Weekly Market,2.51,GHS,WFP-GIEWS-Ghana
2018-03-12,rice,Juaboso,Juaboso Weekly Market,2.75,GHS,WFP-GIEWS-Ghana
2018-03-19,rice,Juaboso,Juaboso Weekly Market,2.75,GHS,WFP-GIEWS-Ghana
2018-03-26,rice,Juaboso,Juaboso Weekly Market,2.76,GHS,WFP-GIEWS-Ghana
2018-04-02,rice,Juaboso,Juaboso Weekly Market,2.48,GHS,WFP-GIEWS-Ghana
2018-04-09,rice,Juaboso,Juaboso Weekly Market,2.64,GHS,WFP-GIEWS-Ghana
2018-04-16,rice,Juaboso,Juaboso Weekly Market,2.67,GHS,WFP-GIEWS-Ghana
2018-04-23,rice,Juaboso,Juaboso Weekly Market,2.66,GHS,WFP-GIEWS-Ghana
2018-04-30,rice,Juaboso,Juaboso Weekly Market,2.54,GHS,WFP-GIEWS-Ghana
2018-05-07,rice,Juaboso,Juaboso Weekly Market,2.73,GHS,WFP-GIEWS-Ghana
2018-05-14,rice,Juaboso,Juaboso Weekly Market,2.59,GHS,WFP-GIEWS-Ghana
2018-05-21,rice,Juaboso,Juaboso Weekly Market,2.61,GHS,WFP-GIEWS-Ghana
2018-05-28,rice,Juaboso,Juaboso Weekly Market,2.43,GHS,WFP-GIEWS-Ghana
2018-06-04,rice,Juaboso,Juaboso Weekly Market,2.91,GHS,WFP-GIEWS-Ghana
2018-06-11,rice,Juaboso,Juaboso Weekly Market,2.81,GHS,WFP-GIEWS-Ghana
2018-06-18,rice,Juaboso,Juaboso Weekly Market,2.89,GHS,WFP-GIEWS-Ghana
2018-06-25,rice,Juaboso,Juaboso Weekly Market,2.86,GHS,WFP-GIEWS-Ghana
2018-07-02,rice,Juaboso,Juaboso Weekly Market,3.22,GHS,WFP-GIEWS-Ghana
2018-07-09,rice,Juaboso,Juaboso Weekly Market,3.19,GHS,WFP-GIEWS-Ghana
2018-07-16,rice,Juaboso,Juaboso Weekly Market,3.3,GHS,WFP-GIEWS-Ghana
2018-07-23,rice,Juaboso,Juaboso Weekly Market,3.17,GHS,WFP-GIEWS-Ghana
2018-07-30,rice,Juaboso,Juaboso Weekly Market,3.01,GHS,WFP-GIEWS-Ghana
2018-08-06,rice,Juaboso,Juaboso Weekly Market,3.29,GHS,WFP-GIEWS-Ghana
2018-08-13,rice,Juaboso,Juaboso Weekly Market,3.11,GHS,WFP-GIEWS-Ghana
2018-08-20,rice,Juaboso,Juaboso Weekly Market,3.05,GHS,WFP-GIEWS-Ghana
2018-08-27,rice,Juaboso,Juaboso Weekly Market,3.09,GHS,WFP-GIEWS-Ghana
2018-09-03,rice,Juaboso,Juaboso Weekly Market,2.93,GHS,WFP-GIEWS-Ghana
2018-09-10,rice,Juaboso,Juaboso Weekly Market,2.88,GHS,WFP-GIEWS-Ghana
2018-09-17,rice,Juaboso,Juaboso Weekly Market,2.65,GHS,WFP-GIEWS-Ghana
2018-09-24,rice,Juaboso,Juaboso Weekly Market,2.85,GHS,WFP-GIEWS-Ghana
2018-10-01,rice,Juaboso,Juaboso Weekly Market,2.59,GHS,WFP-GIEWS-Ghana
2018-10-08,rice,Juaboso,Juaboso Weekly Market,2.43,GHS,WFP-GIEWS-Ghana
2018-10-15,rice,Juaboso,Juaboso Weekly Market,2.46,GHS,WFP-GIEWS-Ghana
2018-10-22,rice,Juaboso,Juaboso Weekly Market,2.58,GHS,WFP-GIEWS-Ghana
2018-10-29,rice,Juaboso,Juaboso Weekly Market,2.55,GHS,WFP-GIEWS-Ghana
2018-11-05,rice,Juaboso,Juaboso Weekly Market,2.59,GHS,WFP-GIEWS-Ghana
2018-11-12,rice,Juaboso,Juaboso Weekly Market,2.21,GHS,WFP-GIEWS-Ghana
2018-11-19,rice,Juaboso,Juaboso Weekly Market,2.66,GHS,WFP-GIEWS-Ghana
2018-11-26,rice,Juaboso,Juaboso Weekly Market,2.55,GHS,WFP-GIEWS-Ghana
2018-12-03,rice,Juaboso,Juaboso Weekly Market,2.75,GHS,WFP-GIEWS-Ghana
2018-12-10,rice,Juaboso,Juaboso Weekly Market,2.43,GHS,WFP-GIEWS-Ghana
2018-12-17,rice,Juaboso,Juaboso Weekly Market,2.33,GHS,WFP-GIEWS-Ghana
2018-12-24,rice,Juaboso,Juaboso Weekly Market,2.51,GHS,WFP-GIEWS-Ghana
2018-12-31,rice,Juaboso,Juaboso Weekly Market,2.48,GHS,WFP-GIEWS-Ghana
2019-01-07,rice,Juaboso,Juaboso Weekly Market,3.29,GHS,WFP-GIEWS-Ghana
2019-01-14,rice,Juaboso,Juaboso Weekly Market,3.34,GHS,WFP-GIEWS-Ghana
2019-01-21,rice,Juaboso,Juaboso Weekly Market,3.19,GHS,WFP-GIEWS-Ghana
2019-01-28,rice,Juaboso,Juaboso Weekly Market,3.17,GHS,WFP-GIEWS-Ghana
2019-02-04,rice,Juaboso,Juaboso Weekly Market,3.29,GHS,WFP-GIEWS-Ghana
2019-02-11,rice,Juaboso,Juaboso Weekly Market,3.19,GHS,WFP-GIEWS-Ghana
2019-02-18,rice,Juaboso,Juaboso Weekly Market,3.18,GHS,WFP-GIEWS-Ghana
2019-02-25,rice,Juaboso,Juaboso Weekly Market,3.36,GHS,WFP-GIEWS-Ghana
2019-03-04,rice,Juaboso,Juaboso Weekly Market,2.9,GHS,WFP-GIEWS-Ghana
2019-03-11,rice,Juaboso,Juaboso Weekly Market,2.89,GHS,WFP-GIEWS-Ghana
2019-03-18,rice,Juaboso,Juaboso Weekly Market,2.75,GHS,WFP-GIEWS-Ghana
2019-03-25,rice,Juaboso,Juaboso Weekly Market,2.53,GHS,WFP-GIEWS-Ghana
2019-04-01,rice,Juaboso,Juaboso Weekly Market,2.77,GHS,WFP-GIEWS-Ghana
2019-04-08,rice,Juaboso,Juaboso Weekly Market,2.7,GHS,WFP-GIEWS-Ghana
2019-04-15,rice,Juaboso,Juaboso Weekly Market,2.77,GHS,WFP-GIEWS-Ghana
2019-04-22,rice,Juaboso,Juaboso Weekly Market,2.71,GHS,WFP-GIEWS-Ghana
2019-04-29,rice,Juaboso,Juaboso Weekly Market,2.78,GHS,WFP-GIEWS-Ghana
2019-05-06,rice,Juaboso,Juaboso Weekly Market,2.68,GHS,WFP-GIEWS-Ghana
2019-05-13,rice,Juaboso,Juaboso Weekly Market,2.66,GHS,WFP-GIEWS-Ghana
2019-05-20,rice,Juaboso,Juaboso Weekly Market,2.94,GHS,WFP-GIEWS-Ghana
2019-05-27,rice,Juaboso,Juaboso Weekly Market,2.69,GHS,WFP-GIEWS-Ghana
2019-06-03,rice,Juaboso,Juaboso Weekly Market,3.06,GHS,WFP-GIEWS-Ghana
2019-06-10,rice,Juaboso,Juaboso Weekly Market,3.18,GHS,WFP-GIEWS-Ghana
2019-06-17,rice,Juaboso,Juaboso Weekly Market,3.18,GHS,WFP-GIEWS-Ghana
2019-06-24,rice,Juaboso,Juaboso Weekly Market,3.16,GHS,WFP-GIEWS-Ghana
2019-07-01,rice,Juaboso,Juaboso Weekly Market,3.5,GHS,WFP-GIEWS-Ghana
2019-07-08,rice,Juaboso,Juaboso Weekly Market,3.55,GHS,WFP-GIEWS-Ghana
2019-07-15,rice,Juaboso,Juaboso Weekly Market,3.64,GHS,WFP-GIEWS-Ghana
2019-07-22,rice,Juaboso,Juaboso Weekly Market,3.51,GHS,WFP-GIEWS-Ghana
2019-07-29,rice,Juaboso,Juaboso Weekly Market,3.2,GHS,WFP-GIEWS-Ghana
2019-08-05,rice,Juaboso,Juaboso Weekly Market,3.4,GHS,WFP-GIEWS-Ghana
2019-08-12,rice,Juaboso,Juaboso Weekly Market,3.57,GHS,WFP-GIEWS-Ghana
2019-08-19,rice,Juaboso,Juaboso Weekly Market,3.39,GHS,WFP-GIEWS-Ghana
2019-08-26,rice,Juaboso,Juaboso Weekly Market,3.7,GHS,WFP-GIEWS-Ghana
2019-09-02,rice,Juaboso,Juaboso Weekly Market,3.12,GHS,WFP-GIEWS-Ghana
2019-09-09,rice,Juaboso,Juaboso Weekly Market,3.13,GHS,WFP-GIEWS-Ghana
2019-09-16,rice,Juaboso,Juaboso Weekly Market,3.26,GHS,WFP-GIEWS-Ghana
2019-09-23,rice,Juaboso,Juaboso Weekly Market,3.1,GHS,WFP-GIEWS-Ghana
2019-09-30,rice,Juaboso,Juaboso Weekly Market,3.15,GHS,WFP-GIEWS-Ghana
2019-10-07,rice,Juaboso,Juaboso Weekly Market,2.77,GHS,WFP-GIEWS-Ghana
2019-10-14,rice,Juaboso,Juaboso Weekly Market,2.51,GHS,WFP-GIEWS-Ghana
2019-10-21,rice,Juaboso,Juaboso Weekly Market,2.64,GHS,WFP-GIEWS-Ghana
2019-10-28,rice,Juaboso,Juaboso Weekly Market,2.76,GHS,WFP-GIEWS-Ghana
2019-11-04,rice,Juaboso,Juaboso Weekly Market,2.7,GHS,WFP-GIEWS-Ghana
2019-11-11,rice,Juaboso,Juaboso Weekly Market,2.85,GHS,WFP-GIEWS-Ghana
2019-11-18,rice,Juaboso,Juaboso Weekly Market,2.52,GHS,WFP-GIEWS-Ghana
2019-11-25,rice,Juaboso,Juaboso Weekly Market,2.51,GHS,WFP-GIEWS-Ghana
2019-12-02,rice,Juaboso,Juaboso Weekly Market,2.79,GHS,WFP-GIEWS-Ghana
2019-12-09,rice,Juaboso,Juaboso Weekly Market,2.8,GHS,WFP-GIEWS-Ghana
2019-12-16,rice,Juaboso,Juaboso Weekly Market,2.69,GHS,WFP-GIEWS-Ghana
2019-12-23,rice,Juaboso,Juaboso Weekly Market,2.75,GHS,WFP-GIEWS-Ghana
2019-12-30,rice,Juaboso,Juaboso Weekly Market,2.79,GHS,WFP-GIEWS-Ghana
2020-01-06,rice,Juaboso,Juaboso Weekly Market,3.35,GHS,WFP-GIEWS-Ghana
2020-01-13,rice,Juaboso,Juaboso Weekly Market,3.36,GHS,WFP-GIEWS-Ghana
2020-01-20,rice,Juaboso,Juaboso Weekly Market,3.49,GHS,WFP-GIEWS-Ghana
2020-01-27,rice,Juaboso,Juaboso Weekly Market,3.59,GHS,WFP-GIEWS-Ghana
2020-02-03,rice,Juaboso,Juaboso Weekly Market,3.32,GHS,WFP-GIEWS-Ghana
2020-02-10,rice,Juaboso,Juaboso Weekly Market,3.46,GHS,WFP-GIEWS-Ghana
2020-02-17,rice,Juaboso,Juaboso Weekly Market,3.45,GHS,WFP-GIEWS-Ghana
2020-02-24,rice,Juaboso,Juaboso Weekly Market,3.54,GHS,WFP-GIEWS-Ghana
2020-03-02,rice,Juaboso,Juaboso Weekly Market,2.99,GHS,WFP-GIEWS-Ghana
2020-03-09,rice,Juaboso,Juaboso Weekly Market,2.92,GHS,WFP-GIEWS-Ghana
2020-03-16,rice,Juaboso,Juaboso Weekly Market,3.14,GHS,WFP-GIEWS-Ghana
2020-03-23,rice,Juaboso,Juaboso Weekly Market,2.92,GHS,WFP-GIEWS-Ghana
2020-03-30,rice,Juaboso,Juaboso Weekly Market,2.95,GHS,WFP-GIEWS-Ghana
2020-04-06,rice,Juaboso,Juaboso Weekly Market,2.81,GHS,WFP-GIEWS-Ghana
2020-04-13,rice,Juaboso,Juaboso Weekly Market,2.92,GHS,WFP-GIEWS-Ghana
2020-04-20,rice,Juaboso,Juaboso Weekly Market,3.07,GHS,WFP-GIEWS-Ghana
2020-04-27,rice,Juaboso,Juaboso Weekly Market,3.04,GHS,WFP-GIEWS-Ghana
2020-05-04,rice,Juaboso,Juaboso Weekly Market,3.1,GHS,WFP-GIEWS-Ghana
2020-05-11,rice,Juaboso,Juaboso Weekly Market,3.09,GHS,WFP-GIEWS-Ghana
2020-05-18,rice,Juaboso,Juaboso Weekly Market,3.28,GHS,WFP-GIEWS-Ghana
2020-05-25,rice,Juaboso,Juaboso Weekly Market,2.93,GHS,WFP-GIEWS-Ghana
2020-06-01,rice,Juaboso,Juaboso Weekly Market,3.09,GHS,WFP-GIEWS-Ghana
2020-06-08,rice,Juaboso,Juaboso Weekly Market,3.17,GHS,WFP-GIEWS-Ghana
2020-06-15,rice,Juaboso,Juaboso Weekly Market,3.22,GHS,WFP-GIEWS-Ghana
2020-06-22,rice,Juaboso,Juaboso Weekly Market,3.18,GHS,WFP-GIEWS-Ghana
2020-06-29,rice,Juaboso,Juaboso Weekly Market,3.32,GHS,WFP-GIEWS-Ghana
2020-07-06,rice,Juaboso,Juaboso Weekly Market,3.92,GHS,WFP-GIEWS-Ghana
2020-07-13,rice,Juaboso,Juaboso Weekly Market,3.96,GHS,WFP-GIEWS-Ghana
2020-07-20,rice,Juaboso,Juaboso Weekly Market,3.81,GHS,WFP-GIEWS-Ghana
2020-07-27,rice,Juaboso,Juaboso Weekly Market,4.05,GHS,WFP-GIEWS-Ghana
2020-08-03,rice,Juaboso,Juaboso Weekly Market,3.7,GHS,WFP-GIEWS-Ghana
2020-08-10,rice,Juaboso,Juaboso Weekly Market,3.51,GHS,WFP-GIEWS-Ghana
2020-08-17,rice,Juaboso,Juaboso Weekly Market,3.91,GHS,WFP-GIEWS-Ghana
2020-08-24,rice,Juaboso,Juaboso Weekly Market,3.48,GHS,WFP-GIEWS-Ghana
2020-08-31,rice,Juaboso,Juaboso Weekly Market,3.64,GHS,WFP-GIEWS-Ghana
2020-09-07,rice,Juaboso,Juaboso Weekly Market,3.44,GHS,WFP-GIEWS-Ghana
2020-09-14,rice,Juaboso,Juaboso Weekly Market,3.36,GHS,WFP-GIEWS-Ghana
2020-09-21,rice,Juaboso,Juaboso Weekly Market,3.35,GHS,WFP-GIEWS-Ghana
2020-09-28,rice,Juaboso,Juaboso Weekly Market,3.21,GHS,WFP-GIEWS-Ghana
2020-10-05,rice,Juaboso,Juaboso Weekly Market,2.88,GHS,WFP-GIEWS-Ghana
2020-10-12,rice,Juaboso,Juaboso Weekly Market,3.0,GHS,WFP-GIEWS-Ghana
2020-10-19,rice,Juaboso,Juaboso Weekly Market,2.89,GHS,WFP-GIEWS-Ghana
2020-10-26,rice,Juaboso,Juaboso Weekly Market,2.79,GHS,WFP-GIEWS-Ghana
2020-11-02,rice,Juaboso,Juaboso Weekly Market,2.76,GHS,WFP-GIEWS-Ghana
2020-11-09,rice,Juaboso,Juaboso Weekly Market,2.81,GHS,WFP-GIEWS-Ghana
2020-11-16,rice,Juaboso,Juaboso Weekly Market,2.95,GHS,WFP-GIEWS-Ghana
2020-11-23,rice,Juaboso,Juaboso Weekly Market,2.94,GHS,WFP-GIEWS-Ghana
2020-11-30,rice,Juaboso,Juaboso Weekly Market,2.81,GHS,WFP-GIEWS-Ghana
2020-12-07,rice,Juaboso,Juaboso Weekly Market,2.66,GHS,WFP-GIEWS-Ghana
2020-12-14,rice,Juaboso,Juaboso Weekly Market,2.97,GHS,WFP-GIEWS-Ghana
2020-12-21,rice,Juaboso,Juaboso Weekly Market,2.82,GHS,WFP-GIEWS-Ghana
2020-12-28,rice,Juaboso,Juaboso Weekly Market,3.0,GHS,WFP-GIEWS-Ghana
2021-01-04,rice,Juaboso,Juaboso Weekly Market,3.63,GHS,WFP-GIEWS-Ghana
2021-01-11,rice,Juaboso,Juaboso Weekly Market,3.59,GHS,WFP-GIEWS-Ghana
2021-01-18,rice,Juaboso,Juaboso Weekly Market,3.76,GHS,WFP-GIEWS-Ghana
2021-01-25,rice,Juaboso,Juaboso Weekly Market,4.09,GHS,WFP-GIEWS-Ghana
2021-02-01,rice,Juaboso,Juaboso Weekly Market,3.87,GHS,WFP-GIEWS-Ghana
2021-02-08,rice,Juaboso,Juaboso Weekly Market,3.78,GHS,WFP-GIEWS-Ghana
2021-02-15,rice,Juaboso,Juaboso Weekly Market,3.82,GHS,WFP-GIEWS-Ghana
2021-02-22,rice,Juaboso,Juaboso Weekly Market,3.5,GHS,WFP-GIEWS-Ghana
2021-03-01,rice,Juaboso,Juaboso Weekly Market,3.08,GHS,WFP-GIEWS-Ghana
2021-03-08,rice,Juaboso,Juaboso Weekly Market,2.9,GHS,WFP-GIEWS-Ghana
2021-03-15,rice,Juaboso,Juaboso Weekly Market,3.45,GHS,WFP-GIEWS-Ghana
2021-03-22,rice,Juaboso,Juaboso Weekly Market,3.42,GHS,WFP-GIEWS-Ghana
2021-03-29,rice,Juaboso,Juaboso Weekly Market,3.28,GHS,WFP-GIEWS-Ghana
2021-04-05,rice,Juaboso,Juaboso Weekly Market,3.26,GHS,WFP-GIEWS-Ghana
2021-04-12,rice,Juaboso,Juaboso Weekly Market,3.04,GHS,WFP-GIEWS-Ghana
2021-04-19,rice,Juaboso,Juaboso Weekly Market,3.22,GHS,WFP-GIEWS-Ghana
2021-04-26,rice,Juaboso,Juaboso Weekly Market,3.48,GHS,WFP-GIEWS-Ghana
2021-05-03,rice,Juaboso,Juaboso Weekly Market,3.28,GHS,WFP-GIEWS-Ghana
2021-05-10,rice,Juaboso,Juaboso Weekly Market,3.19,GHS,WFP-GIEWS-Ghana
2021-05-17,rice,Juaboso,Juaboso Weekly Market,3.04,GHS,WFP-GIEWS-Ghana
2021-05-24,rice,Juaboso,Juaboso Weekly Market,3.45,GHS,WFP-GIEWS-Ghana
2021-05-31,rice,Juaboso,Juaboso Weekly Market,3.26,GHS,WFP-GIEWS-Ghana
2021-06-07,rice,Juaboso,Juaboso Weekly Market,3.32,GHS,WFP-GIEWS-Ghana
2021-06-14,rice,Juaboso,Juaboso Weekly Market,3.44,GHS,WFP-GIEWS-Ghana
2021-06-21,rice,Juaboso,Juaboso Weekly Market,3.39,GHS,WFP-GIEWS-Ghana
2021-06-28,rice,Juaboso,Juaboso Weekly Market,3.56,GHS,WFP-GIEWS-Ghana
2021-07-05,rice,Juaboso,Juaboso Weekly Market,4.06,GHS,WFP-GIEWS-Ghana
2021-07-12,rice,Juaboso,Juaboso Weekly Market,3.95,GHS,WFP-GIEWS-Ghana
2021-07-19,rice,Juaboso,Juaboso Weekly Market,4.15,GHS,WFP-GIEWS-Ghana
2021-07-26,rice,Juaboso,Juaboso Weekly Market,4.04,GHS,WFP-GIEWS-Ghana
2021-08-02,rice,Juaboso,Juaboso Weekly Market,4.23,GHS,WFP-GIEWS-Ghana
2021-08-09,rice,Juaboso,Juaboso Weekly Market,4.0,GHS,WFP-GIEWS-Ghana
2021-08-16,rice,Juaboso,Juaboso Weekly Market,4.55,GHS,WFP-GIEWS-Ghana
2021-08-23,rice,Juaboso,Juaboso Weekly Market,3.96,GHS,WFP-GIEWS-Ghana
2021-08-30,rice,Juaboso,Juaboso Weekly Market,3.91,GHS,WFP-GIEWS-Ghana
2021-09-06,rice,Juaboso,Juaboso Weekly Market,3.49,GHS,WFP-GIEWS-Ghana
2021-09-13,rice,Juaboso,Juaboso Weekly Market,3.61,GHS,WFP-GIEWS-Ghana
2021-09-20,rice,Juaboso,Juaboso Weekly Market,3.39,GHS,WFP-GIEWS-Ghana
2021-09-27,rice,Juaboso,Juaboso Weekly Market,3.69,GHS,WFP-GIEWS-Ghana
2021-10-04,rice,Juaboso,Juaboso Weekly Market,2.88,GHS,WFP-GIEWS-Ghana
2021-10-11,rice,Juaboso,Juaboso Weekly Market,3.14,GHS,WFP-GIEWS-Ghana
2021-10-18,rice,Juaboso,Juaboso Weekly Market,2.95,GHS,WFP-GIEWS-Ghana
2021-10-25,rice,Juaboso,Juaboso Weekly Market,3.07,GHS,WFP-GIEWS-Ghana
2021-11-01,rice,Juaboso,Juaboso Weekly Market,3.21,GHS,WFP-GIEWS-Ghana
2021-11-08,rice,Juaboso,Juaboso Weekly Market,3.43,GHS,WFP-GIEWS-Ghana
2021-11-15,rice,Juaboso,Juaboso Weekly Market,3.0,GHS,WFP-GIEWS-Ghana
2021-11-22,rice,Juaboso,Juaboso Weekly Market,3.12,GHS,WFP-GIEWS-Ghana
2021-11-29,rice,Juaboso,Juaboso Weekly Market,3.05,GHS,WFP-GIEWS-Ghana
2021-12-06,rice,Juaboso,Juaboso Weekly Market,3.05,GHS,WFP-GIEWS-Ghana
2021-12-13,rice,Juaboso,Juaboso Weekly Market,3.07,GHS,WFP-GIEWS-Ghana
2021-12-20,rice,Juaboso,Juaboso Weekly Market,3.26,GHS,WFP-GIEWS-Ghana
2021-12-27,rice,Juaboso,Juaboso Weekly Market,3.1,GHS,WFP-GIEWS-Ghana
2022-01-03,rice,Juaboso,Juaboso Weekly Market,4.4,GHS,WFP-GIEWS-Ghana
2022-01-10,rice,Juaboso,Juaboso Weekly Market,4.1,GHS,WFP-GIEWS-Ghana
2022-01-17,rice,Juaboso,Juaboso Weekly Market,3.87,GHS,WFP-GIEWS-Ghana
2022-01-24,rice,Juaboso,Juaboso Weekly Market,3.98,GHS,WFP-GIEWS-Ghana
2022-01-31,rice,Juaboso,Juaboso Weekly Market,3.91,GHS,WFP-GIEWS-Ghana
2022-02-07,rice,Juaboso,Juaboso Weekly Market,4.19,GHS,WFP-GIEWS-Ghana
2022-02-14,rice,Juaboso,Juaboso Weekly Market,3.8,GHS,WFP-GIEWS-Ghana
2022-02-21,rice,Juaboso,Juaboso Weekly Market,3.85,GHS,WFP-GIEWS-Ghana
2022-02-28,rice,Juaboso,Juaboso Weekly Market,3.97,GHS,WFP-GIEWS-Ghana
2022-03-07,rice,Juaboso,Juaboso Weekly Market,3.58,GHS,WFP-GIEWS-Ghana
2022-03-14,rice,Juaboso,Juaboso Weekly Market,3.66,GHS,WFP-GIEWS-Ghana
2022-03-21,rice,Juaboso,Juaboso Weekly Market,3.68,GHS,WFP-GIEWS-Ghana
2022-03-28,rice,Juaboso,Juaboso Weekly Market,3.56,GHS,WFP-GIEWS-Ghana
2022-04-04,rice,Juaboso,Juaboso Weekly Market,3.49,GHS,WFP-GIEWS-Ghana
2022-04-11,rice,Juaboso,Juaboso Weekly Market,3.62,GHS,WFP-GIEWS-Ghana
2022-04-18,rice,Juaboso,Juaboso Weekly Market,3.35,GHS,WFP-GIEWS-Ghana
2022-04-25,rice,Juaboso,Juaboso Weekly Market,3.25,GHS,WFP-GIEWS-Ghana
2022-05-02,rice,Juaboso,Juaboso Weekly Market,3.59,GHS,WFP-GIEWS-Ghana
2022-05-09,rice,Juaboso,Juaboso Weekly Market,3.39,GHS,WFP-GIEWS-Ghana
2022-05-16,rice,Juaboso,Juaboso Weekly Market,3.52,GHS,WFP-GIEWS-Ghana
2022-05-23,rice,Juaboso,Juaboso Weekly Market,3.55,GHS,WFP-GIEWS-Ghana
2022-05-30,rice,Juaboso,Juaboso Weekly Market,3.56,GHS,WFP-GIEWS-Ghana
2022-06-06,rice,Juaboso,Juaboso Weekly Market,4.0,GHS,WFP-GIEWS-Ghana
2022-06-13,rice,Juaboso,Juaboso Weekly Market,3.99,GHS,WFP-GIEWS-Ghana
2022-06-20,rice,Juaboso,Juaboso Weekly Market,3.89,GHS,WFP-GIEWS-Ghana
2022-06-27,rice,Juaboso,Juaboso Weekly Market,3.79,GHS,WFP-GIEWS-Ghana
2022-07-04,rice,Juaboso,Juaboso Weekly Market,4.37,GHS,WFP-GIEWS-Ghana
2022-07-11,rice,Juaboso,Juaboso Weekly Market,4.25,GHS,WFP-GIEWS-Ghana
2022-07-18,rice,Juaboso,Juaboso Weekly Market,4.32,GHS,WFP-GIEWS-Ghana
2022-07-25,rice,Juaboso,Juaboso Weekly Market,4.81,GHS,WFP-GIEWS-Ghana
2022-08-01,rice,Juaboso,Juaboso Weekly Market,4.41,GHS,WFP-GIEWS-Ghana
2022-08-08,rice,Juaboso,Juaboso Weekly Market,4.46,GHS,WFP-GIEWS-Ghana
2022-08-15,rice,Juaboso,Juaboso Weekly Market,4.26,GHS,WFP-GIEWS-Ghana
2022-08-22,rice,Juaboso,Juaboso Weekly Market,4.56,GHS,WFP-GIEWS-Ghana
2022-08-29,rice,Juaboso,Juaboso Weekly Market,4.51,GHS,WFP-GIEWS-Ghana
2022-09-05,rice,Juaboso,Juaboso Weekly Market,4.06,GHS,WFP-GIEWS-Ghana
2022-09-12,rice,Juaboso,Juaboso Weekly Market,3.97,GHS,WFP-GIEWS-Ghana
2022-09-19,rice,Juaboso,Juaboso Weekly Market,4.1,GHS,WFP-GIEWS-Ghana
2022-09-26,rice,Juaboso,Juaboso Weekly Market,4.14,GHS,WFP-GIEWS-Ghana
2022-10-03,rice,Juaboso,Juaboso Weekly Market,3.4,GHS,WFP-GIEWS-Ghana
2022-10-10,rice,Juaboso,Juaboso Weekly Market,3.35,GHS,WFP-GIEWS-Ghana
2022-10-17,rice,Juaboso,Juaboso Weekly Market,3.49,GHS,WFP-GIEWS-Ghana
2022-10-24,rice,Juaboso,Juaboso Weekly Market,3.24,GHS,WFP-GIEWS-Ghana
2022-10-31,rice,Juaboso,Juaboso Weekly Market,3.27,GHS,WFP-GIEWS-Ghana
2022-11-07,rice,Juaboso,Juaboso Weekly Market,3.38,GHS,WFP-GIEWS-Ghana
2022-11-14,rice,Juaboso,Juaboso Weekly Market,3.15,GHS,WFP-GIEWS-Ghana
2022-11-21,rice,Juaboso,Juaboso Weekly Market,3.5,GHS,WFP-GIEWS-Ghana
2022-11-28,rice,Juaboso,Juaboso Weekly Market,3.26,GHS,WFP-GIEWS-Ghana
2022-12-05,rice,Juaboso,Juaboso Weekly Market,3.35,GHS,WFP-GIEWS-Ghana
2022-12-12,rice,Juaboso,Juaboso Weekly Market,3.38,GHS,WFP-GIEWS-Ghana
2022-12-19,rice,Juaboso,Juaboso Weekly Market,3.41,GHS,WFP-GIEWS-Ghana
2022-12-26,rice,Juaboso,Juaboso Weekly Market,3.36,GHS,WFP-GIEWS-Ghana
2023-01-02,rice,Juaboso,Juaboso Weekly Market,4.35,GHS,WFP-GIEWS-Ghana
2023-01-09,rice,Juaboso,Juaboso Weekly Market,4.35,GHS,WFP-GIEWS-Ghana
2023-01-16,rice,Juaboso,Juaboso Weekly Market,4.28,GHS,WFP-GIEWS-Ghana
2023-01-23,rice,Juaboso,Juaboso Weekly Market,4.23,GHS,WFP-GIEWS-Ghana
2023-01-30,rice,Juaboso,Juaboso Weekly Market,4.55,GHS,WFP-GIEWS-Ghana
2023-02-06,rice,Juaboso,Juaboso Weekly Market,4.02,GHS,WFP-GIEWS-Ghana
2023-02-13,rice,Juaboso,Juaboso Weekly Market,4.35,GHS,WFP-GIEWS-Ghana
2023-02-20,rice,Juaboso,Juaboso Weekly Market,4.31,GHS,WFP-GIEWS-Ghana
2023-02-27,rice,Juaboso,Juaboso Weekly Market,4.46,GHS,WFP-GIEWS-Ghana
2023-03-06,rice,Juaboso,Juaboso Weekly Market,3.54,GHS,WFP-GIEWS-Ghana
2023-03-13,rice,Juaboso,Juaboso Weekly Market,3.69,GHS,WFP-GIEWS-Ghana
2023-03-20,rice,Juaboso,Juaboso Weekly Market,3.75,GHS,WFP-GIEWS-Ghana
2023-03-27,rice,Juaboso,Juaboso Weekly Market,3.92,GHS,WFP-GIEWS-Ghana
2023-04-03,rice,Juaboso,Juaboso Weekly Market,3.84,GHS,WFP-GIEWS-Ghana
2023-04-10,rice,Juaboso,Juaboso Weekly Market,3.61,GHS,WFP-GIEWS-Ghana
2023-04-17,rice,Juaboso,Juaboso Weekly Market,3.71,GHS,WFP-GIEWS-Ghana
2023-04-24,rice,Juaboso,Juaboso Weekly Market,3.92,GHS,WFP-GIEWS-Ghana
2023-05-01,rice,Juaboso,Juaboso Weekly Market,3.63,GHS,WFP-GIEWS-Ghana
2023-05-08,rice,Juaboso,Juaboso Weekly Market,3.8,GHS,WFP-GIEWS-Ghana
2023-05-15,rice,Juaboso,Juaboso Weekly Market,3.81,GHS,WFP-GIEWS-Ghana
2023-05-22,rice,Juaboso,Juaboso Weekly Market,3.75,GHS,WFP-GIEWS-Ghana
2023-05-29,rice,Juaboso,Juaboso Weekly Market,4.22,GHS,WFP-GIEWS-Ghana
2023-06-05,rice,Juaboso,Juaboso Weekly Market,4.1,GHS,WFP-GIEWS-Ghana
2023-06-12,rice,Juaboso,Juaboso Weekly Market,4.24,GHS,WFP-GIEWS-Ghana
2023-06-19,rice,Juaboso,Juaboso Weekly Market,4.04,GHS,WFP-GIEWS-Ghana
2023-06-26,rice,Juaboso,Juaboso Weekly Market,4.26,GHS,WFP-GIEWS-Ghana
2023-07-03,rice,Juaboso,Juaboso Weekly Market,4.86,GHS,WFP-GIEWS-Ghana
2023-07-10,rice,Juaboso,Juaboso Weekly Market,4.59,GHS,WFP-GIEWS-Ghana
2023-07-17,rice,Juaboso,Juaboso Weekly Market,4.69,GHS,WFP-GIEWS-Ghana
2023-07-24,rice,Juaboso,Juaboso Weekly Market,4.53,GHS,WFP-GIEWS-Ghana
2023-07-31,rice,Juaboso,Juaboso Weekly Market,4.48,GHS,WFP-GIEWS-Ghana
2023-08-07,rice,Juaboso,Juaboso Weekly Market,4.93,GHS,WFP-GIEWS-Ghana
2023-08-14,rice,Juaboso,Juaboso Weekly Market,4.62,GHS,WFP-GIEWS-Ghana
2023-08-21,rice,Juaboso,Juaboso Weekly Market,4.27,GHS,WFP-GIEWS-Ghana
2023-08-28,rice,Juaboso,Juaboso Weekly Market,5.06,GHS,WFP-GIEWS-Ghana
2023-09-04,rice,Juaboso,Juaboso Weekly Market,4.11,GHS,WFP-GIEWS-Ghana
2023-09-11,rice,Juaboso,Juaboso Weekly Market,4.21,GHS,WFP-GIEWS-Ghana
2023-09-18,rice,Juaboso,Juaboso Weekly Market,4.53,GHS,WFP-GIEWS-Ghana
2023-09-25,rice,Juaboso,Juaboso Weekly Market,4.23,GHS,WFP-GIEWS-Ghana
2023-10-02,rice,Juaboso,Juaboso Weekly Market,3.61,GHS,WFP-GIEWS-Ghana
2023-10-09,rice,Juaboso,Juaboso Weekly Market,3.46,GHS,WFP-GIEWS-Ghana
2023-10-16,rice,Juaboso,Juaboso Weekly Market,3.4,GHS,WFP-GIEWS-Ghana
2023-10-23,rice,Juaboso,Juaboso Weekly Market,3.61,GHS,WFP-GIEWS-Ghana
2023-10-30,rice,Juaboso,Juaboso Weekly Market,3.69,GHS,WFP-GIEWS-Ghana
2023-11-06,rice,Juaboso,Juaboso Weekly Market,3.7,GHS,WFP-GIEWS-Ghana
2023-11-13,rice,Juaboso,Juaboso Weekly Market,3.59,GHS,WFP-GIEWS-Ghana
2023-11-20,rice,Juaboso,Juaboso Weekly Market,3.66,GHS,WFP-GIEWS-Ghana
2023-11-27,rice,Juaboso,Juaboso Weekly Market,3.39,GHS,WFP-GIEWS-Ghana
2023-12-04,rice,Juaboso,Juaboso Weekly Market,3.75,GHS,WFP-GIEWS-Ghana
2023-12-11,rice,Juaboso,Juaboso Weekly Market,3.71,GHS,WFP-GIEWS-Ghana
2023-12-18,rice,Juaboso,Juaboso Weekly Market,3.97,GHS,WFP-GIEWS-Ghana
2023-12-25,rice,Juaboso,Juaboso Weekly Market,3.68,GHS,WFP-GIEWS-Ghana
2024-01-01,rice,Juaboso,Juaboso Weekly Market,4.53,GHS,WFP-GIEWS-Ghana
2024-01-08,rice,Juaboso,Juaboso Weekly Market,4.7,GHS,WFP-GIEWS-Ghana
2024-01-15,rice,Juaboso,Juaboso Weekly Market,4.65,GHS,WFP-GIEWS-Ghana
2024-01-22,rice,Juaboso,Juaboso Weekly Market,4.79,GHS,WFP-GIEWS-Ghana
2024-01-29,rice,Juaboso,Juaboso Weekly Market,4.71,GHS,WFP-GIEWS-Ghana
2024-02-05,rice,Juaboso,Juaboso Weekly Market,4.5,GHS,WFP-GIEWS-Ghana
2024-02-12,rice,Juaboso,Juaboso Weekly Market,4.43,GHS,WFP-GIEWS-Ghana
2024-02-19,rice,Juaboso,Juaboso Weekly Market,4.79,GHS,WFP-GIEWS-Ghana
2024-02-26,rice,Juaboso,Juaboso Weekly Market,5.0,GHS,WFP-GIEWS-Ghana
2024-03-04,rice,Juaboso,Juaboso Weekly Market,4.08,GHS,WFP-GIEWS-Ghana
2024-03-11,rice,Juaboso,Juaboso Weekly Market,4.2,GHS,WFP-GIEWS-Ghana
2024-03-18,rice,Juaboso,Juaboso Weekly Market,4.23,GHS,WFP-GIEWS-Ghana
2024-03-25,rice,Juaboso,Juaboso Weekly Market,4.11,GHS,WFP-GIEWS-Ghana
2024-04-01,rice,Juaboso,Juaboso Weekly Market,3.96,GHS,WFP-GIEWS-Ghana
2024-04-08,rice,Juaboso,Juaboso Weekly Market,4.12,GHS,WFP-GIEWS-Ghana
2024-04-15,rice,Juaboso,Juaboso Weekly Market,4.29,GHS,WFP-GIEWS-Ghana
2024-04-22,rice,Juaboso,Juaboso Weekly Market,4.18,GHS,WFP-GIEWS-Ghana
2024-04-29,rice,Juaboso,Juaboso Weekly Market,4.21,GHS,WFP-GIEWS-Ghana
2024-05-06,rice,Juaboso,Juaboso Weekly Market,4.04,GHS,WFP-GIEWS-Ghana
2024-05-13,rice,Juaboso,Juaboso Weekly Market,4.08,GHS,WFP-GIEWS-Ghana
2024-05-20,rice,Juaboso,Juaboso Weekly Market,4.1,GHS,WFP-GIEWS-Ghana
2024-05-27,rice,Juaboso,Juaboso Weekly Market,4.11,GHS,WFP-GIEWS-Ghana
2024-06-03,rice,Juaboso,Juaboso Weekly Market,4.71,GHS,WFP-GIEWS-Ghana
2024-06-10,rice,Juaboso,Juaboso Weekly Market,4.08,GHS,WFP-GIEWS-Ghana
2024-06-17,rice,Juaboso,Juaboso Weekly Market,4.51,GHS,WFP-GIEWS-Ghana
2024-06-24,rice,Juaboso,Juaboso Weekly Market,4.49,GHS,WFP-GIEWS-Ghana
2024-07-01,rice,Juaboso,Juaboso Weekly Market,4.8,GHS,WFP-GIEWS-Ghana
2024-07-08,rice,Juaboso,Juaboso Weekly Market,5.21,GHS,WFP-GIEWS-Ghana
2024-07-15,rice,Juaboso,Juaboso Weekly Market,4.93,GHS,WFP-GIEWS-Ghana
2024-07-22,rice,Juaboso,Juaboso Weekly Market,5.0,GHS,WFP-GIEWS-Ghana
2024-07-29,rice,Juaboso,Juaboso Weekly Market,5.45,GHS,WFP-GIEWS-Ghana
2024-08-05,rice,Juaboso,Juaboso Weekly Market,5.31,GHS,WFP-GIEWS-Ghana
2024-08-12,rice,Juaboso,Juaboso Weekly Market,5.22,GHS,WFP-GIEWS-Ghana
2024-08-19,rice,Juaboso,Juaboso Weekly Market,5.19,GHS,WFP-GIEWS-Ghana
2024-08-26,rice,Juaboso,Juaboso Weekly Market,5.07,GHS,WFP-GIEWS-Ghana
2024-09-02,rice,Juaboso,Juaboso Weekly Market,4.96,GHS,WFP-GIEWS-Ghana
2024-09-09,rice,Juaboso,Juaboso Weekly Market,4.74,GHS,WFP-GIEWS-Ghana
2024-09-16,rice,Juaboso,Juaboso Weekly Market,4.45,GHS,WFP-GIEWS-Ghana
2024-09-23,rice,Juaboso,Juaboso Weekly Market,4.33,GHS,WFP-GIEWS-Ghana
2024-09-30,rice,Juaboso,Juaboso Weekly Market,4.69,GHS,WFP-GIEWS-Ghana
2024-10-07,rice,Juaboso,Juaboso Weekly Market,3.92,GHS,WFP-GIEWS-Ghana
2024-10-14,rice,Juaboso,Juaboso Weekly Market,3.7,GHS,WFP-GIEWS-Ghana
2024-10-21,rice,Juaboso,Juaboso Weekly Market,3.99,GHS,WFP-GIEWS-Ghana
2024-10-28,rice,Juaboso,Juaboso Weekly Market,3.88,GHS,WFP-GIEWS-Ghana
2024-11-04,rice,Juaboso,Juaboso Weekly Market,4.04,GHS,WFP-GIEWS-Ghana
2024-11-11,rice,Juaboso,Juaboso Weekly Market,4.02,GHS,WFP-GIEWS-Ghana
2024-11-18,rice,Juaboso,Juaboso Weekly Market,3.86,GHS,WFP-GIEWS-Ghana
2024-11-25,rice,Juaboso,Juaboso Weekly Market,4.05,GHS,WFP-GIEWS-Ghana
2024-12-02,rice,Juaboso,Juaboso Weekly Market,3.9,GHS,WFP-GIEWS-Ghana
2024-12-09,rice,Juaboso,Juaboso Weekly Market,3.91,GHS,WFP-GIEWS-Ghana
2024-12-16,rice,Juaboso,Juaboso Weekly Market,3.89,GHS,WFP-GIEWS-Ghana
2024-12-23,rice,Juaboso,Juaboso Weekly Market,4.16,GHS,WFP-GIEWS-Ghana
2024-12-30,rice,Juaboso,Juaboso Weekly Market,3.93,GHS,WFP-GIEWS-Ghana
2018-01-01,rice,Sefwi Wiawso,Sefwi Wiawso District Market,3.3,GHS,WFP-GIEWS-Ghana
2018-01-08,rice,Sefwi Wiawso,Sefwi Wiawso District Market,2.99,GHS,WFP-GIEWS-Ghana
2018-01-15,rice,Sefwi Wiawso,Sefwi Wiawso District Market,2.72,GHS,WFP-GIEWS-Ghana
2018-01-22,rice,Sefwi Wiawso,Sefwi Wiawso District Market,3.21,GHS,WFP-GIEWS-Ghana
2018-01-29,rice,Sefwi Wiawso,Sefwi Wiawso District Market,3.04,GHS,WFP-GIEWS-Ghana
2018-02-05,rice,Sefwi Wiawso,Sefwi Wiawso District Market,3.0,GHS,WFP-GIEWS-Ghana
2018-02-12,rice,Sefwi Wiawso,Sefwi Wiawso District Market,3.03,GHS,WFP-GIEWS-Ghana
2018-02-19,rice,Sefwi Wiawso,Sefwi Wiawso District Market,3.05,GHS,WFP-GIEWS-Ghana
2018-02-26,rice,Sefwi Wiawso,Sefwi Wiawso District Market,3.26,GHS,WFP-GIEWS-Ghana
2018-03-05,rice,Sefwi Wiawso,Sefwi Wiawso District Market,2.68,GHS,WFP-GIEWS-Ghana
2018-03-12,rice,Sefwi Wiawso,Sefwi Wiawso District Market,2.8,GHS,WFP-GIEWS-Ghana
2018-03-19,rice,Sefwi Wiawso,Sefwi Wiawso District Market,2.71,GHS,WFP-GIEWS-Ghana
2018-03-26,rice,Sefwi Wiawso,Sefwi Wiawso District Market,2.63,GHS,WFP-GIEWS-Ghana
2018-04-02,rice,Sefwi Wiawso,Sefwi Wiawso District Market,2.64,GHS,WFP-GIEWS-Ghana
2018-04-09,rice,Sefwi Wiawso,Sefwi Wiawso District Market,2.74,GHS,WFP-GIEWS-Ghana
2018-04-16,rice,Sefwi Wiawso,Sefwi Wiawso District Market,2.77,GHS,WFP-GIEWS-Ghana
2018-04-23,rice,Sefwi Wiawso,Sefwi Wiawso District Market,2.78,GHS,WFP-GIEWS-Ghana
2018-04-30,rice,Sefwi Wiawso,Sefwi Wiawso District Market,2.65,GHS,WFP-GIEWS-Ghana
2018-05-07,rice,Sefwi Wiawso,Sefwi Wiawso District Market,2.71,GHS,WFP-GIEWS-Ghana
2018-05-14,rice,Sefwi Wiawso,Sefwi Wiawso District Market,2.76,GHS,WFP-GIEWS-Ghana
2018-05-21,rice,Sefwi Wiawso,Sefwi Wiawso District Market,2.65,GHS,WFP-GIEWS-Ghana
2018-05-28,rice,Sefwi Wiawso,Sefwi Wiawso District Market,2.57,GHS,WFP-GIEWS-Ghana
2018-06-04,rice,Sefwi Wiawso,Sefwi Wiawso District Market,2.85,GHS,WFP-GIEWS-Ghana
2018-06-11,rice,Sefwi Wiawso,Sefwi Wiawso District Market,2.92,GHS,WFP-GIEWS-Ghana
2018-06-18,rice,Sefwi Wiawso,Sefwi Wiawso District Market,3.03,GHS,WFP-GIEWS-Ghana
2018-06-25,rice,Sefwi Wiawso,Sefwi Wiawso District Market,3.1,GHS,WFP-GIEWS-Ghana
2018-07-02,rice,Sefwi Wiawso,Sefwi Wiawso District Market,3.14,GHS,WFP-GIEWS-Ghana
2018-07-09,rice,Sefwi Wiawso,Sefwi Wiawso District Market,3.24,GHS,WFP-GIEWS-Ghana
2018-07-16,rice,Sefwi Wiawso,Sefwi Wiawso District Market,3.28,GHS,WFP-GIEWS-Ghana
2018-07-23,rice,Sefwi Wiawso,Sefwi Wiawso District Market,3.43,GHS,WFP-GIEWS-Ghana
2018-07-30,rice,Sefwi Wiawso,Sefwi Wiawso District Market,3.25,GHS,WFP-GIEWS-Ghana
2018-08-06,rice,Sefwi Wiawso,Sefwi Wiawso District Market,3.29,GHS,WFP-GIEWS-Ghana
2018-08-13,rice,Sefwi Wiawso,Sefwi Wiawso District Market,3.16,GHS,WFP-GIEWS-Ghana
2018-08-20,rice,Sefwi Wiawso,Sefwi Wiawso District Market,3.41,GHS,WFP-GIEWS-Ghana
2018-08-27,rice,Sefwi Wiawso,Sefwi Wiawso District Market,3.32,GHS,WFP-GIEWS-Ghana
2018-09-03,rice,Sefwi Wiawso,Sefwi Wiawso District Market,2.93,GHS,WFP-GIEWS-Ghana
2018-09-10,rice,Sefwi Wiawso,Sefwi Wiawso District Market,2.97,GHS,WFP-GIEWS-Ghana
2018-09-17,rice,Sefwi Wiawso,Sefwi Wiawso District Market,3.14,GHS,WFP-GIEWS-Ghana
2018-09-24,rice,Sefwi Wiawso,Sefwi Wiawso District Market,2.88,GHS,WFP-GIEWS-Ghana
2018-10-01,rice,Sefwi Wiawso,Sefwi Wiawso District Market,2.48,GHS,WFP-GIEWS-Ghana
2018-10-08,rice,Sefwi Wiawso,Sefwi Wiawso District Market,2.7,GHS,WFP-GIEWS-Ghana
2018-10-15,rice,Sefwi Wiawso,Sefwi Wiawso District Market,2.58,GHS,WFP-GIEWS-Ghana
2018-10-22,rice,Sefwi Wiawso,Sefwi Wiawso District Market,2.64,GHS,WFP-GIEWS-Ghana
2018-10-29,rice,Sefwi Wiawso,Sefwi Wiawso District Market,2.61,GHS,WFP-GIEWS-Ghana
2018-11-05,rice,Sefwi Wiawso,Sefwi Wiawso District Market,2.58,GHS,WFP-GIEWS-Ghana
2018-11-12,rice,Sefwi Wiawso,Sefwi Wiawso District Market,2.55,GHS,WFP-GIEWS-Ghana
2018-11-19,rice,Sefwi Wiawso,Sefwi Wiawso District Market,2.67,GHS,WFP-GIEWS-Ghana
2018-11-26,rice,Sefwi Wiawso,Sefwi Wiawso District Market,2.71,GHS,WFP-GIEWS-Ghana
2018-12-03,rice,Sefwi Wiawso,Sefwi Wiawso District Market,2.72,GHS,WFP-GIEWS-Ghana
2018-12-10,rice,Sefwi Wiawso,Sefwi Wiawso District Market,2.48,GHS,WFP-GIEWS-Ghana
2018-12-17,rice,Sefwi Wiawso,Sefwi Wiawso District Market,2.74,GHS,WFP-GIEWS-Ghana
2018-12-24,rice,Sefwi Wiawso,Sefwi Wiawso District Market,2.57,GHS,WFP-GIEWS-Ghana
2018-12-31,rice,Sefwi Wiawso,Sefwi Wiawso District Market,2.53,GHS,WFP-GIEWS-Ghana
2019-01-07,rice,Sefwi Wiawso,Sefwi Wiawso District Market,3.31,GHS,WFP-GIEWS-Ghana
2019-01-14,rice,Sefwi Wiawso,Sefwi Wiawso District Market,3.44,GHS,WFP-GIEWS-Ghana
2019-01-21,rice,Sefwi Wiawso,Sefwi Wiawso District Market,3.4,GHS,WFP-GIEWS-Ghana
2019-01-28,rice,Sefwi Wiawso,Sefwi Wiawso District Market,3.3,GHS,WFP-GIEWS-Ghana
2019-02-04,rice,Sefwi Wiawso,Sefwi Wiawso District Market,3.46,GHS,WFP-GIEWS-Ghana
2019-02-11,rice,Sefwi Wiawso,Sefwi Wiawso District Market,3.37,GHS,WFP-GIEWS-Ghana
2019-02-18,rice,Sefwi Wiawso,Sefwi Wiawso District Market,3.28,GHS,WFP-GIEWS-Ghana
2019-02-25,rice,Sefwi Wiawso,Sefwi Wiawso District Market,3.26,GHS,WFP-GIEWS-Ghana
2019-03-04,rice,Sefwi Wiawso,Sefwi Wiawso District Market,2.92,GHS,WFP-GIEWS-Ghana
2019-03-11,rice,Sefwi Wiawso,Sefwi Wiawso District Market,2.86,GHS,WFP-GIEWS-Ghana
2019-03-18,rice,Sefwi Wiawso,Sefwi Wiawso District Market,2.72,GHS,WFP-GIEWS-Ghana
2019-03-25,rice,Sefwi Wiawso,Sefwi Wiawso District Market,2.97,GHS,WFP-GIEWS-Ghana
2019-04-01,rice,Sefwi Wiawso,Sefwi Wiawso District Market,2.84,GHS,WFP-GIEWS-Ghana
2019-04-08,rice,Sefwi Wiawso,Sefwi Wiawso District Market,3.08,GHS,WFP-GIEWS-Ghana
2019-04-15,rice,Sefwi Wiawso,Sefwi Wiawso District Market,2.73,GHS,WFP-GIEWS-Ghana
2019-04-22,rice,Sefwi Wiawso,Sefwi Wiawso District Market,2.87,GHS,WFP-GIEWS-Ghana
2019-04-29,rice,Sefwi Wiawso,Sefwi Wiawso District Market,2.81,GHS,WFP-GIEWS-Ghana
2019-05-06,rice,Sefwi Wiawso,Sefwi Wiawso District Market,2.8,GHS,WFP-GIEWS-Ghana
2019-05-13,rice,Sefwi Wiawso,Sefwi Wiawso District Market,2.85,GHS,WFP-GIEWS-Ghana
2019-05-20,rice,Sefwi Wiawso,Sefwi Wiawso District Market,3.12,GHS,WFP-GIEWS-Ghana
2019-05-27,rice,Sefwi Wiawso,Sefwi Wiawso District Market,2.93,GHS,WFP-GIEWS-Ghana
2019-06-03,rice,Sefwi Wiawso,Sefwi Wiawso District Market,3.08,GHS,WFP-GIEWS-Ghana
2019-06-10,rice,Sefwi Wiawso,Sefwi Wiawso District Market,2.95,GHS,WFP-GIEWS-Ghana
2019-06-17,rice,Sefwi Wiawso,Sefwi Wiawso District Market,2.96,GHS,WFP-GIEWS-Ghana
2019-06-24,rice,Sefwi Wiawso,Sefwi Wiawso District Market,3.12,GHS,WFP-GIEWS-Ghana
2019-07-01,rice,Sefwi Wiawso,Sefwi Wiawso District Market,3.5,GHS,WFP-GIEWS-Ghana
2019-07-08,rice,Sefwi Wiawso,Sefwi Wiawso District Market,3.56,GHS,WFP-GIEWS-Ghana
2019-07-15,rice,Sefwi Wiawso,Sefwi Wiawso District Market,3.26,GHS,WFP-GIEWS-Ghana
2019-07-22,rice,Sefwi Wiawso,Sefwi Wiawso District Market,3.58,GHS,WFP-GIEWS-Ghana
2019-07-29,rice,Sefwi Wiawso,Sefwi Wiawso District Market,3.74,GHS,WFP-GIEWS-Ghana
2019-08-05,rice,Sefwi Wiawso,Sefwi Wiawso District Market,3.85,GHS,WFP-GIEWS-Ghana
2019-08-12,rice,Sefwi Wiawso,Sefwi Wiawso District Market,3.34,GHS,WFP-GIEWS-Ghana
2019-08-19,rice,Sefwi Wiawso,Sefwi Wiawso District Market,3.5,GHS,WFP-GIEWS-Ghana
2019-08-26,rice,Sefwi Wiawso,Sefwi Wiawso District Market,3.49,GHS,WFP-GIEWS-Ghana
2019-09-02,rice,Sefwi Wiawso,Sefwi Wiawso District Market,3.27,GHS,WFP-GIEWS-Ghana
2019-09-09,rice,Sefwi Wiawso,Sefwi Wiawso District Market,3.09,GHS,WFP-GIEWS-Ghana
2019-09-16,rice,Sefwi Wiawso,Sefwi Wiawso District Market,3.46,GHS,WFP-GIEWS-Ghana
2019-09-23,rice,Sefwi Wiawso,Sefwi Wiawso District Market,3.25,GHS,WFP-GIEWS-Ghana
2019-09-30,rice,Sefwi Wiawso,Sefwi Wiawso District Market,3.23,GHS,WFP-GIEWS-Ghana
2019-10-07,rice,Sefwi Wiawso,Sefwi Wiawso District Market,2.95,GHS,WFP-GIEWS-Ghana
2019-10-14,rice,Sefwi Wiawso,Sefwi Wiawso District Market,2.78,GHS,WFP-GIEWS-Ghana
2019-10-21,rice,Sefwi Wiawso,Sefwi Wiawso District Market,2.82,GHS,WFP-GIEWS-Ghana
2019-10-28,rice,Sefwi Wiawso,Sefwi Wiawso District Market,2.69,GHS,WFP-GIEWS-Ghana
2019-11-04,rice,Sefwi Wiawso,Sefwi Wiawso District Market,2.64,GHS,WFP-GIEWS-Ghana
2019-11-11,rice,Sefwi Wiawso,Sefwi Wiawso District Market,2.73,GHS,WFP-GIEWS-Ghana
2019-11-18,rice,Sefwi Wiawso,Sefwi Wiawso District Market,3.04,GHS,WFP-GIEWS-Ghana
2019-11-25,rice,Sefwi Wiawso,Sefwi Wiawso District Market,2.87,GHS,WFP-GIEWS-Ghana
2019-12-02,rice,Sefwi Wiawso,Sefwi Wiawso District Market,2.84,GHS,WFP-GIEWS-Ghana
2019-12-09,rice,Sefwi Wiawso,Sefwi Wiawso District Market,2.7,GHS,WFP-GIEWS-Ghana
2019-12-16,rice,Sefwi Wiawso,Sefwi Wiawso District Market,2.92,GHS,WFP-GIEWS-Ghana
2019-12-23,rice,Sefwi Wiawso,Sefwi Wiawso District Market,2.66,GHS,WFP-GIEWS-Ghana
2019-12-30,rice,Sefwi Wiawso,Sefwi Wiawso District Market,2.64,GHS,WFP-GIEWS-Ghana
2020-01-06,rice,Sefwi Wiawso,Sefwi Wiawso District Market,3.52,GHS,WFP-GIEWS-Ghana
2020-01-13,rice,Sefwi Wiawso,Sefwi Wiawso District Market,3.88,GHS,WFP-GIEWS-Ghana
2020-01-20,rice,Sefwi Wiawso,Sefwi Wiawso District Market,3.87,GHS,WFP-GIEWS-Ghana
2020-01-27,rice,Sefwi Wiawso,Sefwi Wiawso District Market,3.53,GHS,WFP-GIEWS-Ghana
2020-02-03,rice,Sefwi Wiawso,Sefwi Wiawso District Market,3.52,GHS,WFP-GIEWS-Ghana
2020-02-10,rice,Sefwi Wiawso,Sefwi Wiawso District Market,3.38,GHS,WFP-GIEWS-Ghana
2020-02-17,rice,Sefwi Wiawso,Sefwi Wiawso District Market,3.63,GHS,WFP-GIEWS-Ghana
2020-02-24,rice,Sefwi Wiawso,Sefwi Wiawso District Market,3.64,GHS,WFP-GIEWS-Ghana
2020-03-02,rice,Sefwi Wiawso,Sefwi Wiawso District Market,3.2,GHS,WFP-GIEWS-Ghana
2020-03-09,rice,Sefwi Wiawso,Sefwi Wiawso District Market,3.22,GHS,WFP-GIEWS-Ghana
2020-03-16,rice,Sefwi Wiawso,Sefwi Wiawso District Market,3.08,GHS,WFP-GIEWS-Ghana
2020-03-23,rice,Sefwi Wiawso,Sefwi Wiawso District Market,3.17,GHS,WFP-GIEWS-Ghana
2020-03-30,rice,Sefwi Wiawso,Sefwi Wiawso District Market,3.02,GHS,WFP-GIEWS-Ghana
2020-04-06,rice,Sefwi Wiawso,Sefwi Wiawso District Market,3.19,GHS,WFP-GIEWS-Ghana
2020-04-13,rice,Sefwi Wiawso,Sefwi Wiawso District Market,3.06,GHS,WFP-GIEWS-Ghana
2020-04-20,rice,Sefwi Wiawso,Sefwi Wiawso District Market,3.18,GHS,WFP-GIEWS-Ghana
2020-04-27,rice,Sefwi Wiawso,Sefwi Wiawso District Market,3.17,GHS,WFP-GIEWS-Ghana
2020-05-04,rice,Sefwi Wiawso,Sefwi Wiawso District Market,3.15,GHS,WFP-GIEWS-Ghana
2020-05-11,rice,Sefwi Wiawso,Sefwi Wiawso District Market,3.24,GHS,WFP-GIEWS-Ghana
2020-05-18,rice,Sefwi Wiawso,Sefwi Wiawso District Market,2.95,GHS,WFP-GIEWS-Ghana
2020-05-25,rice,Sefwi Wiawso,Sefwi Wiawso District Market,3.01,GHS,WFP-GIEWS-Ghana
2020-06-01,rice,Sefwi Wiawso,Sefwi Wiawso District Market,3.4,GHS,WFP-GIEWS-Ghana
2020-06-08,rice,Sefwi Wiawso,Sefwi Wiawso District Market,3.24,GHS,WFP-GIEWS-Ghana
2020-06-15,rice,Sefwi Wiawso,Sefwi Wiawso District Market,3.38,GHS,WFP-GIEWS-Ghana
2020-06-22,rice,Sefwi Wiawso,Sefwi Wiawso District Market,3.39,GHS,WFP-GIEWS-Ghana
2020-06-29,rice,Sefwi Wiawso,Sefwi Wiawso District Market,3.62,GHS,WFP-GIEWS-Ghana
2020-07-06,rice,Sefwi Wiawso,Sefwi Wiawso District Market,3.9,GHS,WFP-GIEWS-Ghana
2020-07-13,rice,Sefwi Wiawso,Sefwi Wiawso District Market,4.04,GHS,WFP-GIEWS-Ghana
2020-07-20,rice,Sefwi Wiawso,Sefwi Wiawso District Market,3.92,GHS,WFP-GIEWS-Ghana
2020-07-27,rice,Sefwi Wiawso,Sefwi Wiawso District Market,3.79,GHS,WFP-GIEWS-Ghana
2020-08-03,rice,Sefwi Wiawso,Sefwi Wiawso District Market,3.92,GHS,WFP-GIEWS-Ghana
2020-08-10,rice,Sefwi Wiawso,Sefwi Wiawso District Market,4.02,GHS,WFP-GIEWS-Ghana
2020-08-17,rice,Sefwi Wiawso,Sefwi Wiawso District Market,4.09,GHS,WFP-GIEWS-Ghana
2020-08-24,rice,Sefwi Wiawso,Sefwi Wiawso District Market,3.88,GHS,WFP-GIEWS-Ghana
2020-08-31,rice,Sefwi Wiawso,Sefwi Wiawso District Market,3.64,GHS,WFP-GIEWS-Ghana
2020-09-07,rice,Sefwi Wiawso,Sefwi Wiawso District Market,3.26,GHS,WFP-GIEWS-Ghana
2020-09-14,rice,Sefwi Wiawso,Sefwi Wiawso District Market,3.46,GHS,WFP-GIEWS-Ghana
2020-09-21,rice,Sefwi Wiawso,Sefwi Wiawso District Market,3.18,GHS,WFP-GIEWS-Ghana
2020-09-28,rice,Sefwi Wiawso,Sefwi Wiawso District Market,3.76,GHS,WFP-GIEWS-Ghana
2020-10-05,rice,Sefwi Wiawso,Sefwi Wiawso District Market,3.07,GHS,WFP-GIEWS-Ghana
2020-10-12,rice,Sefwi Wiawso,Sefwi Wiawso District Market,2.92,GHS,WFP-GIEWS-Ghana
2020-10-19,rice,Sefwi Wiawso,Sefwi Wiawso District Market,2.87,GHS,WFP-GIEWS-Ghana
2020-10-26,rice,Sefwi Wiawso,Sefwi Wiawso District Market,3.12,GHS,WFP-GIEWS-Ghana
2020-11-02,rice,Sefwi Wiawso,Sefwi Wiawso District Market,2.88,GHS,WFP-GIEWS-Ghana
2020-11-09,rice,Sefwi Wiawso,Sefwi Wiawso District Market,2.9,GHS,WFP-GIEWS-Ghana
2020-11-16,rice,Sefwi Wiawso,Sefwi Wiawso District Market,2.93,GHS,WFP-GIEWS-Ghana
2020-11-23,rice,Sefwi Wiawso,Sefwi Wiawso District Market,3.03,GHS,WFP-GIEWS-Ghana
2020-11-30,rice,Sefwi Wiawso,Sefwi Wiawso District Market,3.09,GHS,WFP-GIEWS-Ghana
2020-12-07,rice,Sefwi Wiawso,Sefwi Wiawso District Market,3.18,GHS,WFP-GIEWS-Ghana
2020-12-14,rice,Sefwi Wiawso,Sefwi Wiawso District Market,3.16,GHS,WFP-GIEWS-Ghana
2020-12-21,rice,Sefwi Wiawso,Sefwi Wiawso District Market,3.04,GHS,WFP-GIEWS-Ghana
2020-12-28,rice,Sefwi Wiawso,Sefwi Wiawso District Market,3.16,GHS,WFP-GIEWS-Ghana
2021-01-04,rice,Sefwi Wiawso,Sefwi Wiawso District Market,3.78,GHS,WFP-GIEWS-Ghana
2021-01-11,rice,Sefwi Wiawso,Sefwi Wiawso District Market,3.6,GHS,WFP-GIEWS-Ghana
2021-01-18,rice,Sefwi Wiawso,Sefwi Wiawso District Market,3.78,GHS,WFP-GIEWS-Ghana
2021-01-25,rice,Sefwi Wiawso,Sefwi Wiawso District Market,3.76,GHS,WFP-GIEWS-Ghana
2021-02-01,rice,Sefwi Wiawso,Sefwi Wiawso District Market,3.81,GHS,WFP-GIEWS-Ghana
2021-02-08,rice,Sefwi Wiawso,Sefwi Wiawso District Market,3.76,GHS,WFP-GIEWS-Ghana
2021-02-15,rice,Sefwi Wiawso,Sefwi Wiawso District Market,3.84,GHS,WFP-GIEWS-Ghana
2021-02-22,rice,Sefwi Wiawso,Sefwi Wiawso District Market,4.01,GHS,WFP-GIEWS-Ghana
2021-03-01,rice,Sefwi Wiawso,Sefwi Wiawso District Market,3.58,GHS,WFP-GIEWS-Ghana
2021-03-08,rice,Sefwi Wiawso,Sefwi Wiawso District Market,3.12,GHS,WFP-GIEWS-Ghana
2021-03-15,rice,Sefwi Wiawso,Sefwi Wiawso District Market,3.18,GHS,WFP-GIEWS-Ghana
2021-03-22,rice,Sefwi Wiawso,Sefwi Wiawso District Market,3.25,GHS,WFP-GIEWS-Ghana
2021-03-29,rice,Sefwi Wiawso,Sefwi Wiawso District Market,3.45,GHS,WFP-GIEWS-Ghana
2021-04-05,rice,Sefwi Wiawso,Sefwi Wiawso District Market,3.35,GHS,WFP-GIEWS-Ghana
2021-04-12,rice,Sefwi Wiawso,Sefwi Wiawso District Market,3.28,GHS,WFP-GIEWS-Ghana
2021-04-19,rice,Sefwi Wiawso,Sefwi Wiawso District Market,3.47,GHS,WFP-GIEWS-Ghana
2021-04-26,rice,Sefwi Wiawso,Sefwi Wiawso District Market,3.5,GHS,WFP-GIEWS-Ghana
2021-05-03,rice,Sefwi Wiawso,Sefwi Wiawso District Market,3.39,GHS,WFP-GIEWS-Ghana
2021-05-10,rice,Sefwi Wiawso,Sefwi Wiawso District Market,3.28,GHS,WFP-GIEWS-Ghana
2021-05-17,rice,Sefwi Wiawso,Sefwi Wiawso District Market,3.43,GHS,WFP-GIEWS-Ghana
2021-05-24,rice,Sefwi Wiawso,Sefwi Wiawso District Market,3.36,GHS,WFP-GIEWS-Ghana
2021-05-31,rice,Sefwi Wiawso,Sefwi Wiawso District Market,3.36,GHS,WFP-GIEWS-Ghana
2021-06-07,rice,Sefwi Wiawso,Sefwi Wiawso District Market,3.64,GHS,WFP-GIEWS-Ghana
2021-06-14,rice,Sefwi Wiawso,Sefwi Wiawso District Market,3.85,GHS,WFP-GIEWS-Ghana
2021-06-21,rice,Sefwi Wiawso,Sefwi Wiawso District Market,3.75,GHS,WFP-GIEWS-Ghana
2021-06-28,rice,Sefwi Wiawso,Sefwi Wiawso District Market,3.87,GHS,WFP-GIEWS-Ghana
2021-07-05,rice,Sefwi Wiawso,Sefwi Wiawso District Market,4.41,GHS,WFP-GIEWS-Ghana
2021-07-12,rice,Sefwi Wiawso,Sefwi Wiawso District Market,4.26,GHS,WFP-GIEWS-Ghana
2021-07-19,rice,Sefwi Wiawso,Sefwi Wiawso District Market,4.1,GHS,WFP-GIEWS-Ghana
2021-07-26,rice,Sefwi Wiawso,Sefwi Wiawso District Market,4.36,GHS,WFP-GIEWS-Ghana
2021-08-02,rice,Sefwi Wiawso,Sefwi Wiawso District Market,4.29,GHS,WFP-GIEWS-Ghana
2021-08-09,rice,Sefwi Wiawso,Sefwi Wiawso District Market,4.65,GHS,WFP-GIEWS-Ghana
2021-08-16,rice,Sefwi Wiawso,Sefwi Wiawso District Market,4.27,GHS,WFP-GIEWS-Ghana
2021-08-23,rice,Sefwi Wiawso,Sefwi Wiawso District Market,4.33,GHS,WFP-GIEWS-Ghana
2021-08-30,rice,Sefwi Wiawso,Sefwi Wiawso District Market,4.26,GHS,WFP-GIEWS-Ghana
2021-09-06,rice,Sefwi Wiawso,Sefwi Wiawso District Market,3.77,GHS,WFP-GIEWS-Ghana
2021-09-13,rice,Sefwi Wiawso,Sefwi Wiawso District Market,3.75,GHS,WFP-GIEWS-Ghana
2021-09-20,rice,Sefwi Wiawso,Sefwi Wiawso District Market,3.83,GHS,WFP-GIEWS-Ghana
2021-09-27,rice,Sefwi Wiawso,Sefwi Wiawso District Market,3.87,GHS,WFP-GIEWS-Ghana
2021-10-04,rice,Sefwi Wiawso,Sefwi Wiawso District Market,3.39,GHS,WFP-GIEWS-Ghana
2021-10-11,rice,Sefwi Wiawso,Sefwi Wiawso District Market,3.28,GHS,WFP-GIEWS-Ghana
2021-10-18,rice,Sefwi Wiawso,Sefwi Wiawso District Market,3.18,GHS,WFP-GIEWS-Ghana
2021-10-25,rice,Sefwi Wiawso,Sefwi Wiawso District Market,3.2,GHS,WFP-GIEWS-Ghana
2021-11-01,rice,Sefwi Wiawso,Sefwi Wiawso District Market,3.09,GHS,WFP-GIEWS-Ghana
2021-11-08,rice,Sefwi Wiawso,Sefwi Wiawso District Market,3.48,GHS,WFP-GIEWS-Ghana
2021-11-15,rice,Sefwi Wiawso,Sefwi Wiawso District Market,3.19,GHS,WFP-GIEWS-Ghana
2021-11-22,rice,Sefwi Wiawso,Sefwi Wiawso District Market,3.39,GHS,WFP-GIEWS-Ghana
2021-11-29,rice,Sefwi Wiawso,Sefwi Wiawso District Market,3.3,GHS,WFP-GIEWS-Ghana
2021-12-06,rice,Sefwi Wiawso,Sefwi Wiawso District Market,3.32,GHS,WFP-GIEWS-Ghana
2021-12-13,rice,Sefwi Wiawso,Sefwi Wiawso District Market,3.27,GHS,WFP-GIEWS-Ghana
2021-12-20,rice,Sefwi Wiawso,Sefwi Wiawso District Market,3.18,GHS,WFP-GIEWS-Ghana
2021-12-27,rice,Sefwi Wiawso,Sefwi Wiawso District Market,3.15,GHS,WFP-GIEWS-Ghana
2022-01-03,rice,Sefwi Wiawso,Sefwi Wiawso District Market,4.49,GHS,WFP-GIEWS-Ghana
2022-01-10,rice,Sefwi Wiawso,Sefwi Wiawso District Market,4.21,GHS,WFP-GIEWS-Ghana
2022-01-17,rice,Sefwi Wiawso,Sefwi Wiawso District Market,4.38,GHS,WFP-GIEWS-Ghana
2022-01-24,rice,Sefwi Wiawso,Sefwi Wiawso District Market,4.43,GHS,WFP-GIEWS-Ghana
2022-01-31,rice,Sefwi Wiawso,Sefwi Wiawso District Market,4.13,GHS,WFP-GIEWS-Ghana
2022-02-07,rice,Sefwi Wiawso,Sefwi Wiawso District Market,4.29,GHS,WFP-GIEWS-Ghana
2022-02-14,rice,Sefwi Wiawso,Sefwi Wiawso District Market,4.23,GHS,WFP-GIEWS-Ghana
2022-02-21,rice,Sefwi Wiawso,Sefwi Wiawso District Market,4.03,GHS,WFP-GIEWS-Ghana
2022-02-28,rice,Sefwi Wiawso,Sefwi Wiawso District Market,4.19,GHS,WFP-GIEWS-Ghana
2022-03-07,rice,Sefwi Wiawso,Sefwi Wiawso District Market,3.71,GHS,WFP-GIEWS-Ghana
2022-03-14,rice,Sefwi Wiawso,Sefwi Wiawso District Market,3.55,GHS,WFP-GIEWS-Ghana
2022-03-21,rice,Sefwi Wiawso,Sefwi Wiawso District Market,3.57,GHS,WFP-GIEWS-Ghana
2022-03-28,rice,Sefwi Wiawso,Sefwi Wiawso District Market,3.59,GHS,WFP-GIEWS-Ghana
2022-04-04,rice,Sefwi Wiawso,Sefwi Wiawso District Market,3.95,GHS,WFP-GIEWS-Ghana
2022-04-11,rice,Sefwi Wiawso,Sefwi Wiawso District Market,3.38,GHS,WFP-GIEWS-Ghana
2022-04-18,rice,Sefwi Wiawso,Sefwi Wiawso District Market,3.72,GHS,WFP-GIEWS-Ghana
2022-04-25,rice,Sefwi Wiawso,Sefwi Wiawso District Market,3.61,GHS,WFP-GIEWS-Ghana
2022-05-02,rice,Sefwi Wiawso,Sefwi Wiawso District Market,3.57,GHS,WFP-GIEWS-Ghana
2022-05-09,rice,Sefwi Wiawso,Sefwi Wiawso District Market,3.63,GHS,WFP-GIEWS-Ghana
2022-05-16,rice,Sefwi Wiawso,Sefwi Wiawso District Market,3.76,GHS,WFP-GIEWS-Ghana
2022-05-23,rice,Sefwi Wiawso,Sefwi Wiawso District Market,3.77,GHS,WFP-GIEWS-Ghana
2022-05-30,rice,Sefwi Wiawso,Sefwi Wiawso District Market,3.69,GHS,WFP-GIEWS-Ghana
2022-06-06,rice,Sefwi Wiawso,Sefwi Wiawso District Market,4.19,GHS,WFP-GIEWS-Ghana
2022-06-13,rice,Sefwi Wiawso,Sefwi Wiawso District Market,4.21,GHS,WFP-GIEWS-Ghana
2022-06-20,rice,Sefwi Wiawso,Sefwi Wiawso District Market,4.14,GHS,WFP-GIEWS-Ghana
2022-06-27,rice,Sefwi Wiawso,Sefwi Wiawso District Market,3.92,GHS,WFP-GIEWS-Ghana
2022-07-04,rice,Sefwi Wiawso,Sefwi Wiawso District Market,4.61,GHS,WFP-GIEWS-Ghana
2022-07-11,rice,Sefwi Wiawso,Sefwi Wiawso District Market,4.61,GHS,WFP-GIEWS-Ghana
2022-07-18,rice,Sefwi Wiawso,Sefwi Wiawso District Market,4.37,GHS,WFP-GIEWS-Ghana
2022-07-25,rice,Sefwi Wiawso,Sefwi Wiawso District Market,4.24,GHS,WFP-GIEWS-Ghana
2022-08-01,rice,Sefwi Wiawso,Sefwi Wiawso District Market,4.18,GHS,WFP-GIEWS-Ghana
2022-08-08,rice,Sefwi Wiawso,Sefwi Wiawso District Market,4.56,GHS,WFP-GIEWS-Ghana
2022-08-15,rice,Sefwi Wiawso,Sefwi Wiawso District Market,4.6,GHS,WFP-GIEWS-Ghana
2022-08-22,rice,Sefwi Wiawso,Sefwi Wiawso District Market,4.34,GHS,WFP-GIEWS-Ghana
2022-08-29,rice,Sefwi Wiawso,Sefwi Wiawso District Market,4.74,GHS,WFP-GIEWS-Ghana
2022-09-05,rice,Sefwi Wiawso,Sefwi Wiawso District Market,4.11,GHS,WFP-GIEWS-Ghana
2022-09-12,rice,Sefwi Wiawso,Sefwi Wiawso District Market,4.31,GHS,WFP-GIEWS-Ghana
2022-09-19,rice,Sefwi Wiawso,Sefwi Wiawso District Market,4.15,GHS,WFP-GIEWS-Ghana
2022-09-26,rice,Sefwi Wiawso,Sefwi Wiawso District Market,3.91,GHS,WFP-GIEWS-Ghana
2022-10-03,rice,Sefwi Wiawso,Sefwi Wiawso District Market,3.56,GHS,WFP-GIEWS-Ghana
2022-10-10,rice,Sefwi Wiawso,Sefwi Wiawso District Market,3.59,GHS,WFP-GIEWS-Ghana
2022-10-17,rice,Sefwi Wiawso,Sefwi Wiawso District Market,3.42,GHS,WFP-GIEWS-Ghana
2022-10-24,rice,Sefwi Wiawso,Sefwi Wiawso District Market,3.3,GHS,WFP-GIEWS-Ghana
2022-10-31,rice,Sefwi Wiawso,Sefwi Wiawso District Market,3.51,GHS,WFP-GIEWS-Ghana
2022-11-07,rice,Sefwi Wiawso,Sefwi Wiawso District Market,3.38,GHS,WFP-GIEWS-Ghana
2022-11-14,rice,Sefwi Wiawso,Sefwi Wiawso District Market,3.68,GHS,WFP-GIEWS-Ghana
2022-11-21,rice,Sefwi Wiawso,Sefwi Wiawso District Market,3.46,GHS,WFP-GIEWS-Ghana
2022-11-28,rice,Sefwi Wiawso,Sefwi Wiawso District Market,3.76,GHS,WFP-GIEWS-Ghana
2022-12-05,rice,Sefwi Wiawso,Sefwi Wiawso District Market,3.24,GHS,WFP-GIEWS-Ghana
2022-12-12,rice,Sefwi Wiawso,Sefwi Wiawso District Market,3.56,GHS,WFP-GIEWS-Ghana
2022-12-19,rice,Sefwi Wiawso,Sefwi Wiawso District Market,3.75,GHS,WFP-GIEWS-Ghana
2022-12-26,rice,Sefwi Wiawso,Sefwi Wiawso District Market,3.42,GHS,WFP-GIEWS-Ghana
2023-01-02,rice,Sefwi Wiawso,Sefwi Wiawso District Market,4.5,GHS,WFP-GIEWS-Ghana
2023-01-09,rice,Sefwi Wiawso,Sefwi Wiawso District Market,4.46,GHS,WFP-GIEWS-Ghana
2023-01-16,rice,Sefwi Wiawso,Sefwi Wiawso District Market,4.41,GHS,WFP-GIEWS-Ghana
2023-01-23,rice,Sefwi Wiawso,Sefwi Wiawso District Market,4.58,GHS,WFP-GIEWS-Ghana
2023-01-30,rice,Sefwi Wiawso,Sefwi Wiawso District Market,4.3,GHS,WFP-GIEWS-Ghana
2023-02-06,rice,Sefwi Wiawso,Sefwi Wiawso District Market,4.54,GHS,WFP-GIEWS-Ghana
2023-02-13,rice,Sefwi Wiawso,Sefwi Wiawso District Market,4.65,GHS,WFP-GIEWS-Ghana
2023-02-20,rice,Sefwi Wiawso,Sefwi Wiawso District Market,4.52,GHS,WFP-GIEWS-Ghana
2023-02-27,rice,Sefwi Wiawso,Sefwi Wiawso District Market,4.38,GHS,WFP-GIEWS-Ghana
2023-03-06,rice,Sefwi Wiawso,Sefwi Wiawso District Market,4.07,GHS,WFP-GIEWS-Ghana
2023-03-13,rice,Sefwi Wiawso,Sefwi Wiawso District Market,4.02,GHS,WFP-GIEWS-Ghana
2023-03-20,rice,Sefwi Wiawso,Sefwi Wiawso District Market,3.75,GHS,WFP-GIEWS-Ghana
2023-03-27,rice,Sefwi Wiawso,Sefwi Wiawso District Market,3.71,GHS,WFP-GIEWS-Ghana
2023-04-03,rice,Sefwi Wiawso,Sefwi Wiawso District Market,3.78,GHS,WFP-GIEWS-Ghana
2023-04-10,rice,Sefwi Wiawso,Sefwi Wiawso District Market,4.02,GHS,WFP-GIEWS-Ghana
2023-04-17,rice,Sefwi Wiawso,Sefwi Wiawso District Market,3.98,GHS,WFP-GIEWS-Ghana
2023-04-24,rice,Sefwi Wiawso,Sefwi Wiawso District Market,4.06,GHS,WFP-GIEWS-Ghana
2023-05-01,rice,Sefwi Wiawso,Sefwi Wiawso District Market,3.91,GHS,WFP-GIEWS-Ghana
2023-05-08,rice,Sefwi Wiawso,Sefwi Wiawso District Market,3.81,GHS,WFP-GIEWS-Ghana
2023-05-15,rice,Sefwi Wiawso,Sefwi Wiawso District Market,4.11,GHS,WFP-GIEWS-Ghana
2023-05-22,rice,Sefwi Wiawso,Sefwi Wiawso District Market,3.87,GHS,WFP-GIEWS-Ghana
2023-05-29,rice,Sefwi Wiawso,Sefwi Wiawso District Market,3.99,GHS,WFP-GIEWS-Ghana
2023-06-05,rice,Sefwi Wiawso,Sefwi Wiawso District Market,4.06,GHS,WFP-GIEWS-Ghana
2023-06-12,rice,Sefwi Wiawso,Sefwi Wiawso District Market,4.23,GHS,WFP-GIEWS-Ghana
2023-06-19,rice,Sefwi Wiawso,Sefwi Wiawso District Market,4.51,GHS,WFP-GIEWS-Ghana
2023-06-26,rice,Sefwi Wiawso,Sefwi Wiawso District Market,4.21,GHS,WFP-GIEWS-Ghana
2023-07-03,rice,Sefwi Wiawso,Sefwi Wiawso District Market,5.04,GHS,WFP-GIEWS-Ghana
2023-07-10,rice,Sefwi Wiawso,Sefwi Wiawso District Market,4.43,GHS,WFP-GIEWS-Ghana
2023-07-17,rice,Sefwi Wiawso,Sefwi Wiawso District Market,4.77,GHS,WFP-GIEWS-Ghana
2023-07-24,rice,Sefwi Wiawso,Sefwi Wiawso District Market,4.85,GHS,WFP-GIEWS-Ghana
2023-07-31,rice,Sefwi Wiawso,Sefwi Wiawso District Market,5.22,GHS,WFP-GIEWS-Ghana
2023-08-07,rice,Sefwi Wiawso,Sefwi Wiawso District Market,4.68,GHS,WFP-GIEWS-Ghana
2023-08-14,rice,Sefwi Wiawso,Sefwi Wiawso District Market,5.05,GHS,WFP-GIEWS-Ghana
2023-08-21,rice,Sefwi Wiawso,Sefwi Wiawso District Market,5.12,GHS,WFP-GIEWS-Ghana
2023-08-28,rice,Sefwi Wiawso,Sefwi Wiawso District Market,4.77,GHS,WFP-GIEWS-Ghana
2023-09-04,rice,Sefwi Wiawso,Sefwi Wiawso District Market,4.35,GHS,WFP-GIEWS-Ghana
2023-09-11,rice,Sefwi Wiawso,Sefwi Wiawso District Market,4.44,GHS,WFP-GIEWS-Ghana
2023-09-18,rice,Sefwi Wiawso,Sefwi Wiawso District Market,4.15,GHS,WFP-GIEWS-Ghana
2023-09-25,rice,Sefwi Wiawso,Sefwi Wiawso District Market,4.34,GHS,WFP-GIEWS-Ghana
2023-10-02,rice,Sefwi Wiawso,Sefwi Wiawso District Market,3.97,GHS,WFP-GIEWS-Ghana
2023-10-09,rice,Sefwi Wiawso,Sefwi Wiawso District Market,3.86,GHS,WFP-GIEWS-Ghana
2023-10-16,rice,Sefwi Wiawso,Sefwi Wiawso District Market,3.75,GHS,WFP-GIEWS-Ghana
2023-10-23,rice,Sefwi Wiawso,Sefwi Wiawso District Market,3.8,GHS,WFP-GIEWS-Ghana
2023-10-30,rice,Sefwi Wiawso,Sefwi Wiawso District Market,3.87,GHS,WFP-GIEWS-Ghana
2023-11-06,rice,Sefwi Wiawso,Sefwi Wiawso District Market,3.92,GHS,WFP-GIEWS-Ghana
2023-11-13,rice,Sefwi Wiawso,Sefwi Wiawso District Market,3.72,GHS,WFP-GIEWS-Ghana
2023-11-20,rice,Sefwi Wiawso,Sefwi Wiawso District Market,4.04,GHS,WFP-GIEWS-Ghana
2023-11-27,rice,Sefwi Wiawso,Sefwi Wiawso District Market,4.0,GHS,WFP-GIEWS-Ghana
2023-12-04,rice,Sefwi Wiawso,Sefwi Wiawso District Market,3.93,GHS,WFP-GIEWS-Ghana
2023-12-11,rice,Sefwi Wiawso,Sefwi Wiawso District Market,3.7,GHS,WFP-GIEWS-Ghana
2023-12-18,rice,Sefwi Wiawso,Sefwi Wiawso District Market,3.67,GHS,WFP-GIEWS-Ghana
2023-12-25,rice,Sefwi Wiawso,Sefwi Wiawso District Market,3.78,GHS,WFP-GIEWS-Ghana
2024-01-01,rice,Sefwi Wiawso,Sefwi Wiawso District Market,4.91,GHS,WFP-GIEWS-Ghana
2024-01-08,rice,Sefwi Wiawso,Sefwi Wiawso District Market,4.55,GHS,WFP-GIEWS-Ghana
2024-01-15,rice,Sefwi Wiawso,Sefwi Wiawso District Market,4.99,GHS,WFP-GIEWS-Ghana
2024-01-22,rice,Sefwi Wiawso,Sefwi Wiawso District Market,5.15,GHS,WFP-GIEWS-Ghana
2024-01-29,rice,Sefwi Wiawso,Sefwi Wiawso District Market,5.01,GHS,WFP-GIEWS-Ghana
2024-02-05,rice,Sefwi Wiawso,Sefwi Wiawso District Market,4.79,GHS,WFP-GIEWS-Ghana
2024-02-12,rice,Sefwi Wiawso,Sefwi Wiawso District Market,4.77,GHS,WFP-GIEWS-Ghana
2024-02-19,rice,Sefwi Wiawso,Sefwi Wiawso District Market,4.98,GHS,WFP-GIEWS-Ghana
2024-02-26,rice,Sefwi Wiawso,Sefwi Wiawso District Market,4.89,GHS,WFP-GIEWS-Ghana
2024-03-04,rice,Sefwi Wiawso,Sefwi Wiawso District Market,4.3,GHS,WFP-GIEWS-Ghana
2024-03-11,rice,Sefwi Wiawso,Sefwi Wiawso District Market,4.32,GHS,WFP-GIEWS-Ghana
2024-03-18,rice,Sefwi Wiawso,Sefwi Wiawso District Market,4.41,GHS,WFP-GIEWS-Ghana
2024-03-25,rice,Sefwi Wiawso,Sefwi Wiawso District Market,4.03,GHS,WFP-GIEWS-Ghana
2024-04-01,rice,Sefwi Wiawso,Sefwi Wiawso District Market,4.29,GHS,WFP-GIEWS-Ghana
2024-04-08,rice,Sefwi Wiawso,Sefwi Wiawso District Market,4.19,GHS,WFP-GIEWS-Ghana
2024-04-15,rice,Sefwi Wiawso,Sefwi Wiawso District Market,4.23,GHS,WFP-GIEWS-Ghana
2024-04-22,rice,Sefwi Wiawso,Sefwi Wiawso District Market,4.4,GHS,WFP-GIEWS-Ghana
2024-04-29,rice,Sefwi Wiawso,Sefwi Wiawso District Market,4.41,GHS,WFP-GIEWS-Ghana
2024-05-06,rice,Sefwi Wiawso,Sefwi Wiawso District Market,4.52,GHS,WFP-GIEWS-Ghana
2024-05-13,rice,Sefwi Wiawso,Sefwi Wiawso District Market,4.35,GHS,WFP-GIEWS-Ghana
2024-05-20,rice,Sefwi Wiawso,Sefwi Wiawso District Market,4.26,GHS,WFP-GIEWS-Ghana
2024-05-27,rice,Sefwi Wiawso,Sefwi Wiawso District Market,4.23,GHS,WFP-GIEWS-Ghana
2024-06-03,rice,Sefwi Wiawso,Sefwi Wiawso District Market,4.35,GHS,WFP-GIEWS-Ghana
2024-06-10,rice,Sefwi Wiawso,Sefwi Wiawso District Market,4.93,GHS,WFP-GIEWS-Ghana
2024-06-17,rice,Sefwi Wiawso,Sefwi Wiawso District Market,4.62,GHS,WFP-GIEWS-Ghana
2024-06-24,rice,Sefwi Wiawso,Sefwi Wiawso District Market,4.77,GHS,WFP-GIEWS-Ghana
2024-07-01,rice,Sefwi Wiawso,Sefwi Wiawso District Market,5.42,GHS,WFP-GIEWS-Ghana
2024-07-08,rice,Sefwi Wiawso,Sefwi Wiawso District Market,5.01,GHS,WFP-GIEWS-Ghana
2024-07-15,rice,Sefwi Wiawso,Sefwi Wiawso District Market,5.08,GHS,WFP-GIEWS-Ghana
2024-07-22,rice,Sefwi Wiawso,Sefwi Wiawso District Market,5.6,GHS,WFP-GIEWS-Ghana
2024-07-29,rice,Sefwi Wiawso,Sefwi Wiawso District Market,5.34,GHS,WFP-GIEWS-Ghana
2024-08-05,rice,Sefwi Wiawso,Sefwi Wiawso District Market,5.18,GHS,WFP-GIEWS-Ghana
2024-08-12,rice,Sefwi Wiawso,Sefwi Wiawso District Market,5.28,GHS,WFP-GIEWS-Ghana
2024-08-19,rice,Sefwi Wiawso,Sefwi Wiawso District Market,5.54,GHS,WFP-GIEWS-Ghana
2024-08-26,rice,Sefwi Wiawso,Sefwi Wiawso District Market,5.51,GHS,WFP-GIEWS-Ghana
2024-09-02,rice,Sefwi Wiawso,Sefwi Wiawso District Market,4.49,GHS,WFP-GIEWS-Ghana
2024-09-09,rice,Sefwi Wiawso,Sefwi Wiawso District Market,5.08,GHS,WFP-GIEWS-Ghana
2024-09-16,rice,Sefwi Wiawso,Sefwi Wiawso District Market,4.95,GHS,WFP-GIEWS-Ghana
2024-09-23,rice,Sefwi Wiawso,Sefwi Wiawso District Market,4.74,GHS,WFP-GIEWS-Ghana
2024-09-30,rice,Sefwi Wiawso,Sefwi Wiawso District Market,4.54,GHS,WFP-GIEWS-Ghana
2024-10-07,rice,Sefwi Wiawso,Sefwi Wiawso District Market,4.25,GHS,WFP-GIEWS-Ghana
2024-10-14,rice,Sefwi Wiawso,Sefwi Wiawso District Market,4.16,GHS,WFP-GIEWS-Ghana
2024-10-21,rice,Sefwi Wiawso,Sefwi Wiawso District Market,3.84,GHS,WFP-GIEWS-Ghana
2024-10-28,rice,Sefwi Wiawso,Sefwi Wiawso District Market,4.04,GHS,WFP-GIEWS-Ghana
2024-11-04,rice,Sefwi Wiawso,Sefwi Wiawso District Market,4.62,GHS,WFP-GIEWS-Ghana
2024-11-11,rice,Sefwi Wiawso,Sefwi Wiawso District Market,4.11,GHS,WFP-GIEWS-Ghana
2024-11-18,rice,Sefwi Wiawso,Sefwi Wiawso District Market,3.98,GHS,WFP-GIEWS-Ghana
2024-11-25,rice,Sefwi Wiawso,Sefwi Wiawso District Market,3.94,GHS,WFP-GIEWS-Ghana
2024-12-02,rice,Sefwi Wiawso,Sefwi Wiawso District Market,4.43,GHS,WFP-GIEWS-Ghana
2024-12-09,rice,Sefwi Wiawso,Sefwi Wiawso District Market,4.27,GHS,WFP-GIEWS-Ghana
2024-12-16,rice,Sefwi Wiawso,Sefwi Wiawso District Market,4.37,GHS,WFP-GIEWS-Ghana
2024-12-23,rice,Sefwi Wiawso,Sefwi Wiawso District Market,4.17,GHS,WFP-GIEWS-Ghana
2024-12-30,rice,Sefwi Wiawso,Sefwi Wiawso District Market,4.34,GHS,WFP-GIEWS-Ghana
2018-01-01,rice,Wasa Amenfi,Asankragua Market (Wasa Amenfi),2.98,GHS,WFP-GIEWS-Ghana
2018-01-08,rice,Wasa Amenfi,Asankragua Market (Wasa Amenfi),2.99,GHS,WFP-GIEWS-Ghana
2018-01-15,rice,Wasa Amenfi,Asankragua Market (Wasa Amenfi),3.12,GHS,WFP-GIEWS-Ghana
2018-01-22,rice,Wasa Amenfi,Asankragua Market (Wasa Amenfi),3.0,GHS,WFP-GIEWS-Ghana
2018-01-29,rice,Wasa Amenfi,Asankragua Market (Wasa Amenfi),2.88,GHS,WFP-GIEWS-Ghana
2018-02-05,rice,Wasa Amenfi,Asankragua Market (Wasa Amenfi),2.98,GHS,WFP-GIEWS-Ghana
2018-02-12,rice,Wasa Amenfi,Asankragua Market (Wasa Amenfi),2.78,GHS,WFP-GIEWS-Ghana
2018-02-19,rice,Wasa Amenfi,Asankragua Market (Wasa Amenfi),2.7,GHS,WFP-GIEWS-Ghana
2018-02-26,rice,Wasa Amenfi,Asankragua Market (Wasa Amenfi),3.08,GHS,WFP-GIEWS-Ghana
2018-03-05,rice,Wasa Amenfi,Asankragua Market (Wasa Amenfi),2.51,GHS,WFP-GIEWS-Ghana
2018-03-12,rice,Wasa Amenfi,Asankragua Market (Wasa Amenfi),2.53,GHS,WFP-GIEWS-Ghana
2018-03-19,rice,Wasa Amenfi,Asankragua Market (Wasa Amenfi),2.64,GHS,WFP-GIEWS-Ghana
2018-03-26,rice,Wasa Amenfi,Asankragua Market (Wasa Amenfi),2.69,GHS,WFP-GIEWS-Ghana
2018-04-02,rice,Wasa Amenfi,Asankragua Market (Wasa Amenfi),2.62,GHS,WFP-GIEWS-Ghana
2018-04-09,rice,Wasa Amenfi,Asankragua Market (Wasa Amenfi),2.77,GHS,WFP-GIEWS-Ghana
2018-04-16,rice,Wasa Amenfi,Asankragua Market (Wasa Amenfi),2.62,GHS,WFP-GIEWS-Ghana
2018-04-23,rice,Wasa Amenfi,Asankragua Market (Wasa Amenfi),2.6,GHS,WFP-GIEWS-Ghana
2018-04-30,rice,Wasa Amenfi,Asankragua Market (Wasa Amenfi),2.59,GHS,WFP-GIEWS-Ghana
2018-05-07,rice,Wasa Amenfi,Asankragua Market (Wasa Amenfi),2.45,GHS,WFP-GIEWS-Ghana
2018-05-14,rice,Wasa Amenfi,Asankragua Market (Wasa Amenfi),2.68,GHS,WFP-GIEWS-Ghana
2018-05-21,rice,Wasa Amenfi,Asankragua Market (Wasa Amenfi),2.33,GHS,WFP-GIEWS-Ghana
2018-05-28,rice,Wasa Amenfi,Asankragua Market (Wasa Amenfi),2.52,GHS,WFP-GIEWS-Ghana
2018-06-04,rice,Wasa Amenfi,Asankragua Market (Wasa Amenfi),2.83,GHS,WFP-GIEWS-Ghana
2018-06-11,rice,Wasa Amenfi,Asankragua Market (Wasa Amenfi),2.74,GHS,WFP-GIEWS-Ghana
2018-06-18,rice,Wasa Amenfi,Asankragua Market (Wasa Amenfi),2.78,GHS,WFP-GIEWS-Ghana
2018-06-25,rice,Wasa Amenfi,Asankragua Market (Wasa Amenfi),3.04,GHS,WFP-GIEWS-Ghana
2018-07-02,rice,Wasa Amenfi,Asankragua Market (Wasa Amenfi),3.33,GHS,WFP-GIEWS-Ghana
2018-07-09,rice,Wasa Amenfi,Asankragua Market (Wasa Amenfi),3.1,GHS,WFP-GIEWS-Ghana
2018-07-16,rice,Wasa Amenfi,Asankragua Market (Wasa Amenfi),3.13,GHS,WFP-GIEWS-Ghana
2018-07-23,rice,Wasa Amenfi,Asankragua Market (Wasa Amenfi),3.02,GHS,WFP-GIEWS-Ghana
2018-07-30,rice,Wasa Amenfi,Asankragua Market (Wasa Amenfi),3.28,GHS,WFP-GIEWS-Ghana
2018-08-06,rice,Wasa Amenfi,Asankragua Market (Wasa Amenfi),3.18,GHS,WFP-GIEWS-Ghana
2018-08-13,rice,Wasa Amenfi,Asankragua Market (Wasa Amenfi),2.96,GHS,WFP-GIEWS-Ghana
2018-08-20,rice,Wasa Amenfi,Asankragua Market (Wasa Amenfi),3.22,GHS,WFP-GIEWS-Ghana
2018-08-27,rice,Wasa Amenfi,Asankragua Market (Wasa Amenfi),3.26,GHS,WFP-GIEWS-Ghana
2018-09-03,rice,Wasa Amenfi,Asankragua Market (Wasa Amenfi),2.99,GHS,WFP-GIEWS-Ghana
2018-09-10,rice,Wasa Amenfi,Asankragua Market (Wasa Amenfi),2.87,GHS,WFP-GIEWS-Ghana
2018-09-17,rice,Wasa Amenfi,Asankragua Market (Wasa Amenfi),2.84,GHS,WFP-GIEWS-Ghana
2018-09-24,rice,Wasa Amenfi,Asankragua Market (Wasa Amenfi),3.11,GHS,WFP-GIEWS-Ghana
2018-10-01,rice,Wasa Amenfi,Asankragua Market (Wasa Amenfi),2.47,GHS,WFP-GIEWS-Ghana
2018-10-08,rice,Wasa Amenfi,Asankragua Market (Wasa Amenfi),2.54,GHS,WFP-GIEWS-Ghana
2018-10-15,rice,Wasa Amenfi,Asankragua Market (Wasa Amenfi),2.41,GHS,WFP-GIEWS-Ghana
2018-10-22,rice,Wasa Amenfi,Asankragua Market (Wasa Amenfi),2.53,GHS,WFP-GIEWS-Ghana
2018-10-29,rice,Wasa Amenfi,Asankragua Market (Wasa Amenfi),2.32,GHS,WFP-GIEWS-Ghana
2018-11-05,rice,Wasa Amenfi,Asankragua Market (Wasa Amenfi),2.44,GHS,WFP-GIEWS-Ghana
2018-11-12,rice,Wasa Amenfi,Asankragua Market (Wasa Amenfi),2.36,GHS,WFP-GIEWS-Ghana
2018-11-19,rice,Wasa Amenfi,Asankragua Market (Wasa Amenfi),2.42,GHS,WFP-GIEWS-Ghana
2018-11-26,rice,Wasa Amenfi,Asankragua Market (Wasa Amenfi),2.61,GHS,WFP-GIEWS-Ghana
2018-12-03,rice,Wasa Amenfi,Asankragua Market (Wasa Amenfi),2.44,GHS,WFP-GIEWS-Ghana
2018-12-10,rice,Wasa Amenfi,Asankragua Market (Wasa Amenfi),2.57,GHS,WFP-GIEWS-Ghana
2018-12-17,rice,Wasa Amenfi,Asankragua Market (Wasa Amenfi),2.65,GHS,WFP-GIEWS-Ghana
2018-12-24,rice,Wasa Amenfi,Asankragua Market (Wasa Amenfi),2.5,GHS,WFP-GIEWS-Ghana
2018-12-31,rice,Wasa Amenfi,Asankragua Market (Wasa Amenfi),2.6,GHS,WFP-GIEWS-Ghana
2019-01-07,rice,Wasa Amenfi,Asankragua Market (Wasa Amenfi),3.26,GHS,WFP-GIEWS-Ghana
2019-01-14,rice,Wasa Amenfi,Asankragua Market (Wasa Amenfi),3.21,GHS,WFP-GIEWS-Ghana
2019-01-21,rice,Wasa Amenfi,Asankragua Market (Wasa Amenfi),3.29,GHS,WFP-GIEWS-Ghana
2019-01-28,rice,Wasa Amenfi,Asankragua Market (Wasa Amenfi),3.43,GHS,WFP-GIEWS-Ghana
2019-02-04,rice,Wasa Amenfi,Asankragua Market (Wasa Amenfi),3.13,GHS,WFP-GIEWS-Ghana
2019-02-11,rice,Wasa Amenfi,Asankragua Market (Wasa Amenfi),3.09,GHS,WFP-GIEWS-Ghana
2019-02-18,rice,Wasa Amenfi,Asankragua Market (Wasa Amenfi),3.08,GHS,WFP-GIEWS-Ghana
2019-02-25,rice,Wasa Amenfi,Asankragua Market (Wasa Amenfi),3.34,GHS,WFP-GIEWS-Ghana
2019-03-04,rice,Wasa Amenfi,Asankragua Market (Wasa Amenfi),2.88,GHS,WFP-GIEWS-Ghana
2019-03-11,rice,Wasa Amenfi,Asankragua Market (Wasa Amenfi),2.7,GHS,WFP-GIEWS-Ghana
2019-03-18,rice,Wasa Amenfi,Asankragua Market (Wasa Amenfi),2.52,GHS,WFP-GIEWS-Ghana
2019-03-25,rice,Wasa Amenfi,Asankragua Market (Wasa Amenfi),2.68,GHS,WFP-GIEWS-Ghana
2019-04-01,rice,Wasa Amenfi,Asankragua Market (Wasa Amenfi),2.83,GHS,WFP-GIEWS-Ghana
2019-04-08,rice,Wasa Amenfi,Asankragua Market (Wasa Amenfi),2.77,GHS,WFP-GIEWS-Ghana
2019-04-15,rice,Wasa Amenfi,Asankragua Market (Wasa Amenfi),2.79,GHS,WFP-GIEWS-Ghana
2019-04-22,rice,Wasa Amenfi,Asankragua Market (Wasa Amenfi),2.72,GHS,WFP-GIEWS-Ghana
2019-04-29,rice,Wasa Amenfi,Asankragua Market (Wasa Amenfi),2.89,GHS,WFP-GIEWS-Ghana
2019-05-06,rice,Wasa Amenfi,Asankragua Market (Wasa Amenfi),2.83,GHS,WFP-GIEWS-Ghana
2019-05-13,rice,Wasa Amenfi,Asankragua Market (Wasa Amenfi),2.86,GHS,WFP-GIEWS-Ghana
2019-05-20,rice,Wasa Amenfi,Asankragua Market (Wasa Amenfi),2.81,GHS,WFP-GIEWS-Ghana
2019-05-27,rice,Wasa Amenfi,Asankragua Market (Wasa Amenfi),2.85,GHS,WFP-GIEWS-Ghana
2019-06-03,rice,Wasa Amenfi,Asankragua Market (Wasa Amenfi),3.11,GHS,WFP-GIEWS-Ghana
2019-06-10,rice,Wasa Amenfi,Asankragua Market (Wasa Amenfi),2.94,GHS,WFP-GIEWS-Ghana
2019-06-17,rice,Wasa Amenfi,Asankragua Market (Wasa Amenfi),3.1,GHS,WFP-GIEWS-Ghana
2019-06-24,rice,Wasa Amenfi,Asankragua Market (Wasa Amenfi),3.15,GHS,WFP-GIEWS-Ghana
2019-07-01,rice,Wasa Amenfi,Asankragua Market (Wasa Amenfi),3.6,GHS,WFP-GIEWS-Ghana
2019-07-08,rice,Wasa Amenfi,Asankragua Market (Wasa Amenfi),3.5,GHS,WFP-GIEWS-Ghana
2019-07-15,rice,Wasa Amenfi,Asankragua Market (Wasa Amenfi),3.31,GHS,WFP-GIEWS-Ghana
2019-07-22,rice,Wasa Amenfi,Asankragua Market (Wasa Amenfi),3.33,GHS,WFP-GIEWS-Ghana
2019-07-29,rice,Wasa Amenfi,Asankragua Market (Wasa Amenfi),3.38,GHS,WFP-GIEWS-Ghana
2019-08-05,rice,Wasa Amenfi,Asankragua Market (Wasa Amenfi),3.49,GHS,WFP-GIEWS-Ghana
2019-08-12,rice,Wasa Amenfi,Asankragua Market (Wasa Amenfi),3.45,GHS,WFP-GIEWS-Ghana
2019-08-19,rice,Wasa Amenfi,Asankragua Market (Wasa Amenfi),3.31,GHS,WFP-GIEWS-Ghana
2019-08-26,rice,Wasa Amenfi,Asankragua Market (Wasa Amenfi),3.31,GHS,WFP-GIEWS-Ghana
2019-09-02,rice,Wasa Amenfi,Asankragua Market (Wasa Amenfi),2.85,GHS,WFP-GIEWS-Ghana
2019-09-09,rice,Wasa Amenfi,Asankragua Market (Wasa Amenfi),2.73,GHS,WFP-GIEWS-Ghana
2019-09-16,rice,Wasa Amenfi,Asankragua Market (Wasa Amenfi),3.1,GHS,WFP-GIEWS-Ghana
2019-09-23,rice,Wasa Amenfi,Asankragua Market (Wasa Amenfi),3.4,GHS,WFP-GIEWS-Ghana
2019-09-30,rice,Wasa Amenfi,Asankragua Market (Wasa Amenfi),3.34,GHS,WFP-GIEWS-Ghana
2019-10-07,rice,Wasa Amenfi,Asankragua Market (Wasa Amenfi),2.56,GHS,WFP-GIEWS-Ghana
2019-10-14,rice,Wasa Amenfi,Asankragua Market (Wasa Amenfi),2.68,GHS,WFP-GIEWS-Ghana
2019-10-21,rice,Wasa Amenfi,Asankragua Market (Wasa Amenfi),2.51,GHS,WFP-GIEWS-Ghana
2019-10-28,rice,Wasa Amenfi,Asankragua Market (Wasa Amenfi),2.52,GHS,WFP-GIEWS-Ghana
2019-11-04,rice,Wasa Amenfi,Asankragua Market (Wasa Amenfi),2.55,GHS,WFP-GIEWS-Ghana
2019-11-11,rice,Wasa Amenfi,Asankragua Market (Wasa Amenfi),2.66,GHS,WFP-GIEWS-Ghana
2019-11-18,rice,Wasa Amenfi,Asankragua Market (Wasa Amenfi),2.66,GHS,WFP-GIEWS-Ghana
2019-11-25,rice,Wasa Amenfi,Asankragua Market (Wasa Amenfi),2.71,GHS,WFP-GIEWS-Ghana
2019-12-02,rice,Wasa Amenfi,Asankragua Market (Wasa Amenfi),2.77,GHS,WFP-GIEWS-Ghana
2019-12-09,rice,Wasa Amenfi,Asankragua Market (Wasa Amenfi),2.66,GHS,WFP-GIEWS-Ghana
2019-12-16,rice,Wasa Amenfi,Asankragua Market (Wasa Amenfi),2.7,GHS,WFP-GIEWS-Ghana
2019-12-23,rice,Wasa Amenfi,Asankragua Market (Wasa Amenfi),2.58,GHS,WFP-GIEWS-Ghana
2019-12-30,rice,Wasa Amenfi,Asankragua Market (Wasa Amenfi),2.55,GHS,WFP-GIEWS-Ghana
2020-01-06,rice,Wasa Amenfi,Asankragua Market (Wasa Amenfi),3.24,GHS,WFP-GIEWS-Ghana
2020-01-13,rice,Wasa Amenfi,Asankragua Market (Wasa Amenfi),3.54,GHS,WFP-GIEWS-Ghana
2020-01-20,rice,Wasa Amenfi,Asankragua Market (Wasa Amenfi),3.4,GHS,WFP-GIEWS-Ghana
2020-01-27,rice,Wasa Amenfi,Asankragua Market (Wasa Amenfi),3.19,GHS,WFP-GIEWS-Ghana
2020-02-03,rice,Wasa Amenfi,Asankragua Market (Wasa Amenfi),3.46,GHS,WFP-GIEWS-Ghana
2020-02-10,rice,Wasa Amenfi,Asankragua Market (Wasa Amenfi),3.3,GHS,WFP-GIEWS-Ghana
2020-02-17,rice,Wasa Amenfi,Asankragua Market (Wasa Amenfi),3.7,GHS,WFP-GIEWS-Ghana
2020-02-24,rice,Wasa Amenfi,Asankragua Market (Wasa Amenfi),3.39,GHS,WFP-GIEWS-Ghana
2020-03-02,rice,Wasa Amenfi,Asankragua Market (Wasa Amenfi),3.06,GHS,WFP-GIEWS-Ghana
2020-03-09,rice,Wasa Amenfi,Asankragua Market (Wasa Amenfi),3.11,GHS,WFP-GIEWS-Ghana
2020-03-16,rice,Wasa Amenfi,Asankragua Market (Wasa Amenfi),2.86,GHS,WFP-GIEWS-Ghana
2020-03-23,rice,Wasa Amenfi,Asankragua Market (Wasa Amenfi),2.99,GHS,WFP-GIEWS-Ghana
2020-03-30,rice,Wasa Amenfi,Asankragua Market (Wasa Amenfi),3.04,GHS,WFP-GIEWS-Ghana
2020-04-06,rice,Wasa Amenfi,Asankragua Market (Wasa Amenfi),3.01,GHS,WFP-GIEWS-Ghana
2020-04-13,rice,Wasa Amenfi,Asankragua Market (Wasa Amenfi),3.04,GHS,WFP-GIEWS-Ghana
2020-04-20,rice,Wasa Amenfi,Asankragua Market (Wasa Amenfi),2.84,GHS,WFP-GIEWS-Ghana
2020-04-27,rice,Wasa Amenfi,Asankragua Market (Wasa Amenfi),3.06,GHS,WFP-GIEWS-Ghana
2020-05-04,rice,Wasa Amenfi,Asankragua Market (Wasa Amenfi),2.96,GHS,WFP-GIEWS-Ghana
2020-05-11,rice,Wasa Amenfi,Asankragua Market (Wasa Amenfi),3.06,GHS,WFP-GIEWS-Ghana
2020-05-18,rice,Wasa Amenfi,Asankragua Market (Wasa Amenfi),3.13,GHS,WFP-GIEWS-Ghana
2020-05-25,rice,Wasa Amenfi,Asankragua Market (Wasa Amenfi),3.1,GHS,WFP-GIEWS-Ghana
2020-06-01,rice,Wasa Amenfi,Asankragua Market (Wasa Amenfi),3.34,GHS,WFP-GIEWS-Ghana
2020-06-08,rice,Wasa Amenfi,Asankragua Market (Wasa Amenfi),3.38,GHS,WFP-GIEWS-Ghana
2020-06-15,rice,Wasa Amenfi,Asankragua Market (Wasa Amenfi),3.39,GHS,WFP-GIEWS-Ghana
2020-06-22,rice,Wasa Amenfi,Asankragua Market (Wasa Amenfi),3.5,GHS,WFP-GIEWS-Ghana
2020-06-29,rice,Wasa Amenfi,Asankragua Market (Wasa Amenfi),3.29,GHS,WFP-GIEWS-Ghana
2020-07-06,rice,Wasa Amenfi,Asankragua Market (Wasa Amenfi),3.74,GHS,WFP-GIEWS-Ghana
2020-07-13,rice,Wasa Amenfi,Asankragua Market (Wasa Amenfi),3.86,GHS,WFP-GIEWS-Ghana
2020-07-20,rice,Wasa Amenfi,Asankragua Market (Wasa Amenfi),3.65,GHS,WFP-GIEWS-Ghana
2020-07-27,rice,Wasa Amenfi,Asankragua Market (Wasa Amenfi),3.52,GHS,WFP-GIEWS-Ghana
2020-08-03,rice,Wasa Amenfi,Asankragua Market (Wasa Amenfi),3.82,GHS,WFP-GIEWS-Ghana
2020-08-10,rice,Wasa Amenfi,Asankragua Market (Wasa Amenfi),3.71,GHS,WFP-GIEWS-Ghana
2020-08-17,rice,Wasa Amenfi,Asankragua Market (Wasa Amenfi),3.56,GHS,WFP-GIEWS-Ghana
2020-08-24,rice,Wasa Amenfi,Asankragua Market (Wasa Amenfi),3.82,GHS,WFP-GIEWS-Ghana
2020-08-31,rice,Wasa Amenfi,Asankragua Market (Wasa Amenfi),3.96,GHS,WFP-GIEWS-Ghana
2020-09-07,rice,Wasa Amenfi,Asankragua Market (Wasa Amenfi),3.14,GHS,WFP-GIEWS-Ghana
2020-09-14,rice,Wasa Amenfi,Asankragua Market (Wasa Amenfi),3.5,GHS,WFP-GIEWS-Ghana
2020-09-21,rice,Wasa Amenfi,Asankragua Market (Wasa Amenfi),3.02,GHS,WFP-GIEWS-Ghana
2020-09-28,rice,Wasa Amenfi,Asankragua Market (Wasa Amenfi),3.31,GHS,WFP-GIEWS-Ghana
2020-10-05,rice,Wasa Amenfi,Asankragua Market (Wasa Amenfi),3.09,GHS,WFP-GIEWS-Ghana
2020-10-12,rice,Wasa Amenfi,Asankragua Market (Wasa Amenfi),2.84,GHS,WFP-GIEWS-Ghana
2020-10-19,rice,Wasa Amenfi,Asankragua Market (Wasa Amenfi),2.89,GHS,WFP-GIEWS-Ghana
2020-10-26,rice,Wasa Amenfi,Asankragua Market (Wasa Amenfi),2.96,GHS,WFP-GIEWS-Ghana
2020-11-02,rice,Wasa Amenfi,Asankragua Market (Wasa Amenfi),2.7,GHS,WFP-GIEWS-Ghana
2020-11-09,rice,Wasa Amenfi,Asankragua Market (Wasa Amenfi),2.9,GHS,WFP-GIEWS-Ghana
2020-11-16,rice,Wasa Amenfi,Asankragua Market (Wasa Amenfi),2.9,GHS,WFP-GIEWS-Ghana
2020-11-23,rice,Wasa Amenfi,Asankragua Market (Wasa Amenfi),3.11,GHS,WFP-GIEWS-Ghana
2020-11-30,rice,Wasa Amenfi,Asankragua Market (Wasa Amenfi),2.75,GHS,WFP-GIEWS-Ghana
2020-12-07,rice,Wasa Amenfi,Asankragua Market (Wasa Amenfi),2.87,GHS,WFP-GIEWS-Ghana
2020-12-14,rice,Wasa Amenfi,Asankragua Market (Wasa Amenfi),2.81,GHS,WFP-GIEWS-Ghana
2020-12-21,rice,Wasa Amenfi,Asankragua Market (Wasa Amenfi),2.79,GHS,WFP-GIEWS-Ghana
2020-12-28,rice,Wasa Amenfi,Asankragua Market (Wasa Amenfi),3.05,GHS,WFP-GIEWS-Ghana
2021-01-04,rice,Wasa Amenfi,Asankragua Market (Wasa Amenfi),3.73,GHS,WFP-GIEWS-Ghana
2021-01-11,rice,Wasa Amenfi,Asankragua Market (Wasa Amenfi),3.64,GHS,WFP-GIEWS-Ghana
2021-01-18,rice,Wasa Amenfi,Asankragua Market (Wasa Amenfi),3.65,GHS,WFP-GIEWS-Ghana
2021-01-25,rice,Wasa Amenfi,Asankragua Market (Wasa Amenfi),3.64,GHS,WFP-GIEWS-Ghana
2021-02-01,rice,Wasa Amenfi,Asankragua Market (Wasa Amenfi),3.68,GHS,WFP-GIEWS-Ghana
2021-02-08,rice,Wasa Amenfi,Asankragua Market (Wasa Amenfi),3.56,GHS,WFP-GIEWS-Ghana
2021-02-15,rice,Wasa Amenfi,Asankragua Market (Wasa Amenfi),3.71,GHS,WFP-GIEWS-Ghana
2021-02-22,rice,Wasa Amenfi,Asankragua Market (Wasa Amenfi),3.7,GHS,WFP-GIEWS-Ghana
2021-03-01,rice,Wasa Amenfi,Asankragua Market (Wasa Amenfi),3.12,GHS,WFP-GIEWS-Ghana
2021-03-08,rice,Wasa Amenfi,Asankragua Market (Wasa Amenfi),3.23,GHS,WFP-GIEWS-Ghana
2021-03-15,rice,Wasa Amenfi,Asankragua Market (Wasa Amenfi),3.25,GHS,WFP-GIEWS-Ghana
2021-03-22,rice,Wasa Amenfi,Asankragua Market (Wasa Amenfi),3.14,GHS,WFP-GIEWS-Ghana
2021-03-29,rice,Wasa Amenfi,Asankragua Market (Wasa Amenfi),3.2,GHS,WFP-GIEWS-Ghana
2021-04-05,rice,Wasa Amenfi,Asankragua Market (Wasa Amenfi),3.52,GHS,WFP-GIEWS-Ghana
2021-04-12,rice,Wasa Amenfi,Asankragua Market (Wasa Amenfi),3.51,GHS,WFP-GIEWS-Ghana
2021-04-19,rice,Wasa Amenfi,Asankragua Market (Wasa Amenfi),3.1,GHS,WFP-GIEWS-Ghana
2021-04-26,rice,Wasa Amenfi,Asankragua Market (Wasa Amenfi),3.12,GHS,WFP-GIEWS-Ghana
2021-05-03,rice,Wasa Amenfi,Asankragua Market (Wasa Amenfi),3.12,GHS,WFP-GIEWS-Ghana
2021-05-10,rice,Wasa Amenfi,Asankragua Market (Wasa Amenfi),3.39,GHS,WFP-GIEWS-Ghana
2021-05-17,rice,Wasa Amenfi,Asankragua Market (Wasa Amenfi),3.2,GHS,WFP-GIEWS-Ghana
2021-05-24,rice,Wasa Amenfi,Asankragua Market (Wasa Amenfi),3.29,GHS,WFP-GIEWS-Ghana
2021-05-31,rice,Wasa Amenfi,Asankragua Market (Wasa Amenfi),3.52,GHS,WFP-GIEWS-Ghana
2021-06-07,rice,Wasa Amenfi,Asankragua Market (Wasa Amenfi),3.56,GHS,WFP-GIEWS-Ghana
2021-06-14,rice,Wasa Amenfi,Asankragua Market (Wasa Amenfi),3.66,GHS,WFP-GIEWS-Ghana
2021-06-21,rice,Wasa Amenfi,Asankragua Market (Wasa Amenfi),3.64,GHS,WFP-GIEWS-Ghana
2021-06-28,rice,Wasa Amenfi,Asankragua Market (Wasa Amenfi),3.48,GHS,WFP-GIEWS-Ghana
2021-07-05,rice,Wasa Amenfi,Asankragua Market (Wasa Amenfi),4.19,GHS,WFP-GIEWS-Ghana
2021-07-12,rice,Wasa Amenfi,Asankragua Market (Wasa Amenfi),3.88,GHS,WFP-GIEWS-Ghana
2021-07-19,rice,Wasa Amenfi,Asankragua Market (Wasa Amenfi),4.23,GHS,WFP-GIEWS-Ghana
2021-07-26,rice,Wasa Amenfi,Asankragua Market (Wasa Amenfi),3.92,GHS,WFP-GIEWS-Ghana
2021-08-02,rice,Wasa Amenfi,Asankragua Market (Wasa Amenfi),3.96,GHS,WFP-GIEWS-Ghana
2021-08-09,rice,Wasa Amenfi,Asankragua Market (Wasa Amenfi),3.87,GHS,WFP-GIEWS-Ghana
2021-08-16,rice,Wasa Amenfi,Asankragua Market (Wasa Amenfi),3.89,GHS,WFP-GIEWS-Ghana
2021-08-23,rice,Wasa Amenfi,Asankragua Market (Wasa Amenfi),3.97,GHS,WFP-GIEWS-Ghana
2021-08-30,rice,Wasa Amenfi,Asankragua Market (Wasa Amenfi),3.65,GHS,WFP-GIEWS-Ghana
2021-09-06,rice,Wasa Amenfi,Asankragua Market (Wasa Amenfi),3.6,GHS,WFP-GIEWS-Ghana
2021-09-13,rice,Wasa Amenfi,Asankragua Market (Wasa Amenfi),3.56,GHS,WFP-GIEWS-Ghana
2021-09-20,rice,Wasa Amenfi,Asankragua Market (Wasa Amenfi),3.75,GHS,WFP-GIEWS-Ghana
2021-09-27,rice,Wasa Amenfi,Asankragua Market (Wasa Amenfi),3.69,GHS,WFP-GIEWS-Ghana
2021-10-04,rice,Wasa Amenfi,Asankragua Market (Wasa Amenfi),3.02,GHS,WFP-GIEWS-Ghana
2021-10-11,rice,Wasa Amenfi,Asankragua Market (Wasa Amenfi),3.05,GHS,WFP-GIEWS-Ghana
2021-10-18,rice,Wasa Amenfi,Asankragua Market (Wasa Amenfi),3.08,GHS,WFP-GIEWS-Ghana
2021-10-25,rice,Wasa Amenfi,Asankragua Market (Wasa Amenfi),3.29,GHS,WFP-GIEWS-Ghana
2021-11-01,rice,Wasa Amenfi,Asankragua Market (Wasa Amenfi),3.02,GHS,WFP-GIEWS-Ghana
2021-11-08,rice,Wasa Amenfi,Asankragua Market (Wasa Amenfi),3.04,GHS,WFP-GIEWS-Ghana
2021-11-15,rice,Wasa Amenfi,Asankragua Market (Wasa Amenfi),2.99,GHS,WFP-GIEWS-Ghana
2021-11-22,rice,Wasa Amenfi,Asankragua Market (Wasa Amenfi),2.94,GHS,WFP-GIEWS-Ghana
2021-11-29,rice,Wasa Amenfi,Asankragua Market (Wasa Amenfi),3.17,GHS,WFP-GIEWS-Ghana
2021-12-06,rice,Wasa Amenfi,Asankragua Market (Wasa Amenfi),3.17,GHS,WFP-GIEWS-Ghana
2021-12-13,rice,Wasa Amenfi,Asankragua Market (Wasa Amenfi),3.31,GHS,WFP-GIEWS-Ghana
2021-12-20,rice,Wasa Amenfi,Asankragua Market (Wasa Amenfi),3.28,GHS,WFP-GIEWS-Ghana
2021-12-27,rice,Wasa Amenfi,Asankragua Market (Wasa Amenfi),3.45,GHS,WFP-GIEWS-Ghana
2022-01-03,rice,Wasa Amenfi,Asankragua Market (Wasa Amenfi),4.01,GHS,WFP-GIEWS-Ghana
2022-01-10,rice,Wasa Amenfi,Asankragua Market (Wasa Amenfi),3.98,GHS,WFP-GIEWS-Ghana
2022-01-17,rice,Wasa Amenfi,Asankragua Market (Wasa Amenfi),3.81,GHS,WFP-GIEWS-Ghana
2022-01-24,rice,Wasa Amenfi,Asankragua Market (Wasa Amenfi),4.14,GHS,WFP-GIEWS-Ghana
2022-01-31,rice,Wasa Amenfi,Asankragua Market (Wasa Amenfi),4.04,GHS,WFP-GIEWS-Ghana
2022-02-07,rice,Wasa Amenfi,Asankragua Market (Wasa Amenfi),4.16,GHS,WFP-GIEWS-Ghana
2022-02-14,rice,Wasa Amenfi,Asankragua Market (Wasa Amenfi),3.87,GHS,WFP-GIEWS-Ghana
2022-02-21,rice,Wasa Amenfi,Asankragua Market (Wasa Amenfi),4.11,GHS,WFP-GIEWS-Ghana
2022-02-28,rice,Wasa Amenfi,Asankragua Market (Wasa Amenfi),4.08,GHS,WFP-GIEWS-Ghana
2022-03-07,rice,Wasa Amenfi,Asankragua Market (Wasa Amenfi),3.49,GHS,WFP-GIEWS-Ghana
2022-03-14,rice,Wasa Amenfi,Asankragua Market (Wasa Amenfi),3.38,GHS,WFP-GIEWS-Ghana
2022-03-21,rice,Wasa Amenfi,Asankragua Market (Wasa Amenfi),3.64,GHS,WFP-GIEWS-Ghana
2022-03-28,rice,Wasa Amenfi,Asankragua Market (Wasa Amenfi),3.76,GHS,WFP-GIEWS-Ghana
2022-04-04,rice,Wasa Amenfi,Asankragua Market (Wasa Amenfi),3.34,GHS,WFP-GIEWS-Ghana
2022-04-11,rice,Wasa Amenfi,Asankragua Market (Wasa Amenfi),3.6,GHS,WFP-GIEWS-Ghana
2022-04-18,rice,Wasa Amenfi,Asankragua Market (Wasa Amenfi),3.09,GHS,WFP-GIEWS-Ghana
2022-04-25,rice,Wasa Amenfi,Asankragua Market (Wasa Amenfi),3.59,GHS,WFP-GIEWS-Ghana
2022-05-02,rice,Wasa Amenfi,Asankragua Market (Wasa Amenfi),3.25,GHS,WFP-GIEWS-Ghana
2022-05-09,rice,Wasa Amenfi,Asankragua Market (Wasa Amenfi),3.44,GHS,WFP-GIEWS-Ghana
2022-05-16,rice,Wasa Amenfi,Asankragua Market (Wasa Amenfi),3.33,GHS,WFP-GIEWS-Ghana
2022-05-23,rice,Wasa Amenfi,Asankragua Market (Wasa Amenfi),3.49,GHS,WFP-GIEWS-Ghana
2022-05-30,rice,Wasa Amenfi,Asankragua Market (Wasa Amenfi),3.64,GHS,WFP-GIEWS-Ghana
2022-06-06,rice,Wasa Amenfi,Asankragua Market (Wasa Amenfi),3.56,GHS,WFP-GIEWS-Ghana
2022-06-13,rice,Wasa Amenfi,Asankragua Market (Wasa Amenfi),3.79,GHS,WFP-GIEWS-Ghana
2022-06-20,rice,Wasa Amenfi,Asankragua Market (Wasa Amenfi),3.77,GHS,WFP-GIEWS-Ghana
2022-06-27,rice,Wasa Amenfi,Asankragua Market (Wasa Amenfi),4.09,GHS,WFP-GIEWS-Ghana
2022-07-04,rice,Wasa Amenfi,Asankragua Market (Wasa Amenfi),4.41,GHS,WFP-GIEWS-Ghana
2022-07-11,rice,Wasa Amenfi,Asankragua Market (Wasa Amenfi),4.13,GHS,WFP-GIEWS-Ghana
2022-07-18,rice,Wasa Amenfi,Asankragua Market (Wasa Amenfi),4.26,GHS,WFP-GIEWS-Ghana
2022-07-25,rice,Wasa Amenfi,Asankragua Market (Wasa Amenfi),4.61,GHS,WFP-GIEWS-Ghana
2022-08-01,rice,Wasa Amenfi,Asankragua Market (Wasa Amenfi),4.49,GHS,WFP-GIEWS-Ghana
2022-08-08,rice,Wasa Amenfi,Asankragua Market (Wasa Amenfi),4.2,GHS,WFP-GIEWS-Ghana
2022-08-15,rice,Wasa Amenfi,Asankragua Market (Wasa Amenfi),4.32,GHS,WFP-GIEWS-Ghana
2022-08-22,rice,Wasa Amenfi,Asankragua Market (Wasa Amenfi),4.32,GHS,WFP-GIEWS-Ghana
2022-08-29,rice,Wasa Amenfi,Asankragua Market (Wasa Amenfi),4.27,GHS,WFP-GIEWS-Ghana
2022-09-05,rice,Wasa Amenfi,Asankragua Market (Wasa Amenfi),3.65,GHS,WFP-GIEWS-Ghana
2022-09-12,rice,Wasa Amenfi,Asankragua Market (Wasa Amenfi),3.82,GHS,WFP-GIEWS-Ghana
2022-09-19,rice,Wasa Amenfi,Asankragua Market (Wasa Amenfi),4.14,GHS,WFP-GIEWS-Ghana
2022-09-26,rice,Wasa Amenfi,Asankragua Market (Wasa Amenfi),3.86,GHS,WFP-GIEWS-Ghana
2022-10-03,rice,Wasa Amenfi,Asankragua Market (Wasa Amenfi),3.34,GHS,WFP-GIEWS-Ghana
2022-10-10,rice,Wasa Amenfi,Asankragua Market (Wasa Amenfi),3.37,GHS,WFP-GIEWS-Ghana
2022-10-17,rice,Wasa Amenfi,Asankragua Market (Wasa Amenfi),3.65,GHS,WFP-GIEWS-Ghana
2022-10-24,rice,Wasa Amenfi,Asankragua Market (Wasa Amenfi),3.36,GHS,WFP-GIEWS-Ghana
2022-10-31,rice,Wasa Amenfi,Asankragua Market (Wasa Amenfi),3.5,GHS,WFP-GIEWS-Ghana
2022-11-07,rice,Wasa Amenfi,Asankragua Market (Wasa Amenfi),3.3,GHS,WFP-GIEWS-Ghana
2022-11-14,rice,Wasa Amenfi,Asankragua Market (Wasa Amenfi),3.34,GHS,WFP-GIEWS-Ghana
2022-11-21,rice,Wasa Amenfi,Asankragua Market (Wasa Amenfi),3.38,GHS,WFP-GIEWS-Ghana
2022-11-28,rice,Wasa Amenfi,Asankragua Market (Wasa Amenfi),3.27,GHS,WFP-GIEWS-Ghana
2022-12-05,rice,Wasa Amenfi,Asankragua Market (Wasa Amenfi),3.37,GHS,WFP-GIEWS-Ghana
2022-12-12,rice,Wasa Amenfi,Asankragua Market (Wasa Amenfi),3.52,GHS,WFP-GIEWS-Ghana
2022-12-19,rice,Wasa Amenfi,Asankragua Market (Wasa Amenfi),3.29,GHS,WFP-GIEWS-Ghana
2022-12-26,rice,Wasa Amenfi,Asankragua Market (Wasa Amenfi),3.4,GHS,WFP-GIEWS-Ghana
2023-01-02,rice,Wasa Amenfi,Asankragua Market (Wasa Amenfi),4.47,GHS,WFP-GIEWS-Ghana
2023-01-09,rice,Wasa Amenfi,Asankragua Market (Wasa Amenfi),4.2,GHS,WFP-GIEWS-Ghana
2023-01-16,rice,Wasa Amenfi,Asankragua Market (Wasa Amenfi),4.54,GHS,WFP-GIEWS-Ghana
2023-01-23,rice,Wasa Amenfi,Asankragua Market (Wasa Amenfi),4.36,GHS,WFP-GIEWS-Ghana
2023-01-30,rice,Wasa Amenfi,Asankragua Market (Wasa Amenfi),4.32,GHS,WFP-GIEWS-Ghana
2023-02-06,rice,Wasa Amenfi,Asankragua Market (Wasa Amenfi),4.02,GHS,WFP-GIEWS-Ghana
2023-02-13,rice,Wasa Amenfi,Asankragua Market (Wasa Amenfi),4.31,GHS,WFP-GIEWS-Ghana
2023-02-20,rice,Wasa Amenfi,Asankragua Market (Wasa Amenfi),4.44,GHS,WFP-GIEWS-Ghana
2023-02-27,rice,Wasa Amenfi,Asankragua Market (Wasa Amenfi),4.68,GHS,WFP-GIEWS-Ghana
2023-03-06,rice,Wasa Amenfi,Asankragua Market (Wasa Amenfi),3.84,GHS,WFP-GIEWS-Ghana
2023-03-13,rice,Wasa Amenfi,Asankragua Market (Wasa Amenfi),3.92,GHS,WFP-GIEWS-Ghana
2023-03-20,rice,Wasa Amenfi,Asankragua Market (Wasa Amenfi),3.57,GHS,WFP-GIEWS-Ghana
2023-03-27,rice,Wasa Amenfi,Asankragua Market (Wasa Amenfi),3.73,GHS,WFP-GIEWS-Ghana
2023-04-03,rice,Wasa Amenfi,Asankragua Market (Wasa Amenfi),3.96,GHS,WFP-GIEWS-Ghana
2023-04-10,rice,Wasa Amenfi,Asankragua Market (Wasa Amenfi),3.64,GHS,WFP-GIEWS-Ghana
2023-04-17,rice,Wasa Amenfi,Asankragua Market (Wasa Amenfi),3.92,GHS,WFP-GIEWS-Ghana
2023-04-24,rice,Wasa Amenfi,Asankragua Market (Wasa Amenfi),3.88,GHS,WFP-GIEWS-Ghana
2023-05-01,rice,Wasa Amenfi,Asankragua Market (Wasa Amenfi),3.84,GHS,WFP-GIEWS-Ghana
2023-05-08,rice,Wasa Amenfi,Asankragua Market (Wasa Amenfi),3.75,GHS,WFP-GIEWS-Ghana
2023-05-15,rice,Wasa Amenfi,Asankragua Market (Wasa Amenfi),3.65,GHS,WFP-GIEWS-Ghana
2023-05-22,rice,Wasa Amenfi,Asankragua Market (Wasa Amenfi),4.07,GHS,WFP-GIEWS-Ghana
2023-05-29,rice,Wasa Amenfi,Asankragua Market (Wasa Amenfi),3.89,GHS,WFP-GIEWS-Ghana
2023-06-05,rice,Wasa Amenfi,Asankragua Market (Wasa Amenfi),4.21,GHS,WFP-GIEWS-Ghana
2023-06-12,rice,Wasa Amenfi,Asankragua Market (Wasa Amenfi),4.09,GHS,WFP-GIEWS-Ghana
2023-06-19,rice,Wasa Amenfi,Asankragua Market (Wasa Amenfi),4.16,GHS,WFP-GIEWS-Ghana
2023-06-26,rice,Wasa Amenfi,Asankragua Market (Wasa Amenfi),4.18,GHS,WFP-GIEWS-Ghana
2023-07-03,rice,Wasa Amenfi,Asankragua Market (Wasa Amenfi),4.76,GHS,WFP-GIEWS-Ghana
2023-07-10,rice,Wasa Amenfi,Asankragua Market (Wasa Amenfi),4.82,GHS,WFP-GIEWS-Ghana
2023-07-17,rice,Wasa Amenfi,Asankragua Market (Wasa Amenfi),4.54,GHS,WFP-GIEWS-Ghana
2023-07-24,rice,Wasa Amenfi,Asankragua Market (Wasa Amenfi),4.41,GHS,WFP-GIEWS-Ghana
2023-07-31,rice,Wasa Amenfi,Asankragua Market (Wasa Amenfi),4.7,GHS,WFP-GIEWS-Ghana
2023-08-07,rice,Wasa Amenfi,Asankragua Market (Wasa Amenfi),4.38,GHS,WFP-GIEWS-Ghana
2023-08-14,rice,Wasa Amenfi,Asankragua Market (Wasa Amenfi),4.65,GHS,WFP-GIEWS-Ghana
2023-08-21,rice,Wasa Amenfi,Asankragua Market (Wasa Amenfi),4.62,GHS,WFP-GIEWS-Ghana
2023-08-28,rice,Wasa Amenfi,Asankragua Market (Wasa Amenfi),4.81,GHS,WFP-GIEWS-Ghana
2023-09-04,rice,Wasa Amenfi,Asankragua Market (Wasa Amenfi),4.57,GHS,WFP-GIEWS-Ghana
2023-09-11,rice,Wasa Amenfi,Asankragua Market (Wasa Amenfi),3.91,GHS,WFP-GIEWS-Ghana
2023-09-18,rice,Wasa Amenfi,Asankragua Market (Wasa Amenfi),4.62,GHS,WFP-GIEWS-Ghana
2023-09-25,rice,Wasa Amenfi,Asankragua Market (Wasa Amenfi),4.2,GHS,WFP-GIEWS-Ghana
2023-10-02,rice,Wasa Amenfi,Asankragua Market (Wasa Amenfi),3.67,GHS,WFP-GIEWS-Ghana
2023-10-09,rice,Wasa Amenfi,Asankragua Market (Wasa Amenfi),3.42,GHS,WFP-GIEWS-Ghana
2023-10-16,rice,Wasa Amenfi,Asankragua Market (Wasa Amenfi),3.77,GHS,WFP-GIEWS-Ghana
2023-10-23,rice,Wasa Amenfi,Asankragua Market (Wasa Amenfi),3.63,GHS,WFP-GIEWS-Ghana
2023-10-30,rice,Wasa Amenfi,Asankragua Market (Wasa Amenfi),3.61,GHS,WFP-GIEWS-Ghana
2023-11-06,rice,Wasa Amenfi,Asankragua Market (Wasa Amenfi),3.36,GHS,WFP-GIEWS-Ghana
2023-11-13,rice,Wasa Amenfi,Asankragua Market (Wasa Amenfi),3.66,GHS,WFP-GIEWS-Ghana
2023-11-20,rice,Wasa Amenfi,Asankragua Market (Wasa Amenfi),3.77,GHS,WFP-GIEWS-Ghana
2023-11-27,rice,Wasa Amenfi,Asankragua Market (Wasa Amenfi),3.61,GHS,WFP-GIEWS-Ghana
2023-12-04,rice,Wasa Amenfi,Asankragua Market (Wasa Amenfi),3.84,GHS,WFP-GIEWS-Ghana
2023-12-11,rice,Wasa Amenfi,Asankragua Market (Wasa Amenfi),3.84,GHS,WFP-GIEWS-Ghana
2023-12-18,rice,Wasa Amenfi,Asankragua Market (Wasa Amenfi),3.58,GHS,WFP-GIEWS-Ghana
2023-12-25,rice,Wasa Amenfi,Asankragua Market (Wasa Amenfi),3.9,GHS,WFP-GIEWS-Ghana
2024-01-01,rice,Wasa Amenfi,Asankragua Market (Wasa Amenfi),4.7,GHS,WFP-GIEWS-Ghana
2024-01-08,rice,Wasa Amenfi,Asankragua Market (Wasa Amenfi),4.7,GHS,WFP-GIEWS-Ghana
2024-01-15,rice,Wasa Amenfi,Asankragua Market (Wasa Amenfi),4.71,GHS,WFP-GIEWS-Ghana
2024-01-22,rice,Wasa Amenfi,Asankragua Market (Wasa Amenfi),4.71,GHS,WFP-GIEWS-Ghana
2024-01-29,rice,Wasa Amenfi,Asankragua Market (Wasa Amenfi),4.2,GHS,WFP-GIEWS-Ghana
2024-02-05,rice,Wasa Amenfi,Asankragua Market (Wasa Amenfi),4.69,GHS,WFP-GIEWS-Ghana
2024-02-12,rice,Wasa Amenfi,Asankragua Market (Wasa Amenfi),4.47,GHS,WFP-GIEWS-Ghana
2024-02-19,rice,Wasa Amenfi,Asankragua Market (Wasa Amenfi),5.03,GHS,WFP-GIEWS-Ghana
2024-02-26,rice,Wasa Amenfi,Asankragua Market (Wasa Amenfi),5.02,GHS,WFP-GIEWS-Ghana
2024-03-04,rice,Wasa Amenfi,Asankragua Market (Wasa Amenfi),4.19,GHS,WFP-GIEWS-Ghana
2024-03-11,rice,Wasa Amenfi,Asankragua Market (Wasa Amenfi),4.01,GHS,WFP-GIEWS-Ghana
2024-03-18,rice,Wasa Amenfi,Asankragua Market (Wasa Amenfi),3.89,GHS,WFP-GIEWS-Ghana
2024-03-25,rice,Wasa Amenfi,Asankragua Market (Wasa Amenfi),3.94,GHS,WFP-GIEWS-Ghana
2024-04-01,rice,Wasa Amenfi,Asankragua Market (Wasa Amenfi),4.39,GHS,WFP-GIEWS-Ghana
2024-04-08,rice,Wasa Amenfi,Asankragua Market (Wasa Amenfi),3.96,GHS,WFP-GIEWS-Ghana
2024-04-15,rice,Wasa Amenfi,Asankragua Market (Wasa Amenfi),3.69,GHS,WFP-GIEWS-Ghana
2024-04-22,rice,Wasa Amenfi,Asankragua Market (Wasa Amenfi),4.24,GHS,WFP-GIEWS-Ghana
2024-04-29,rice,Wasa Amenfi,Asankragua Market (Wasa Amenfi),4.32,GHS,WFP-GIEWS-Ghana
2024-05-06,rice,Wasa Amenfi,Asankragua Market (Wasa Amenfi),4.37,GHS,WFP-GIEWS-Ghana
2024-05-13,rice,Wasa Amenfi,Asankragua Market (Wasa Amenfi),4.27,GHS,WFP-GIEWS-Ghana
2024-05-20,rice,Wasa Amenfi,Asankragua Market (Wasa Amenfi),4.3,GHS,WFP-GIEWS-Ghana
2024-05-27,rice,Wasa Amenfi,Asankragua Market (Wasa Amenfi),4.11,GHS,WFP-GIEWS-Ghana
2024-06-03,rice,Wasa Amenfi,Asankragua Market (Wasa Amenfi),4.12,GHS,WFP-GIEWS-Ghana
2024-06-10,rice,Wasa Amenfi,Asankragua Market (Wasa Amenfi),4.49,GHS,WFP-GIEWS-Ghana
2024-06-17,rice,Wasa Amenfi,Asankragua Market (Wasa Amenfi),4.6,GHS,WFP-GIEWS-Ghana
2024-06-24,rice,Wasa Amenfi,Asankragua Market (Wasa Amenfi),4.46,GHS,WFP-GIEWS-Ghana
2024-07-01,rice,Wasa Amenfi,Asankragua Market (Wasa Amenfi),5.02,GHS,WFP-GIEWS-Ghana
2024-07-08,rice,Wasa Amenfi,Asankragua Market (Wasa Amenfi),4.86,GHS,WFP-GIEWS-Ghana
2024-07-15,rice,Wasa Amenfi,Asankragua Market (Wasa Amenfi),4.86,GHS,WFP-GIEWS-Ghana
2024-07-22,rice,Wasa Amenfi,Asankragua Market (Wasa Amenfi),5.43,GHS,WFP-GIEWS-Ghana
2024-07-29,rice,Wasa Amenfi,Asankragua Market (Wasa Amenfi),5.44,GHS,WFP-GIEWS-Ghana
2024-08-05,rice,Wasa Amenfi,Asankragua Market (Wasa Amenfi),5.09,GHS,WFP-GIEWS-Ghana
2024-08-12,rice,Wasa Amenfi,Asankragua Market (Wasa Amenfi),5.15,GHS,WFP-GIEWS-Ghana
2024-08-19,rice,Wasa Amenfi,Asankragua Market (Wasa Amenfi),4.89,GHS,WFP-GIEWS-Ghana
2024-08-26,rice,Wasa Amenfi,Asankragua Market (Wasa Amenfi),5.22,GHS,WFP-GIEWS-Ghana
2024-09-02,rice,Wasa Amenfi,Asankragua Market (Wasa Amenfi),4.9,GHS,WFP-GIEWS-Ghana
2024-09-09,rice,Wasa Amenfi,Asankragua Market (Wasa Amenfi),4.3,GHS,WFP-GIEWS-Ghana
2024-09-16,rice,Wasa Amenfi,Asankragua Market (Wasa Amenfi),4.66,GHS,WFP-GIEWS-Ghana
2024-09-23,rice,Wasa Amenfi,Asankragua Market (Wasa Amenfi),4.67,GHS,WFP-GIEWS-Ghana
2024-09-30,rice,Wasa Amenfi,Asankragua Market (Wasa Amenfi),4.67,GHS,WFP-GIEWS-Ghana
2024-10-07,rice,Wasa Amenfi,Asankragua Market (Wasa Amenfi),4.17,GHS,WFP-GIEWS-Ghana
2024-10-14,rice,Wasa Amenfi,Asankragua Market (Wasa Amenfi),4.23,GHS,WFP-GIEWS-Ghana
2024-10-21,rice,Wasa Amenfi,Asankragua Market (Wasa Amenfi),3.88,GHS,WFP-GIEWS-Ghana
2024-10-28,rice,Wasa Amenfi,Asankragua Market (Wasa Amenfi),4.02,GHS,WFP-GIEWS-Ghana
2024-11-04,rice,Wasa Amenfi,Asankragua Market (Wasa Amenfi),3.95,GHS,WFP-GIEWS-Ghana
2024-11-11,rice,Wasa Amenfi,Asankragua Market (Wasa Amenfi),3.84,GHS,WFP-GIEWS-Ghana
2024-11-18,rice,Wasa Amenfi,Asankragua Market (Wasa Amenfi),3.98,GHS,WFP-GIEWS-Ghana
2024-11-25,rice,Wasa Amenfi,Asankragua Market (Wasa Amenfi),4.04,GHS,WFP-GIEWS-Ghana
2024-12-02,rice,Wasa Amenfi,Asankragua Market (Wasa Amenfi),4.0,GHS,WFP-GIEWS-Ghana
2024-12-09,rice,Wasa Amenfi,Asankragua Market (Wasa Amenfi),3.82,GHS,WFP-GIEWS-Ghana
2024-12-16,rice,Wasa Amenfi,Asankragua Market (Wasa Amenfi),3.89,GHS,WFP-GIEWS-Ghana
2024-12-23,rice,Wasa Amenfi,Asankragua Market (Wasa Amenfi),3.89,GHS,WFP-GIEWS-Ghana
2024-12-30,rice,Wasa Amenfi,Asankragua Market (Wasa Amenfi),3.83,GHS,WFP-GIEWS-Ghana
